名称,地址,经纬度,电话,省份,城市,区县
独创发型订制,金泰生活购物广场南门旁,"127.392620,46.083142",0451-57578222;13029858234,黑龙江省,哈尔滨市,巴彦县
名人造型(金泰店),金泰超市北门,"127.392837,46.085187",15776233337,黑龙江省,哈尔滨市,巴彦县
铭扬造型(北直路店),巴彦镇北直路195号(建设路楼下商服),"127.400053,46.082897",13845158585,黑龙江省,哈尔滨市,巴彦县
名人造型(盛隆国际店),西直路与北直路交叉路口东北侧(建设小区东侧),"127.401023,46.083146",15776233337,黑龙江省,哈尔滨市,巴彦县
明岩造型专业美发烫染,盛隆国际北门旁,"127.397809,46.087995",17600393522,黑龙江省,哈尔滨市,巴彦县
默飞美业(运输小区店),巴彦镇运输公司楼下西直路335号,"127.400852,46.081624",13845173779;13936020222,黑龙江省,哈尔滨市,巴彦县
森雅美发沙龙,巴彦镇政府南侧迎宾路54号,"127.406224,46.084352",18246563697,黑龙江省,哈尔滨市,巴彦县
佳明美发造型(运输小区店),运输小区西门旁,"127.400918,46.082308",13796045821,黑龙江省,哈尔滨市,巴彦县
朗峰造型(建设小区店),巴彦县拥政路115号盛龙国际小区中国邮政储蓄银行西侧,"127.396221,46.085727",13936144229,黑龙江省,哈尔滨市,巴彦县
爱尚美造型(福泰花园店),福泰小区南门东230米,"127.400371,46.087862",18945670307,黑龙江省,哈尔滨市,巴彦县
流行曲线美发机构(金泰花园店),金泰花园一号楼6号门市,"127.393879,46.082803",15114543353,黑龙江省,哈尔滨市,巴彦县
领航造型(拥政路店),金泰华庭南门东80米,"127.391567,46.085827",15045397075,黑龙江省,哈尔滨市,巴彦县
匠之人小庄发型私人订制(运输小区店),西直路339号,"127.400958,46.081759",13796151670,黑龙江省,哈尔滨市,巴彦县
阿谷造型,兴隆镇人民大街,"127.103692,46.440511",13633612304,黑龙江省,哈尔滨市,巴彦县
东田造型专业烫染(西直路店),运输小区西门旁,"127.400904,46.082174",18704653688,黑龙江省,哈尔滨市,巴彦县
伟伟专业烫染,北直路183号,"127.399364,46.082823",13936024616,黑龙江省,哈尔滨市,巴彦县
古贝造型(人民大街店),兴隆镇人民大街284号,"127.103219,46.440558",15846375437,黑龙江省,哈尔滨市,巴彦县
艺十造型,人民大街154号,"127.397449,46.081226",15545258539,黑龙江省,哈尔滨市,巴彦县
龙造型专业烫染店,西直路178号,"127.400051,46.077466",13945031117,黑龙江省,哈尔滨市,巴彦县
晓丰审美造型(北直路店),北直路与太平路交叉口东20米,"127.403155,46.082488",15561811234,黑龙江省,哈尔滨市,巴彦县
宇迪造型,鑫鑫花园一期D栋1层南7号,"127.403527,46.078432",18245178914,黑龙江省,哈尔滨市,巴彦县
炫彩烫染,集市东路与人民大街交叉口西南20米,"127.410005,46.080595",13603663240,黑龙江省,哈尔滨市,巴彦县
爱时尚形象设计,西直路429号(荣耀官邸对面),"127.401091,46.084829",15945454926,黑龙江省,哈尔滨市,巴彦县
金霞发艺(福泰花园店),巴彦镇福泰花园13号楼南车库,"127.397800,46.088214",[],黑龙江省,哈尔滨市,巴彦县
星创十元美发,吉庆路68号福泰花园,"127.397460,46.088175",17611320709,黑龙江省,哈尔滨市,巴彦县
艺扬美发,人民大街87号龙江新苑,"127.394971,46.081512",[],黑龙江省,哈尔滨市,巴彦县
酷美造型,人民大街450号,"127.410059,46.080412",[],黑龙江省,哈尔滨市,巴彦县
尖端造型专业烫染店(北直路店),巴彦镇金泰步行街A-4,"127.392998,46.083321",13603658310,黑龙江省,哈尔滨市,巴彦县
美天造型(集市路店),集市路223号,"127.406875,46.079579",[],黑龙江省,哈尔滨市,巴彦县
剪吧,集市路241号,"127.405363,46.079653",[],黑龙江省,哈尔滨市,巴彦县
名人造型,盛隆国际西门南50米,"127.395852,46.086006",[],黑龙江省,哈尔滨市,巴彦县
色廊形象设计中心(巴彦商都店),巴彦镇商都北大门,"127.410003,46.080119",15845024783,黑龙江省,哈尔滨市,巴彦县
崇尚造型(建设小区店),广场名苑西门东南60米,"127.401311,46.083845",[],黑龙江省,哈尔滨市,巴彦县
刘野形象设计室,迎宾路与治安路交叉口西北40米,"127.406257,46.084330",[],黑龙江省,哈尔滨市,巴彦县
多美雅美容美发(环保小区店),环保小区,"127.407021,46.082572",[],黑龙江省,哈尔滨市,巴彦县
小光造型(馨园小区店),拥政路209号,"127.399916,46.085564",15945055522,黑龙江省,哈尔滨市,巴彦县
天艺美发(馨园小区店),馨园小区,"127.400301,46.085541",13644649209,黑龙江省,哈尔滨市,巴彦县
弘晟烫染美发沙龙(卫通家园小区店),中心路187号,"127.112014,46.445657",15945956226,黑龙江省,哈尔滨市,巴彦县
未来Hair salon,县直机关小区西门南50米,"127.404686,46.085230",13945041314;15846040235,黑龙江省,哈尔滨市,巴彦县
吉米造型(幸福人家2期店),迎宾路84号幸福人家,"127.406515,46.088018",[],黑龙江省,哈尔滨市,巴彦县
Tt·剪烫染工作室,荣耀官邸,"127.400426,46.085202",[],黑龙江省,哈尔滨市,巴彦县
首领国际发型沙龙(兴隆分店),人民大街与人民路交叉口东南40米,"127.103336,46.440433",[],黑龙江省,哈尔滨市,巴彦县
Tt时尚烫染,运输小区西门南50米,"127.400973,46.081984",[],黑龙江省,哈尔滨市,巴彦县
七月·造型,荣耀综合小区北门西150米,"127.397539,46.082674",15124631544,黑龙江省,哈尔滨市,巴彦县
文美发型工作室(馨园小区店),巴彦镇黎明街馨园小区3栋6单元一层2号,"127.399621,46.085529",13703629988,黑龙江省,哈尔滨市,巴彦县
艺手遮添美发沙龙,兴隆林业局十三委,"127.133496,46.441639",[],黑龙江省,哈尔滨市,巴彦县
娜娜美发,电力集贸小区楼下娜娜美发人民大街449号,"127.412518,46.080783",13604508030,黑龙江省,哈尔滨市,巴彦县
匠人美发,西直路149号,"127.400862,46.081743",15776611036,黑龙江省,哈尔滨市,巴彦县
潮牌造型(运输小区店),北直路224号,"127.402403,46.082489",0451-57589911,黑龙江省,哈尔滨市,巴彦县
默飞烫染连锁店,巴彦镇北直路234号,"127.403460,46.082424",0451-57009898,黑龙江省,哈尔滨市,巴彦县
莹莹美发(文治颐园店),巴彦镇文治颐园东商服24号门,"127.408557,46.087020",13717871555;15846041860,黑龙江省,哈尔滨市,巴彦县
金铭都美发,人民大街与龙江路交叉口西40米,"127.394978,46.081229",[],黑龙江省,哈尔滨市,巴彦县
罗红时尚烫染(金地家园店),石桥路与西直路交汇处,"127.401410,46.079742",13603651588,黑龙江省,哈尔滨市,巴彦县
小埕美发工作室,人民大街154号,"127.397447,46.081261",[],黑龙江省,哈尔滨市,巴彦县
酷发烫染,集市东路与人民大街交叉口西南40米,"127.409976,46.080410",13100883820,黑龙江省,哈尔滨市,巴彦县
靓点美发,希望路与兴林东路交叉口西北60米,"127.133155,46.441585",[],黑龙江省,哈尔滨市,巴彦县
名剪专业烫染店,兴隆镇中心路64号,"127.108373,46.441910",13029861146,黑龙江省,哈尔滨市,巴彦县
头等大事发型工作室(治安路店),治安路15号文化小区,"127.403625,46.083975",13836040714,黑龙江省,哈尔滨市,巴彦县
阿利美业,荣耀综合小区北门西160米,"127.397530,46.082709",15561582005,黑龙江省,哈尔滨市,巴彦县
仟美发艺,巴彦镇人民大街9号东门里三十米道北,"127.422853,46.080310",18345740080,黑龙江省,哈尔滨市,巴彦县
马尚造型设计工作室,巴彦镇吉庆街劳动局综合楼主体楼首层西数第二门,"127.394434,46.081544",18686804034,黑龙江省,哈尔滨市,巴彦县
艺剪坊(迎宾路店),大东方购物中心,"127.111181,46.439256",[],黑龙江省,哈尔滨市,巴彦县
鸿妍造型烫染,兴隆镇育德委,"127.103612,46.440526",18846415455,黑龙江省,哈尔滨市,巴彦县
名朗发型制作,中心路19号,"127.108825,46.440947",18746489981;18845789966,黑龙江省,哈尔滨市,巴彦县
玲姐发艺(文治颐园店),东直路362号文治颐园,"127.406774,46.087177",[],黑龙江省,哈尔滨市,巴彦县
风在发端(吉庆路店),巴彦镇福泰花园2号楼,"127.399603,46.087928",[],黑龙江省,哈尔滨市,巴彦县
孙家美发馆,兴隆镇得权街,"127.112651,46.442544",[],黑龙江省,哈尔滨市,巴彦县
小言造型,运输小区西侧商服361号,"127.400823,46.082203",[],黑龙江省,哈尔滨市,巴彦县
冰城烫染发型室,福泰家园,"127.396959,46.088192",15846044036,黑龙江省,哈尔滨市,巴彦县
荣耀美发,文化路与人民大街交叉口北40米,"127.397140,46.081640",[],黑龙江省,哈尔滨市,巴彦县
卓飞美发专业烫染,巴彦镇兴大对面胡同,"127.409852,46.080514",[],黑龙江省,哈尔滨市,巴彦县
Ins Hair形象设计,集市路博雅怡园博雅怡园二期门市,"127.406175,46.079625",[],黑龙江省,哈尔滨市,巴彦县
张张美发工作室,馨园小区,"127.399610,46.085541",[],黑龙江省,哈尔滨市,巴彦县
名匠造型(馨园小区店),巴彦镇拥证路217号,"127.400000,46.085560",[],黑龙江省,哈尔滨市,巴彦县
红艺美发设计(福泰花园店),吉庆路68号福泰花园,"127.397923,46.088199",[],黑龙江省,哈尔滨市,巴彦县
烽火美业,吉庆路68号福泰花园,"127.396656,46.088201",[],黑龙江省,哈尔滨市,巴彦县
焦点专业烫染美发(绥巴公路店),兴隆镇泰圣浴池旁,"127.108283,46.441691",15046152093,黑龙江省,哈尔滨市,巴彦县
卓亚造型,运输小区西门南70米,"127.400874,46.081866",[],黑龙江省,哈尔滨市,巴彦县
小凯专业烫染,拥政路333号,"127.407911,46.084992",15245034563,黑龙江省,哈尔滨市,巴彦县
美坤美容美发,集市东路与集市路交叉口西南40米,"127.409825,46.078975",[],黑龙江省,哈尔滨市,巴彦县
格格梳专业女子烫染,绥巴公路与学府街交叉口西南40米,"127.109057,46.443344",0451-57538474,黑龙江省,哈尔滨市,巴彦县
阿志造型(中兴购物广场店),中心路中兴购物广场(东北角),"127.107658,46.441095",15114541671,黑龙江省,哈尔滨市,巴彦县
叁時理髮店,巴彦镇中心街欧街综合楼A栋一楼第一号,"127.405344,46.079665",15945453592,黑龙江省,哈尔滨市,巴彦县
阿东发型设计室,幸福家园小区西门东北50米,"127.405121,46.082399",19804563456,黑龙江省,哈尔滨市,巴彦县
酷贝造型,春林路与民生西路交叉口南20米,"127.124974,46.441739",[],黑龙江省,哈尔滨市,巴彦县
拾光造型,人民大街与人民路交叉口西40米,"127.102417,46.440571",[],黑龙江省,哈尔滨市,巴彦县
金剪子发型设计(贵宾时尚宾馆店),华星文苑南门东南60米,"127.401536,46.079734",18345734583,黑龙江省,哈尔滨市,巴彦县
一豪造型(馨馨花园一期店),集市路248号馨馨花园一期,"127.402120,46.078512",18210322767,黑龙江省,哈尔滨市,巴彦县
手艺人美发,兴隆中学西南门旁,"127.108261,46.443735",17545124686,黑龙江省,哈尔滨市,巴彦县
格色风专业烫染(中心路店),兴隆镇中心路,"127.108263,46.441650",15114548832,黑龙江省,哈尔滨市,巴彦县
名流美容美发(华星文苑店),华星文苑西北门南130米,"127.400738,46.080076",13796133233,黑龙江省,哈尔滨市,巴彦县
完美造型(西直路店),油厂家属楼,"127.176659,46.150371",13945046037,黑龙江省,哈尔滨市,巴彦县
沙宣造型烫染(华星文苑店),华星文苑南门旁,"127.400910,46.079963",13703632004,黑龙江省,哈尔滨市,巴彦县
美芙蓉美发(山后客车站道南),兴隆镇山后客车站点道南,"127.108804,46.440895",15846042932,黑龙江省,哈尔滨市,巴彦县
理想烫染(拥政路店),苏城花园北门东北50米,"127.407826,46.084999",15704618339,黑龙江省,哈尔滨市,巴彦县
袁伟专业烫染(人民大街步行街店),龙江新苑南门东南100米,"127.394991,46.081273",15545998051,黑龙江省,哈尔滨市,巴彦县
首都美发设计会馆(华星文苑店),西直路311号西牌楼南50米道东,"127.400750,46.080370",15945671033,黑龙江省,哈尔滨市,巴彦县
小海燕美发,巴彦县客运服务中心南1门旁,"127.396257,46.081249",13945047649,黑龙江省,哈尔滨市,巴彦县
禧源美发(中意小区店),北直路399号,"127.412013,46.082373",15663811425,黑龙江省,哈尔滨市,巴彦县
美都·造型(馨馨花园一期店),卫建街馨馨花园小区D栋西数1号商服,"127.402165,46.078499",18145575901,黑龙江省,哈尔滨市,巴彦县
晓霞专业烫染(西直路),金地家园西2门旁,"127.400746,46.079239",13796222145,黑龙江省,哈尔滨市,巴彦县
法兰泥美发纹绣养生会所,巴彦镇古街25号,"127.405842,46.080153",[],黑龙江省,哈尔滨市,巴彦县
鹏鸿美容美发,金泰商业街北.D13 号,"127.393142,46.084627",18546232753,黑龙江省,哈尔滨市,巴彦县
妃凡造型(人民大街步行街店),人民大街与通圃路交叉口东南40米,"127.413940,46.080417",[],黑龙江省,哈尔滨市,巴彦县
印迪娜自然护发馆(太平路店),育新小学东门西北100米,"127.405936,46.084048",[],黑龙江省,哈尔滨市,巴彦县
主流发型专业烫染店,兴隆镇人民大街276号,"127.103468,46.440534",[],黑龙江省,哈尔滨市,巴彦县
美格发型印象,绥巴公路与人民大街交叉口北120米,"127.108218,46.441376",[],黑龙江省,哈尔滨市,巴彦县
金起点发型工作室,[],"127.104821,46.440755",18346134892,黑龙江省,哈尔滨市,巴彦县
巅峰秀场(金泰步行街店),巴彦镇金泰儿童街b-6,"127.393002,46.083365",[],黑龙江省,哈尔滨市,巴彦县
选择专业美发(华星文苑店),华星文苑西北门南110米,"127.400771,46.080235",[],黑龙江省,哈尔滨市,巴彦县
鑫源发艺,人民大街190号,"127.398906,46.081209",[],黑龙江省,哈尔滨市,巴彦县
米兰造型,生资小区西南门东160米,"127.102653,46.440597",15045443888,黑龙江省,哈尔滨市,巴彦县
靓丽美发(迎宾路店),兴隆镇客运站对面,"127.112112,46.440520",13796158034,黑龙江省,哈尔滨市,巴彦县
天鹅美容美发,人民大街与人民路交叉口东180米,"127.105156,46.440451",[],黑龙江省,哈尔滨市,巴彦县
姐妹发艺,兴隆镇中心路68号,"127.108339,46.441806",[],黑龙江省,哈尔滨市,巴彦县
二伟剪吧(馨馨花园二期店),馨馨花园二期北门西50米,"127.403517,46.078174",13030099560,黑龙江省,哈尔滨市,巴彦县
艺尚造型(人民大街店),兴隆镇人民大街304号(老分局道口),"127.109326,46.440779",[],黑龙江省,哈尔滨市,巴彦县
首选发型印象(悦和家园店),悦和家园西门旁,"127.400734,46.077950",[],黑龙江省,哈尔滨市,巴彦县
金艺美发烫染工作室(华星文苑店),华星文苑西北门南150米,"127.400733,46.079963",[],黑龙江省,哈尔滨市,巴彦县
辰熙HairSalon,集市路354号,"127.401255,46.079775",[],黑龙江省,哈尔滨市,巴彦县
小磊美发(幸福家园小区店),幸福家园小区西门西150米,"127.403458,46.082447",[],黑龙江省,哈尔滨市,巴彦县
古贝美发沙龙(华星文苑店),巴彦镇华星文苑C栋,"127.402574,46.080512",[],黑龙江省,哈尔滨市,巴彦县
海艳专业美发(国泰嘉园店),国泰嘉园东门旁,"127.097712,46.439935",18646101015,黑龙江省,哈尔滨市,巴彦县
喜理·美发沙龙,北直路与迎宾路交叉口西60米,"127.404391,46.082384",[],黑龙江省,哈尔滨市,巴彦县
名仕造型专业烫染(人民大街步行街店),龙江新苑南门东100米,"127.395110,46.081475",[],黑龙江省,哈尔滨市,巴彦县
尚丝造型专业烫染(农行小区店),北直路与西直路交叉口西60米,"127.399977,46.082621",[],黑龙江省,哈尔滨市,巴彦县
红玉美发室(兴隆镇酒厂小区店),兴隆镇酒厂小区1栋,"127.114209,46.445497",[],黑龙江省,哈尔滨市,巴彦县
英雄联盟发型工作室(恒瑞花园店),巴彦镇恒瑞小区2号楼,"127.411159,46.084575",[],黑龙江省,哈尔滨市,巴彦县
标榜专业烫染店,古街与人民大街交叉口南60米,"127.406169,46.080453",13836010503,黑龙江省,哈尔滨市,巴彦县
兴隆镇哆唻咪风暴造型,兴隆林业局五委B号楼10号门,"127.130406,46.442458",15046705774,黑龙江省,哈尔滨市,巴彦县
千姿美发,德祥乡卫生院东北侧50米,"127.191926,46.493969",[],黑龙江省,哈尔滨市,巴彦县
小纯美发造型,北直路191号,"127.400125,46.082875",18043461578;18404057000,黑龙江省,哈尔滨市,巴彦县
幸运专业美发沙龙,人民大街234号,"127.399996,46.081109",15114618324,黑龙江省,哈尔滨市,巴彦县
发友汇十元快剪,东直路323东北方向130米恒瑞花园,"127.408839,46.084858",[],黑龙江省,哈尔滨市,巴彦县
十年发型工作室,兴南六路49号,"127.411255,46.084560",15134592518,黑龙江省,哈尔滨市,巴彦县
剪多多烫染造型,绥巴公路与人民大街交叉口北80米,"127.108000,46.441062",[],黑龙江省,哈尔滨市,巴彦县
春意美发,612乡道与绥巴公路交叉口北220米,"127.236055,46.353742",[],黑龙江省,哈尔滨市,巴彦县
商服铭洋美业,巴彦镇华星二楼,"127.405675,46.081175",[],黑龙江省,哈尔滨市,巴彦县
君乐发艺,建工路252号,"127.407744,46.076704",[],黑龙江省,哈尔滨市,巴彦县
TOP烫染,北直路与西直路交叉口西60米,"127.400075,46.082575",18003650538,黑龙江省,哈尔滨市,巴彦县
吾·道美发工作室,华星文苑南门东南60米,"127.401529,46.079718",15546474771,黑龙江省,哈尔滨市,巴彦县
莉莉美发,东直路与南直路交叉口西南20米,"127.407663,46.075241",[],黑龙江省,哈尔滨市,巴彦县
林娟发艺,兴隆镇中心路59号,"127.109382,46.440768",[],黑龙江省,哈尔滨市,巴彦县
昕熙造型,北直路164号,"127.399741,46.082645",15045443391,黑龙江省,哈尔滨市,巴彦县
飞浪美发,人民大街341号,"127.103570,46.440527",[],黑龙江省,哈尔滨市,巴彦县
新感觉美发,中心大街与振兴路交叉口东南160米,"127.485394,46.359529",[],黑龙江省,哈尔滨市,巴彦县
360度美发,盛世嘉园西北门东100米,"127.183673,46.152424",13644581154,黑龙江省,哈尔滨市,巴彦县
风尚烫染专业店(兴隆分店),人民大街与人民路交叉口东80米,"127.103835,46.440510",[],黑龙江省,哈尔滨市,巴彦县
添予美发工作室,集市路248号馨馨花园一期,"127.403575,46.078434",13091442667,黑龙江省,哈尔滨市,巴彦县
老李理发馆,南直路与冰国路交叉口西北100米,"127.178798,46.148933",13945032618,黑龙江省,哈尔滨市,巴彦县
鑫鑫美发,龙庙中学西南门南60米,"127.235198,46.352000",[],黑龙江省,哈尔滨市,巴彦县
吴氏逆龄时光美业,欧街与步行街交叉口东南20米,"127.404692,46.080372",[],黑龙江省,哈尔滨市,巴彦县
炫坊美发工作室,人民大街与迎宾路交叉口东南100米,"127.407200,46.080442",[],黑龙江省,哈尔滨市,巴彦县
短发故事(金泰步行街店),金泰生活购物广场南门旁,"127.392556,46.083149",[],黑龙江省,哈尔滨市,巴彦县
晓丽美发,迎宾路与绥巴公路交叉口北140米,"127.111730,46.440741",[],黑龙江省,哈尔滨市,巴彦县
鑫妍理烫发,兴隆宴席厅对面,"127.098319,46.441600",[],黑龙江省,哈尔滨市,巴彦县
金木美容美发(农行小区店),北直路(建设局路南)农行楼下,"127.400078,46.082598",13664573811,黑龙江省,哈尔滨市,巴彦县
超越美发,红光乡人民政府西南侧120米,"126.973677,46.426400",[],黑龙江省,哈尔滨市,巴彦县
欣怡美发,巴彦镇时代家园,"127.406925,46.078238",[],黑龙江省,哈尔滨市,巴彦县
仙姿烫染店,中心大街与平安大街交叉口西北180米,"127.485310,46.359313",13206569345,黑龙江省,哈尔滨市,巴彦县
美格美发,西集镇书香门第商服5号门,"127.184246,46.152568",[],黑龙江省,哈尔滨市,巴彦县
小毕子发型设计(嘉丰小区店),西集镇嘉丰小区,"127.177778,46.149843",13766948816,黑龙江省,哈尔滨市,巴彦县
创艺专业美发烫染,兴隆镇人民大街377号,"127.104785,46.440663",13674654788,黑龙江省,哈尔滨市,巴彦县
新奇艺发型设计(建东路店),博雅怡园东1门旁,"127.405768,46.079002",13644646173,黑龙江省,哈尔滨市,巴彦县
超美烫染,集市东路与集市路交叉口北40米,"127.409899,46.079649",[],黑龙江省,哈尔滨市,巴彦县
丽萍美发室,铁西街运管站楼下,"127.114761,46.443096",[],黑龙江省,哈尔滨市,巴彦县
纤手发型,丰乐乡康庄中学校西南门南80米,"127.123375,46.299825",[],黑龙江省,哈尔滨市,巴彦县
金港造型(华星文苑店),巴彦县集市路373商服,"127.401579,46.079979",[],黑龙江省,哈尔滨市,巴彦县
新艺烫染,巴彦镇兴大对面八珍熟食店胡同,"127.410044,46.080419",[],黑龙江省,哈尔滨市,巴彦县
辉仔发型设计室(文治颐园店),幸福人家1期东门南70米,"127.406337,46.086112",[],黑龙江省,哈尔滨市,巴彦县
顶剪一族,金源嘉园东门旁,"127.403075,46.088525",[],黑龙江省,哈尔滨市,巴彦县
曼哥发艺,福泰小区东门南220米,"127.400825,46.087175",[],黑龙江省,哈尔滨市,巴彦县
东旭美发,欧街7号,"127.404712,46.079875",[],黑龙江省,哈尔滨市,巴彦县
丝蒂形象设计(恒瑞花园店),东直路383号,"127.408862,46.085297",[],黑龙江省,哈尔滨市,巴彦县
黑猫造型,绥巴公路巴彦县龙庙中学,"127.236356,46.352923",15246651171,黑龙江省,哈尔滨市,巴彦县
首艺造型(华星文苑店),二百南胡同华兴文苑B栋商服,"127.402538,46.080211",[],黑龙江省,哈尔滨市,巴彦县
凤飞专业染烫,巴彦镇西直路315号,"127.400757,46.080371",[],黑龙江省,哈尔滨市,巴彦县
明明形象烫染,荣耀综合小区北门西北90米,"127.398313,46.082956",15045440033,黑龙江省,哈尔滨市,巴彦县
枫叶美发(人民大街步行街店),人民大街与集市东路交叉口东120米,"127.411758,46.080912",[],黑龙江省,哈尔滨市,巴彦县
梅子发艺,广电小区西北门旁,"127.408786,46.083746",15846041355;15846401355,黑龙江省,哈尔滨市,巴彦县
四季理烫染工作室,巴彦是馨馨花园二期十二号楼,"127.405241,46.078061",[],黑龙江省,哈尔滨市,巴彦县
东尼发艺(电业小区店),电业小区东门旁,"127.400402,46.080394",[],黑龙江省,哈尔滨市,巴彦县
金典发艺,611乡道与南直路交叉口东北100米,"127.178938,46.151116",[],黑龙江省,哈尔滨市,巴彦县
社区烫染社(福泰花园店),福泰花园北区西南门旁,"127.397167,46.088188",15146015808,黑龙江省,哈尔滨市,巴彦县
山河美发,平安大街与中心大街交叉口东160米,"127.488367,46.358319",15114540188,黑龙江省,哈尔滨市,巴彦县
鑫派造型,龙江新苑南2门东170米,"127.395004,46.081481",[],黑龙江省,哈尔滨市,巴彦县
长虹美发,中国移动(隆瑞店)东侧80米,"127.335748,46.569847",15945954841,黑龙江省,哈尔滨市,巴彦县
新月美发沙龙,611乡道与南直路交叉口东140米,"127.179818,46.151019",[],黑龙江省,哈尔滨市,巴彦县
红艳美发,商都北大门对面红艳美发,"127.409428,46.080146",[],黑龙江省,哈尔滨市,巴彦县
双双美容美发,兴隆镇二院南侧110米,"127.111807,46.448433",15945953946,黑龙江省,哈尔滨市,巴彦县
剪剪风烫染流行馆,南直路与集发路交叉口南60米,"127.177162,46.151580",[],黑龙江省,哈尔滨市,巴彦县
雅坤美发店,人民大街与文化路交叉口东南50米,"127.098325,46.440559",[],黑龙江省,哈尔滨市,巴彦县
东芝美容美发(巴彦商都店),集市路128号巴彦商都F1层,"127.409988,46.079875",[],黑龙江省,哈尔滨市,巴彦县
清新美发沙龙,兴隆镇中心路106号,"127.108222,46.443743",[],黑龙江省,哈尔滨市,巴彦县
梦娜丝美发美甲,和谐家园东门南80米,"127.399961,46.074810",[],黑龙江省,哈尔滨市,巴彦县
爱尚烫染,金盛路与拥政路交叉口西南40米,"127.392696,46.085355",[],黑龙江省,哈尔滨市,巴彦县
哆唻咪理发店,保卫路与民生西路交叉口西南60米,"127.126025,46.441575",[],黑龙江省,哈尔滨市,巴彦县
逸染造型美发沙龙,集市路248号馨馨花园一期,"127.403125,46.078825",[],黑龙江省,哈尔滨市,巴彦县
早晚美甲美睫工作室,育新校北门治安路4号,"127.406006,46.084042",18846418123,黑龙江省,哈尔滨市,巴彦县
悦熙美容工作室,金泰商业街B-16,"127.393054,46.083740",18246027783,黑龙江省,哈尔滨市,巴彦县
美丽坊美容纹绣工作室,育新小学东门北100米,"127.406010,46.084085",13945046322,黑龙江省,哈尔滨市,巴彦县
微微工作室,兴隆镇隆盛宾馆对面,"127.105922,46.439509",15114546772,黑龙江省,哈尔滨市,巴彦县
闺中密友美容工作室(华星文苑店),华星文苑A栋一层东数2号,"127.402540,46.080002",[],黑龙江省,哈尔滨市,巴彦县
喜乐美甲工作室,古街三号楼一单元一层5号商服,"127.407106,46.080123",15046708145,黑龙江省,哈尔滨市,巴彦县
小包包美甲美睫工作室,瑞桥怡园10号楼北24库,"127.396817,46.077383",13766995062,黑龙江省,哈尔滨市,巴彦县
秀姐工作室,西集镇永安街西集南苑综合楼首层东数10号,"127.181187,46.151514",[],黑龙江省,哈尔滨市,巴彦县
上品工作室,158县道与612乡道交叉口东南220米,"127.121371,46.302012",[],黑龙江省,哈尔滨市,巴彦县
杜叔纹身工作室,欧街与步行街交叉口南60米,"127.404704,46.080044",[],黑龙江省,哈尔滨市,巴彦县
男士理发馆,中心大街与平安大街交叉口西北120米,"127.485584,46.358873",[],黑龙江省,哈尔滨市,巴彦县
小燕美容美发(哈尔滨依兰县),老公安局楼下,"129.561371,46.315834",13936556663,黑龙江省,哈尔滨市,依兰县
名仕新感觉发艺,万家园东门西北50米,"129.563489,46.317699",15045290158,黑龙江省,哈尔滨市,依兰县
护林韵达中通名仕美发,护林村中学道口,"129.953709,46.015627",[],黑龙江省,哈尔滨市,依兰县
小六发艺时尚店(依兰店),万家园南门西南110米,"129.561981,46.316489",0451-57229111,黑龙江省,哈尔滨市,依兰县
明达造型品质烫染店(万家园店),万家园东门西200米,"129.562049,46.317421",18646102207,黑龙江省,哈尔滨市,依兰县
星冠美业形象设计,普照幼儿学校北1门旁,"129.561850,46.318773",0451-51612088;15845039688,黑龙江省,哈尔滨市,依兰县
君亿美业,锦绣花园小区东南门旁,"129.570169,46.324633",18345086686,黑龙江省,哈尔滨市,依兰县
美雅美发沙龙(前进街店),依兰镇通江路511号,"129.563903,46.322261",0451-57280790;13274627899,黑龙江省,哈尔滨市,依兰县
首艺造型(建设街店),建设街龙泉宾馆洗浴对面,"129.567825,46.313416",[],黑龙江省,哈尔滨市,依兰县
新剪与爱发艺(依兰店),健康街494号,"129.567722,46.320439",18246606265,黑龙江省,哈尔滨市,依兰县
亿佰分美发(旗舰店),通江路600号,"129.564735,46.319221",13089708123;14784600555,黑龙江省,哈尔滨市,依兰县
依兰绅度男士理发馆,通河路西527号,"129.563325,46.323375",15246720876,黑龙江省,哈尔滨市,依兰县
千艺造型(水韵紫城二期店),依兰镇水韵紫城二期34号楼门市,"129.567707,46.332385",15114638880,黑龙江省,哈尔滨市,依兰县
Y艺朗造型,土地局432号门市,"129.569512,46.320521",13199453543,黑龙江省,哈尔滨市,依兰县
森佐造型(水韵紫城二期店),水韵紫城二期24号楼4门市,"129.568749,46.335115",15636048987,黑龙江省,哈尔滨市,依兰县
美格造型(光耀巷店),万家园东门西70米,"129.563203,46.317663",15845140713,黑龙江省,哈尔滨市,依兰县
拾光·造型,金领华城镇医院对面,"129.570545,46.319499",17648841688,黑龙江省,哈尔滨市,依兰县
圣尧美发沙龙(牡丹园店),建设街牡丹家园六号楼东数第一门市,"129.557619,46.312520",18211152876,黑龙江省,哈尔滨市,依兰县
南方名剪,老电影院胡同,"129.565412,46.317322",13945196194,黑龙江省,哈尔滨市,依兰县
依兰县付丽发艺店,新育红小区北门东北70米,"129.567820,46.314978",13936031369,黑龙江省,哈尔滨市,依兰县
觅镜美发沙龙(汇丰花园店),通河街550号汇丰花园,"129.563126,46.323782",18646322207,黑龙江省,哈尔滨市,依兰县
丝美剪业(公安小区店),大众街公安小区(五国城路),"129.560880,46.314511",13351815103,黑龙江省,哈尔滨市,依兰县
韩流形象设计,欣欣胡同与迎宾巷交叉口北45米,"129.562022,46.313920",15645101987,黑龙江省,哈尔滨市,依兰县
新丝路发艺(鬼街店),鬼街西段道南人大综合楼新丝路发艺,"129.561030,46.314547",13244660789;17604510413,黑龙江省,哈尔滨市,依兰县
雅诗美发,汇丰公馆二期北门市东数第9门市,"129.562546,46.319813",13694514498,黑龙江省,哈尔滨市,依兰县
爵色美发(盛世名城小区店),广播街,"129.559769,46.324746",13796708299,黑龙江省,哈尔滨市,依兰县
美丝美剪,健康小区北门北50米,"129.569256,46.320503",15146022566,黑龙江省,哈尔滨市,依兰县
万森造型,宏城名居东门市第一中学旁,"129.572094,46.323477",[],黑龙江省,哈尔滨市,依兰县
亿伽美发烫染,和润玫瑰园c区大门门市西数第一家亿伽美发烫染,"129.565919,46.331336",[],黑龙江省,哈尔滨市,依兰县
潮流发艺,中国移动通信集团依兰分公司西门东南80米,"129.563295,46.325506",15146478812,黑龙江省,哈尔滨市,依兰县
领航发艺,水韵紫城二期,"129.569975,46.333475",[],黑龙江省,哈尔滨市,依兰县
小辉造型(金鼎尚城店),金鼎尚城3号楼3门市,"129.572410,46.321409",13634511167,黑龙江省,哈尔滨市,依兰县
初柒轻奢造型工作室,水韵紫城二期,"129.568975,46.332797",16501233353,黑龙江省,哈尔滨市,依兰县
丑小鸭美容美发(中央大街店),中央大街购物中心二楼第二门市,"129.561900,46.315898",13504806066,黑龙江省,哈尔滨市,依兰县
富洋美发(牡丹园店),牡丹家园9号楼西第一门市,"129.556220,46.311138",15146470692,黑龙江省,哈尔滨市,依兰县
大锁发艺,依兰镇三江招待所对过,"129.564470,46.311977",18845758242,黑龙江省,哈尔滨市,依兰县
志伟发艺(大众街店),大众街西属十二门市,"129.560433,46.314479",[],黑龙江省,哈尔滨市,依兰县
晨紫美发,中央大街与欣欣胡同交叉口东60米,"129.562499,46.315495",13904640809,黑龙江省,哈尔滨市,依兰县
小敏美发烫染吧,依兰镇南华园4号楼,"129.566281,46.311110",15146471321,黑龙江省,哈尔滨市,依兰县
名人发型设计(建设街店),老林业局楼下第八药店往西,"129.563913,46.312936",13030063458;18345024060,黑龙江省,哈尔滨市,依兰县
小丫发廊(聚鑫源小区店),南花园小区3号楼,"129.561079,46.312456",13634505070,黑龙江省,哈尔滨市,依兰县
雅诗美发造型,东顺城路51号,"129.570788,46.317875",13694514498,黑龙江省,哈尔滨市,依兰县
鸿艺时尚美发(禾润玫瑰园店),禾润玫瑰园东南门旁,"129.565773,46.331691",15636086668,黑龙江省,哈尔滨市,依兰县
阿龙美容美发,人大小区东1门北220米,"129.561672,46.314930",18246609872,黑龙江省,哈尔滨市,依兰县
欧美丝域,中央大街与欣欣胡同交叉口西南40米,"129.561371,46.315478",13654603626;13654615765,黑龙江省,哈尔滨市,依兰县
鑫升宇发型设计(万家园店),万家园,"129.563715,46.317449",15245717696,黑龙江省,哈尔滨市,依兰县
飞扬理容沙龙(运管小区店),运管小区东南门旁,"129.568360,46.316331",15946072650,黑龙江省,哈尔滨市,依兰县
鼎点美容美发(汇江开发小区店),阳光名苑南栋楼鼎点美容美发店,"129.562107,46.313409",15114633092,黑龙江省,哈尔滨市,依兰县
百分百美发,江山街与依达公路交叉口西北260米,"129.409553,46.173533",15045115275,黑龙江省,哈尔滨市,依兰县
伟尚发型(瑞远·南岸店),瑞远南岸二期15号楼一层10号门市,"129.570917,46.333104",[],黑龙江省,哈尔滨市,依兰县
丝语造型(水韵紫城二期店),水韵紫城二期,"129.568293,46.333056",18345087261,黑龙江省,哈尔滨市,依兰县
至简美容美发店,通江路409号,"129.563719,46.325235",13128678521;15045295158,黑龙江省,哈尔滨市,依兰县
天姿美容美发(永通巷店),汇丰公馆楼下多层东数第七门市,"129.560684,46.319000",[],黑龙江省,哈尔滨市,依兰县
小强造型,夹信子路与联合巷交叉口西80米,"129.555195,46.316288",[],黑龙江省,哈尔滨市,依兰县
夏日美发(民生店),三姓路19号,"129.576636,46.322737",[],黑龙江省,哈尔滨市,依兰县
沐野烫染设计,粮食小区,"129.570537,46.316921",15104549307,黑龙江省,哈尔滨市,依兰县
赫恩Barber shop,禾润玫瑰园c区东地6门市,"129.567383,46.330262",15245061384,黑龙江省,哈尔滨市,依兰县
北方美发(光耀巷),依兰县第三小学南门旁,"129.563106,46.317663",15846036066,黑龙江省,哈尔滨市,依兰县
小玲理发店,依兰镇早市对面逸园小区院内,"129.576474,46.320174",18345087647,黑龙江省,哈尔滨市,依兰县
枫彩美发(江山街店),达连河镇江南宾馆旁胡同里,"129.413037,46.172397",15045290823,黑龙江省,哈尔滨市,依兰县
丽美轩发艺(水韵紫城店),水韵紫城二期,"129.568225,46.333031",13604842913,黑龙江省,哈尔滨市,依兰县
尚艺造型(通河街店),空中花园(三百高层)小区1栋17号门市,"129.562485,46.323701",13224500032,黑龙江省,哈尔滨市,依兰县
笑笑时尚造型,通江路南花园小区笑笑时尚造型,"129.565902,46.312143",13604814804,黑龙江省,哈尔滨市,依兰县
初心造型(新育红小区店),新育红小区北门东北50米,"129.567641,46.314959",13796790215,黑龙江省,哈尔滨市,依兰县
剪之艺美发,通江路龙翔小区第五门市,"129.563756,46.325020",15146474440,黑龙江省,哈尔滨市,依兰县
依兰县永发聚星美发店(学府明珠店),学府明珠7号楼20号车库,"129.575549,46.312148",13845143680,黑龙江省,哈尔滨市,依兰县
知美美发,中央大街与通顺胡同交叉口西80米,"129.560821,46.315925",13045182444,黑龙江省,哈尔滨市,依兰县
王丽美发,欣欣胡同与大众街交叉口西北40米,"129.561643,46.315108",13796787355,黑龙江省,哈尔滨市,依兰县
华艺美发(建设街),建设街与通江路交叉口东120米,"129.566635,46.313038",13766945003,黑龙江省,哈尔滨市,依兰县
悦己造型(水韵紫城二期B区店),水韵紫城二期B区,"129.568926,46.334807",[],黑龙江省,哈尔滨市,依兰县
北木造型(广播街店),龙翔小区一号楼1层东数6号门市,"129.563066,46.325487",[],黑龙江省,哈尔滨市,依兰县
太平国际发型设计(汇丰公馆店),汇丰公馆南1门旁,"129.561007,46.318984",15146474308,黑龙江省,哈尔滨市,依兰县
鑫亿美业,健康街土地局A栋楼一层东数9门市,"129.568958,46.320500",[],黑龙江省,哈尔滨市,依兰县
哈佛发艺,粮食小区西南门旁,"129.569556,46.316374",[],黑龙江省,哈尔滨市,依兰县
修剪拾光(关岳小区店),汇丰公馆门市一号楼12号门,"129.560120,46.318938",[],黑龙江省,哈尔滨市,依兰县
雅典发型设计,新育红小区北门东北130米,"129.568479,46.315049",[],黑龙江省,哈尔滨市,依兰县
国威美发店,新育红小区北门东北90米,"129.568050,46.315003",13845091970,黑龙江省,哈尔滨市,依兰县
发尖理发馆(教委小区店),教委小区南区西北门旁,"129.566551,46.308456",15146477431,黑龙江省,哈尔滨市,依兰县
青丝坊(五国城路店),御景兰亭东北1门南120米,"129.560034,46.310774",[],黑龙江省,哈尔滨市,依兰县
金焱发艺,中央大街与文化路交叉口西南80米,"129.567955,46.315816",13936066744,黑龙江省,哈尔滨市,依兰县
巅峰之秀美业,巅峰之秀,"129.574088,46.320422",13604842501;18345023424,黑龙江省,哈尔滨市,依兰县
森美造型,朝阳新城东区,"129.571556,46.303767",[],黑龙江省,哈尔滨市,依兰县
阿敏烫染工作室(依兰县第三小学店),关岳小区北门东110米,"129.561508,46.318413",13836047432,黑龙江省,哈尔滨市,依兰县
斗斗发艺,通江路与通河街交叉口西北80米,"129.563721,46.324380",[],黑龙江省,哈尔滨市,依兰县
艺洋美容美发中心,通江路909号,"129.564726,46.312374",[],黑龙江省,哈尔滨市,依兰县
凯瑞专业美发(三江家园店),三江家园南门旁,"129.576025,46.317025",[],黑龙江省,哈尔滨市,依兰县
伊人坊形象定制,万家园南门东60米,"129.563377,46.316694",13136699933,黑龙江省,哈尔滨市,依兰县
金标造型(公安小区店),公安小区西门旁,"129.559871,46.314032",[],黑龙江省,哈尔滨市,依兰县
小军发型设计,三宝公路西100米,"130.109785,46.115708",13634889495,黑龙江省,哈尔滨市,依兰县
泊金女人专业美发,依兰镇少年宫金岛宾馆楼下,"129.564234,46.313675",[],黑龙江省,哈尔滨市,依兰县
剪约发型设计(健康街店),健康街与通江路交叉口东180米,"129.566883,46.320431",[],黑龙江省,哈尔滨市,依兰县
尚剪美发沙龙,健康街与东顺城路交叉口西200米,"129.567575,46.320446",[],黑龙江省,哈尔滨市,依兰县
金帝美发(瑞远·南岸店),瑞远南岸西南门旁,"129.567834,46.330922",18249164597,黑龙江省,哈尔滨市,依兰县
华丽美发,中央大街与文化路交叉口西南60米,"129.568035,46.315817",15946075262,黑龙江省,哈尔滨市,依兰县
雨航发艺,哈萝公路与四依线交叉口东北200米,"129.556941,46.415182",[],黑龙江省,哈尔滨市,依兰县
老五美容美发会所(山水家园店),通江路山水家园商铺,"129.564208,46.330493",18348681829,黑龙江省,哈尔滨市,依兰县
丽人造型(华康公寓店),华康公寓西南门旁,"129.562384,46.321831",[],黑龙江省,哈尔滨市,依兰县
浩轩美业,润龙小区东北侧100米,"130.110220,46.116213",[],黑龙江省,哈尔滨市,依兰县
燕子美发专业女士烫染店,依兰镇富都商务会馆斜对面,"129.562208,46.313853",15561838883,黑龙江省,哈尔滨市,依兰县
东格整体形象设计沙龙(汇丰公馆店),依兰镇汇丰公馆楼下7号商铺,"129.561807,46.319019",[],黑龙江省,哈尔滨市,依兰县
天鹅美发厅(建设街店),依兰镇建设街100号,"129.567030,46.313332",13654536062,黑龙江省,哈尔滨市,依兰县
晶晶理容工作室,依兰镇东顺城路盐业小区门市,"129.570914,46.317599",[],黑龙江省,哈尔滨市,依兰县
喜理美发店,山水家园,"129.564231,46.330018",[],黑龙江省,哈尔滨市,依兰县
派森染烫护理旗舰店,中央胜境北门东北70米,"129.565988,46.320396",13836080152,黑龙江省,哈尔滨市,依兰县
慧勤理发店,碧水星城1号楼北10米,"129.556241,46.315621",13936118698,黑龙江省,哈尔滨市,依兰县
鑫魏宇美发,东顺城路与土南巷交叉口北120米,"129.570035,46.322718",[],黑龙江省,哈尔滨市,依兰县
梵希造型店,园丁小区1号楼16号门市,"129.566325,46.324198",13694515409,黑龙江省,哈尔滨市,依兰县
艾尚美发工作室(江山街店),达连河镇艾尚美发工作室,"129.409538,46.173449",[],黑龙江省,哈尔滨市,依兰县
明尚发缘,健康街450号,"129.568741,46.320501",13945034862,黑龙江省,哈尔滨市,依兰县
审美发艺专业烫染店,达连河镇矿26号楼四单元,"129.409188,46.173774",[],黑龙江省,哈尔滨市,依兰县
元媚添资,三姓路27号金领华府小区4-5号楼1-2层5号门市,"129.575937,46.322240",15084608566,黑龙江省,哈尔滨市,依兰县
上禾造型,依兰镇中央大街86号,"129.561050,46.315478",13384509494,黑龙江省,哈尔滨市,依兰县
雅佳美发,依兰镇二中下坎新环保局对面,"129.569641,46.322006",[],黑龙江省,哈尔滨市,依兰县
佳成美发造型(健康小区店),依兰镇工商局楼下,"129.569958,46.320088",[],黑龙江省,哈尔滨市,依兰县
凯雅美发工作室(卫生小区店),健康街610号卫生小区,"129.563019,46.320357",[],黑龙江省,哈尔滨市,依兰县
晓庆专业美发设计,达连河镇矿业18号楼,"129.409526,46.173460",[],黑龙江省,哈尔滨市,依兰县
玲玲美发厅(五国城路),依兰镇牡丹家园5号楼8门市,"129.559059,46.312013",[],黑龙江省,哈尔滨市,依兰县
雅心发艺,瑞远南岸小区2号楼四单元7号库,"129.569667,46.332090",13945631851,黑龙江省,哈尔滨市,依兰县
名丝发型定制(水韵紫城二期B区店),水韵紫城二期B区,"129.569158,46.334544",[],黑龙江省,哈尔滨市,依兰县
她他美发室,依达公路与江山街交叉口西北150米附近,"129.411149,46.172723",13936352231,黑龙江省,哈尔滨市,依兰县
小双美发(公安小区店),公安小区西门旁,"129.559889,46.313906",[],黑龙江省,哈尔滨市,依兰县
如霞发艺(富水家园店),中央大街辅路与友谊胡同交叉口西40米,"129.554652,46.314892",13354510521,黑龙江省,哈尔滨市,依兰县
千丝万缕造型,中央大街与通顺胡同交叉口东20米,"129.562060,46.315838",[],黑龙江省,哈尔滨市,依兰县
旭坤美发屋,依兰县审计局楼下,"129.566904,46.320407",13936113737,黑龙江省,哈尔滨市,依兰县
小冬美发,三道公路,"130.111115,46.116201",15146478758,黑龙江省,哈尔滨市,依兰县
四海美发(东顺城路店),东顺城路与文卫巷交叉口西南20米,"129.570240,46.319131",[],黑龙江省,哈尔滨市,依兰县
一诺造型,中央胜境北门东100米,"129.566363,46.320417",[],黑龙江省,哈尔滨市,依兰县
正佳美业(越里吉路店),瑞远南岸北门2号楼1号库,"129.569983,46.332245",[],黑龙江省,哈尔滨市,依兰县
红叶时尚美发,光明街与五国城路交叉口东40米,"129.559861,46.316455",13633650906,黑龙江省,哈尔滨市,依兰县
新宇美发美甲,嘉宝小区东侧300米,"130.111725,46.117525",[],黑龙江省,哈尔滨市,依兰县
概念发型设计(公安小区店),依兰镇鬼街潘家串店斜对面,"129.561340,46.314596",[],黑龙江省,哈尔滨市,依兰县
发觉形象设计(公安小区店),公安小区,"129.561559,46.314572",18346277397,黑龙江省,哈尔滨市,依兰县
鸿扬美发(学府明珠店),学府明珠,"129.575587,46.311490",[],黑龙江省,哈尔滨市,依兰县
永祺美发,欣欣胡同与中央大街交叉口南40米,"129.561633,46.315286",13206677567,黑龙江省,哈尔滨市,依兰县
筱蕾美发,水韵紫城二期32号楼,"129.568620,46.333198",15546478920,黑龙江省,哈尔滨市,依兰县
创美造型工作室(光明街店),光明街与五国城路交叉口东60米,"129.560054,46.316497",[],黑龙江省,哈尔滨市,依兰县
丽君发廊(东顺城路),东顺城路与文卫巷交叉口西南20米,"129.570207,46.319045",[],黑龙江省,哈尔滨市,依兰县
才子男髪馆(水韵紫城二期店),水韵紫城二期B区,"129.569091,46.334661",[],黑龙江省,哈尔滨市,依兰县
红日美容美发,三道岗镇繁盛市场院里,"130.111529,46.117446",[],黑龙江省,哈尔滨市,依兰县
贵夫人美发纹绣(瑞远·南岸店),瑞远·南岸西北1门东100米,"129.570609,46.332786",[],黑龙江省,哈尔滨市,依兰县
欧艺形象工作室,健康街456号,"129.568550,46.320438",13274629111,黑龙江省,哈尔滨市,依兰县
精剪帝烫染造型,光明街与五国城路交叉口东80米,"129.560328,46.316541",[],黑龙江省,哈尔滨市,依兰县
东尼美发,中央胜境北门东北80米,"129.566108,46.320390",[],黑龙江省,哈尔滨市,依兰县
翔意造型(简约店),依兰镇关岳小区10号楼,"129.561772,46.317048",[],黑龙江省,哈尔滨市,依兰县
雅洁美发(水韵紫城一期店),水韵紫城小区15号楼14号车库,"129.564616,46.334176",13684651876,黑龙江省,哈尔滨市,依兰县
丽燕美发,欣欣胡同与大众街交叉口北40米,"129.561659,46.315108",[],黑龙江省,哈尔滨市,依兰县
添鑫美发(御景兰亭店),五国城路s133号御景兰亭,"129.558745,46.309646",[],黑龙江省,哈尔滨市,依兰县
晓东发艺(三江家园店),依兰镇三江家园10号楼2单元101,"129.575587,46.318398",[],黑龙江省,哈尔滨市,依兰县
卉洋美发,建设街与通江路交叉口东140米,"129.566832,46.313040",13845019354,黑龙江省,哈尔滨市,依兰县
大众理发店(天晶家园店),依兰镇通江路中广名苑对过计量局北侧,"129.564161,46.329221",13704843992,黑龙江省,哈尔滨市,依兰县
艾子专业美发,江山街与建设路交叉口东北420米,"129.410466,46.173569",[],黑龙江省,哈尔滨市,依兰县
艳姐十元快剪,关岳小区南1门西南50米,"129.560300,46.316890",[],黑龙江省,哈尔滨市,依兰县
美美发廊,哈萝公路与迎集公路交叉口东150米,"129.556312,46.414529",[],黑龙江省,哈尔滨市,依兰县
金剪子美发(S514店),514省道与756乡道交叉口西180米,"129.911216,46.317365",[],黑龙江省,哈尔滨市,依兰县
天艺美发,依达公路与江山街交叉口东100米,"129.412468,46.171985",[],黑龙江省,哈尔滨市,依兰县
蒂妃美业,金领华庭东门旁,"129.568075,46.327475",[],黑龙江省,哈尔滨市,依兰县
木熙造型,公安小区,"129.561662,46.314633",[],黑龙江省,哈尔滨市,依兰县
剪艺人生,健康小区,"129.568675,46.320125",[],黑龙江省,哈尔滨市,依兰县
专业理发,御景兰亭二期,"129.562425,46.308275",[],黑龙江省,哈尔滨市,依兰县
梦之缘发型设计工作室,新楼巷与通江路交叉口西60米,"129.563563,46.321835",[],黑龙江省,哈尔滨市,依兰县
晓静美发,新大商农贸小区,"129.850025,46.197825",[],黑龙江省,哈尔滨市,依兰县
小超美发,清江路与德顺巷交叉口东80米,"129.557125,46.311075",[],黑龙江省,哈尔滨市,依兰县
铭恩造型,依兰镇六街十二委龙翔运输公司2号楼一层南3门,"129.563704,46.324983",18845750011,黑龙江省,哈尔滨市,依兰县
匠心发艺,园丁金色家园东南门东60米,"129.566671,46.324193",[],黑龙江省,哈尔滨市,依兰县
美迹发艺,碧水星城14号楼5号车库,"129.553079,46.315272",[],黑龙江省,哈尔滨市,依兰县
金尚发艺,通江路与知北巷交叉口东南20米,"129.564175,46.328975",[],黑龙江省,哈尔滨市,依兰县
首艺美发,建设街与排水胡同交叉口东北20米,"129.571442,46.313424",[],黑龙江省,哈尔滨市,依兰县
慕丝美发,运通小区西北门旁,"129.571325,46.312875",[],黑龙江省,哈尔滨市,依兰县
千丝万缕发艺,健康路386号学府新城,"129.571917,46.320699",[],黑龙江省,哈尔滨市,依兰县
零创美发工作室,通江路553号亿达广场,"129.563475,46.321603",[],黑龙江省,哈尔滨市,依兰县
艺剪飞扬美发烫染店,依兰县国土资源局开发区分局西北侧190米,"129.413037,46.173483",[],黑龙江省,哈尔滨市,依兰县
嘉城发型工作室,瑞远·南岸,"129.571625,46.333125",[],黑龙江省,哈尔滨市,依兰县
赫·莎Salon,通江路137号天晶家园,"129.563103,46.333242",[],黑龙江省,哈尔滨市,依兰县
艺剪飞扬,江山街与依达公路交叉口西北240米,"129.409497,46.173727",[],黑龙江省,哈尔滨市,依兰县
小英美发,依林公路与道护公路交叉口东240米,"129.851515,46.196775",[],黑龙江省,哈尔滨市,依兰县
青丝年华发型设计工作室(学府新城店),健康路386号学府新城,"129.571946,46.320702",[],黑龙江省,哈尔滨市,依兰县
雅佳美发(瑞远·南岸店),瑞远·南岸西北1门西南130米,"129.568796,46.332148",[],黑龙江省,哈尔滨市,依兰县
秀客美发(三江家园店),三江家园东北门旁,"129.577100,46.318161",[],黑龙江省,哈尔滨市,依兰县
鼎尚发艺(瑞远·南岸店),瑞远·南岸西北1门旁,"129.569493,46.332492",[],黑龙江省,哈尔滨市,依兰县
小瑞美发,三姓路与泵厂北巷交叉口北180米,"129.575122,46.330623",[],黑龙江省,哈尔滨市,依兰县
升升造型,中央胜境北门东120米,"129.566513,46.320415",[],黑龙江省,哈尔滨市,依兰县
蓝梦发型设计,江山街与建设路交叉口东北420米,"129.410277,46.173591",[],黑龙江省,哈尔滨市,依兰县
航欣美发(教委小区南区店),教委小区南区西北门旁,"129.566872,46.308535",[],黑龙江省,哈尔滨市,依兰县
雅馨发艺(新育红小区店),新育红小区北门西80米,"129.566718,46.314633",13796761321,黑龙江省,哈尔滨市,依兰县
首秀发型工作室,知北巷与通江路交叉口东40米,"129.564441,46.329116",[],黑龙江省,哈尔滨市,依兰县
碧云美发(健康小区店),健康小区南门西50米,"129.568864,46.319354",[],黑龙江省,哈尔滨市,依兰县
赋予造型(华康公寓店),前进街9号华康公寓,"129.563089,46.322579",[],黑龙江省,哈尔滨市,依兰县
新时代美发,中国交通运政东侧70米,"129.411602,46.171905",[],黑龙江省,哈尔滨市,依兰县
澳派发型设计,气化厂家属区西南侧80米,"129.419114,46.181626",[],黑龙江省,哈尔滨市,依兰县
特美思发艺,达连河镇发廊一条街(水晶宫旁边),"129.412500,46.172337",[],黑龙江省,哈尔滨市,依兰县
HD发型工作室(公安小区店),公安小区,"129.561688,46.314593",[],黑龙江省,哈尔滨市,依兰县
银梦发型设计,751乡道与依愚公路交叉口西北60米,"130.055981,46.430733",[],黑龙江省,哈尔滨市,依兰县
如意专业美发,王丽娟口腔科诊所北侧110米,"129.416121,46.174687",[],黑龙江省,哈尔滨市,依兰县
审美发艺烫染造型,宏克利镇宏福小区,"129.850684,46.575755",[],黑龙江省,哈尔滨市,依兰县
鹤鸣美发,通江路284号,"129.564216,46.328414",[],黑龙江省,哈尔滨市,依兰县
韦龙发型设计,三道岗镇繁盛小区,"130.111926,46.117648",[],黑龙江省,哈尔滨市,依兰县
金凤发艺,达连河镇三区家属楼,"129.413233,46.176363",[],黑龙江省,哈尔滨市,依兰县
梓璇发艺,依达公路与江山街交叉口东北400米,"129.412879,46.175384",[],黑龙江省,哈尔滨市,依兰县
海燕理烫发,江山街与建设路交叉口东北340米,"129.409209,46.173475",[],黑龙江省,哈尔滨市,依兰县
红星理发,中央大街与光明街交叉口南50米,"129.561633,46.315228",[],黑龙江省,哈尔滨市,依兰县
瑞丝轩发艺,达连河镇煤矿家属楼26号1单元,"129.408707,46.173720",[],黑龙江省,哈尔滨市,依兰县
菲菲美发厅(粮食小区店),排水胡同与中央大街交叉口西南40米,"129.570463,46.316128",[],黑龙江省,哈尔滨市,依兰县
苗苗美容美体(汇江开发小区店),迎宾巷6号汇江开发小区,"129.562077,46.313539",[],黑龙江省,哈尔滨市,依兰县
越越彩妆工作室,依兰县工会楼下东第三门市,"129.565402,46.316736",15084609994,黑龙江省,哈尔滨市,依兰县
薪宇美容养生工作室(伍郡兰庭店),伍郡兰庭七号楼十门市薪宇美容工作室,"129.562239,46.325719",15776895776,黑龙江省,哈尔滨市,依兰县
玲子美容工作室(水韵紫城二期A区店),三姓路与越里吉路交叉口西北280米,"129.571497,46.336457",13154514789,黑龙江省,哈尔滨市,依兰县
冰冰范儿纹绣工作室,迎宾巷与通江路交叉口西40米,"129.564259,46.313687",[],黑龙江省,哈尔滨市,依兰县
苗苗美甲美睫工作室,依兰镇电影院胡同晓伟内衣对面,"129.565592,46.317219",[],黑龙江省,哈尔滨市,依兰县
唯美美甲美睫工作室,普照幼儿学校北1门旁,"129.561906,46.318974",[],黑龙江省,哈尔滨市,依兰县
晨曦美甲美睫工作室,中通三道岗镇东侧100米,"130.112225,46.116549",[],黑龙江省,哈尔滨市,依兰县
皮蛋工作室美甲美睫,老林业局办公楼西数第三门市,"129.564061,46.312918",[],黑龙江省,哈尔滨市,依兰县
辉姐美容工作室,金领华城,"129.572675,46.319925",[],黑龙江省,哈尔滨市,依兰县
山沐造型美甲(金领华城店),金领华城,"129.570578,46.319356",[],黑龙江省,哈尔滨市,依兰县
东洋理容设计中心,江山街与依达公路交叉口西北220米,"129.409649,46.173738",[],黑龙江省,哈尔滨市,依兰县
通河北木造型专业染烫,通河镇向阳街隆兴小区2号楼一层,"128.752687,45.972094",15764501418,黑龙江省,哈尔滨市,通河县
浩铭发型空间(隆兴小区店),通河镇隆兴小区3号楼,"128.752840,45.972437",[],黑龙江省,哈尔滨市,通河县
金梦美发厅(哈尔滨供销大楼店),通江大街204号供销大楼F1层,"128.745002,45.980850",[],黑龙江省,哈尔滨市,通河县
通河县阿亮美容美发美甲店,阿亮美容美发美甲店通河镇长安街六委烟草小区一期A栋5号商服,"128.749281,45.975950",0451-57485599;15134506763,黑龙江省,哈尔滨市,通河县
朗艺发型设计(建设小区店),大世界楼下,"128.747076,45.976601",13654590604;15134505435,黑龙江省,哈尔滨市,通河县
发丝缘美发工作室,老干部局家属楼北第二个门市大清华饭店对面,"128.746042,45.979158",15945099882,黑龙江省,哈尔滨市,通河县
非凡烫染造型(文盛街),文盛街与铧子山大街交叉口东100米,"128.745761,45.972696",0451-57450034;15134555665,黑龙江省,哈尔滨市,通河县
怡人美发,隆达路11号楼1门市,"128.749030,45.982341",15545597273,黑龙江省,哈尔滨市,通河县
东升造型,通河镇隆达山大街与喜鹊街交叉路口南侧,"128.750773,45.978679",13796152369,黑龙江省,哈尔滨市,通河县
秀阁时尚造型,丁香街与杨树街交叉口西南20米,"128.751956,45.971927",[],黑龙江省,哈尔滨市,通河县
千丝俏美发,隆达山大街联社4号门市千丝俏美发,"128.750922,45.978560",18645083722,黑龙江省,哈尔滨市,通河县
首秀发型工作室(隆兴小区店),隆兴小区南门三号楼15号门市,"128.753562,45.972626",[],黑龙江省,哈尔滨市,通河县
海波发艺(新风大街),通河镇通江大街广电大厦对面,"128.744450,45.982950",15846155458,黑龙江省,哈尔滨市,通河县
通河县理享美发店,[],"128.748961,45.977353",17645034256,黑龙江省,哈尔滨市,通河县
小峰发艺,石油路与人和大街交叉口东南60米,"128.765701,45.981178",[],黑龙江省,哈尔滨市,通河县
大军发型设计室(金穗佳苑店),金慧佳苑,"128.753729,45.974259",15146416781;15546687711,黑龙江省,哈尔滨市,通河县
毫末美发(丽景家园店),丽景家园东北门旁,"128.741999,45.977356",13212809985,黑龙江省,哈尔滨市,通河县
银艺发型设计(江畔花园三期店),通河镇江畔花园19号楼鑫达酒店对面,"128.747610,45.972251",[],黑龙江省,哈尔滨市,通河县
晓钢发型设计(江畔花园三期店),畔花园三期27号楼5门市,"128.745658,45.972666",13115406621,黑龙江省,哈尔滨市,通河县
秀客造型(临湖北路店),临湖北路与通江街交叉口东北60米,"129.319443,46.181930",[],黑龙江省,哈尔滨市,通河县
春津美容,通河镇老中医院楼下,"128.754991,45.975936",13136645200,黑龙江省,哈尔滨市,通河县
梦妮美容院(隆兴小区店),隆兴小区西北1门旁,"128.752947,45.973368",13936355918;15046765122,黑龙江省,哈尔滨市,通河县
尊尚发型设计,通河镇生资楼下第15门市(大千市场冬门对面),"128.753698,45.974321",[],黑龙江省,哈尔滨市,通河县
60发艺(公安小区店),公安小区西北门东80米,"128.745183,45.976102",15045062212,黑龙江省,哈尔滨市,通河县
名媛美发,杨树街与喜鹊街交叉口东南40米,"128.749134,45.978019",[],黑龙江省,哈尔滨市,通河县
A·S爱思专业接发烫染,人和大街与兴隆路交叉口西南100米,"128.767475,45.982625",[],黑龙江省,哈尔滨市,通河县
宏利美发(隆兴小区店),隆兴小区东南门西110米,"128.752156,45.972407",13936355596,黑龙江省,哈尔滨市,通河县
尚艺美发会所(民大嘉园店),通河镇华子山大街民大家园西香坊,"128.743261,45.976349",18249789666,黑龙江省,哈尔滨市,通河县
沐晨造型,隆兴小区二号楼16门市,"128.753030,45.972325",15765555882,黑龙江省,哈尔滨市,通河县
杨涛烫染(建设小区店),建设小区南门西60米,"128.746489,45.975654",13091888139,黑龙江省,哈尔滨市,通河县
人美美发(生资店),通河镇人和大街198号,"128.753639,45.974806",[],黑龙江省,哈尔滨市,通河县
哥帝国际女士短发世家,通河县通江街85号,"128.749529,45.973168",13199443535,黑龙江省,哈尔滨市,通河县
发源之帝,云燕街与政通大街交叉口西40米,"128.745231,45.980041",[],黑龙江省,哈尔滨市,通河县
王帅美发,通河县宾馆高层西数1号门市,"128.748615,45.977253",13936476680,黑龙江省,哈尔滨市,通河县
短发故事,通河县短发故事美容美发通河镇长安街六委烟草小区一期A栋5号商服,"128.749326,45.975943",15134506763,黑龙江省,哈尔滨市,通河县
阿杰造型设计美发店,云燕街学府名苑5号楼8门市,"128.744386,45.979510",17614604674,黑龙江省,哈尔滨市,通河县
鑫一美容美发(隆兴小区店),隆兴小区西北1门旁,"128.752893,45.973355",15636113966,黑龙江省,哈尔滨市,通河县
经典美发(喜鹊街店),喜鹊街与杨树街交叉口西南60米,"128.748224,45.978068",15146417517,黑龙江省,哈尔滨市,通河县
深港专业烫染,清河林业局通江街深港造型,"129.318312,46.181693",18714703326,黑龙江省,哈尔滨市,通河县
详详造型(丽景家园店),丽景家园东南门旁,"128.742029,45.976770",15045492021,黑龙江省,哈尔滨市,通河县
洋洋美发,隆达小区二期1栋9号门市,"128.750347,45.976546",[],黑龙江省,哈尔滨市,通河县
莱客造型(国税大楼店),通江大街163号国税大楼F1层,"128.748110,45.976068",[],黑龙江省,哈尔滨市,通河县
盛世美颜美容美发养生会馆(通河店),丁香街新大千市场隆达路店东南侧约150米,"128.754221,45.973276",[],黑龙江省,哈尔滨市,通河县
明媚发艺(公安小区店),公安小区4号楼,"128.743829,45.975776",[],黑龙江省,哈尔滨市,通河县
u美造型,通河镇实验小学北侧1号楼门市u,"128.750163,45.976487",[],黑龙江省,哈尔滨市,通河县
时尚经典造型(隆兴小区店),通河镇隆兴小区3号楼16门市,"128.753453,45.972597",[],黑龙江省,哈尔滨市,通河县
百分百美发室(学府名苑店),通河镇学府名苑六号楼七单元门市,"128.742832,45.979170",13159873977,黑龙江省,哈尔滨市,通河县
爱丽斯(通河县实验小学店),隆达小区南门西南60米,"128.752896,45.976993",[],黑龙江省,哈尔滨市,通河县
靓丽美发,人和大街542号,"128.763342,45.980896",[],黑龙江省,哈尔滨市,通河县
艺梵发艺,城东助残街 20 号门市房,"128.759520,45.979022",17622589888,黑龙江省,哈尔滨市,通河县
金梦美发厅(铧子山大街),云燕街18号学府名苑,"128.741960,45.978841",15546022331,黑龙江省,哈尔滨市,通河县
剪美发艺,临湖北路与文化路交叉口西南80米,"129.319565,46.182169",[],黑龙江省,哈尔滨市,通河县
华丽美发,岔林河大街立邦旁,"128.748533,45.983184",[],黑龙江省,哈尔滨市,通河县
双艺理发刮脸,通河镇公寓东南门西90米,"128.750068,45.972864",[],黑龙江省,哈尔滨市,通河县
韩尚发艺,通河镇老物价局门市韩尚发艺,"128.754797,45.976616",18345234995,黑龙江省,哈尔滨市,通河县
逸名造型,通河县幼儿教育中心2号门旁,"128.749595,45.976768",[],黑龙江省,哈尔滨市,通河县
清辉造型美发店,江畔花园三期21号楼12门市,"128.746249,45.971883",[],黑龙江省,哈尔滨市,通河县
大桐美发室,万米金街与鸿雁街交叉口南60米,"128.756380,45.977527",17164506000,黑龙江省,哈尔滨市,通河县
髪舞台(飞龙街店),园丁楼南门西侧,"128.746155,45.976715",15553666206,黑龙江省,哈尔滨市,通河县
世纪美发工作室(江畔花园店),通河镇江畔花园小区18号楼,"128.746372,45.971639",[],黑龙江省,哈尔滨市,通河县
木北造型(通江街店),通江街与比乐大街交叉口东60米,"129.315611,46.183961",[],黑龙江省,哈尔滨市,通河县
兴旺美发(公安小区店),公安小区西北门旁,"128.744233,45.975876",[],黑龙江省,哈尔滨市,通河县
金剪刀烫·染沙龙,一中门市房,"128.746219,45.978506",[],黑龙江省,哈尔滨市,通河县
榜中榜发型工作室,清河林业局基建路,"129.319350,46.181989",13251500255,黑龙江省,哈尔滨市,通河县
佐雅美容美发会馆(学府名苑店),学府7号楼东3门,"128.744428,45.979937",[],黑龙江省,哈尔滨市,通河县
潮·尚美发设计,隆达山大街与百合街交叉口北40米,"128.753825,45.974117",[],黑龙江省,哈尔滨市,通河县
领航发型设计(鑫泰小区店),通河镇富强街鑫泰家园1号楼东南门市六门,"128.742830,45.974661",15846150739,黑龙江省,哈尔滨市,通河县
玉兰美发屋,平安大街与同发路交叉口西南60米,"128.370028,45.998454",[],黑龙江省,哈尔滨市,通河县
发缘帝造型,联社小区西厢房通河饭店北10米,"128.749242,45.977990",18145143222,黑龙江省,哈尔滨市,通河县
美洁美发新天地,通河镇交通局家属楼,"128.744367,45.982241",[],黑龙江省,哈尔滨市,通河县
小雪理发(弘程时尚购物中心店),鸿雁街与隆达山大街交叉口西南80米,"128.751159,45.976460",[],黑龙江省,哈尔滨市,通河县
美尚美发(弘程时尚购物中心店),第二小学助残一条街9号门,"128.751504,45.976585",13351280689,黑龙江省,哈尔滨市,通河县
靓颜形象管理店,人和大街264号,"128.755136,45.975589",[],黑龙江省,哈尔滨市,通河县
板屋缘美发专业烫染店,隆兴小区7号楼1楼7号门,"128.751864,45.971496",[],黑龙江省,哈尔滨市,通河县
流行美发厅(中央大街),中央大街与文化路交叉口东40米,"129.319259,46.183763",[],黑龙江省,哈尔滨市,通河县
红尘剪业,通河镇老劳动局楼下,"128.745914,45.974620",[],黑龙江省,哈尔滨市,通河县
帝王美发(金穗佳苑店),通河镇隆达路生资门市房,"128.753517,45.974526",[],黑龙江省,哈尔滨市,通河县
亿龙专业烫染(金穗佳苑店),隆达山大街与百合街交叉口东北20米,"128.753855,45.973964",[],黑龙江省,哈尔滨市,通河县
卓越发型工作室,通河镇园丁公寓南侧,"128.745528,45.976559",13766901853,黑龙江省,哈尔滨市,通河县
基建理发店,临湖北路与文化路交叉口东北40米,"129.320483,46.182988",[],黑龙江省,哈尔滨市,通河县
明星烫染,通河县丽景二期1栋502号门市,"128.741883,45.978087",[],黑龙江省,哈尔滨市,通河县
娇点专业烫染,杜鹃街与杨树街交叉口东北20米,"128.752641,45.971762",[],黑龙江省,哈尔滨市,通河县
板寸王美发沙龙(喜鹊街店),应急管理局西南门旁,"128.749541,45.978453",[],黑龙江省,哈尔滨市,通河县
洪亮美发,柳树街与人和大街交叉口东南20米,"128.763798,45.980499",[],黑龙江省,哈尔滨市,通河县
广辉美发,金色江湾东北门西北130米,"128.759611,45.977464",[],黑龙江省,哈尔滨市,通河县
艳霞美发(新大千市场店),新大千市场,"128.753401,45.973853",[],黑龙江省,哈尔滨市,通河县
艺想天开专业美发,隆达小区1号楼,"128.752454,45.978024",[],黑龙江省,哈尔滨市,通河县
小中天形象设计形象设计,华宾楼公寓(清河购物中心东南),"129.318541,46.181563",[],黑龙江省,哈尔滨市,通河县
玉萍理发,通河镇东城口小区3号楼3号门市,"128.764342,45.981985",[],黑龙江省,哈尔滨市,通河县
吉田造型(中央大街店),中央大街与广场路交叉口东40米,"129.321071,46.185107",[],黑龙江省,哈尔滨市,通河县
古色,通江街与比乐大街交叉口东20米,"129.315246,46.184054",[],黑龙江省,哈尔滨市,通河县
人美美容美发,通江大街98附近,"128.752054,45.976446",[],黑龙江省,哈尔滨市,通河县
英子美发(红旗小区店),红旗小区东北门旁,"128.748369,45.983587",[],黑龙江省,哈尔滨市,通河县
雅芳美发(和平大街),通河镇广电大楼,"128.744982,45.983154",[],黑龙江省,哈尔滨市,通河县
晓光烫染,通河县幼儿教育中心2号门旁,"128.749731,45.976963",[],黑龙江省,哈尔滨市,通河县
宝桂美发,通河镇正通大街水产大楼,"128.749990,45.972378",[],黑龙江省,哈尔滨市,通河县
百惠发廊,中央大街361号,"128.763889,45.980473",[],黑龙江省,哈尔滨市,通河县
影后美容美发工作室(盛才雅居店),杨树街与鸿雁街交叉口北40米,"128.750043,45.976671",[],黑龙江省,哈尔滨市,通河县
洁美发艺(育才豪庭店),石油路与人和大街交叉口东南160米,"128.766731,45.980516",[],黑龙江省,哈尔滨市,通河县
文美发艺高端理疗馆,公安小区东南门东60米,"128.745338,45.975013",[],黑龙江省,哈尔滨市,通河县
名流美容美发厅,三站乡哈萝公路,"128.866830,46.020936",[],黑龙江省,哈尔滨市,通河县
潮丝造型(水岸名苑1期店),水岸名苑1期,"128.744980,45.969548",[],黑龙江省,哈尔滨市,通河县
明朗发艺,石油路与人和大街交叉口东南80米,"128.765927,45.981038",[],黑龙江省,哈尔滨市,通河县
盈川发型设计,政通大街与喜鹊街交叉口西北60米,"128.746325,45.978325",[],黑龙江省,哈尔滨市,通河县
芊金美发,城东薪区,"128.759525,45.988175",[],黑龙江省,哈尔滨市,通河县
风格发艺,喜鹊街与政通大街交叉口西40米,"128.746275,45.978025",[],黑龙江省,哈尔滨市,通河县
人造型,富强街一中家属楼16商服,"128.746432,45.978175",[],黑龙江省,哈尔滨市,通河县
闫晶美发,平安大街与友谊路交叉口东60米,"128.364775,45.996225",[],黑龙江省,哈尔滨市,通河县
潮尚美发发型设计,政通大街与飞龙街交叉口北40米,"128.747383,45.977267",[],黑龙江省,哈尔滨市,通河县
焦点美发,隆达山大街与杜鹃街交叉口西北20米,"128.754136,45.972403",[],黑龙江省,哈尔滨市,通河县
观感.私人订制,通河镇东兴街三农市场c座北7号门,"128.765933,45.981036",[],黑龙江省,哈尔滨市,通河县
荣美发店,通江街与临湖北路交叉口西南20米,"129.318679,46.181453",[],黑龙江省,哈尔滨市,通河县
顺艺烫染,政通大街与和平大街交叉口东南40米,"128.744996,45.983075",[],黑龙江省,哈尔滨市,通河县
兰兰美业(丁香街店),水岸名苑一期一单元二门市,"128.744675,45.970075",[],黑龙江省,哈尔滨市,通河县
小宇名剪(公安小区店),公安小区东南门西南50米,"128.744384,45.975013",[],黑龙江省,哈尔滨市,通河县
审美造型,隆达二期3号楼北门市11号商服,"128.749788,45.977300",[],黑龙江省,哈尔滨市,通河县
剪艺人生(学府名苑店),学府名苑,"128.744950,45.978771",[],黑龙江省,哈尔滨市,通河县
杨毅美发,鸿雁街与杨树街交叉口东20米,"128.750283,45.976395",[],黑龙江省,哈尔滨市,通河县
顷美养生美发保健馆(水岸名苑2期店),水岸名苑2期,"128.744703,45.971168",15645199059,黑龙江省,哈尔滨市,通河县
理发店,三站镇人民政府东侧120米,"128.863475,46.019685",[],黑龙江省,哈尔滨市,通河县
心阳美发厅,比乐大街与曙光路交叉口东北40米,"129.321500,46.189001",[],黑龙江省,哈尔滨市,通河县
大众发屋,希望路与平安大街交叉口西南150米,"128.366180,45.996692",[],黑龙江省,哈尔滨市,通河县
发源地专业美发沙龙,比乐大街与曙光路交叉口东北100米,"129.321976,46.189254",[],黑龙江省,哈尔滨市,通河县
天姿理发店,比乐大街与曙光路交叉口西40米,"129.320513,46.188578",[],黑龙江省,哈尔滨市,通河县
阿丽美发(公安小区店),公安小区1号楼门市房,"128.745404,45.975270",[],黑龙江省,哈尔滨市,通河县
人艺(金穗佳苑店),金穗佳苑西北门西100米,"128.753444,45.974722",[],黑龙江省,哈尔滨市,通河县
比乐发屋专业烫染,比乐大街与森源路交叉口东北100米,"129.312742,46.182223",[],黑龙江省,哈尔滨市,通河县
港式发艺,通河镇中央大街95号,"128.750456,45.974992",[],黑龙江省,哈尔滨市,通河县
娇凤发廊,文化路与中央大街交叉口东40米,"129.319396,46.183469",[],黑龙江省,哈尔滨市,通河县
鑫鹏美发(公安小区店)(暂停营业),公安小区1号楼,"128.745283,45.975259",15046762618,黑龙江省,哈尔滨市,通河县
玖玥美学工作室,隆达小区二期1栋12商服,"128.750551,45.976593",13233333860,黑龙江省,哈尔滨市,通河县
瑞田工作室,民大嘉园东北门旁,"128.745295,45.976657",[],黑龙江省,哈尔滨市,通河县
韩范纹绣工作室,隆兴小区2号楼24号门市红灯笼西屋,"128.752433,45.971847",[],黑龙江省,哈尔滨市,通河县
君美发艺,民乐家园东南门东70米,"128.739521,45.977352",[],黑龙江省,哈尔滨市,通河县
芊寻美甲工作室,长安街实验小学综合楼一层六号,"128.750741,45.975523",[],黑龙江省,哈尔滨市,通河县
名绣美学设计中心,隆兴小区,"128.753615,45.972501",15084627875,黑龙江省,哈尔滨市,通河县
魅阁理容会馆(大方侨园店),同安路大方侨园262号,"128.833217,45.841472",13654599058,黑龙江省,哈尔滨市,方正县
肥姐发艺(交通大厦店),中央大街167号老客运站综合楼(东市场往东走西走),"128.839462,45.839593",17614516431,黑龙江省,哈尔滨市,方正县
无名发造型(龙兴小区店),方正镇团结路224号凯旋门网吧楼下,"128.830932,45.839889",[],黑龙江省,哈尔滨市,方正县
头发乱了(同庆小区店),团结路同庆小区16号楼商服北数第5门(1-2层),"128.829716,45.842695",[],黑龙江省,哈尔滨市,方正县
潮流前线专业烫染店(龙兴小区店),龙兴小区3号楼(酒厂道北),"128.829190,45.839273",13654621709;13936082818,黑龙江省,哈尔滨市,方正县
爱美丽时尚造型(团结路店),方正镇生姿商店南第三门,"128.832616,45.837125",13763408997,黑龙江省,哈尔滨市,方正县
东方名剪(大方侨园店),团结路233号大方侨园二期10号楼北数第8门,"128.830871,45.840718",15046727477,黑龙江省,哈尔滨市,方正县
发秀轩(大方侨园店),团结路大方侨园,"128.830722,45.841032",[],黑龙江省,哈尔滨市,方正县
晨艺发型,同安路403博汇小区南拐角往北2门,"128.831573,45.845389",13265493789,黑龙江省,哈尔滨市,方正县
王子造型(松花江街店),松花江街计委公寓楼下第三门市,"128.833748,45.840420",15046725224,黑龙江省,哈尔滨市,方正县
美格造型专业烫染(农林路店),方正镇和鑫樱庭1号楼商服9门,"128.838906,45.843874",15046720851,黑龙江省,哈尔滨市,方正县
开心发型工作室(大方侨园店),方正镇同安路大方桥园,"128.833108,45.841722",[],黑龙江省,哈尔滨市,方正县
尚艺造型(方正店),团结路188号(龙兴小区东门商服),"128.830407,45.840742",13796135118;13796135818,黑龙江省,哈尔滨市,方正县
K丝美发,方正镇同安路电影院楼下,"128.836575,45.836501",[],黑龙江省,哈尔滨市,方正县
芳芳发艺,方正镇中央大街143号,"128.839631,45.839691",15546495891,黑龙江省,哈尔滨市,方正县
铂爵造型(世纪新城店),世纪新城西北门东80米,"128.836081,45.840639",15122094091,黑龙江省,哈尔滨市,方正县
宝睿造型(高楞村广场小区店),方正林业局(高楞)广场小区5号楼,"129.256343,46.007688",[],黑龙江省,哈尔滨市,方正县
蓝梦造型专业烫染店,同安路423号(博汇小区西侧商服),"128.831318,45.845761",15846828049,黑龙江省,哈尔滨市,方正县
英子发艺(团结小区一建住宅楼店),团结路206号,"128.831445,45.839166",15244712300,黑龙江省,哈尔滨市,方正县
铭发世家专业剪烫染店,"高楞德坤街,原通江街,商业楼一号","129.254702,46.006527",13945195796,黑龙江省,哈尔滨市,方正县
大志发型工作室(水产综合楼店),育才社区水产综合楼一层南数第七门市,"128.828016,45.835537",13763434393,黑龙江省,哈尔滨市,方正县
琦丝妙剪理发店,同安路154号,"128.835944,45.837417",13796780932,黑龙江省,哈尔滨市,方正县
娟子发艺,方正林业局绿海4号楼,"129.250304,46.006654",[],黑龙江省,哈尔滨市,方正县
大华美发厅(通江街店),德坤街与红旗路交叉口东60米,"129.255547,46.006140",[],黑龙江省,哈尔滨市,方正县
小宁造型,北一街鑫喜酒店西侧,"128.833141,45.840279",[],黑龙江省,哈尔滨市,方正县
简呗烫染,同安路幸福家园11号楼3号门,"128.831618,45.844959",15945091922,黑龙江省,哈尔滨市,方正县
方正县佐士美发造型店,团结路长安新城3号楼南数第8门店,"128.831876,45.838499",15244718732;18746477989,黑龙江省,哈尔滨市,方正县
博客美发沙龙(团结路店),团结路185号七号宫邸北侧博客美发沙龙,"128.832124,45.838796",0451-57110130,黑龙江省,哈尔滨市,方正县
爱唯专业烫染,北一街老工会楼下新禧斜对面,"128.832784,45.839953",18945071345,黑龙江省,哈尔滨市,方正县
首艺发型设计,团结小区一建住宅楼东北门旁,"128.831703,45.838770",[],黑龙江省,哈尔滨市,方正县
晓秋美发洗浴,同哈公路与方庄路交叉口西60米,"128.668600,45.792959",[],黑龙江省,哈尔滨市,方正县
浪潮发型,同安路南一街城建开发中心综合楼一层南数第二屋,"128.837305,45.836130",15776303233,黑龙江省,哈尔滨市,方正县
哈哈美容美发(水产综合楼店),红古路120号,"128.827859,45.835919",13603669798;13654624124,黑龙江省,哈尔滨市,方正县
春玲发艺(博汇阳光新城店),亮珠河街92号幸福家园,"128.832586,45.845305",13836058812,黑龙江省,哈尔滨市,方正县
凯琪美发,天门乡康安小区西数第三门市,"128.673499,45.883110",15146425701,黑龙江省,哈尔滨市,方正县
锋尚发型工作室,同安路236号大方乔园门市,"128.833430,45.841020",15663644435,黑龙江省,哈尔滨市,方正县
丽娟发艺(龙兴小区店),龙兴小区东南门西270米,"128.827263,45.838758",[],黑龙江省,哈尔滨市,方正县
春辉发型设计室(水产综合楼店),方正镇中央大街红谷路水产楼下,"128.827952,45.835716",[],黑龙江省,哈尔滨市,方正县
梵古造型(世纪新城店),团结路251号,"128.835775,45.840525",[],黑龙江省,哈尔滨市,方正县
艺超发型设计,方正镇红古路156号中韩公寓楼下,"128.827048,45.837317",[],黑龙江省,哈尔滨市,方正县
剪艺烫染店,同安路234号教师花园,"128.827558,45.846061",13274606192,黑龙江省,哈尔滨市,方正县
印象造型(德坤街店),方正林业局高楞镇绿海小区2号楼门市,"129.248960,46.005883",[],黑龙江省,哈尔滨市,方正县
丹雅发艺,方正镇协和医院对过人事局家属楼下,"128.836133,45.849456",[],黑龙江省,哈尔滨市,方正县
完美造型(兴盛公寓店),向文巷6号兴盛公寓,"128.827610,45.838527",[],黑龙江省,哈尔滨市,方正县
叶子美发造型店,文景小区西北门西70米,"128.840309,45.841698",13504503575;15146037925,黑龙江省,哈尔滨市,方正县
发源地美容美发(大方侨园店),同安路252号大方侨园,"128.833848,45.841664",13101519916,黑龙江省,哈尔滨市,方正县
他她美烫染,红古路与迎春巷交叉口南60米,"128.827009,45.837392",[],黑龙江省,哈尔滨市,方正县
美达发艺(同飞小区店),同安路302号同飞小区,"128.832544,45.842586",13936216366,黑龙江省,哈尔滨市,方正县
欣益美发室,方庄路13号,"128.669471,45.792902",13845141668,黑龙江省,哈尔滨市,方正县
红蕾雕刻时光发艺工作室,中央大街170号,"128.837927,45.838863",13074588812,黑龙江省,哈尔滨市,方正县
小妹发屋,高楞镇商业路新时代购物广场(商业路店),"129.251120,46.006443",15046727067,黑龙江省,哈尔滨市,方正县
同飞小区南门酷六发型,蚂蚁河街169号,"128.832225,45.840525",18604618450,黑龙江省,哈尔滨市,方正县
明骏理发店,建设街红古路196号,"128.826573,45.838226",18845123478,黑龙江省,哈尔滨市,方正县
理享发型工作室,瑞景豪庭二期4栋1门市,"128.837848,45.844671",15244716661,黑龙江省,哈尔滨市,方正县
尚枫造型(高楞村广场小区店),文化街与吉岭北路交叉口西60米,"129.256772,46.007819",[],黑龙江省,哈尔滨市,方正县
潮派发型工作室,中央大街与运输路交叉口东100米,"128.838752,45.839420",[],黑龙江省,哈尔滨市,方正县
露客造型,方正镇南一街原农业发展银行一层西1门,"128.837152,45.836587",18646040525,黑龙江省,哈尔滨市,方正县
石磊发艺,方正林业局高楞林业局通江街,"129.250327,46.003423",13836044168,黑龙江省,哈尔滨市,方正县
萌萌发艺,方正林业局高楞佳斯特对面,"129.250259,46.007189",[],黑龙江省,哈尔滨市,方正县
路人甲美发沙龙(亮珠河街店),龙寓高墅东南门东150米,"128.828842,45.842039",15604805369,黑龙江省,哈尔滨市,方正县
从头再来美发店,建设街千秋公司2号住宅楼,"128.831475,45.839275",15084636108,黑龙江省,哈尔滨市,方正县
王旭美发(铜鑫小区店),铜鑫小区北门西50米,"128.833808,45.843272",[],黑龙江省,哈尔滨市,方正县
丝情发艺(一品华府店),民生银行北侧,"128.837623,45.835724",13694507787,黑龙江省,哈尔滨市,方正县
创意名剪发型设计室,方正镇北一街鑫禧大酒店对面,"128.832956,45.839909",[],黑龙江省,哈尔滨市,方正县
剪之约造型店,同安路282号,"128.832908,45.842562",15146037925,黑龙江省,哈尔滨市,方正县
中意美发,运输路与中央大街交叉口西北120米,"128.836812,45.839823",18746470159,黑龙江省,哈尔滨市,方正县
泊美发艺,商业路与德坤街交叉口南220米,"129.251319,46.003751",18246965022,黑龙江省,哈尔滨市,方正县
长有发型设计烫染店,方正镇团结路140号,"128.832726,45.836919",[],黑龙江省,哈尔滨市,方正县
高美发艺,红古路178号,"128.826313,45.838541",[],黑龙江省,哈尔滨市,方正县
再回首发屋(东风小区店),高楞学府嘉园10号楼,"129.261404,46.009011",13766912151,黑龙江省,哈尔滨市,方正县
君丝剪,同安路,"128.830401,45.847264",[],黑龙江省,哈尔滨市,方正县
洋洋美发厅(学府嘉园小区店),高楞学府嘉园1号楼门市房,"129.261590,46.007333",15244719407,黑龙江省,哈尔滨市,方正县
小凤造型,德坤街与工程路交叉口东40米,"129.253521,46.005918",[],黑龙江省,哈尔滨市,方正县
秀平理发店,文化街与吉岭北路交叉口西60米,"129.256607,46.007801",15545996126,黑龙江省,哈尔滨市,方正县
优咪美发会馆,北一街老公安局家属楼楼下,"128.836010,45.840976",15776389915,黑龙江省,哈尔滨市,方正县
曼琪专业烫染店,红古路与中央大街交叉口东南80米,"128.828504,45.835516",[],黑龙江省,哈尔滨市,方正县
艳艳美发店,莲花街与奋斗路交叉口西20米,"128.825418,45.833168",[],黑龙江省,哈尔滨市,方正县
奇丝美发(侨佳花园店),侨佳花园东北门旁,"128.834275,45.834875",[],黑龙江省,哈尔滨市,方正县
银座发艺(方正县方正镇卫生院西),中央大街165号,"128.839422,45.839625",[],黑龙江省,哈尔滨市,方正县
木子发型(东风小区店),方正林业局高楞东风小区8号楼一单元,"129.258738,46.008616",15046721994,黑龙江省,哈尔滨市,方正县
菊子发艺(东风小区店),方正林业局高楞东风小区10号楼,"129.258560,46.009100",[],黑龙江省,哈尔滨市,方正县
艺剪坊理发店,方正林业局高楞东风小区6号楼北侧,"129.258628,46.008157",[],黑龙江省,哈尔滨市,方正县
英子发艺,通江街31号,"129.254250,46.006483",[],黑龙江省,哈尔滨市,方正县
双凤理发烫发,商业路与德坤街交叉口南220米,"129.251322,46.003778",[],黑龙江省,哈尔滨市,方正县
天缘发型设计,商业路与德坤街交叉口南200米,"129.251240,46.004039",[],黑龙江省,哈尔滨市,方正县
小薇发艺,商业路松江小区,"129.250495,46.006608",[],黑龙江省,哈尔滨市,方正县
金优发艺,一品华府南门旁,"128.839075,45.835225",[],黑龙江省,哈尔滨市,方正县
小静发艺,中央大街与农林路交叉口东120米,"128.842522,45.840503",[],黑龙江省,哈尔滨市,方正县
苏老四发屋(新工会家属楼店),新工会家属楼,"128.843180,45.842694",[],黑龙江省,哈尔滨市,方正县
剪压发艺,中央大街与农林路交叉口西40米,"128.840519,45.839894",[],黑龙江省,哈尔滨市,方正县
跃新设计室(同飞小区店),同飞小区东南门西70米,"128.830980,45.841714",[],黑龙江省,哈尔滨市,方正县
贺盛理烫发,红古路与迎春巷交叉口南20米,"128.826794,45.837732",[],黑龙江省,哈尔滨市,方正县
靓首理发店,龙兴小区西北2门旁,"128.828921,45.840672",[],黑龙江省,哈尔滨市,方正县
韩流烫染店,方正镇团结路271号,"128.830010,45.842241",[],黑龙江省,哈尔滨市,方正县
帅君理发,团结路与庆丰巷交叉口南100米,"128.827275,45.844925",[],黑龙江省,哈尔滨市,方正县
鑫都发廊,文化路与中央大街交叉口西北40米,"128.668910,45.793592",[],黑龙江省,哈尔滨市,方正县
李红发艺,中心街与平安巷交叉口西200米,"128.670425,45.882475",[],黑龙江省,哈尔滨市,方正县
秀客美容工作室,蚂蚁河街与农林路交叉口西南120米,"128.837595,45.843023",[],黑龙江省,哈尔滨市,方正县
时尚纹绣工作室,同安路与蚂蚁河街交叉口东南40米,"128.833677,45.841894",[],黑龙江省,哈尔滨市,方正县
祺雅轩理容工作室,方正林业局绿海小区7号楼,"129.250222,46.007073",[],黑龙江省,哈尔滨市,方正县
半夏美容工作室,爱建雅居西北门西130米,"128.836775,45.841025",[],黑龙江省,哈尔滨市,方正县
欢欢美容美甲工作室,松花江街与团结路交叉口东120米,"128.832755,45.839856",[],黑龙江省,哈尔滨市,方正县
工作室,同安路与庆丰巷交叉口东200米,"128.832975,45.846775",[],黑龙江省,哈尔滨市,方正县
有姿男士女士洗脸吧(方正店),松花江街111号,"128.832977,45.840256",13104639258,黑龙江省,哈尔滨市,方正县
金鹰剪业(广场小区店),木兰镇政府广场西侧,"128.042036,45.949902",15146279009,黑龙江省,哈尔滨市,木兰县
名匠Hair salon,通江街与松江街交口,"128.043514,45.944449",13206539218,黑龙江省,哈尔滨市,木兰县
感观发型设计,人民路81号,"128.047207,45.949913",13159849751,黑龙江省,哈尔滨市,木兰县
原创名剪,木兰镇仿古街牌楼,"128.039331,45.947706",15046753369,黑龙江省,哈尔滨市,木兰县
美格发艺,爱民街与中心路交叉口东20米,"128.040773,45.949759",13936371310,黑龙江省,哈尔滨市,木兰县
理享形象设计,中心路55号,"128.040739,45.949896",15046190607,黑龙江省,哈尔滨市,木兰县
零度造型(金街小区店),木兰镇建设街一委一组8栋1层15号,"128.045878,45.946834",[],黑龙江省,哈尔滨市,木兰县
超越美发沙龙,木兰镇振兴大街212号,"128.042215,45.953501",13674507679,黑龙江省,哈尔滨市,木兰县
尚艺染烫之都(木兰县司法局家属楼店),木兰大街与民主路交叉口东南40米,"128.036489,45.949029",[],黑龙江省,哈尔滨市,木兰县
目夕造型,大贵镇,"127.811929,46.244155",15045590566,黑龙江省,哈尔滨市,木兰县
东尼造型(爱民街店),木兰镇广场老广播局对面,"128.041106,45.949682",[],黑龙江省,哈尔滨市,木兰县
顶点美发,木兰镇客运站家属楼下南第二门,"128.040951,45.950028",13766998321,黑龙江省,哈尔滨市,木兰县
波兰美美容美发,木兰大街与建设路交叉口东80米,"128.049813,45.947703",[],黑龙江省,哈尔滨市,木兰县
昕昕烫染名店,木兰东大街公安局家属楼,"128.051407,45.947094",13654609900,黑龙江省,哈尔滨市,木兰县
靓点发艺(向阳春小区东),木兰县中医院西门,"128.040003,45.954222",[],黑龙江省,哈尔滨市,木兰县
美丝扬发艺,木兰镇蓝艺市场内8号门,"128.052339,45.946961",[],黑龙江省,哈尔滨市,木兰县
流行线美发沙龙,通江路160号,"128.042694,45.943501",13703606234;15046752644,黑龙江省,哈尔滨市,木兰县
天姿美容美发名店(金街店),金街中段道南建设小区北门旁,"128.046037,45.946545",13796149919,黑龙江省,哈尔滨市,木兰县
四季红发型设计店,木兰县奋斗街三委十二组商服,"128.040813,45.950248",13945644676,黑龙江省,哈尔滨市,木兰县
首领派瑞沙龙(建设小区店),建设小区西南门西80米,"128.045423,45.945574",15004529499,黑龙江省,哈尔滨市,木兰县
标榜造型(建设小区店),建设小区西南门东南50米,"128.046607,45.945425",13836060361,黑龙江省,哈尔滨市,木兰县
美丽人生美容美发(建设小区店),金街73号,"128.046997,45.946439",13654684123,黑龙江省,哈尔滨市,木兰县
王建瑞鑫剪业(建设小区店),建委小区3号楼东7门市,"128.046643,45.946443",17745614678,黑龙江省,哈尔滨市,木兰县
大辉时尚造型(建设小区店),建设小区西南门旁,"128.046430,45.945447",13796767139;15046754565,黑龙江省,哈尔滨市,木兰县
美琪名剪,奋斗街三委十七组,"128.041904,45.952416",15045599645,黑龙江省,哈尔滨市,木兰县
晶晶发艺朝阳烫染(金街小区店),木兰大街108号正南方向100米金街小区,"128.045482,45.946889",[],黑龙江省,哈尔滨市,木兰县
阿琴名发专业烫染,木兰大街交警队家属楼,"128.050742,45.947224",[],黑龙江省,哈尔滨市,木兰县
明阳造型,木兰镇人民街一委八组163栋1层1号,"128.051645,45.947376",18946007867,黑龙江省,哈尔滨市,木兰县
小佳发屋,市场街金桥,"128.039490,45.947465",13100915801,黑龙江省,哈尔滨市,木兰县
慕颜剪业,爱民街与中心路交叉口东80米,"128.041519,45.949640",15146271833,黑龙江省,哈尔滨市,木兰县
潘多拉美业,木兰县振兴大街262号,"128.043954,45.953237",[],黑龙江省,哈尔滨市,木兰县
丝丝美美容美发厅,木兰大街与生产路交叉口东60米,"128.035374,45.949611",13796178206,黑龙江省,哈尔滨市,木兰县
丽杰发型设计(天成园店),天成园东北门旁,"128.044901,45.946681",13503662343,黑龙江省,哈尔滨市,木兰县
发源地美容美发(通江路店),和平小区西北门西南70米,"128.043208,45.945016",[],黑龙江省,哈尔滨市,木兰县
金鑫美发(金街小区店),木兰大街108号正南方向100米金街小区,"128.045110,45.946936",[],黑龙江省,哈尔滨市,木兰县
淑萍美发,金街小区西2门西南90米,"128.045345,45.946592",13199551139,黑龙江省,哈尔滨市,木兰县
铜锣湾发型设计,庆木公路与中经路交叉口南180米,"127.872536,46.380156",[],黑龙江省,哈尔滨市,木兰县
爱美丽美容美发(东环路店),木兰镇蓝艺市场(东环路)内,"128.053266,45.948030",[],黑龙江省,哈尔滨市,木兰县
鑫浩理发,仿古街门口北100米道西鑫浩理发,"128.039671,45.948067",17382865752,黑龙江省,哈尔滨市,木兰县
贝加尔美发,木兰大街与人民路交叉口东80米,"128.047775,45.947875",[],黑龙江省,哈尔滨市,木兰县
秀阁烫染造型(建设小区店),建设小区西北门西60米,"128.045816,45.946574",[],黑龙江省,哈尔滨市,木兰县
梦廊发型设计专业烫染店,木兰大街烟草公司西30米路南,"128.037791,45.948886",13796788859,黑龙江省,哈尔滨市,木兰县
卓越发型设计(金街小区店),金街小区西2门西70米,"128.045299,45.946912",[],黑龙江省,哈尔滨市,木兰县
飘忆宣造型(金街小区店),木兰大街108号正南方向100米金街小区,"128.045152,45.946931",15545125123,黑龙江省,哈尔滨市,木兰县
金美尚发艺,安平街,"128.039887,45.946078",13936636124,黑龙江省,哈尔滨市,木兰县
美馨发艺,人民路160号,"128.048025,45.951525",18345971237,黑龙江省,哈尔滨市,木兰县
飘丝坊造型,中国邮政西(木兰县大贵镇政府西南),"127.812130,46.244210",[],黑龙江省,哈尔滨市,木兰县
创美美发,东兴镇中兴大街三十号,"127.873999,46.378246",13796788810,黑龙江省,哈尔滨市,木兰县
私人定制,东兴镇中经路664号,"127.872571,46.381319",13936067350,黑龙江省,哈尔滨市,木兰县
波丝湾剪业,东兴镇中经路72号,"127.872571,46.381006",[],黑龙江省,哈尔滨市,木兰县
新漂亮名发,哈萝公路与利柳公路交叉口西北500米,"127.729139,46.015619",[],黑龙江省,哈尔滨市,木兰县
丽莉风格发型设计,木兰大街与建设路交叉口东60米,"128.049674,45.947718",13206540818,黑龙江省,哈尔滨市,木兰县
兰西美容美发,金鑫小区南门旁,"128.032926,45.949952",13613684668,黑龙江省,哈尔滨市,木兰县
亿剪美发型室,爱政街与人民路交叉口东40米,"128.047657,45.949140",15945102881,黑龙江省,哈尔滨市,木兰县
新丽美美容美发,木兰镇人民路老二派对面,"128.047469,45.950853",15946017198,黑龙江省,哈尔滨市,木兰县
佳美发艺(中心路店),仿古街中国信合旁,"128.039662,45.947882",[],黑龙江省,哈尔滨市,木兰县
东霞发型设计,中心路与市场街交叉口西北40米,"128.039564,45.947884",[],黑龙江省,哈尔滨市,木兰县
筱娟发艺,金鼎佳园1期南门东南50米,"128.031327,45.947491",[],黑龙江省,哈尔滨市,木兰县
新丝路剪业,人民路与保健街交叉口北60米,"128.047508,45.950984",[],黑龙江省,哈尔滨市,木兰县
心怡发艺,市场街与仿古路交叉口西40米,"128.039300,45.947424",15146058085,黑龙江省,哈尔滨市,木兰县
尚剪美发纹绣,中经路与庆木公路交叉口东南320米,"127.874290,46.379214",[],黑龙江省,哈尔滨市,木兰县
时尚发型设计,东兴镇二商店,"127.872615,46.381674",15846801066,黑龙江省,哈尔滨市,木兰县
掬美发艺,振兴大街,"128.040972,45.953629",[],黑龙江省,哈尔滨市,木兰县
思雨发型设计(建设小区店),建设小区西北门旁,"128.046096,45.946538",[],黑龙江省,哈尔滨市,木兰县
佳鑫美发,中心路与民主二道街交叉口西北20米,"128.040319,45.950184",[],黑龙江省,哈尔滨市,木兰县
蚯蚓造型(东环路店),东环路与保健街交叉口南120米,"128.053703,45.948398",[],黑龙江省,哈尔滨市,木兰县
梦寻发艺,卓领华庭东区北门西320米,"128.050180,45.942543",[],黑龙江省,哈尔滨市,木兰县
海霞美发(东付路店),东付路与华丰路交叉口东320米,"128.063915,45.945848",[],黑龙江省,哈尔滨市,木兰县
名姿美发(东付路店),木兰镇富家屯油漆厂路口路北,"128.065004,45.945599",[],黑龙江省,哈尔滨市,木兰县
老中青美发,市场街与中心路交叉口西80米,"128.038915,45.947722",[],黑龙江省,哈尔滨市,木兰县
彦彦美发,市场街与中心路交叉口西60米,"128.039216,45.947706",[],黑龙江省,哈尔滨市,木兰县
美丽剪业,中心路与市场街交叉口北80米,"128.039712,45.948178",[],黑龙江省,哈尔滨市,木兰县
婚庆美发,东兴镇派出所西北侧170米,"127.874129,46.378001",[],黑龙江省,哈尔滨市,木兰县
伊之靓美容美发,庆木公路西北30米,"127.874143,46.377975",[],黑龙江省,哈尔滨市,木兰县
艺鑫烫染(金街小区店),木兰大街108号正南方向100米金街小区,"128.046193,45.946759",[],黑龙江省,哈尔滨市,木兰县
女王纹绣美发,建设小区,"128.046638,45.946488",[],黑龙江省,哈尔滨市,木兰县
紫萱剪艺,建设小区西北门东100米,"128.047317,45.946565",[],黑龙江省,哈尔滨市,木兰县
尚品美发,东外环与木兰大街交叉口北100米,"128.053291,45.947948",[],黑龙江省,哈尔滨市,木兰县
冯雨美发造型烫染店,中经路55号附近,"127.873899,46.378436",[],黑龙江省,哈尔滨市,木兰县
七彩美发化妆品,657乡道与满大公路交叉口东60米,"127.727675,46.301525",[],黑龙江省,哈尔滨市,木兰县
镁源美发,民主街与民主二道街交叉口西南20米,"128.036066,45.950490",[],黑龙江省,哈尔滨市,木兰县
完美理容,木兰镇养路段家属楼楼下,"128.035491,45.949595",[],黑龙江省,哈尔滨市,木兰县
掏美发艺,振兴大街与中心路交叉口西40米,"128.041119,45.953621",[],黑龙江省,哈尔滨市,木兰县
白鸽美发工作室,中经路与庆木公路交叉口北20米,"127.872469,46.381952",[],黑龙江省,哈尔滨市,木兰县
梦丹娜剪业,东兴镇东北村庆木公路宏兴通讯,"127.873488,46.379263",[],黑龙江省,哈尔滨市,木兰县
海霞剪业,中经路与庆木公路交叉口东南320米,"127.874305,46.379218",[],黑龙江省,哈尔滨市,木兰县
鑫妍美发养生馆,盛世观江名苑北门西50米,"128.040549,45.944561",[],黑龙江省,哈尔滨市,木兰县
宇鑫美发屋,木兰镇人民小学对面,"128.048229,45.952353",[],黑龙江省,哈尔滨市,木兰县
卓威美发,人民路与爱政街交叉口东北40米,"128.047411,45.949365",[],黑龙江省,哈尔滨市,木兰县
Q造型工作室,中心路与民方街交叉口东北40米,"128.041725,45.952825",[],黑龙江省,哈尔滨市,木兰县
魅力精典美发工作室,大辉轮胎修理部南侧90米,"127.732887,46.015769",[],黑龙江省,哈尔滨市,木兰县
双双发艺,跃进路与跃进五道街交叉口南180米,"128.028963,45.952447",[],黑龙江省,哈尔滨市,木兰县
炫简发型设计,木兰大街鸿城大药房东侧,"128.033538,45.949797",[],黑龙江省,哈尔滨市,木兰县
丽晶美发,民主路与民主二道街交叉口北40米,"128.036369,45.952047",[],黑龙江省,哈尔滨市,木兰县
迷琪发艺,奋斗路与利民街交叉口北20米,"128.044260,45.951690",[],黑龙江省,哈尔滨市,木兰县
名辉美发(老电业小区店),老电业小区,"128.044429,45.951022",[],黑龙江省,哈尔滨市,木兰县
顶优剪业(暂停营业),人民路与万丰街交叉口西南40米,"128.047699,45.951438",18745825544,黑龙江省,哈尔滨市,木兰县
微美睫毛湾湾美睫美甲工作室,仿古街,"128.039475,45.945894",[],黑龙江省,哈尔滨市,木兰县
赫本美学工作室(锦绣家园店),安平街176号,"128.035125,45.946575",[],黑龙江省,哈尔滨市,木兰县
木兰县小雨美甲美睫工作室,爱民街40号,"128.041874,45.949638",[],黑龙江省,哈尔滨市,木兰县
妍金汐男士修面美容馆,建设小区,"128.045612,45.945551",[],黑龙江省,哈尔滨市,木兰县
ONE+造型美发美甲,龙城家园高层A栋5单元一楼门市,"127.489085,45.755766",13351115220,黑龙江省,哈尔滨市,宾县
奕色烫染会所(宾州东路店),宾州镇东大街192号,"127.495149,45.759904",15764507888,黑龙江省,哈尔滨市,宾县
海军造型(公仆路),煤建胡同东-海军造型,"127.486527,45.757188",13804614400,黑龙江省,哈尔滨市,宾县
尚艺美发,兴宾大道与财源街交叉口东200米,"127.166930,45.757544",18246168662,黑龙江省,哈尔滨市,宾县
东子发型,爱心老年公寓西泽路东南门旁,"127.481850,45.757016",15045452466,黑龙江省,哈尔滨市,宾县
领潮造型(荣兴超市店),宾西镇兴宾大道332号领潮造型,"127.166860,45.759734",15546650431,黑龙江省,哈尔滨市,宾县
主流发型纹绣纹身,公仆路102号,"127.484787,45.756196",15776260794,黑龙江省,哈尔滨市,宾县
风尚国际美容美发,宾州西大街132号,"127.482652,45.757367",19904666004,黑龙江省,哈尔滨市,宾县
他她美美容美发,公仆家园西北门旁,"127.482827,45.755858",13936373537,黑龙江省,哈尔滨市,宾县
王Sir造型,福盈东路与莱熏路交叉口东南40米,"127.486605,45.756683",15045457757;15846111265,黑龙江省,哈尔滨市,宾县
小志造型潮牌店(莱薰路店),莱熏路34号,"127.485695,45.756823",17382882666,黑龙江省,哈尔滨市,宾县
发丝缘专业烫染,宾西镇致富路70号发丝缘美发店,"127.161554,45.754951",15134530730;15845128540,黑龙江省,哈尔滨市,宾县
大海美容美发会馆(宾西店),宾西镇兴宾大道295号,"127.164104,45.757227",13136696191,黑龙江省,哈尔滨市,宾县
美宇造型美发烫染精致店,鑫福家园东北门旁,"127.477223,45.752616",15031766103,黑龙江省,哈尔滨市,宾县
卡诗造型(哈同公路店),黑龙江农垦职业学院教学楼A座东北侧180米,"127.192736,45.751287",18345484231,黑龙江省,哈尔滨市,宾县
鲤鱼剪吧(迎宾尚城C区店),宾州西路南150米,"127.467487,45.748938",15245043235,黑龙江省,哈尔滨市,宾县
娇点专业染烫(成双家园店),宾州西大街268号,"127.476589,45.754527",18646033252,黑龙江省,哈尔滨市,宾县
李李造型,宾州西大街187号,"127.479496,45.755621",13251505509,黑龙江省,哈尔滨市,宾县
5造型(致富路店),宾西镇小学住宅楼北数第七门,"127.161333,45.755108",18246521884,黑龙江省,哈尔滨市,宾县
尚品美发(形象店),宾县国税局斜对面,"127.478137,45.754942",0451-57900222;15845142128,黑龙江省,哈尔滨市,宾县
巴沙廊美发沙龙(哈尔滨宾县),宾县人民检察院西侧50米,"127.464851,45.745983",15946399898,黑龙江省,哈尔滨市,宾县
雅琪造型(红旗路店),红旗路79号,"127.478432,45.750896",15244777860,黑龙江省,哈尔滨市,宾县
小杰·美发,西泽路与北城路交叉口东南40米,"127.480361,45.759776",13603614439,黑龙江省,哈尔滨市,宾县
宾县宾州明雪月月红发型工作室,文庙胡同113号,"127.490209,45.757125",13845155664,黑龙江省,哈尔滨市,宾县
晓薇发艺(文化北路店),上海花园二区,"127.495431,45.760474",13796143335,黑龙江省,哈尔滨市,宾县
沙都发型设计,宾州西大街192号县医院西50米道北,"127.479195,45.755850",13100333000;13384658444,黑龙江省,哈尔滨市,宾县
成铭造型,学府小区北门旁,"127.162734,45.753452",13651298794,黑龙江省,哈尔滨市,宾县
名将美容美发理容会馆,宾州镇富盈小区门市,"127.484587,45.755856",13936380343,黑龙江省,哈尔滨市,宾县
木一北,西大街116号工商银行斜对面,"127.483221,45.757599",[],黑龙江省,哈尔滨市,宾县
高峰美发,965乡道与同哈公路交叉口南60米,"127.765207,45.843991",13796234938,黑龙江省,哈尔滨市,宾县
鹏先生美发(潮流店),宾州镇宾县红十字会医院红十字医院对面,"127.482831,45.757430",13936481630,黑龙江省,哈尔滨市,宾县
美格造型(Y004店),004乡道与宾延路交叉口东100米,"127.844797,45.765387",18045113339,黑龙江省,哈尔滨市,宾县
艺轩造型(城隍西路店),天福嘉园7号楼附近,"127.477600,45.757370",13936485568,黑龙江省,哈尔滨市,宾县
红艳发艺(鸿福世纪城店),鸿福世纪城2号楼7单元,"127.480370,45.761330",13796234628,黑龙江省,哈尔滨市,宾县
艺剪钟情,致富路与学府路交叉口东北160米,"127.161576,45.754924",13895724563,黑龙江省,哈尔滨市,宾县
恒汇美业烫染店,建设西路39号,"127.488024,45.756008",15245135966;18345482019,黑龙江省,哈尔滨市,宾县
理享造型,融兴小区1期,"127.166487,45.757904",13125987120,黑龙江省,哈尔滨市,宾县
苏苏美业(迎宾尚城B区店),迎宾尚城B区南1门西南80米,"127.464527,45.748510",18348671810,黑龙江省,哈尔滨市,宾县
鲸喜,宾州西大街302号,"127.476067,45.753977",18546096044,黑龙江省,哈尔滨市,宾县
小伍专业染烫(鑫福家园店),鑫福家园东北门旁,"127.477211,45.752584",13664604815,黑龙江省,哈尔滨市,宾县
流行空间烫染吧,迎宾尚城C区东北1门旁,"127.467674,45.749316",[],黑龙江省,哈尔滨市,宾县
丝丝美发艺,宾西镇荣兴商业街荣兴小区A20号楼,"127.165634,45.757563",[],黑龙江省,哈尔滨市,宾县
快手造型,莱熏路与润泽路交叉口西40米,"127.485761,45.756845",[],黑龙江省,哈尔滨市,宾县
艺格发型设计,财富东城,"127.163287,45.757603",[],黑龙江省,哈尔滨市,宾县
古贝造型潮牌烫染(城隍西路店),城隍西路与大千路交叉口西南20米,"127.478386,45.757733",[],黑龙江省,哈尔滨市,宾县
C位造型,城隍西路66号,"127.476396,45.757237",15204615581;19297578520,黑龙江省,哈尔滨市,宾县
金玲美发店,天福嘉园2号楼门市,"127.476423,45.755856",13766969158,黑龙江省,哈尔滨市,宾县
顶尖一族(北大街),建设西路与宾州南大街交叉口西20米,"127.488305,45.756419",13159845999,黑龙江省,哈尔滨市,宾县
金尚美容美发,天福嘉园西北门东北50米,"127.476959,45.757087",18246805755,黑龙江省,哈尔滨市,宾县
DL发型设计美甲美睫纹绣店,宾州镇学子路县幼儿园对面和泓商服DL发型设计,"127.448403,45.742948",15084616655,黑龙江省,哈尔滨市,宾县
宏艺专业烫染造型(庙胡同综合大市场店),宾州镇建设东路16号庙胡同综合大市场,"127.489983,45.757709",[],黑龙江省,哈尔滨市,宾县
名威造型形象设计,中国石化龙滨加油站东侧50米,"127.192983,45.751216",17604503847,黑龙江省,哈尔滨市,宾县
宇艺造型,丰收路与迎宾大道交叉口东南60米,"127.479625,45.749875",13263555703,黑龙江省,哈尔滨市,宾县
丝漫发型设计,老工业局家属楼一楼,"127.481614,45.751397",13796838100,黑龙江省,哈尔滨市,宾县
以法莲造型沙龙,宾州南大街与南康路交叉口东北20米,"127.492103,45.752251",[],黑龙江省,哈尔滨市,宾县
阿伟造型,964乡道与西北外环路交叉口东南40米,"127.284266,45.914584",13388000751,黑龙江省,哈尔滨市,宾县
春秀理发店,文靖小区,"127.493581,45.757456",[],黑龙江省,哈尔滨市,宾县
艺彩造型,西城街水保所楼下艺彩造型,"127.470866,45.750816",18845033114,黑龙江省,哈尔滨市,宾县
魔发师专业烫染(莱薰路店),公仆路翰皇旁,"127.486692,45.757136",17036732555,黑龙江省,哈尔滨市,宾县
风格造型(大地花园店),大地花园新区六栋42号门市18号门市,"127.486225,45.753501",18845158432,黑龙江省,哈尔滨市,宾县
林菲造型,宾西镇致富路112号,"127.161337,45.754100",18646345139,黑龙江省,哈尔滨市,宾县
金子发型工作室,上海花园东7门东南140米,"127.495418,45.760506",18304633543,黑龙江省,哈尔滨市,宾县
潮牌造型,胜利镇万春街明杰超市北走100米,"128.053647,45.801561",[],黑龙江省,哈尔滨市,宾县
晓燕美发美容院(大地花园店),大地花园新区1号楼,"127.485769,45.754495",13766976456,黑龙江省,哈尔滨市,宾县
梵尚美发工作室,城隍西路51号,"127.477715,45.757422",18746132061,黑龙江省,哈尔滨市,宾县
玉美理发店,西北外环路与964乡道交叉口西南140米,"127.282654,45.914051",18249733979,黑龙江省,哈尔滨市,宾县
一号发艺,951乡道,"127.064992,45.912278",[],黑龙江省,哈尔滨市,宾县
娜艺迹时尚造型(兴盛小区店),宾西镇兴盛小区A栋,"127.163685,45.751738",[],黑龙江省,哈尔滨市,宾县
中心美发,004乡道与常安街交叉口南20米,"127.845128,45.765034",13644518780,黑龙江省,哈尔滨市,宾县
立夫染烫造型会馆(天福缘区店),天福缘新区南门东150米,"127.469276,45.750356",13613633754,黑龙江省,哈尔滨市,宾县
炫时光美发会所(天福嘉园店),天福嘉园西北门东北70米,"127.477042,45.757124",[],黑龙江省,哈尔滨市,宾县
春鸣美发(天福嘉园店),天福嘉园5栋,"127.477444,45.757287",[],黑龙江省,哈尔滨市,宾县
情侣发艺,宾西镇本街农行南,"127.161300,45.754886",[],黑龙江省,哈尔滨市,宾县
超越烫染发吧(哈市分店),学府小区北1门旁,"127.163934,45.753435",0451-51776654;15045188876,黑龙江省,哈尔滨市,宾县
M造型工作室,建设西路109号,"127.485699,45.754674",15776260321,黑龙江省,哈尔滨市,宾县
蓝飞发艺美容会所,糖坊镇本街,"127.065722,45.912169",[],黑龙江省,哈尔滨市,宾县
秋雨美发,致富路与哈同公路交叉口南160米,"127.161599,45.754992",[],黑龙江省,哈尔滨市,宾县
格调美发沙龙,宾州镇红旗路69号,"127.478300,45.751034",18348555608,黑龙江省,哈尔滨市,宾县
小帅造型·设计美甲美睫,润泽路21号,"127.485925,45.757375",18088786553,黑龙江省,哈尔滨市,宾县
海派造型(大地花园店),宾州镇大地花园新区2号楼,"127.486862,45.754389",15636325258,黑龙江省,哈尔滨市,宾县
貂皮改染(鑫福家园店),鑫福家园东北门西北70米,"127.477074,45.752741",[],黑龙江省,哈尔滨市,宾县
春亮发型设计(天福缘区店),宾州西大街478号,"127.467250,45.750149",[],黑龙江省,哈尔滨市,宾县
首尔造型(莱薰路店),公仆家园西北门东北60米,"127.483363,45.756113",15145155510,黑龙江省,哈尔滨市,宾县
得艺旺型美发工作室(宾州东路店),宾州镇文化南路与宾州东大街交叉口西南40米文化综合楼下,"127.495280,45.759615",15589837030,黑龙江省,哈尔滨市,宾县
剪约专业染烫(西丰路店),成双家园东厢房南5门市,"127.475634,45.756058",18246804004,黑龙江省,哈尔滨市,宾县
洛梵造型,天福嘉园西北门旁,"127.476730,45.756973",18145123918,黑龙江省,哈尔滨市,宾县
小郝美发店,通达家园一期3号楼,"127.501980,45.761285",[],黑龙江省,哈尔滨市,宾县
卫思理造型(金穗花园店),金穗花园南门东北140米,"127.481617,45.753404",15134559337,黑龙江省,哈尔滨市,宾县
新概念造型,宾县水务局西北门旁,"127.472497,45.752040",16536118886,黑龙江省,哈尔滨市,宾县
木子造型,和泓山水阳光商服c2-21,"127.449150,45.742696",13030077696,黑龙江省,哈尔滨市,宾县
小白造型(成双家园店),宾州西路与红旗路交叉路口东北侧,"127.476449,45.754417",18646510026,黑龙江省,哈尔滨市,宾县
剪艺造型(哈尔滨宾县),西泽路31号人防小区,"127.480822,45.759197",15004664437,黑龙江省,哈尔滨市,宾县
雅士理发,大千路与城隍西路交叉口南40米,"127.478525,45.757579",15146116617,黑龙江省,哈尔滨市,宾县
吉利美发(建设小区西区店),建设小区西区东门旁,"127.494399,45.755246",15945976855,黑龙江省,哈尔滨市,宾县
天宇造型(宾西新越小区二区店),宾西镇本街二委新越小区区15号楼17号,"127.165475,45.753825",15104638889,黑龙江省,哈尔滨市,宾县
领航造型(建设西路店),建设西路与交通南路交叉口东20米,"127.483232,45.753966",15246631937,黑龙江省,哈尔滨市,宾县
雅丝美发(大地花园店),宾州镇大地花园新区六号楼,"127.486778,45.753625",15946399647,黑龙江省,哈尔滨市,宾县
老雅士理发,大千路西城食杂旁,"127.479349,45.756883",15146116617,黑龙江省,哈尔滨市,宾县
心悦美发,致富路与G221公路交叉口南160米,"127.161588,45.754960",13244584353,黑龙江省,哈尔滨市,宾县
创艺美发(宁延公路店),菜籽商店(宁延公路店)西北侧,"127.928407,45.730691",15545123600,黑龙江省,哈尔滨市,宾县
尚都烫染,宾州镇建设西路5门,"127.483176,45.754250",18304614466,黑龙江省,哈尔滨市,宾县
小涛精致生活造型(宾西新越四区店),宾西新越小区四区7栋,"127.166354,45.752336",[],黑龙江省,哈尔滨市,宾县
雯芳美容美发会馆,宾西新村9号楼,"127.166118,45.762193",[],黑龙江省,哈尔滨市,宾县
巅峰之秀发型设计,宾州南大街与建设西路交叉口西北40米,"127.488219,45.756523",[],黑龙江省,哈尔滨市,宾县
嘉丽美发(致富路店),致富路与学府路交叉口东北80米,"127.161338,45.754093",[],黑龙江省,哈尔滨市,宾县
剪约(沈氏大厦店),宾西镇沈氏大厦,"127.159875,45.751623",[],黑龙江省,哈尔滨市,宾县
晓娟发艺,宾西镇中心学校(同哈公路南),"127.161413,45.754375",[],黑龙江省,哈尔滨市,宾县
银尚造型(宾州西路店),迎宾尚城C区东北门旁,"127.467743,45.749102",[],黑龙江省,哈尔滨市,宾县
阳光美发工作室(969乡道店),969乡道与同哈公路交叉口北80米,"127.765501,45.845223",[],黑龙江省,哈尔滨市,宾县
海洋美发美发工作室,文化南路与建设东路交叉口东南20米,"127.497026,45.757921",15134538310,黑龙江省,哈尔滨市,宾县
明子造型,宾州镇宾县人防小区门口,"127.480582,45.759716",[],黑龙江省,哈尔滨市,宾县
小文造型,莱熏路与福盈北路交叉口东60米,"127.484901,45.756258",[],黑龙江省,哈尔滨市,宾县
潇洒发廊(文化南路店),文化路口文化综合楼,"127.495770,45.759665",13895818887,黑龙江省,哈尔滨市,宾县
名洋烫染吧(庙胡同综合大市场店),建设东路庙胡同综合大市场,"127.490191,45.757163",13836069073,黑龙江省,哈尔滨市,宾县
天乐烫染店,成双家园南区南1门东北90米,"127.476268,45.754325",[],黑龙江省,哈尔滨市,宾县
凯秀发艺,学府小区北门西150米,"127.161175,45.753589",[],黑龙江省,哈尔滨市,宾县
飞扬美发店,宾西镇新越一区二号楼三单元102室,"127.163102,45.755414",[],黑龙江省,哈尔滨市,宾县
潮龙发艺(博强家园店),博强家园西南门西90米,"127.448277,45.748531",15134534531,黑龙江省,哈尔滨市,宾县
阿龙发艺,胜利中学东南侧240米,"128.053899,45.801001",[],黑龙江省,哈尔滨市,宾县
名剪形象设计,同哈公路南50米,"128.053723,45.801444",15846113751;15846113754,黑龙江省,哈尔滨市,宾县
奈丝造型,G221公路北30米,"127.192791,45.751271",[],黑龙江省,哈尔滨市,宾县
郑士艳美容美发,宁延公路953乡,"127.926556,45.730943",[],黑龙江省,哈尔滨市,宾县
首艺发屋,胜利中学东南侧210米,"128.053423,45.800984",[],黑龙江省,哈尔滨市,宾县
曙光美发(盛景嘉居小区店),文靖路建设小区c栋,"127.494914,45.756013",13504814556,黑龙江省,哈尔滨市,宾县
昱丝恒美,莱熏路56号,"127.484574,45.756466",18946111076,黑龙江省,哈尔滨市,宾县
美格发型设计(天福嘉园店),天福嘉园,"127.478084,45.756566",[],黑龙江省,哈尔滨市,宾县
美咖造型,文靖南路与建设东路交叉口东南60米,"127.493634,45.756859",[],黑龙江省,哈尔滨市,宾县
今喜美业(融兴府邸店),新缘路与迎宾大道交叉口东南180米,"127.473762,45.745889",[],黑龙江省,哈尔滨市,宾县
名爵造型(齿轮厂家属楼店),哈尔滨西岗齿轮有限公司东南门东北60米,"127.471528,45.751850",17669784752,黑龙江省,哈尔滨市,宾县
毛豆造型,莱熏路(煤建胡同)81号毛豆造型,"127.485173,45.756280",15146429119,黑龙江省,哈尔滨市,宾县
发舞台发艺,东升街与兴宾大道交叉口东60米,"127.165903,45.763826",13644516221,黑龙江省,哈尔滨市,宾县
云顶美发沙龙店,宾县齿轮厂家属楼B栋,"127.470932,45.751372",17036735999,黑龙江省,哈尔滨市,宾县
溢香美发美容院,宾州南路24号中国移动旁,"127.489854,45.756388",[],黑龙江省,哈尔滨市,宾县
宾西镇莱米造型,致富路104号,"127.161367,45.754202",15900381227,黑龙江省,哈尔滨市,宾县
天姿美发(龙州住宅楼店),文庙胡同天姿理发店58号,"127.489864,45.758219",[],黑龙江省,哈尔滨市,宾县
梦想发型机构(大地花园店),宾州镇大地花园新区6号楼第一门,"127.486077,45.753449",18246974491,黑龙江省,哈尔滨市,宾县
未来美业,博强家园西南门西50米,"127.448699,45.748496",[],黑龙江省,哈尔滨市,宾县
艺名惊人(成双家园店),成双家园南区南1门东北200米,"127.477045,45.754720",[],黑龙江省,哈尔滨市,宾县
艺辰美业,宾州东大街与文化南路交叉口西南60米,"127.495409,45.759639",[],黑龙江省,哈尔滨市,宾县
娜娜美发,西泽路与城隍西路交叉口西北40米,"127.480725,45.759225",[],黑龙江省,哈尔滨市,宾县
超艺美发工作室,宾州镇宾县水保所楼下西,"127.470280,45.750426",[],黑龙江省,哈尔滨市,宾县
晓慧美发(宾县农业委员会西北),迎宾尚成B区5号楼门市2,"127.465095,45.748762",[],黑龙江省,哈尔滨市,宾县
便民理发(迎宾尚城C区店),宾州镇迎宾尚城C区三栋C-11,"127.467237,45.749440",[],黑龙江省,哈尔滨市,宾县
凹凸美容美发,宾西镇中心学校东南门旁,"127.163391,45.753602",17645001920,黑龙江省,哈尔滨市,宾县
炫尚发型设计,宾州西大街与吉瑞路交叉口东40米,"127.470295,45.750433",[],黑龙江省,哈尔滨市,宾县
东尼造型(宾州西路店),宾县第二小学校东南门东140米,"127.474981,45.753297",[],黑龙江省,哈尔滨市,宾县
东阁造型(成双家园店),成双家园南区南1门东北150米,"127.476735,45.754562",[],黑龙江省,哈尔滨市,宾县
维达造型,宾州南大街与秀峰路交叉口西南20米,"127.492063,45.751253",[],黑龙江省,哈尔滨市,宾县
金浪美发(华兴名苑店),东大街214号华兴名苑2号楼,"127.502765,45.762014",[],黑龙江省,哈尔滨市,宾县
天姿美容美发(胜利镇中心卫生院东北),胜利中学东南侧200米,"128.053420,45.801140",[],黑龙江省,哈尔滨市,宾县
如意美发(天福缘区店),宾州镇天福园新区D栋2单元,"127.467649,45.750601",[],黑龙江省,哈尔滨市,宾县
秀红发艺(天福嘉园店),天福嘉园,"127.477248,45.756182",[],黑龙江省,哈尔滨市,宾县
艳艳专业烫染,同哈公路南50米,"128.053508,45.801458",[],黑龙江省,哈尔滨市,宾县
红艳发艺,宾州东大街与兴牧路交叉口东20米,"127.495033,45.759585",[],黑龙江省,哈尔滨市,宾县
广美发艺(水保家园店),宾州镇水保新楼A1栋109号,"127.471724,45.750270",[],黑龙江省,哈尔滨市,宾县
东尼造型(致富路店),宾西镇老农业银行斜对面,"127.162031,45.756033",15045183852,黑龙江省,哈尔滨市,宾县
雯芳造型,宾西开发区农行对面,"127.161733,45.755321",13176523603,黑龙江省,哈尔滨市,宾县
鑫玉美发店,文靖南路与福义路交叉口东南40米,"127.494537,45.755419",13654620793,黑龙江省,哈尔滨市,宾县
豆豆多彩烫染(大地花园店),花卉路与庆丰路交叉口西南40米,"127.486741,45.753632",[],黑龙江省,哈尔滨市,宾县
诗合造型,建设小区西南2门西北140米,"127.493287,45.756923",16645151209,黑龙江省,哈尔滨市,宾县
北方理发馆,龙洲路与文靖北路交叉口西南20米,"127.492451,45.758136",[],黑龙江省,哈尔滨市,宾县
新叶子,财源街与兴宾大道交叉口东180米,"127.166781,45.757544",[],黑龙江省,哈尔滨市,宾县
金艺烫染(天福源小区店),宾州镇胜利街4委30组天福源小区,"127.481076,45.758794",[],黑龙江省,哈尔滨市,宾县
阿健造型,951乡道与954乡道交叉口东220米,"127.062951,45.911864",19990707890,黑龙江省,哈尔滨市,宾县
潇洒名派美发沙龙,胜利中学东南侧230米,"128.053954,45.801119",[],黑龙江省,哈尔滨市,宾县
艺剪钟情,糖坊村糖坊屯西南方向80米,"127.066655,45.912326",[],黑龙江省,哈尔滨市,宾县
李娜美容美发养生馆,致富路与兴工路交叉口南80米,"127.161038,45.750909",15246639678,黑龙江省,哈尔滨市,宾县
芳源美发(龙州住宅楼店),建设东路庙胡同综合大市场,"127.490175,45.757675",[],黑龙江省,哈尔滨市,宾县
发源地美容美发(博强家园店),博强家园西南门西80米,"127.448417,45.748539",[],黑龙江省,哈尔滨市,宾县
真美发艺,摆渡镇,"128.156924,45.907276",[],黑龙江省,哈尔滨市,宾县
彦胖理发,宾州镇仿古一条街,"127.491619,45.752491",[],黑龙江省,哈尔滨市,宾县
杨二理发店,交通路5号,"127.482268,45.754139",[],黑龙江省,哈尔滨市,宾县
伊雅发艺(助才学生公寓店),宾州镇华泰小区三单元,"127.504177,45.762206",[],黑龙江省,哈尔滨市,宾县
孙记理发店(南大街店),宾州镇盐业小区门洞旁,"127.490897,45.754486",[],黑龙江省,哈尔滨市,宾县
蓝梦美容美发(宾州东路店),宾州东大街与文化南路交叉口西南40米,"127.495380,45.759636",[],黑龙江省,哈尔滨市,宾县
元素美发美甲(迎宾尚城B区店),尚城二道街73号,"127.465420,45.748843",[],黑龙江省,哈尔滨市,宾县
大飞造型工作室,宾州西大街87号,"127.482899,45.757114",[],黑龙江省,哈尔滨市,宾县
文靖理发,宾县第三小学东门西北100米,"127.492590,45.758194",15945978050,黑龙江省,哈尔滨市,宾县
唯美发型设计工作室,宾州镇胜利街人防小区一号楼6号门,"127.480919,45.759460",[],黑龙江省,哈尔滨市,宾县
遵超造型(天福缘区店),天福缘新区南门东150米,"127.469286,45.750360",[],黑龙江省,哈尔滨市,宾县
华子发型设计连锁,学府路74号建设小区,"127.493654,45.756794",[],黑龙江省,哈尔滨市,宾县
领艺造型,宾县二中园丁小区门市东10门,"127.504653,45.762708",[],黑龙江省,哈尔滨市,宾县
雅美丝发屋,建设东路庙胡同C栋1楼9号门,"127.490375,45.757492",[],黑龙江省,哈尔滨市,宾县
天王美发厅,同哈公路南50米,"127.287253,45.764621",[],黑龙江省,哈尔滨市,宾县
阿姚理发,东方北路与风华路交叉口南60米,"127.506131,45.763893",[],黑龙江省,哈尔滨市,宾县
金环美发,文化小区北(宾州东路南),"127.495775,45.759631",[],黑龙江省,哈尔滨市,宾县
剪王100分烫染(刘宏实力店),文化南路6号(鑫融府快捷宾馆附近),"127.496228,45.759566",[],黑龙江省,哈尔滨市,宾县
黎美姿美业,建设西路55号附近,"127.486331,45.754619",18724629611,黑龙江省,哈尔滨市,宾县
天姿美发(光明路店),人防小区东北1门旁,"127.479982,45.759853",[],黑龙江省,哈尔滨市,宾县
小光发艺(鸿福世纪城店),宾州镇鸿福世纪城三号楼,"127.480124,45.761793",[],黑龙江省,哈尔滨市,宾县
首选美发烫染专门店,宾州镇仿古一条街一路顺羊汤馆南屋,"127.492020,45.752357",[],黑龙江省,哈尔滨市,宾县
丽人美发厅,居仁中心学校西门旁,"127.286864,45.764320",13945650843,黑龙江省,哈尔滨市,宾县
秀美理发(大千路店),乾禧家园北门东北70米,"127.475570,45.759913",[],黑龙江省,哈尔滨市,宾县
晓茹美发,红旗小区,"127.478010,45.752272",[],黑龙江省,哈尔滨市,宾县
发美发型设计(华兴名苑店),东大街214号华兴名苑,"127.503295,45.762207",[],黑龙江省,哈尔滨市,宾县
引尚发艺(人防小区店),西泽路与北城路交叉口东南60米,"127.480488,45.759622",[],黑龙江省,哈尔滨市,宾县
华丽理发(文靖小区店),宾县第三小学东南门东70米,"127.493109,45.757522",15145155749,黑龙江省,哈尔滨市,宾县
亿刺青纹身工作室,宾州西大街与吉福路交叉口西80米,"127.466417,45.749695",18846769286,黑龙江省,哈尔滨市,宾县
组合可心工作室,天福嘉园15号楼,"127.472576,45.755544",15245852179,黑龙江省,哈尔滨市,宾县
麦吉丽美肤工作室,迎宾尚城B区南1门东160米,"127.466406,45.749175",18845154882,黑龙江省,哈尔滨市,宾县
淇遇美甲工作室,天福家园6号楼西香坊,"127.475676,45.756268",15046006733;15776247773,黑龙江省,哈尔滨市,宾县
珊工作室,天福嘉园西北门西60米,"127.476049,45.756655",[],黑龙江省,哈尔滨市,宾县
王晶理容工作室(天福嘉园店),天福嘉园1号楼,"127.477647,45.756365",[],黑龙江省,哈尔滨市,宾县
红红美甲工作室(通达家园二期店),通达家园二期,"127.500593,45.761124",18846755025,黑龙江省,哈尔滨市,宾县
晓红理发(幸福家园店),幸福家园东北1门旁,"127.470490,45.753668",13104051006,黑龙江省,哈尔滨市,宾县
顶尖烫染(旗舰店),天顺街11号,"128.334327,45.455461",15084658382,黑龙江省,哈尔滨市,延寿县
引领造型遇见时尚立方,南吉盛路45号,"128.334193,45.452949",[],黑龙江省,哈尔滨市,延寿县
新古贝美容美发养生会馆(旗舰店),北吉盛路,"128.330139,45.455431",15585580234,黑龙江省,哈尔滨市,延寿县
阿莲美发(南吉盛路),南吉盛路74号,"128.335686,45.451453",[],黑龙江省,哈尔滨市,延寿县
壹间理发店,西同庆街267号,"128.320763,45.448231",18348601541,黑龙江省,哈尔滨市,延寿县
犰麒独领造型,南东风路,"128.338100,45.455185",13100951222,黑龙江省,哈尔滨市,延寿县
魅力造型(哈尔滨延寿县),西同庆街244号,"128.318542,45.447940",[],黑龙江省,哈尔滨市,延寿县
轩尚造型,天顺街38号,"128.334643,45.455180",[],黑龙江省,哈尔滨市,延寿县
鹏客造型(延寿店),南天顺路与文化胡同交叉口西北20米,"128.334545,45.455275",[],黑龙江省,哈尔滨市,延寿县
马岩美发,文化胡同与南天顺路交叉口东北20米,"128.334842,45.455250",[],黑龙江省,哈尔滨市,延寿县
一剪钟情美发店,延寿镇盛世花园1号楼22号门市,"128.312771,45.446964",18345496269,黑龙江省,哈尔滨市,延寿县
阿鑫造型,南天顺路112号,"128.336787,45.453234",15663665233,黑龙江省,哈尔滨市,延寿县
小辉2046美发沙龙(哈尔滨延寿县),延寿镇北城西路13号,"128.328062,45.451603",[],黑龙江省,哈尔滨市,延寿县
俏佳人发型会馆(西公安街店),西公安街与南城西路交叉口东北80米,"128.330900,45.451404",[],黑龙江省,哈尔滨市,延寿县
小E造型(延寿店),北吉盛路与新星胡同交叉口北20米,"128.330728,45.455520",[],黑龙江省,哈尔滨市,延寿县
晓娟发艺,北东风路与新民胡同交叉口东南60米,"128.334965,45.457438",[],黑龙江省,哈尔滨市,延寿县
曼妙时光(泓泰康城店),延寿镇西新华街10号泓泰康城,"128.334612,45.450787",13703667260,黑龙江省,哈尔滨市,延寿县
锦秀发都美发(锦秀丽都店),延寿镇西同庆街88号锦秀丽都9号楼2楼中门,"128.317397,45.447387",[],黑龙江省,哈尔滨市,延寿县
小野形象设计,同庆街125号,"128.328313,45.451867",18746389990,黑龙江省,哈尔滨市,延寿县
圣莉斯歌美容美业(爱建家园店),黑龙江省哈尔滨市延寿县爱建家园15号楼5号门市圣莉斯歌美容会员服务中心,"128.327754,45.454048",0451-53032226,黑龙江省,哈尔滨市,延寿县
世潮造型,东同庆街33-11,"128.333789,45.455482",18501216818,黑龙江省,哈尔滨市,延寿县
平价理发,西同庆街与朱家胡同交叉口西南40米,"128.325304,45.449888",[],黑龙江省,哈尔滨市,延寿县
顶剪造型美发,东风路与东公安街交叉口东120米,"128.339225,45.455275",13652027456,黑龙江省,哈尔滨市,延寿县
喜男优剪(泓泰康城店),鸿泰康城3号楼9号门市,"128.332875,45.450125",[],黑龙江省,哈尔滨市,延寿县
王子发型设计,南吉盛路63号,"128.334883,45.452535",13136640696,黑龙江省,哈尔滨市,延寿县
尚·世纪造型,西同庆街与南城西路交叉口西南60米,"128.328257,45.451616",[],黑龙江省,哈尔滨市,延寿县
剪约美发专业烫染(北吉盛路店),延寿县商场北100米到东,"128.330796,45.455421",18245154906,黑龙江省,哈尔滨市,延寿县
摩卡造型(西同庆街店),西同庆街与北城西路交叉口东北60米,"128.328956,45.452604",13199534456;15321032061,黑龙江省,哈尔滨市,延寿县
剪个头,延寿镇西城北路爱建家园4号楼3门市,"128.328453,45.454720",13078899345,黑龙江省,哈尔滨市,延寿县
李强发艺,南天顺路与文化胡同交叉口西北20米,"128.334590,45.455293",13796226399,黑龙江省,哈尔滨市,延寿县
吉吉造型(水韵紫城店),水韵紫城东北2门旁,"128.340437,45.453308",15084659557,黑龙江省,哈尔滨市,延寿县
爱尚美美发,盛世花园一号楼十七门市爱尚美美发,"128.312964,45.446868",15046730289,黑龙江省,哈尔滨市,延寿县
圣朝烫染吧,延寿镇天顺路8号,"128.334070,45.455461",13796729632,黑龙江省,哈尔滨市,延寿县
衡艺美发,嘉悦国际4期北门东120米,"128.311824,45.442672",15776413415,黑龙江省,哈尔滨市,延寿县
JULY七月理发馆,延寿镇南吉盛路17号,"128.333266,45.453601",18249714195;18345673682,黑龙江省,哈尔滨市,延寿县
恋尚美发,西新华街新华实验小学对面,"128.335397,45.451318",13936078518,黑龙江省,哈尔滨市,延寿县
松竹美发(南天顺路店),南天顺路与东公安街交叉口东南100米,"128.336591,45.453813",13503654850,黑龙江省,哈尔滨市,延寿县
名姿美发(生资住宅店),生资住宅西南门旁,"128.337326,45.453428",[],黑龙江省,哈尔滨市,延寿县
沙宣发艺(建行住宅楼店),建行住宅楼东北门旁,"128.327085,45.458180",13936049308,黑龙江省,哈尔滨市,延寿县
桐桐美甲美发(泓泰康城店),泓泰康城2栋商6服,"128.333729,45.450187",13936063544,黑龙江省,哈尔滨市,延寿县
小鹤美发工作室(红星小区北区店),延寿镇东红星街网通三号楼,"128.331282,45.458300",13634887887,黑龙江省,哈尔滨市,延寿县
海飞丝发艺,东风国际10栋1号商服,"128.343266,45.457857",[],黑龙江省,哈尔滨市,延寿县
长城发廊,南东风路老干部局楼下,"128.337141,45.455924",15546520667,黑龙江省,哈尔滨市,延寿县
未来美发沙龙,东同庆街36号,"128.333043,45.455346",18945634805,黑龙江省,哈尔滨市,延寿县
红唇美发形象设计(红星小区南区店),红星小区南区,"128.330046,45.456143",13144603777,黑龙江省,哈尔滨市,延寿县
美丝乐发艺(水韵紫城店),水韵紫城东北1门旁,"128.340179,45.453538",[],黑龙江省,哈尔滨市,延寿县
名匠发型设计(南天顺路店),南天顺街工会家属楼,"128.336669,45.453749",[],黑龙江省,哈尔滨市,延寿县
东光美发城,西同庆街与南城西路交叉口东北140米,"128.330105,45.452870",[],黑龙江省,哈尔滨市,延寿县
文竹美发,西同庆街与友谊胡同交叉口西60米,"128.323600,45.449574",[],黑龙江省,哈尔滨市,延寿县
1+1造型(东公安街店),东公安街与南吉盛路交叉口东北40米,"128.334060,45.453404",[],黑龙江省,哈尔滨市,延寿县
酷烫一族专业烫染店,西同庆街与南城西路交叉口西南40米,"128.328419,45.451719",15134528072,黑龙江省,哈尔滨市,延寿县
鑫潮时尚烫染机构,南天顺街52号,"128.334703,45.454808",13136685938,黑龙江省,哈尔滨市,延寿县
尚艺美发造型,延寿镇老客运站南走100米道东,"128.329844,45.451498",13633677477,黑龙江省,哈尔滨市,延寿县
首艺造型(东同庆街店),延寿镇东同庆街41号饮食服务楼下,"128.334342,45.455727",13936607265,黑龙江省,哈尔滨市,延寿县
城虹理发店,东公安街与南吉盛路交叉口东北40米,"128.333974,45.453399",13212805778,黑龙江省,哈尔滨市,延寿县
艳艳发廊,东南环路与延中公路交叉口西80米,"128.778726,45.506587",[],黑龙江省,哈尔滨市,延寿县
佳奕美发(小十字街店),东公安街2-1号小十字街百姓大药房道北教育局西,"128.333797,45.453342",18512171514;19244504454,黑龙江省,哈尔滨市,延寿县
清风美发,延寿镇明德胡同内计生委东厢房门市,"128.332908,45.450143",[],黑龙江省,哈尔滨市,延寿县
小乐美发,南城西路与西同庆街交叉口东南100米,"128.329240,45.451335",13101500909;15046669014,黑龙江省,哈尔滨市,延寿县
摩发师烫染精品(西同庆街店),西同庆街149号,"128.327693,45.451243",13804522668,黑龙江省,哈尔滨市,延寿县
美玲美发(东新华街),水韵紫城西北门东北50米,"128.339122,45.453620",[],黑龙江省,哈尔滨市,延寿县
古骑艺站美发店,南吉盛路67号,"128.334951,45.452428",13936084198,黑龙江省,哈尔滨市,延寿县
托尼造型(南天顺路店),南天顺路与文化胡同交叉口西南20米,"128.334603,45.454883",[],黑龙江省,哈尔滨市,延寿县
屹辰造型,南吉盛路与东公安街交叉口西北80米,"128.333122,45.453697",[],黑龙江省,哈尔滨市,延寿县
小平造型,东同庆街84号,"128.334453,45.455206",[],黑龙江省,哈尔滨市,延寿县
金子发艺店,老法院家属楼,"128.337310,45.453178",13936480053,黑龙江省,哈尔滨市,延寿县
名流美发创意空间(西同庆街店),延寿镇西同庆街财政局对面,"128.321672,45.448311",[],黑龙江省,哈尔滨市,延寿县
红宝石美发厅,延寿镇东风小学东侧东风国际10号楼商服3号门,"128.343360,45.457892",[],黑龙江省,哈尔滨市,延寿县
小才剪艺,同庆街217号,"128.322668,45.448506",15699662555,黑龙江省,哈尔滨市,延寿县
首选美发沙龙,南吉盛路与新华街交叉口西北60米,"128.335231,45.452125",[],黑龙江省,哈尔滨市,延寿县
宏波美发,东新华街160号,"128.339112,45.453933",[],黑龙江省,哈尔滨市,延寿县
小峰发艺Hair Salon,延寿镇西同庆街65号,"128.329798,45.452795",15546464702,黑龙江省,哈尔滨市,延寿县
小源美发(福都家园店),同庆街152号,"128.338139,45.459815",17346564456,黑龙江省,哈尔滨市,延寿县
晓茹美发,南天顺路与东公安街交叉口东南100米,"128.336648,45.453766",[],黑龙江省,哈尔滨市,延寿县
时尚名剪(中心大街店),中心大街与宾平公路交叉口东北100米,"128.143986,45.387991",[],黑龙江省,哈尔滨市,延寿县
审美造型,青川乡十字街东南第一门市,"128.111185,45.445738",19523268510,黑龙江省,哈尔滨市,延寿县
艺阁造型(东公安街店),东公安街与东风路交叉口东北140米,"128.339175,45.456528",[],黑龙江省,哈尔滨市,延寿县
时尚造型,延寿镇水韵紫城四期门市,"128.341550,45.453105",[],黑龙江省,哈尔滨市,延寿县
西唯造型,南天顺街7号,"128.334179,45.455513",13936607265,黑龙江省,哈尔滨市,延寿县
小美美甲美发,延中公路与庆中公路交叉口东南440米,"128.781473,45.503088",[],黑龙江省,哈尔滨市,延寿县
尚剪形象设计,财苑新居东北门旁,"128.332644,45.451855",[],黑龙江省,哈尔滨市,延寿县
小慧发艺(红星小区北区店),东红星街红星小区一号楼门市24号,"128.330510,45.457778",13766929876,黑龙江省,哈尔滨市,延寿县
姜明理发,延寿镇民和商务会馆对面,"128.336484,45.456699",13945028054,黑龙江省,哈尔滨市,延寿县
兰馨美发,兴盛路与光明大街交叉口东南240米,"128.715575,45.667275",18555136678,黑龙江省,哈尔滨市,延寿县
金珠美发工作室,延寿镇老客运站十字路口北走十五米路东,"128.328112,45.452623",13766974080,黑龙江省,哈尔滨市,延寿县
浪仔美发,泓泰康城西北门旁,"128.333075,45.449875",[],黑龙江省,哈尔滨市,延寿县
大众理发,水韵紫城东北3门旁,"128.341179,45.452719",[],黑龙江省,哈尔滨市,延寿县
红梅美发,环城路与南吉盛路交叉口西南140米,"128.336975,45.448925",[],黑龙江省,哈尔滨市,延寿县
小冰造型烫染专业店,北吉盛路与东城北路交叉口东南20米,"128.330391,45.455661",[],黑龙江省,哈尔滨市,延寿县
碧月美发,爱建家园东南1门东北120米,"128.329573,45.455381",[],黑龙江省,哈尔滨市,延寿县
小龙发型工作室,锦秀丽都,"128.319525,45.447825",[],黑龙江省,哈尔滨市,延寿县
发之屋,平安村村民委员会西侧80米,"128.155875,45.364025",[],黑龙江省,哈尔滨市,延寿县
理享烫染造型,延中公路30号,"128.330797,45.455159",[],黑龙江省,哈尔滨市,延寿县
金波美发,寿山乡政府西北侧160米,"128.446558,45.449017",[],黑龙江省,哈尔滨市,延寿县
俊言轩美发沙龙,延寿镇山河小区北楼3号门市,"128.337884,45.449367",[],黑龙江省,哈尔滨市,延寿县
王二理发,兴盛路与光明大街交叉口南120米,"128.714648,45.668324",[],黑龙江省,哈尔滨市,延寿县
张扬造型烫染工作室,南天顺路与东同庆街交叉口东南40米,"128.334048,45.455437",[],黑龙江省,哈尔滨市,延寿县
金卓美发(福山家园店),东同庆街154号福都家园,"128.338322,45.459744",[],黑龙江省,哈尔滨市,延寿县
名剪专业烫染,龙友汽车4S店西北侧180米,"128.323094,45.465245",[],黑龙江省,哈尔滨市,延寿县
新潮美发(延中公路店),延中公路北侧,"128.598170,45.599089",[],黑龙江省,哈尔滨市,延寿县
老七发廊,延中公路与庆中公路交叉口东北60米,"128.779963,45.507332",[],黑龙江省,哈尔滨市,延寿县
名杨美发,西同庆街与连庆胡同交叉口西80米,"128.329215,45.452872",[],黑龙江省,哈尔滨市,延寿县
金再来,生资住宅西南门西60米,"128.336742,45.453267",[],黑龙江省,哈尔滨市,延寿县
碧月美发,延寿镇北城西路爱建家园西南侧约50米,"128.325414,45.454141",[],黑龙江省,哈尔滨市,延寿县
赵家理发,小天使幼儿园对面,"128.335981,45.455753",[],黑龙江省,哈尔滨市,延寿县
燕子美发(爱建家园店),爱建家园15号楼,"128.327511,45.453881",[],黑龙江省,哈尔滨市,延寿县
金秀发廊,延寿镇盛世花园海都洗浴西30米,"128.314333,45.447787",[],黑龙江省,哈尔滨市,延寿县
丹丹发艺,东红星街与北天顺路交叉口东北80米,"128.331530,45.458455",[],黑龙江省,哈尔滨市,延寿县
鑫雷美发,东风路与东公安街交叉口西北100米,"128.337065,45.456435",[],黑龙江省,哈尔滨市,延寿县
金铭发艺,延寿镇人民银行家属楼南民河会馆对面,"128.336787,45.456444",[],黑龙江省,哈尔滨市,延寿县
随缘发艺(六团镇中心卫生院东北),203省道西50米,"128.493548,45.578688",[],黑龙江省,哈尔滨市,延寿县
金桂美发(网通小区店),延寿镇网通三号楼东1门,"128.331849,45.458675",[],黑龙江省,哈尔滨市,延寿县
超越剪业,郭二宝果蔬食品超市(加信镇政府西),"128.715228,45.666602",13904611419,黑龙江省,哈尔滨市,延寿县
丽枫发艺,加信镇人民政府西侧180米,"128.715223,45.666445",[],黑龙江省,哈尔滨市,延寿县
摩登发廊,财苑新居东北门旁,"128.332907,45.451628",[],黑龙江省,哈尔滨市,延寿县
松竹美发,东南环路与庆中公路交叉口东100米,"128.779652,45.507460",[],黑龙江省,哈尔滨市,延寿县
天虹发型设计汽车钥匙(公安局家属楼店),尚志大街310号,"127.981846,45.210557",15045199616;18145173066,黑龙江省,哈尔滨市,尚志市
巨豪美容美发会馆(二店),仕博府邸3栋1门市,"127.989587,45.213526",0451-53331717,黑龙江省,哈尔滨市,尚志市
梦廊美业(仕博府邸店),仕博府邸西北门东70米,"127.988541,45.213262",0451-55747222;0451-56761066,黑龙江省,哈尔滨市,尚志市
三毛造型(中央财富广场B座店),尚志市财富广场捷夫珠宝左侧,"127.968028,45.214507",18246578926,黑龙江省,哈尔滨市,尚志市
大洋理发店,尚志镇正和御景湾五号楼,"127.974631,45.215946",13796111511,黑龙江省,哈尔滨市,尚志市
奥派美业,新闻街35号,"127.965495,45.211909",13766947945,黑龙江省,哈尔滨市,尚志市
肖岩美发(哈尔滨尚志市),尚志镇新闻街25号,"127.965576,45.211873",0451-53356988,黑龙江省,哈尔滨市,尚志市
大军美发,尚志镇一曼路哈尔滨银行对面,"127.966579,45.214594",13104631909,黑龙江省,哈尔滨市,尚志市
丽锦美业(哈尔滨尚志市),邮政胡同与前进街交叉口东北20米,"127.969261,45.212832",15084645645;15146896668,黑龙江省,哈尔滨市,尚志市
燕莎美发,尚志镇尚志大街381号,"127.978727,45.211179",13796699670,黑龙江省,哈尔滨市,尚志市
亮艺造型(至尊店),新闻街64号,"127.964547,45.211641",13634500031,黑龙江省,哈尔滨市,尚志市
佳雨美发(国苑住宅新区店),希小东路与腾飞南一道街交叉口西南40米,"127.981071,45.212510",13763404368;13936555287,黑龙江省,哈尔滨市,尚志市
天赐发型设计,亚布力镇绥满公路天和手机卖场北,"128.610337,44.932057",18345495996,黑龙江省,哈尔滨市,尚志市
头版头条专业烫染(尚志大街店),东方花园一期北门东60米,"127.995004,45.209251",[],黑龙江省,哈尔滨市,尚志市
高氏嘉年华女子美容SPA会所(双桥时尚购物广场店),双桥广场8-9,"127.969646,45.216278",13069703678,黑龙江省,哈尔滨市,尚志市
森娜造型(富贵家园店),腾飞路283号,"127.978055,45.214129",15546679729,黑龙江省,哈尔滨市,尚志市
梦雅美发,新闻街37号,"127.965229,45.211899",[],黑龙江省,哈尔滨市,尚志市
臻美喜理美发沙龙会馆,腾飞大街199号,"127.981940,45.213792",13284619997,黑龙江省,哈尔滨市,尚志市
明川美容美发,[],"127.966502,45.215559",18646297800,黑龙江省,哈尔滨市,尚志市
主流美发,前进街建委3号楼86号,"127.963402,45.212624",15045197682,黑龙江省,哈尔滨市,尚志市
好来屋美发(市场街店),哈尚线东50米,"127.514849,45.276942",13796786006,黑龙江省,哈尔滨市,尚志市
文治造型生活馆(一分店),苏杭名都小区,"127.989272,45.215511",[],黑龙江省,哈尔滨市,尚志市
大磊发型设计,亚布力镇友谊小区,"128.614025,44.932095",15636181858,黑龙江省,哈尔滨市,尚志市
尚选美发,邮局家属楼东门南90米,"127.969095,45.212652",18946108308,黑龙江省,哈尔滨市,尚志市
阿刚发艺,大直街与和平路交叉口北180米,"128.609112,44.932322",15114522711,黑龙江省,哈尔滨市,尚志市
郎剪造型(逢春街店),亚布力林业局逢春街南商服4号,"128.621544,44.942819",18348633677,黑龙江省,哈尔滨市,尚志市
万千秀发,大直街与和平路交叉口东北180米,"128.609942,44.932164",13115304789,黑龙江省,哈尔滨市,尚志市
一剪美美发,帽儿山镇新兴街,"127.512540,45.276619",[],黑龙江省,哈尔滨市,尚志市
美乐发艺(海兰家园店),希小东路52号,"127.981256,45.213167",15546636987,黑龙江省,哈尔滨市,尚志市
西安美容美发中心,迎宾路与通乡路交叉口西60米,"128.386505,44.943070",[],黑龙江省,哈尔滨市,尚志市
婷婷美发,农业发展行西侧1门市婷婷美发,"127.983088,45.211177",[],黑龙江省,哈尔滨市,尚志市
天乐美发,新都明珠小区西门旁,"127.985944,45.212047",13796694122,黑龙江省,哈尔滨市,尚志市
木森造型,海兰家园,"127.981225,45.213025",[],黑龙江省,哈尔滨市,尚志市
心选择美发(九福丽城店),尚志镇九福丽城13号楼东1门市,"127.989551,45.218166",15046178335,黑龙江省,哈尔滨市,尚志市
大亮造型,尚志大街与步行街交叉口西80米,"127.966081,45.210977",15124666850,黑龙江省,哈尔滨市,尚志市
慕尚美业,铁通路与腾飞路交叉口南40米,"127.986946,45.212711",[],黑龙江省,哈尔滨市,尚志市
阿芳美容美发,庆阳镇阿芳美容美发,"128.799145,45.367397",15146468733,黑龙江省,哈尔滨市,尚志市
小海发型设计,长安路与平安胡同交叉口西60米,"128.396531,44.942168",[],黑龙江省,哈尔滨市,尚志市
巴黎欧莱雅美容美发中心,亚布力和平商厦后门,"128.610978,44.932218",15945306675,黑龙江省,哈尔滨市,尚志市
一剪美发屋(欧尚风景店),欧尚风景南3门旁,"127.953671,45.210916",[],黑龙江省,哈尔滨市,尚志市
大伟理发,北一道街大医院家属楼257号,"127.962021,45.215360",13100848872,黑龙江省,哈尔滨市,尚志市
Kz美发沙龙(欧尚风景店),尚志镇尚志大街871号,"127.952648,45.210905",[],黑龙江省,哈尔滨市,尚志市
鑫泽造型(正和御景湾北区店),正和御景湾北区,"127.974901,45.216098",[],黑龙江省,哈尔滨市,尚志市
顺路男士理发馆,清华苑门市219号,"127.966188,45.223928",18974821924,黑龙江省,哈尔滨市,尚志市
杰骏发型设计(学子家园店),尚志镇第五中学北门第12门市,"127.956435,45.228997",13074569327;18746451610,黑龙江省,哈尔滨市,尚志市
胜美发艺,绥满路69西北方向40米,"127.990746,45.211760",0451-59888567;15546079885,黑龙江省,哈尔滨市,尚志市
乔欣发型工作室(海兰家园店),希小西路海兰家园,"127.979309,45.213190",17276360062,黑龙江省,哈尔滨市,尚志市
领先国际美发沙龙,苇河林业局兴林路飞天楼,"128.396252,44.942164",15114525932,黑龙江省,哈尔滨市,尚志市
米琳美发(世纪富苑店),沿河委世纪富苑8号楼1层4号门市,"127.989457,45.215397",[],黑龙江省,哈尔滨市,尚志市
天赐发艺,北环路与二门诊路交叉口东60米,"128.391479,44.943685",[],黑龙江省,哈尔滨市,尚志市
妙丝美发,北一道街166号,"127.967078,45.215721",[],黑龙江省,哈尔滨市,尚志市
志鸿造型(正和玉龙湾店),正和玉龙湾西门旁,"127.976415,45.217422",[],黑龙江省,哈尔滨市,尚志市
魅丽坊美容美发养生会馆(中央财富广场B座店),中央财富广场B座,"127.968482,45.215009",15946380575;18746456130,黑龙江省,哈尔滨市,尚志市
剪夫子美发工作室(尚志市牡丹家园店),腾飞大街206号,"127.982053,45.213266",18510146123,黑龙江省,哈尔滨市,尚志市
秋香美发,尚志镇希望小学一号楼,"127.982449,45.211979",13503665584;15045199061,黑龙江省,哈尔滨市,尚志市
大众专业美发馆,尚志镇尚志县希小东路25号,"127.981435,45.212409",13504812126,黑龙江省,哈尔滨市,尚志市
真美美发纹饰专业店,新闻街33号二楼东户,"127.965296,45.211909",18646132078,黑龙江省,哈尔滨市,尚志市
你型我塑美容美发(尚志大街店),尚志大街871号,"127.952086,45.210902",15146891066,黑龙江省,哈尔滨市,尚志市
魅美发美甲形象店,腾飞富贵2号楼北一楼5号门市,"127.979162,45.214615",15663803195,黑龙江省,哈尔滨市,尚志市
郭阳美发,中心路,"128.381525,44.958375",18646647565,黑龙江省,哈尔滨市,尚志市
爱上美发,尚志镇朝中对面,"127.977885,45.211166",13244563211,黑龙江省,哈尔滨市,尚志市
小伟发艺(绥满公路店),美食一条街九丰家园四号楼一层4号门,"128.618775,44.930863",13089993789,黑龙江省,哈尔滨市,尚志市
尚创发型工作室,欧尚风景A区1号楼2号商铺,"127.957112,45.210768",13045157966,黑龙江省,哈尔滨市,尚志市
小二哥美发,向阳路与电业北街交叉口西20米,"127.969501,45.212659",13104016703,黑龙江省,哈尔滨市,尚志市
吉米发型工作室(欧尚风景店),尚志大街819号,"127.954743,45.210928",[],黑龙江省,哈尔滨市,尚志市
丝语美发,国苑住宅新区西门北100米,"127.979351,45.213060",[],黑龙江省,哈尔滨市,尚志市
木易男士理发馆(正和御景湾店),正和御景湾,"127.975126,45.216129",[],黑龙江省,哈尔滨市,尚志市
旺角美发(西城华苑店),西城华苑北1门旁,"127.954977,45.210354",[],黑龙江省,哈尔滨市,尚志市
筱雪美发,农发行北街与希小东路交叉口东40米,"127.981641,45.212008",15084643699,黑龙江省,哈尔滨市,尚志市
李丽发型设计,亚布力镇林政路生态1号楼,"128.614723,44.932649",15545973668;18945643166,黑龙江省,哈尔滨市,尚志市
晓莲发艺,尚志镇煤建胡同63号,"127.962978,45.209609",[],黑龙江省,哈尔滨市,尚志市
小杨美发,尚志镇赵和1号楼第7门市,"127.981894,45.211997",13936232178;18346252259,黑龙江省,哈尔滨市,尚志市
漫森美容美发,明礼路25号,"127.965115,45.211240",13030048651,黑龙江省,哈尔滨市,尚志市
小志发型工作室(尚志市泰和尚苑店),中央大街与新建路交叉口西80米,"127.959464,45.213257",13234655331,黑龙江省,哈尔滨市,尚志市
超美美容美发,苇河林业局大市场对面九号超美美容美发,"128.395854,44.941705",[],黑龙江省,哈尔滨市,尚志市
首艺造型(东一条路店),电力花园小区西门北70米,"127.972207,45.213208",15045643241,黑龙江省,哈尔滨市,尚志市
尚志市一木造型,一曼路117号,"127.966035,45.220036",18246861987,黑龙江省,哈尔滨市,尚志市
名剪美发,[],"127.968947,45.211731",15590895858,黑龙江省,哈尔滨市,尚志市
丽涛造型(世纪富苑店),腾飞大街与水源路交叉口西北60米,"127.989343,45.214219",[],黑龙江省,哈尔滨市,尚志市
豪瑞发艺工作室,解放路209号,"127.973760,45.225093",13194512276,黑龙江省,哈尔滨市,尚志市
东方卓雅美发沙龙(哈尔滨尚志市),东大直街气象楼250号,"127.984000,45.210405",15663424486,黑龙江省,哈尔滨市,尚志市
大春美发造型店,尚志镇一曼路70号,"127.966405,45.216342",[],黑龙江省,哈尔滨市,尚志市
辰艺美发,清华园东北1门东南60米,"127.966258,45.223484",[],黑龙江省,哈尔滨市,尚志市
剪艺人生美发(新闻街店),新闻街40号,"127.965414,45.211637",15146100196,黑龙江省,哈尔滨市,尚志市
丹凤理发,尚志镇新建路体育场门市,"127.959064,45.218399",[],黑龙江省,哈尔滨市,尚志市
春发道,尚志大街409号门市,"127.977479,45.210975",13115305585,黑龙江省,哈尔滨市,尚志市
新潮发廊,尚志镇前进街(上海滩洗浴斜对面),"127.964442,45.212849",13115504393,黑龙江省,哈尔滨市,尚志市
彩颜发艺,苇河镇中心路街里高层楼下,"128.383511,44.957077",[],黑龙江省,哈尔滨市,尚志市
环宇美发,一曼路财富公寓25号,"127.967086,45.215498",[],黑龙江省,哈尔滨市,尚志市
领越造型,尚志市新闻街42号,"127.965372,45.211647",17018877775,黑龙江省,哈尔滨市,尚志市
王晶美发美甲工作室,尚志镇站前路13号王晶美甲,"127.963051,45.209812",17645185964,黑龙江省,哈尔滨市,尚志市
创艺美发(哈尔滨尚志市新闻街),新闻街与市场路交叉口东40米,"127.968489,45.211911",15546632880,黑龙江省,哈尔滨市,尚志市
尚艺造型(世纪富苑店),世纪富苑16-7号,"127.988643,45.215090",13115610555,黑龙江省,哈尔滨市,尚志市
伊丽烫染专业店,大直街国税局楼下,"128.608925,44.930375",13684609969;18246448555,黑龙江省,哈尔滨市,尚志市
卓越美发,一曼街北五道街糖酒楼下,"127.965432,45.220378",13100847452,黑龙江省,哈尔滨市,尚志市
百分百发型设计室(一曼路店),北五道街与尚志路交叉口西南50米,"127.965598,45.219235",13115504053,黑龙江省,哈尔滨市,尚志市
飘一族(幸福家园店),尚志镇幸福家园4号楼,"127.982730,45.214210",18646566307,黑龙江省,哈尔滨市,尚志市
名颖美容美发(城市绿景小区店),药材路城市绿景小区20号门市,"127.971634,45.216137",13845033739,黑龙江省,哈尔滨市,尚志市
爱尚美美发,一曼路与北二道街交叉口东南40米,"127.966784,45.216237",18246813537,黑龙江省,哈尔滨市,尚志市
同美美发纹身,苇河林业局安欣家园四单元,"128.398575,44.941925",13684551051,黑龙江省,哈尔滨市,尚志市
娟娟美发(美食街店),亚布力镇九丰花园2号楼小高层,"128.619672,44.931721",[],黑龙江省,哈尔滨市,尚志市
艺尚美发造型室(绿波小区店),尚志路绿波小区,"127.955992,45.230511",13796738173,黑龙江省,哈尔滨市,尚志市
可岩美发,学府小区东门旁,"127.965608,45.226078",13684551905,黑龙江省,哈尔滨市,尚志市
美达发型设计(幸福家园店),腾飞路幸福小区3号楼8门市,"127.981759,45.214293",15846061196,黑龙江省,哈尔滨市,尚志市
欣雨美发工作室,亚布力镇联友家电对面,"128.613207,44.931155",15145037123,黑龙江省,哈尔滨市,尚志市
星尚造型(北一道街店),尚志镇财富广场2号楼门市现代网吧对面,"127.968360,45.215383",15545470366,黑龙江省,哈尔滨市,尚志市
温雅时尚烫染,亚布力镇大直街天源洗浴对面附近,"128.609117,44.932138",15045350386,黑龙江省,哈尔滨市,尚志市
神美美发造型,明礼路与尚志大街交叉口西北20米,"127.964827,45.210976",15246609139,黑龙江省,哈尔滨市,尚志市
秀客美发专业烫染店,一曼路与中央大街交叉口西北60米,"127.966621,45.214470",[],黑龙江省,哈尔滨市,尚志市
丽缘发艺(尚志站铁园小区店),尚志镇铁园小区(铁路货物处对过),"127.960033,45.208779",15146464180,黑龙江省,哈尔滨市,尚志市
英英美发(宝兴购物广场店),尚志镇宝兴幸福8号楼六门市,"127.983008,45.214968",[],黑龙江省,哈尔滨市,尚志市
名宇美发店,尚志市运输公司楼13号门市,"127.965724,45.210956",15663755465,黑龙江省,哈尔滨市,尚志市
金贵人美发沙龙(幸福家园店),尚志镇美食一条街幸福家园3号楼东1,"127.982408,45.214213",[],黑龙江省,哈尔滨市,尚志市
鹏智美发,尚志市尚志大街299号,"127.982030,45.211189",18445129597,黑龙江省,哈尔滨市,尚志市
设想烫染·造型店,新建路10号正西方向130米尚志市泰和·尚苑9栋,"127.958911,45.213181",18145687628,黑龙江省,哈尔滨市,尚志市
美乐精典造型,中央大街253号,"127.963332,45.213674",13936553759,黑龙江省,哈尔滨市,尚志市
陈希英美发,尚志镇电力宾馆对面,"127.971482,45.210518",15845035676,黑龙江省,哈尔滨市,尚志市
寄红美发(亨达小区店),亨达小区西北门旁,"127.965075,45.216669",18346255342,黑龙江省,哈尔滨市,尚志市
哈佛美烫,亚布力镇和平商厦后街,"128.610870,44.932063",15604616103,黑龙江省,哈尔滨市,尚志市
平哥发型工作室,尚志大街城建局小区,"127.978565,45.211181",13936069240,黑龙江省,哈尔滨市,尚志市
艺念美容美发(世纪富苑店),世纪富苑16号楼,"127.987921,45.214693",13936200718,黑龙江省,哈尔滨市,尚志市
金苹果发艺(康安小区店),康安小区东南门旁,"127.968932,45.216788",[],黑龙江省,哈尔滨市,尚志市
张雨镇中美容美发,中通快递(尚志黑龙宫镇营业部)北侧80米,"127.900549,45.433507",[],黑龙江省,哈尔滨市,尚志市
秀萍理发店,老街基乡康盛家园4单元,"127.972264,44.973746",18346250838,黑龙江省,哈尔滨市,尚志市
奇异恩典深圳美业(腾飞商厦店),腾飞南一道街与环保路交叉口东100米,"127.984295,45.212344",[],黑龙江省,哈尔滨市,尚志市
阿敏发型工作室,尚五路与木工路交叉口西南180米,"127.965731,45.204497",[],黑龙江省,哈尔滨市,尚志市
亨特造型发艺,尚志镇明礼路41号,"127.965110,45.211959",15146100982,黑龙江省,哈尔滨市,尚志市
伟伟发型设计(林兴小区店),亚布力林业局林兴小区9号楼林兴路26号,"128.622986,44.944038",15045354277,黑龙江省,哈尔滨市,尚志市
名模美发(牡丹家园店),希小东路与腾飞南一道街交叉口东北20米,"127.981464,45.212916",0451-53337878,黑龙江省,哈尔滨市,尚志市
誉宏美容美发,前进街65号,"127.964306,45.212801",[],黑龙江省,哈尔滨市,尚志市
如意美发(药材路),尚志镇康安小区二区,"127.969928,45.217439",[],黑龙江省,哈尔滨市,尚志市
领先潮流港生美发(福悦小区店),福悦小区,"128.381041,44.957281",13845062014,黑龙江省,哈尔滨市,尚志市
海玲美发,林政路与通乡路交叉口西南180米,"128.612826,44.932085",18746451330,黑龙江省,哈尔滨市,尚志市
晓慧美发驿站(友谊小区店),亚布力镇友谊小区,"128.614110,44.931870",[],黑龙江省,哈尔滨市,尚志市
名姿美发(尚志大街店),尚志大街131号,"127.992465,45.210151",[],黑龙江省,哈尔滨市,尚志市
施美美发,如意路与兴林路交叉口东南80米,"128.390447,44.940626",[],黑龙江省,哈尔滨市,尚志市
剪约美发工作室(学子家园店),学子家园东门北100米,"127.957423,45.228448",15945097340,黑龙江省,哈尔滨市,尚志市
彦先生理发馆,尚志镇站前路鸡手王对面,"127.963009,45.210493",[],黑龙江省,哈尔滨市,尚志市
美华发艺(明礼路店),明礼路与尚志大街交叉口南40米,"127.965097,45.210338",[],黑龙江省,哈尔滨市,尚志市
遇见美发会所,苇河林业局飞天楼三单元,"128.396905,44.942208",15146100520,黑龙江省,哈尔滨市,尚志市
宝贝美发工作室,木工路与尚五路交叉口东南20米,"127.967249,45.205633",[],黑龙江省,哈尔滨市,尚志市
慧萱发艺,煤建胡同与尚五路交叉口西100米,"127.966797,45.210013",15945095764,黑龙江省,哈尔滨市,尚志市
美仑美幻美发设计(富煜家园店),富煜家园西南门旁,"127.947021,45.210832",[],黑龙江省,哈尔滨市,尚志市
吉美发型设计室(世纪富苑店),腾飞大街与水源路交叉口北120米,"127.989316,45.214924",15246606480,黑龙江省,哈尔滨市,尚志市
朗格美发(西城华苑店),西城华苑北1门西60米,"127.954525,45.210340",[],黑龙江省,哈尔滨市,尚志市
剪爱造型(解放路),宝兴果菜批发广场外门市36号,"127.983730,45.215337",15846739593,黑龙江省,哈尔滨市,尚志市
凯越名剪,尚志大街建委楼4号楼门市123号,"127.992666,45.210189",[],黑龙江省,哈尔滨市,尚志市
张欢沙宣专业美发,[],"128.070796,45.062563",[],黑龙江省,哈尔滨市,尚志市
优剪美发店,新闻街与明礼路交叉口东40米,"127.965405,45.211654",[],黑龙江省,哈尔滨市,尚志市
西子美发(仕博府邸店),尚志镇世博府邸5号楼2单门市,"127.989261,45.212792",18646566288,黑龙江省,哈尔滨市,尚志市
唯美Hair Salon,亚布力林业局林茂小区5号楼二单元一楼唯美美发,"128.622383,44.941395",18746695885,黑龙江省,哈尔滨市,尚志市
兴吉造型(育才小区1期店),一曼路与北环街交叉口西北40米,"127.965257,45.221127",15045351569,黑龙江省,哈尔滨市,尚志市
欣欣发屋(世纪华苑店),尚志镇世纪花苑4号楼五门,"127.990104,45.213640",15146109929,黑龙江省,哈尔滨市,尚志市
美宣造型(烫染形象店),亚布力镇工商街美宣造型,"128.612193,44.929915",18345724691,黑龙江省,哈尔滨市,尚志市
小龙发艺空间(世纪富苑店),尚志镇世纪富苑6号楼,"127.990501,45.214870",15124666557,黑龙江省,哈尔滨市,尚志市
美白美发店,亮河镇市场,"128.768885,45.163420",[],黑龙江省,哈尔滨市,尚志市
北美美发美容院,一面坡铁道北林场家属楼斜对过,"128.078538,45.069176",[],黑龙江省,哈尔滨市,尚志市
鑫燕美发,苇河镇人民政府南侧,"128.383755,44.956007",[],黑龙江省,哈尔滨市,尚志市
今喜造型(前进街店),尚志市步行街中行那条街西50米,"127.965548,45.212858",17745629118,黑龙江省,哈尔滨市,尚志市
名阁美业(新世纪双桥广场2区店),新世纪双桥广场2区东北门西60米,"127.970928,45.214495",[],黑龙江省,哈尔滨市,尚志市
尚丝美发,中心路与北一道街交叉口西40米,"127.968304,45.216330",[],黑龙江省,哈尔滨市,尚志市
顺心意美发,尚志镇仁义委希望小学综合楼一层商服南数4门,"127.981075,45.211675",15561570939,黑龙江省,哈尔滨市,尚志市
梦幻发型设计(西城华苑店),尚志镇西城华苑3号楼,"127.954762,45.210341",15663763789,黑龙江省,哈尔滨市,尚志市
享理造型,北环街一门市,"127.965099,45.220739",17545133198,黑龙江省,哈尔滨市,尚志市
顶艺·美发工作室,中央大街尚志小学旁边,"127.962553,45.213512",[],黑龙江省,哈尔滨市,尚志市
银河美发(福悦小区店),苇河镇福悦小区大医院对面,"128.382364,44.956650",[],黑龙江省,哈尔滨市,尚志市
聚星美业美发沙龙,林政路与和平路交叉口西南60米,"128.614916,44.930159",[],黑龙江省,哈尔滨市,尚志市
秀丽美发,尚五路与木工路交叉口西40米,"127.966722,45.205699",[],黑龙江省,哈尔滨市,尚志市
巷往美发工作室,林政路与和平路交叉口西北180米,"128.613288,44.931730",[],黑龙江省,哈尔滨市,尚志市
美约造型(北一道街店),北一道街与中心路交叉口西20米,"127.968468,45.216369",[],黑龙江省,哈尔滨市,尚志市
魅莎发艺,苇河林业局阳光家园24号门市,"128.385194,44.941478",[],黑龙江省,哈尔滨市,尚志市
温馨发型,庆阳镇,"128.797291,45.367775",13945640928,黑龙江省,哈尔滨市,尚志市
恩尚造型(中心路店),中心路与正阳路交叉口东南500米,"128.383769,44.956823",[],黑龙江省,哈尔滨市,尚志市
凤坤名妍美发,尚开公路与通达路交叉口西200米,"128.279318,45.258963",[],黑龙江省,哈尔滨市,尚志市
佳丽美发,泰和尚苑八号楼15门市,"127.957738,45.213012",13159802413,黑龙江省,哈尔滨市,尚志市
名城造型(友谊家园店),友谊家园西南门东70米,"127.981021,45.213857",[],黑龙江省,哈尔滨市,尚志市
鸿臣美发(友谊家园店),希小东路与腾飞大街交叉口北160米,"127.981596,45.215078",[],黑龙江省,哈尔滨市,尚志市
云香美容美发,中心路与正阳路交叉口南200米,"128.381590,44.959292",[],黑龙江省,哈尔滨市,尚志市
博雅美发(亿发小区店),亿发小区,"128.609159,44.932819",[],黑龙江省,哈尔滨市,尚志市
添源发艺店,北环街,"127.958729,45.218194",13654519011,黑龙江省,哈尔滨市,尚志市
宾坡理发店,尚志大街378号,"127.975899,45.210653",[],黑龙江省,哈尔滨市,尚志市
迪烫染沙龙,新闻路12号,"127.969080,45.211709",15146464778,黑龙江省,哈尔滨市,尚志市
小伟发艺,林铁路与西直路交叉口东60米,"128.384249,44.941324",18246448453,黑龙江省,哈尔滨市,尚志市
丽丽美发(欧尚风景店),欧尚风景南1门旁,"127.956245,45.210954",13039996588,黑龙江省,哈尔滨市,尚志市
米琪美发工作室,苇河林业局世纪嘉园二号楼2号门市,"128.398486,44.942947",15146255790,黑龙江省,哈尔滨市,尚志市
天赐发型工作室,煤建胡同120号,"127.963096,45.209693",[],黑龙江省,哈尔滨市,尚志市
海亿美发,友谊家园北区北1门旁,"127.980381,45.215170",[],黑龙江省,哈尔滨市,尚志市
白天鹅发廊,明礼路与新闻胡同交叉口东北20米,"127.965097,45.212087",[],黑龙江省,哈尔滨市,尚志市
剪帅发艺(水木清华小区店),北环街与一曼路交叉口东340米,"127.969390,45.222392",15776324491,黑龙江省,哈尔滨市,尚志市
首选造型馆,尚志市北一道街177号,"127.965435,45.215847",17382774678,黑龙江省,哈尔滨市,尚志市
创美发艺,站前路与煤建胡同交叉口西20米,"127.962622,45.209761",[],黑龙江省,哈尔滨市,尚志市
祥晨理发店,林政路与美食街交叉口南120米,"128.615387,44.929575",[],黑龙江省,哈尔滨市,尚志市
千艺发型,黑龙省亮河镇,"128.770018,45.161915",13664514855,黑龙江省,哈尔滨市,尚志市
洪艳发艺,北环街与新建路交叉口东140米,"127.961098,45.218921",18745799971,黑龙江省,哈尔滨市,尚志市
海棠美发(城开园小区店),尚志大街380号,"127.974769,45.210681",15663433615,黑龙江省,哈尔滨市,尚志市
东燕美发(地税小区店),地税小区合作路西1门旁,"127.983087,45.211341",[],黑龙江省,哈尔滨市,尚志市
丽丝发艺,合作路与小东路交叉口东40米,"127.981775,45.211778",[],黑龙江省,哈尔滨市,尚志市
俊贤发型设计,尚志镇尚五路宝泰骨伤医院西南,"127.966476,45.205403",15146462746,黑龙江省,哈尔滨市,尚志市
汐妍美容养生工作室,尚志镇铁通公路22号门市,"127.987663,45.212036",18348622995,黑龙江省,哈尔滨市,尚志市
兰兰美甲美睫工作室(世纪富苑店),世纪富苑16号楼1号门市,"127.988899,45.215150",15546102190;15645136599,黑龙江省,哈尔滨市,尚志市
艾婷美容工作室(世纪富苑店),世纪富苑16栋6门市,"127.988524,45.215106",18946164977,黑龙江省,哈尔滨市,尚志市
晓菲美业工作室,希小西路22号,"127.979031,45.213503",18646141606,黑龙江省,哈尔滨市,尚志市
意匠刺青工作室,尚志镇向阳北胡同新世纪双桥广场,"127.971197,45.213988",16778091234;18945050771,黑龙江省,哈尔滨市,尚志市
艺丞美睫工作室,[],"127.981901,45.211996",15045191929,黑龙江省,哈尔滨市,尚志市
美熙澜国际美容美体工作室,农发行北街环保楼家属楼北楼,"127.981611,45.211773",15946388841,黑龙江省,哈尔滨市,尚志市
甲如是你美甲美睫工作室,太平委外贸楼南楼东厢房仓储南数三门,"127.982949,45.211451",15846068773,黑龙江省,哈尔滨市,尚志市
领航造型(工农街店),供电鸿府南门西南130米,"126.318220,45.366559",18745688886,黑龙江省,哈尔滨市,双城区
帝王美业(北街店),北三道街世纪现代城楼下26-31号1-2层,"126.313704,45.369873",0451-53282333;18246827999;18345026887,黑龙江省,哈尔滨市,双城区
都市一族美发会馆(文昌大街店),文昌大街247号,"126.322573,45.369171",15246687655,黑龙江省,哈尔滨市,双城区
鑫威剪业(鑫马电业家园店),双城市街道管委会体育场鑫马电业家园10号,"126.320606,45.371887",[],黑龙江省,哈尔滨市,双城区
大海美发(腾达家园店),文昌大街腾达家园C栋1层9号商铺,"126.315617,45.368636",18904806232,黑龙江省,哈尔滨市,双城区
都市一族美发专业烫染店,民宗局小区11号商服,"126.313538,45.379782",[],黑龙江省,哈尔滨市,双城区
佳和男士理发馆,[],"126.327431,45.367111",13263617220,黑龙江省,哈尔滨市,双城区
屿她专业造型(浩宁新城B区店),浩宁B区1栋19号,"126.322219,45.388933",13603633324,黑龙江省,哈尔滨市,双城区
与时未来美发沙龙(中粮锦云世家店),中粮锦云世家北门,"126.326675,45.366875",15545255316,黑龙江省,哈尔滨市,双城区
超凡剪业,同仁医院东北门旁,"126.315791,45.363696",17745147779,黑龙江省,哈尔滨市,双城区
聚美发艺(解放路店),解放路世纪现代城正门对面聚美发艺15年老店,"126.315771,45.368677",13613652647,黑龙江省,哈尔滨市,双城区
金迪美容美发(福瑞家园北区店),福瑞家园北区东南1门旁,"126.308587,45.390336",13234962673,黑龙江省,哈尔滨市,双城区
迪美发沙龙(民乐家园店),民乐家园佰富优鲜旁边,"126.330773,45.383322",15045039647,黑龙江省,哈尔滨市,双城区
品鑫美业(凤凰城店),迎宾路22号凤凰城,"126.302546,45.387579",0451-53183727,黑龙江省,哈尔滨市,双城区
鼎豪美业专业烫染店(金阳大厦店),双城镇景观大道庆客隆对面金马大鞋城楼下,"126.318196,45.369012",18246633237,黑龙江省,哈尔滨市,双城区
GS造型工作室吉斯戴欧,金元一品小区金色港湾J21号商服,"126.317640,45.375067",18645949494,黑龙江省,哈尔滨市,双城区
待金续理发店,利民小区西南门旁,"126.299565,45.388206",[],黑龙江省,哈尔滨市,双城区
然格美发沙龙,文昌大街建委综合楼5号门市然格美发沙龙,"126.317315,45.368013",13100912817,黑龙江省,哈尔滨市,双城区
满满美发全息艾灸馆,福泰嘉园北门旁,"126.320936,45.367330",[],黑龙江省,哈尔滨市,双城区
左颜右色专业造型,腾达家园c栋一层一号商服,"126.315959,45.368779",13936335643,黑龙江省,哈尔滨市,双城区
小宇秀发艺传奇(世纪现代城店),世纪现代城北门东80米,"126.315534,45.370728",0451-51739990;13766933884,黑龙江省,哈尔滨市,双城区
阿君造型(迎宾路店),迎宾路162号牧校三号楼阿君造型,"126.299871,45.386902",15124677774,黑龙江省,哈尔滨市,双城区
剪爱专业烫染(和平大街店),[],"126.316688,45.362300",13674512066,黑龙江省,哈尔滨市,双城区
晓庆美发,正皇旗二期168号商服,"126.323347,45.365977",13644517563,黑龙江省,哈尔滨市,双城区
欧巴巴美容美发,富余路与丰收路交叉口东北40米,"126.309917,45.371851",15545333550,黑龙江省,哈尔滨市,双城区
沐丝造型,文明街企业总公司综合楼2号门市,"126.309569,45.374099",15636328226;18945660422,黑龙江省,哈尔滨市,双城区
名剪发型设计(刘洋),北三道街龙华商住小区一号楼9号商服名剪,"126.313744,45.370227",13694628785,黑龙江省,哈尔滨市,双城区
慕西造型,迎宾路与凤凰路交叉口南100米,"126.300986,45.385572",15945108368,黑龙江省,哈尔滨市,双城区
赵源美发工作室(世纪现代城店),世纪现代城西北门东60米,"126.315377,45.370673",15114534499,黑龙江省,哈尔滨市,双城区
创想造型,丽景人家二期401栋1层11号商服,"126.320110,45.388393",13104009915,黑龙江省,哈尔滨市,双城区
金剪刀美发(文昌大街店),街道管委会文昌大街大修厂对过,"126.321821,45.368611",13895824766,黑龙江省,哈尔滨市,双城区
慕名美发,承旭街道云城楼13号商服,"126.327265,45.370254",13945128064,黑龙江省,哈尔滨市,双城区
小街美发(民宗局住宅小区店),新兴路1号正南方向140米,"126.315520,45.380157",13796177676,黑龙江省,哈尔滨市,双城区
阳光美发,双城镇开发区道口鑫晟家园,"126.356864,45.378553",15545455581,黑龙江省,哈尔滨市,双城区
久度美发,客运站东交通4号楼6号商服,"126.311345,45.381611",15134631511,黑龙江省,哈尔滨市,双城区
酷我剪吧理发店,兆麟中学家属楼南侧70米,"126.351435,45.376762",18246633757,黑龙江省,哈尔滨市,双城区
春玉美发店,凤凰路园丁名苑C栋,"126.306179,45.389353",15145180933,黑龙江省,哈尔滨市,双城区
爱尚美发,景观名苑小区多层三号楼9号门市,"126.314784,45.370801",15846167819,黑龙江省,哈尔滨市,双城区
远途发艺(审计家园店),双城市街道管委会市北街审计家属楼下(如家宾馆斜对面),"126.315040,45.378294",[],黑龙江省,哈尔滨市,双城区
爱尚美发工作室(文静路店),周家十字街西,"126.662381,45.460494",13936022285,黑龙江省,哈尔滨市,双城区
炫丽美发,福瑞家园南门西50米,"126.307249,45.390038",18104502227,黑龙江省,哈尔滨市,双城区
亮剪专业烫染店,亮剪烫染店,"126.197638,45.215488",15046745002,黑龙江省,哈尔滨市,双城区
宏玉美发品质店(世纪现代城店),双城区世纪现代城4号楼商服1层5号,"126.314567,45.370423",13674516811,黑龙江省,哈尔滨市,双城区
雨辉乐剪美发店,双城市街道管委会东环城丽景人家201栋1单元65号车库,"126.318147,45.387696",13614507020,黑龙江省,哈尔滨市,双城区
南希美发店,名门盛景南门旁,"126.310409,45.367600",15546072977,黑龙江省,哈尔滨市,双城区
陆昊造型空间,龙华小区1栋11号商服,"126.313788,45.370260",[],黑龙江省,哈尔滨市,双城区
明星发艺(盛世家园店),盛世家园东北1门旁,"126.294716,45.392150",[],黑龙江省,哈尔滨市,双城区
星·主张Star高端发型定制(世纪现代城店),世纪现代城1栋28号门市,"126.315094,45.368860",13766880509,黑龙江省,哈尔滨市,双城区
这是一家美发店,北二道街东200米,"126.315469,45.368638",[],黑龙江省,哈尔滨市,双城区
剪客理发店,迎宾路与凤凰路交叉口东南120米,"126.301036,45.385510",[],黑龙江省,哈尔滨市,双城区
小鱼美业(景观名苑店),花园大街39号,"126.316794,45.371829",[],黑龙江省,哈尔滨市,双城区
冠美发艺(世纪现代城店),简政胡同与优革胡同交叉口南140米,"126.314963,45.370534",[],黑龙江省,哈尔滨市,双城区
姿颜阁美发店,园丁名苑南区西北门旁,"126.305674,45.388846",[],黑龙江省,哈尔滨市,双城区
臻美·设计,文昌大街建委综合楼商服27号臻美设计,"126.318517,45.368195",18348546784,黑龙江省,哈尔滨市,双城区
金顶美发工作室(东南阳光一区店),东南阳光一区,"126.323947,45.366558",15846034192,黑龙江省,哈尔滨市,双城区
东方名剪(花园大街店),双城镇花园大街143号建设银行对面,"126.312100,45.370612",[],黑龙江省,哈尔滨市,双城区
发迹美业,兴旺路与新华街交叉口东南60米,"126.320597,45.371830",[],黑龙江省,哈尔滨市,双城区
睿鑫美发沙龙(学府水岸店),民运胡同33号学府水岸,"126.326675,45.365275",[],黑龙江省,哈尔滨市,双城区
红太阳美容美发纹刺会馆,义乌路与裕民街交叉口北260米,"126.669586,45.461590",15846121776,黑龙江省,哈尔滨市,双城区
莎莎美发(东街店),双城市街道管委会东街农机家属楼下,"126.324121,45.369513",[],黑龙江省,哈尔滨市,双城区
超一美容美发店,北四道街物探队33号门市,"126.312766,45.371273",13199488688,黑龙江省,哈尔滨市,双城区
尚剪美发店,世纪现代城4号楼,"126.314081,45.370063",[],黑龙江省,哈尔滨市,双城区
名洋烫染,钱江路南50米,"126.507748,45.512232",13703688521,黑龙江省,哈尔滨市,双城区
冬歌美业,北环城东路与兴旺路交叉口西60米,"126.316035,45.378599",13603621750,黑龙江省,哈尔滨市,双城区
天助发艺,工农街与和平大街交叉口东60米,"126.315671,45.365722",[],黑龙江省,哈尔滨市,双城区
雨沙美业(物探队820小区店),物勘队小区西南门西北70米,"126.311424,45.371836",18724654455,黑龙江省,哈尔滨市,双城区
感觉造型(金园一品店),金园一品南门东90米,"126.318640,45.374576",15303663393,黑龙江省,哈尔滨市,双城区
森景造型,腾达大街地税局综合楼一层30号,"126.305385,45.384357",13503680250,黑龙江省,哈尔滨市,双城区
剪域造型(聚缘里店),堡旭大道与纵三路交叉口西60米,"126.338595,45.385779",15146040323,黑龙江省,哈尔滨市,双城区
剪约造型(解放街店),世纪现代城南门旁,"126.315373,45.368914",[],黑龙江省,哈尔滨市,双城区
耀火美发,奋斗街牧校家属楼3号楼一层南3号商服,"126.300215,45.386454",[],黑龙江省,哈尔滨市,双城区
晨虹发艺(利民小区店),迎宾路162号,"126.299598,45.388203",[],黑龙江省,哈尔滨市,双城区
教那美发(园丁名苑北区店),园丁名苑北区东南门旁,"126.305686,45.389109",15846108388,黑龙江省,哈尔滨市,双城区
阿齐形象设计,双城市街道管委会东门云城家属楼二号商铺,"126.327498,45.370225",[],黑龙江省,哈尔滨市,双城区
尚初造型,花园大街与粮食胡同交叉口南60米,"126.309780,45.373793",[],黑龙江省,哈尔滨市,双城区
小华美发店,双城镇农委楼14号帝豪西侧,"126.310622,45.386499",[],黑龙江省,哈尔滨市,双城区
王潮发艺小涛品质店,世纪现代城北门旁,"126.314803,45.370444",13149613732;15134637054,黑龙江省,哈尔滨市,双城区
嫦凤理烫发,繁荣大街25号,"126.669130,45.461519",13674697345,黑龙江省,哈尔滨市,双城区
海龙发艺,双城区文昌大街178号,"126.320936,45.368424",18846781982,黑龙江省,哈尔滨市,双城区
简发美业,文昌大街与永乐胡同交叉口东北80米,"126.322106,45.369091",[],黑龙江省,哈尔滨市,双城区
小光造型(世纪现代城店),北二道街环保局综合楼13号商服,"126.315137,45.368533",13633672972,黑龙江省,哈尔滨市,双城区
漂亮宝贝美发沙龙(保利新城店),466乡道北100米,"126.390842,45.545236",[],黑龙江省,哈尔滨市,双城区
老登时尚剪吧,双城区疾病预防控制中心西南门旁,"126.308832,45.387525",15776361984,黑龙江省,哈尔滨市,双城区
秀阁轻奢设计,迎宾路与凤凰路交叉口西北120米,"126.299562,45.387262",[],黑龙江省,哈尔滨市,双城区
领秀美业(花园大街店),龙华商住小区商服一栋一层4号,"126.313577,45.370166",13796119654,黑龙江省,哈尔滨市,双城区
沙宣美业(先进街店),生资小区西北门东80米,"126.310174,45.367119",15764515007,黑龙江省,哈尔滨市,双城区
名门美业(东南阳光安居品质小区店),安居品质小区15栋6号门市,"126.317873,45.364700",13104050495,黑龙江省,哈尔滨市,双城区
三千丝发艺,腾达街发达路农委家属楼,"126.309877,45.386356",[],黑龙江省,哈尔滨市,双城区
美迪专业烫染中心,五家镇道北大队楼,"126.388568,45.544273",[],黑龙江省,哈尔滨市,双城区
秀之阁美发,民富街学府水岸3期,"126.318004,45.364414",15045471387,黑龙江省,哈尔滨市,双城区
梓竹美发,东南阳光二期13栋1层11号商服梓竹美发,"126.318800,45.364986",[],黑龙江省,哈尔滨市,双城区
红一族美发沙龙,和平大街与永太胡同交叉口南80米,"126.316337,45.362797",15246648808,黑龙江省,哈尔滨市,双城区
出发点理发店,凤凰路南50米附近,"126.304675,45.388636",[],黑龙江省,哈尔滨市,双城区
发来美发(盛世家园店),盛世家园东北1门东南70米,"126.294874,45.391944",13904661400,黑龙江省,哈尔滨市,双城区
郭祥美发,政府家属楼东侧,"125.986373,45.556561",[],黑龙江省,哈尔滨市,双城区
大方发廊(承旭小区店),承旭小区北门旁,"126.328166,45.369461",0451-53979761,黑龙江省,哈尔滨市,双城区
宏亮美发,文昌大街321号,"126.324851,45.369568",[],黑龙江省,哈尔滨市,双城区
创意发屋(世纪现代城店),双城镇北二道街世纪现代城二楼门市,"126.316279,45.369124",15046743772,黑龙江省,哈尔滨市,双城区
铭发航专业烫染造型,保利新城西南门东南180米,"126.390622,45.544524",15504625383,黑龙江省,哈尔滨市,双城区
万方发艺,腾达大街工商局综合楼,"126.305812,45.385122",13945116752,黑龙江省,哈尔滨市,双城区
洪岩美业(丰润家园店),丰润家园东南门东80米,"126.314287,45.371824",13654665844,黑龙江省,哈尔滨市,双城区
小贝发艺,民安大街与光明路交叉口西南100米,"126.314960,45.374094",[],黑龙江省,哈尔滨市,双城区
首选造型,承旭街道东南阳光2期16栋1层6号门市,"126.319004,45.366800",[],黑龙江省,哈尔滨市,双城区
引力时空发馆,新华街奥运新城南门体育场商服1层三号,"126.318593,45.372318",15114534364,黑龙江省,哈尔滨市,双城区
尚理美发美甲纹绣(腾达家园店),承旭街道腾达家园c栋1层14号商服,"126.315315,45.368635",18945089291,黑龙江省,哈尔滨市,双城区
商服潮牌美发(民安嘉园店),市街道管委会民安家园门市G2栋1层35号,"126.316213,45.372982",15046799087,黑龙江省,哈尔滨市,双城区
阿东造型(哈尔滨双城区),双城镇鑫马教育一层,"126.318929,45.369947",13694625442,黑龙江省,哈尔滨市,双城区
喆品造型,文昌大街357号,"126.315199,45.370736",13936543699,黑龙江省,哈尔滨市,双城区
钻资美发店,丽景家园,"126.320222,45.388250",[],黑龙江省,哈尔滨市,双城区
北遇造型,花园大街教委综合楼楼下底商,"126.309889,45.373457",18346112762,黑龙江省,哈尔滨市,双城区
匠人美发,新华书店6号门市,"126.312163,45.381213",13074577937,黑龙江省,哈尔滨市,双城区
薇美美发烫染,工农街与和平大街交叉口东60米,"126.315611,45.365702",[],黑龙江省,哈尔滨市,双城区
希来造型,世纪现代城南门西190米,"126.314275,45.368425",18724650092,黑龙江省,哈尔滨市,双城区
潮前发艺,文昌大街与民乐胡同交叉口西80米,"126.320332,45.368295",[],黑龙江省,哈尔滨市,双城区
木浦鑫造型(民安嘉园店),双城镇景观大道民安家园43号商幅北国春火锅隔壁,"126.316432,45.372586",15124677264,黑龙江省,哈尔滨市,双城区
怡瑞美发,福泰嘉园北门西60米,"126.320720,45.367378",19289765594,黑龙江省,哈尔滨市,双城区
卓品发艺(世纪现代城店),新华街世纪现代城4号楼19号商服,"126.314104,45.370081",18724498486;18845043363,黑龙江省,哈尔滨市,双城区
慕酷美发,双城区民乐小区民乐广场B5-8,"126.320543,45.381835",18348515292,黑龙江省,哈尔滨市,双城区
锴淇发艺,和平大街与永太胡同交叉口南40米,"126.316219,45.363113",[],黑龙江省,哈尔滨市,双城区
郝明美发工作室,新兴路与发达路交叉口西80米,"126.311042,45.381492",[],黑龙江省,哈尔滨市,双城区
唯剪美发店,园丁名苑南区西北门西南90米,"126.304920,45.388386",[],黑龙江省,哈尔滨市,双城区
畅然美发(世纪现代城店),世纪现代城9栋,"126.315660,45.370751",13604504515,黑龙江省,哈尔滨市,双城区
安朵发艺,团结大街与自然胡同交叉口西南160米,"126.305913,45.363576",[],黑龙江省,哈尔滨市,双城区
如墨美发(景泰嘉园店),景泰嘉园西北门东80米,"126.308970,45.390171",18945081133,黑龙江省,哈尔滨市,双城区
聖焱美业,金融花园18号门市,"126.310650,45.371825",15244739933,黑龙江省,哈尔滨市,双城区
红艳美发,世纪现代城北门旁,"126.314803,45.370444",15045849877,黑龙江省,哈尔滨市,双城区
李博发艺,真理路学府水岸一期c5号门市,"126.326252,45.366241",15124565556,黑龙江省,哈尔滨市,双城区
孟娇美发工作室,希勤满族乡卫生院西北门旁,"126.073370,45.300411",[],黑龙江省,哈尔滨市,双城区
格调美发会所,文昌大街与长虹胡同交叉口西140米,"126.323263,45.369361",18246090860,黑龙江省,哈尔滨市,双城区
后来美发店,凯旋城,"126.305418,45.391882",15945032417,黑龙江省,哈尔滨市,双城区
双城剪品美业店,奋斗街福瑞家园三期6栋1层号商铺,"126.308750,45.390309",13766863550,黑龙江省,哈尔滨市,双城区
哈尔滨市双城区小四美发店,民乐小区A12号楼1单元1层4号,"126.317435,45.381510",15776371940,黑龙江省,哈尔滨市,双城区
小娴美业(百悦城店),优干胡同24号金街百悦城F1层,"126.315835,45.375129",[],黑龙江省,哈尔滨市,双城区
赫莎造型美发美甲美睫Hair salon,九0四综合楼五号商服,"126.309208,45.376593",18104507733,黑龙江省,哈尔滨市,双城区
艺凡美发店,利民小区西南门旁,"126.299317,45.388454",13101501301,黑龙江省,哈尔滨市,双城区
梅美鑫美发(世纪现代城店),北三道街世纪现代城11号楼30门市,"126.315189,45.370607",13633688720,黑龙江省,哈尔滨市,双城区
娜美发艺,迎宾路140号附近,"126.300715,45.382703",18346580369;18724498498,黑龙江省,哈尔滨市,双城区
匠心独运美发,凤凰城西南门东南60米,"126.302032,45.385653",15945151123,黑龙江省,哈尔滨市,双城区
尚格发型设计,兴旺路与新兴路交叉口东南40米,"126.314809,45.382079",15846367990,黑龙江省,哈尔滨市,双城区
理享造型,丽景家园,"126.319705,45.387892",18145582453,黑龙江省,哈尔滨市,双城区
美述美发沙龙(民乐D区店),承旭路与新兴路交叉口南220米,"126.320028,45.382063",[],黑龙江省,哈尔滨市,双城区
红榜美发(名门盛景店),名门盛景南门旁,"126.310536,45.367634",18345769093,黑龙江省,哈尔滨市,双城区
文果美发店,车站街龙门大厦A栋23号,"126.295478,45.395851",15561592577,黑龙江省,哈尔滨市,双城区
缘梦美发,育才路,"126.665984,45.460942",18246415977,黑龙江省,哈尔滨市,双城区
森梵美业,和平大街50号,"126.315982,45.363616",18746198182,黑龙江省,哈尔滨市,双城区
昕黛美发店,双城区老年大学西南门旁,"126.316809,45.363071",15045848289,黑龙江省,哈尔滨市,双城区
果海剪业(鑫马电业家园店),鑫马电业家园西2门旁,"126.321054,45.372377",15245708060,黑龙江省,哈尔滨市,双城区
选择时尚形象设计,花园大街211号,"126.312047,45.370763",13089983669,黑龙江省,哈尔滨市,双城区
梦都美发,双城镇东街云城楼,"126.327481,45.370254",13136659194,黑龙江省,哈尔滨市,双城区
夏茉美发,东街云城家属楼15号门市,"126.327011,45.370026",15244739831,黑龙江省,哈尔滨市,双城区
梵画美业,钻机厂综合楼1层10号,"126.310334,45.373600",[],黑龙江省,哈尔滨市,双城区
明霞美发专业染烫(北环城东路店),双城镇北门双大对面建委5号楼,"126.311561,45.377262",18846928751,黑龙江省,哈尔滨市,双城区
丝念美发沙龙(新城区转盘道税务局住宅综合楼店),转盘道东走100米到南丝念美发,"126.305016,45.384250",[],黑龙江省,哈尔滨市,双城区
钰都理发(世纪现代城店),世纪现代城东北2门旁,"126.316124,45.370935",[],黑龙江省,哈尔滨市,双城区
坤坤发艺(承旭小区店),运输胡同与工农街交叉口东南20米,"126.327508,45.369242",13945656064,黑龙江省,哈尔滨市,双城区
红日美发(团结大街),双城区人民医院胡同与光彩路交叉口正南方向65m左右,"126.318675,45.364225",15244731900,黑龙江省,哈尔滨市,双城区
蒙蒙美发店,景观名苑东南门旁,"126.316859,45.371245",[],黑龙江省,哈尔滨市,双城区
标榜美发店,奋斗街电业局3号楼1层28号商服,"126.307038,45.380176",18249750521,黑龙江省,哈尔滨市,双城区
爱业美发店,交通街与健康路交叉口西60米,"126.312354,45.365066",15045845416,黑龙江省,哈尔滨市,双城区
美之雅美容美发,恒盛新天地东南1门旁,"126.305388,45.375282",15244629677,黑龙江省,哈尔滨市,双城区
靓点美发,金园一品东门北130米,"126.318615,45.375762",[],黑龙江省,哈尔滨市,双城区
悦桐造型(东南阳光二区店),东南阳光二区西北3门东50米,"126.320060,45.367079",15124677995,黑龙江省,哈尔滨市,双城区
飞扬烫染品质店,同仁医院东北门旁,"126.315745,45.363732",[],黑龙江省,哈尔滨市,双城区
卓平理发店,外贸综合楼东南侧50米,"126.304013,45.383000",13614507302,黑龙江省,哈尔滨市,双城区
发道美发工作室(世纪现代城店),世纪现代城4栋,"126.314310,45.370188",[],黑龙江省,哈尔滨市,双城区
华慕丝美发(景观名苑店),景观名苑多层1号楼5号商服,"126.316301,45.372349",[],黑龙江省,哈尔滨市,双城区
雅芝美发,双城镇交通1号楼门市,"126.331307,45.370322",[],黑龙江省,哈尔滨市,双城区
奇丝妙剪造型设计,东南阳光二区西北3门东60米,"126.320149,45.367103",[],黑龙江省,哈尔滨市,双城区
首品美发店(发达路店),天富名苑西南门旁,"126.306151,45.391808",[],黑龙江省,哈尔滨市,双城区
神美发艺,团结大街319号,"126.301246,45.362341",15245706864,黑龙江省,哈尔滨市,双城区
纤靓发之美(发达路店),发达路与腾达大街交叉口北140米,"126.309086,45.387151",[],黑龙江省,哈尔滨市,双城区
阿龙造型,周家镇中国农业银行,"126.666519,45.460979",[],黑龙江省,哈尔滨市,双城区
英樱美发,双城临江乡民强村,"125.985718,45.556315",[],黑龙江省,哈尔滨市,双城区
青春美发工作室(鑫舜名人府店),鑫舜名人府西门北50米,"126.388784,45.542577",18246635707,黑龙江省,哈尔滨市,双城区
心尚造型,文昌大街与东环城北路交叉口西40米,"126.328714,45.370548",[],黑龙江省,哈尔滨市,双城区
指绣美业,世纪现代城东门西南70米,"126.316720,45.369233",13204618882,黑龙江省,哈尔滨市,双城区
妙设美发店,财富名苑东南侧120米,"126.304789,45.384743",13604502384,黑龙江省,哈尔滨市,双城区
波源发艺店,兴旺路民宗局住宅小区42号,"126.315418,45.380455",[],黑龙江省,哈尔滨市,双城区
韩佰理发店,财富名苑东南侧120米,"126.305055,45.384878",13263502212,黑龙江省,哈尔滨市,双城区
剪约剪烫染造型(钱江路店),钱江路与双益路交叉口西280米,"126.509316,45.512819",13936322403,黑龙江省,哈尔滨市,双城区
俊梅发艺(福瑞家园店),福瑞家园南区南门旁,"126.307852,45.389844",[],黑龙江省,哈尔滨市,双城区
维美专业烫染,义乌路与裕民街交叉口北260米,"126.669313,45.461544",13845022236;15846121776,黑龙江省,哈尔滨市,双城区
花姐美发(生资小区店),生资小区西北门东70米,"126.310056,45.367083",17519524511,黑龙江省,哈尔滨市,双城区
木子美发工作室(民乐家园店),双城区中医医院北侧100米,"126.331028,45.383440",[],黑龙江省,哈尔滨市,双城区
出人头地男士理发馆,文昌大街157号,"126.316638,45.371161",[],黑龙江省,哈尔滨市,双城区
阿宏美发工作室(世纪现代城店),世纪现代城5号楼-13号门市,"126.316388,45.369149",15326627164;18249036676,黑龙江省,哈尔滨市,双城区
唯美造型,黑龙江工商学院(哈南校区)第八公寓2号门右手边,"126.611825,45.520475",18845571212,黑龙江省,哈尔滨市,双城区
MAKEhair做个头发,枫桥郡,"126.329275,45.381875",[],黑龙江省,哈尔滨市,双城区
小彬造型工作室,水利小区,"126.325475,45.369475",[],黑龙江省,哈尔滨市,双城区
日韩都市一族美发会馆(双城市龙华街环保局店),世纪现代城,"126.314558,45.368685",13351008529,黑龙江省,哈尔滨市,双城区
Mr.张男士理发馆,景观大道鸿源小区阳光宾馆附近,"126.314359,45.375863",13104606655,黑龙江省,哈尔滨市,双城区
领鑫时尚造型,龙升小区B座B栋一层10号商服,"126.310956,45.382972",15663657889,黑龙江省,哈尔滨市,双城区
旭婷美发,东旭美术西南门旁,"126.316780,45.363064",[],黑龙江省,哈尔滨市,双城区
沐熙美业,钱江路与兴安路交叉口西80米,"126.516925,45.513925",[],黑龙江省,哈尔滨市,双城区
辰艾美发店,新兴路与发达路交叉口西100米,"126.310952,45.381483",13384615530,黑龙江省,哈尔滨市,双城区
你型我塑(Y005店),艳秋副食品超市东侧,"125.963961,45.392961",18348515171,黑龙江省,哈尔滨市,双城区
十一美发美容,世纪现代城,"126.317027,45.369686",[],黑龙江省,哈尔滨市,双城区
晓倩美业(双城区粮食局家属楼店),街道管委会南二道街信合银行东侧,"126.316606,45.366360",[],黑龙江省,哈尔滨市,双城区
祖儿美发,丹妙小芳诊所有限公司内科诊所西侧,"126.301104,45.382839",[],黑龙江省,哈尔滨市,双城区
米君美发,东南阳光二区西门西北60米,"126.318010,45.365985",[],黑龙江省,哈尔滨市,双城区
大萌美甲工作室,伯爵公馆正门对面(枫桥郡25栋外-9商服),"126.329457,45.382071",18846426286,黑龙江省,哈尔滨市,双城区
爱美工作室(世纪现代城店),-北二道街世纪现代城5号楼负一层5号商服,"126.316147,45.369087",18345753605,黑龙江省,哈尔滨市,双城区
喜奈美甲工作室,恒盛新天地院里C2-29号,"126.302392,45.376902",13313618851,黑龙江省,哈尔滨市,双城区
娇颜美容美体工作室,新兴路2号,"126.318225,45.387775",[],黑龙江省,哈尔滨市,双城区
琪玉美甲工作室,承旭路与腾达大街交叉口东200米,"126.318524,45.387808",15045842400,黑龙江省,哈尔滨市,双城区
陶悦美甲美睫工作室,永治街道畜牧局1号楼A栋1层西1号,"126.312902,45.377665",18103636481,黑龙江省,哈尔滨市,双城区
Mr.张男士理发馆,洗涤剂家属楼西侧140米,"126.305392,45.384347",[],黑龙江省,哈尔滨市,双城区
精艺求精专业美容美发沙龙(新疆大街店),新祥里街1号(新疆大街地铁站1号口步行150米),"126.630707,45.605731",0451-86516606;13904818189,黑龙江省,哈尔滨市,平房区
MEGA时尚潮男设计(红旗茂店),红旗茂商场负一层MEGA时尚潮男设计,"126.628467,45.605326",17614262003,黑龙江省,哈尔滨市,平房区
你好漂亮美发沙龙,建文街29号,"126.634632,45.601568",15046780766,黑龙江省,哈尔滨市,平房区
俊朗形象设计(绿色新城西区店),平盛街道建安头道街副2-3号,"126.659310,45.582945",18814516684,黑龙江省,哈尔滨市,平房区
名门润秀美发工作室,新祥里街15号(新疆大街地铁站1号口步行230米),"126.630305,45.606393",17390616905,黑龙江省,哈尔滨市,平房区
惟尚美业(秀水名苑一期店),哈南十五路04号,"126.645518,45.581888",18345072218,黑龙江省,哈尔滨市,平房区
金孔雀靓发会馆,东升街5-6号,"126.674233,45.590308",0451-87375098;13624601913;13936560900,黑龙江省,哈尔滨市,平房区
理念时代(No·001店),建文街95号,"126.626676,45.601182",13091886364,黑龙江省,哈尔滨市,平房区
朋克造型,新友街与新月街交叉口东南60米,"126.626868,45.605271",15546450939,黑龙江省,哈尔滨市,平房区
晓威发艺(新月街),新疆街道新月街1309楼,"126.630232,45.608313",15845116800,黑龙江省,哈尔滨市,平房区
唯艺造型,建安小区东区北门西60米,"126.656180,45.586988",13394600550,黑龙江省,哈尔滨市,平房区
银座发型连锁机构(顺达商厦店),新疆大街75号顺达商厦F1层,"126.632741,45.606698",15845116068,黑龙江省,哈尔滨市,平房区
小雯造型,新疆街道新月街1303楼,"126.628750,45.607457",[],黑龙江省,哈尔滨市,平房区
国良造型,新祥里街61号楼,"126.629634,45.606529",18246555009,黑龙江省,哈尔滨市,平房区
美莎莲美业(平房店),兴建家园B区二期750号楼4号商服2层,"126.644058,45.602821",0451-86519069,黑龙江省,哈尔滨市,平房区
艾格护肤造型(建平小区店),青年街804楼9-5号,"126.640448,45.601828",18246115382;18346163700,黑龙江省,哈尔滨市,平房区
沐森造型美发沙龙,新友街07楼,"126.627159,45.605362",13100808463,黑龙江省,哈尔滨市,平房区
大鹏发艺(兴建小区会宾家园店),建文街723楼,"126.646414,45.604805",18345368113,黑龙江省,哈尔滨市,平房区
人美专业烫染沙龙,东升家园622楼商服文化宫左侧,"126.673668,45.589655",13845186485,黑龙江省,哈尔滨市,平房区
托尼的福,友协街345栋1层8单元099号,"126.635114,45.602911",15776252909,黑龙江省,哈尔滨市,平房区
佳美美发(新疆三道街店),阿哩汪汪112号楼,"126.622330,45.607117",[],黑龙江省,哈尔滨市,平房区
彩丝造型(绿色新城东区店),绿色新城东区23栋1层建安头道街副21-28号,"126.659853,45.580831",15104505203,黑龙江省,哈尔滨市,平房区
小司美发会所(建平小区店),青年街18-5号,"126.640083,45.602481",0451-86550877,黑龙江省,哈尔滨市,平房区
发织秀Hair news美发沙龙,友协大街69-1,"126.631191,45.608019",[],黑龙江省,哈尔滨市,平房区
壹号美发沙龙,友协大街副178号,"126.631936,45.606653",16601054111,黑龙江省,哈尔滨市,平房区
顶尖造型(秀水名苑一期店),秀水名苑1期6号楼3单元,"126.642174,45.582104",15590885508,黑龙江省,哈尔滨市,平房区
视点发型设计,友协大街与新祥里街交叉口西200米,"126.629446,45.607212",19969600229,黑龙江省,哈尔滨市,平房区
韩文造型,保国大街23-8,"126.669519,45.588191",15045667897,黑龙江省,哈尔滨市,平房区
晓峰造型,新祥里街9号(新疆大街地铁站1号口步行190米),"126.630504,45.606065",0451-87105878,黑龙江省,哈尔滨市,平房区
慕冉美业假发定制,哈南十五路012号,"126.645591,45.582138",18004516601,黑龙江省,哈尔滨市,平房区
首领缪斯造型(平房店),友协大街与新疆大街交叉口西北100米,"126.632024,45.606496",0451-86535639,黑龙江省,哈尔滨市,平房区
独品造型专业烫染(卫健街店),卫健街与新国街交叉口南60米,"126.669684,45.586830",15246800046,黑龙江省,哈尔滨市,平房区
阿峰造型(东升街店),东升街12-5号,"126.674275,45.590325",0451-87107467,黑龙江省,哈尔滨市,平房区
神圣烫染沙龙,新月街28-36号,"126.629287,45.607395",[],黑龙江省,哈尔滨市,平房区
阿君理容中心(兴建小区会宾家园店),兴建小区会宾家园722号楼,"126.645923,45.604621",[],黑龙江省,哈尔滨市,平房区
慧慧美发设计室(宏博家园店),宏博家园6号楼9门,"126.640339,45.615079",15945199669,黑龙江省,哈尔滨市,平房区
超然美发(花园小区店),友协大街43-5正西方向170米花园小区406栋,"126.635704,45.600576",[],黑龙江省,哈尔滨市,平房区
顶上美发,哈南十五路016号门市,"126.645636,45.582076",15146294595,黑龙江省,哈尔滨市,平房区
名流烫染(友协东三道街店),友协东三道街262楼,"126.639233,45.604503",[],黑龙江省,哈尔滨市,平房区
花想容烫染形象会馆(青年街店),青年街4号,"126.641356,45.599778",13804604446,黑龙江省,哈尔滨市,平房区
瞧好男士理发馆,新祥里街8-1号61号楼7单元1楼2门(住宅),"126.629985,45.606371",16646570619,黑龙江省,哈尔滨市,平房区
心动造型(兴建小区会宾家园店),会宾路16号兴建小区会宾家园730楼1单元101,"126.648510,45.604270",13039978498,黑龙江省,哈尔滨市,平房区
湖北美发工作室,新月街与友协大街交叉口西140米,"126.629457,45.608046",[],黑龙江省,哈尔滨市,平房区
雅琳发艺(建文小区店),建文小区4号楼,"126.625605,45.601888",15246805162,黑龙江省,哈尔滨市,平房区
Y&M品牌美发沙龙(北厂店),友协大街67-5号,"126.632383,45.607208",13274619181,黑龙江省,哈尔滨市,平房区
理享造型,建文街724楼2-11号门市理享造型,"126.647354,45.605109",18746166614,黑龙江省,哈尔滨市,平房区
纳蓝形象设计(秀水名苑一期店),哈南十五路秀水名苑一期12号楼一单元,"126.644211,45.582646",18245111575,黑龙江省,哈尔滨市,平房区
伊可Hair Salon(绿色新城·嘉苑店),绿色新城1栋3单元102室,"126.660154,45.579799",17614509975,黑龙江省,哈尔滨市,平房区
阿昌发型设计室(新建小区店),通宾街6-14号,"126.645509,45.601055",15945772633,黑龙江省,哈尔滨市,平房区
元素美发沙龙(哈尔滨红旗·Mall购物中心店),新月街与新友街交叉口东180米,"126.628453,45.606481",15545956117,黑龙江省,哈尔滨市,平房区
发现造型(友谊家园店),新疆大街135号友谊家园,"126.626627,45.604781",15561549552,黑龙江省,哈尔滨市,平房区
M+美发沙龙(万达华府E区店),平房区开发区哈南九路与南第十大道东北侧e4栋商服单元一层17号,"126.617876,45.572385",17036689876,黑龙江省,哈尔滨市,平房区
禧欢理美发沙龙,新国街18号18-5-5号,"126.662555,45.585674",18745191857,黑龙江省,哈尔滨市,平房区
大鹏发型设计工作室,新疆大街709楼179-3,"126.622577,45.602859",17703664344,黑龙江省,哈尔滨市,平房区
魅力人生美发,保利明月时光17-1-102,"126.668935,45.578326",15204697142,黑龙江省,哈尔滨市,平房区
名轩造型(秀水店),哈南第二大道秀水名苑二期9号楼1单元101室,"126.641745,45.581482",16268648886,黑龙江省,哈尔滨市,平房区
品尚形象设计,新疆街道君策·上河郡都和苑2期,"126.625788,45.600190",13613672994;15046811752,黑龙江省,哈尔滨市,平房区
铭仁发艺(兴建小区A区店),兴建小区A区739号楼21-9,"126.644938,45.603790",18745021987,黑龙江省,哈尔滨市,平房区
慕尚美发沙龙(专业烫染店),新祥里街61号楼2单元1楼1门,"126.629548,45.606543",18345159828,黑龙江省,哈尔滨市,平房区
首艺造型(友协东三道街店),友协东三道街261楼(执法局旁30米),"126.639868,45.604701",13104619992,黑龙江省,哈尔滨市,平房区
阿华发型设计室,机装街与新疆大街交叉口南40米,"126.624192,45.602777",18814510509,黑龙江省,哈尔滨市,平房区
杰美美容美发·美甲美睫(万达华府F区店),万达华府F2-28号,"126.617996,45.572003",15045847507,黑龙江省,哈尔滨市,平房区
young美格(绿色新城店),建安头道街附2号绿色新城西区,"126.658947,45.580897",15204654271,黑龙江省,哈尔滨市,平房区
美述沙龙,南九路美述沙龙,"126.631971,45.592966",13674664820,黑龙江省,哈尔滨市,平房区
丝艺造型(建文街店),建文街722楼162中学对面,"126.646079,45.604657",15145076520,黑龙江省,哈尔滨市,平房区
艺尚造型,东升家园619楼门市,"126.673922,45.590199",15146618592,黑龙江省,哈尔滨市,平房区
小辉发廊(兴建小区和平家园店),建文街13-13号,"126.641430,45.604100",15046185187,黑龙江省,哈尔滨市,平房区
雪晴美发,友协东四道街341楼2单元1门,"126.636310,45.604875",13613616742,黑龙江省,哈尔滨市,平房区
首艺造型(秀水名苑一期店),秀水名苑西门龙滨路81号,"126.635598,45.582754",15945774003,黑龙江省,哈尔滨市,平房区
美程造型(万达华府D区店),万达华府D区D9-09,"126.614624,45.571684",18846166561,黑龙江省,哈尔滨市,平房区
萌丝造型工作室,224楼萌丝造型,"126.671978,45.589429",15546180048,黑龙江省,哈尔滨市,平房区
初心发舍,新祥里街61号楼凤凰医院旁,"126.629941,45.606443",18004602242,黑龙江省,哈尔滨市,平房区
好心情美发园(平房店),新平街15号,"126.616975,45.607036",13674673841,黑龙江省,哈尔滨市,平房区
阿杰造型(绿地·香堤九里店),绿地·香堤九里东3门旁,"126.640015,45.571185",18245037579,黑龙江省,哈尔滨市,平房区
飘丝坊发艺(友协西五道街店),公社大街与公社三道街交叉口东100米,"126.632495,45.604272",13144512622,黑龙江省,哈尔滨市,平房区
简呗美发工作室(秀水名苑3期店),秀水名苑三期1-6号商服,"126.652253,45.582061",17645796647,黑龙江省,哈尔滨市,平房区
鼎艺发型设计(南城明珠店),普惠大道4号,"126.608014,45.593937",18345722244,黑龙江省,哈尔滨市,平房区
双喜美发造型,东升街9号224楼,"126.671685,45.589343",15231734748,黑龙江省,哈尔滨市,平房区
艺萍美发工作室,公社大街花园小区420楼,"126.632915,45.599440",15246800994;15746800992,黑龙江省,哈尔滨市,平房区
新潮发艺(哈飞家园店),哈飞家园14号楼,"126.652861,45.605297",13604516707,黑龙江省,哈尔滨市,平房区
百禾源美发,同心街9号,"126.622902,45.604161",13936491146,黑龙江省,哈尔滨市,平房区
小慧发艺,新疆大街同心街413楼,"126.622778,45.604097",15845142186,黑龙江省,哈尔滨市,平房区
精雅发型设计室(机电嘉园西区店),联盟大街137号(教师楼),"126.670003,45.580874",13674603557,黑龙江省,哈尔滨市,平房区
红祥发屋(哈飞住宅店),友协东头道街13-1,"126.640401,45.599348",13503605337,黑龙江省,哈尔滨市,平房区
审美烫染沙龙,新祥里街副11号,"126.630463,45.606170",[],黑龙江省,哈尔滨市,平房区
旺角造型(建文小区店),新疆街道洪镜街建文小区,"126.626653,45.602478",18745833748,黑龙江省,哈尔滨市,平房区
小时代发屋,友协西五道街与公社大街交叉口东60米,"126.632231,45.603709",15754503988,黑龙江省,哈尔滨市,平房区
名仕造型(平房店),C9-03,"126.615479,45.574246",17519482438,黑龙江省,哈尔滨市,平房区
他她造型(绿色新城西区店),建安头道街18-11门市,"126.659047,45.581313",15663850456,黑龙江省,哈尔滨市,平房区
名剪形象设计(万达华府H区店),哈南第十大道万达华府门市H2-06,"126.618748,45.571894",13206678118,黑龙江省,哈尔滨市,平房区
千源造型美发工作室,保国街,"126.668239,45.590053",15046785551,黑龙江省,哈尔滨市,平房区
凯丝迪发艺,新祥里街61号楼五单元103室号,"126.629990,45.606441",[],黑龙江省,哈尔滨市,平房区
初见烫染工作室,友协大街附67-6号,"126.632460,45.607806",15546109103,黑龙江省,哈尔滨市,平房区
千姿彩美发设计(东平小区店),友协东四道街(东平小区)5-9号,"126.636331,45.605122",13703650557,黑龙江省,哈尔滨市,平房区
成蝶烫染沙龙,新月街与新友街交叉口东北140米,"126.627689,45.606649",15045107327,黑龙江省,哈尔滨市,平房区
睿丽发艺专业烫染,北厂新月街1号2单元1楼,"126.630346,45.608355",13359517116,黑龙江省,哈尔滨市,平房区
程成造型(友协商场店),公社大街68号友协商场F1层,"126.630891,45.603518",13946015419,黑龙江省,哈尔滨市,平房区
素月造型美发工作室(友谊家园店),新疆大街新谊街15号1层商服,"126.623927,45.604043",15546164805,黑龙江省,哈尔滨市,平房区
天泉发廊,新月街28-36号楼34号,"126.629247,45.607533",13845185895,黑龙江省,哈尔滨市,平房区
艺剪诚铭(建安小区店),建安花园小区4号楼5-23号,"126.653710,45.585273",18704610373,黑龙江省,哈尔滨市,平房区
格美美发造型(新祥里街店),新祥里街61号(新疆大街地铁站1号口步行290米),"126.629691,45.606556",[],黑龙江省,哈尔滨市,平房区
湖北理发(兴建小区A区店),兴建家园743楼1单元1室,"126.646014,45.602627",13199575775,黑龙江省,哈尔滨市,平房区
琅屿造型(秀水名苑一期店),兴建街道秀水名苑一期15号楼,"126.641785,45.582629",[],黑龙江省,哈尔滨市,平房区
鑫轩发艺,保国大街与东升街交叉口东南60米,"126.669594,45.588079",[],黑龙江省,哈尔滨市,平房区
大洋洋造型(东升街店),东升街12-1号,"126.674392,45.589909",[],黑龙江省,哈尔滨市,平房区
黛草堂植物养发染发服务部(兴建小区和平家园店),兴建街58号兴建小区和平家园,"126.641271,45.604911",13613641639,黑龙江省,哈尔滨市,平房区
俏佳人剪业(建安小区店),联盟街道建安街337号,"126.654464,45.587119",13796011477,黑龙江省,哈尔滨市,平房区
小凤发型室,东升家园618楼,"126.673871,45.590904",[],黑龙江省,哈尔滨市,平房区
一诺美发沙龙(哈南万达店),平房区哈南万达华府E区商铺E3-04(紧邻公园),"126.616416,45.573829",[],黑龙江省,哈尔滨市,平房区
金剪发艺(南城首府店),滨河大道南城首府,"126.612423,45.598485",[],黑龙江省,哈尔滨市,平房区
这是一家美发店,友协东三道街9-4号,"126.639733,45.604640",[],黑龙江省,哈尔滨市,平房区
喜理专业美发沙龙,哈南万达广场H2区-11,"126.618593,45.571852",18745831906,黑龙江省,哈尔滨市,平房区
顶尖造型(青年街店),友协东二道街与青年街交叉口西南20米,"126.640738,45.600753",13936498884,黑龙江省,哈尔滨市,平房区
双宇发屋,万米小区1407楼,"126.617116,45.606254",[],黑龙江省,哈尔滨市,平房区
亮点美发,保国大街与新国街交叉口北20米,"126.669913,45.587879",[],黑龙江省,哈尔滨市,平房区
名门造型(建安小区店),建安四道街与滨电路交叉口西北200米,"126.651825,45.585475",[],黑龙江省,哈尔滨市,平房区
崇尚发艺(平房村十一道街店),平房村十一道街与平房路交叉口东280米,"126.687671,45.600654",[],黑龙江省,哈尔滨市,平房区
地王发廊(东轻家园店),新疆三道街东轻家园116楼,"126.619492,45.606383",[],黑龙江省,哈尔滨市,平房区
新华发廊,保国大街25-2,"126.669314,45.588747",[],黑龙江省,哈尔滨市,平房区
古贝发艺(东升街店),保国五道街与东升街交叉口北20米,"126.671572,45.589343",[],黑龙江省,哈尔滨市,平房区
宏佳美发,保国三道街与东升街交叉口南20米,"126.670569,45.588655",[],黑龙江省,哈尔滨市,平房区
晓明发型设计(南城明珠店),普惠大道与新疆西路交叉口西160米,"126.610799,45.593214",[],黑龙江省,哈尔滨市,平房区
1997发型工作室,保国二道街与东升街交口176楼,"126.670113,45.588868",18918374612,黑龙江省,哈尔滨市,平房区
人美发艺(保国店),保国街192号,"126.670376,45.587633",13604512561,黑龙江省,哈尔滨市,平房区
安森造型(香悦蓝天下店),东海路76号,"126.649696,45.605802",15663419855,黑龙江省,哈尔滨市,平房区
阿赞美发(旗舰店),新疆大街348路终点车站对面,"126.618805,45.601723",15945117953,黑龙江省,哈尔滨市,平房区
小白美发,兴建街道兴建街78号,"126.641878,45.606000",13936494958,黑龙江省,哈尔滨市,平房区
潮派造型,建文街321楼78-8号,"126.637496,45.602005",18946189905,黑龙江省,哈尔滨市,平房区
随心剪吧,东升街5-20,"126.674233,45.591039",[],黑龙江省,哈尔滨市,平房区
尚越形象,洪镜街与机装街交叉口东40米,"126.625813,45.601560",18204516123,黑龙江省,哈尔滨市,平房区
金韵理发店,保国大街,"126.669143,45.588663",13703682317,黑龙江省,哈尔滨市,平房区
小梅梅美发,新和街18-22车库,"126.619175,45.606575",13674603288,黑龙江省,哈尔滨市,平房区
美伦造型(绿地·香堤九里店),绿地·香堤九里东1门旁,"126.641090,45.573228",[],黑龙江省,哈尔滨市,平房区
十元美发,联盟大街与集智头道街交叉口南40米,"126.676875,45.592375",[],黑龙江省,哈尔滨市,平房区
小贺造型,新祥里小区22号,"126.630033,45.607037",15663667318,黑龙江省,哈尔滨市,平房区
豪尚烫染店,新月街与友协大街交叉口西240米,"126.628301,45.607585",[],黑龙江省,哈尔滨市,平房区
尚丝造型,哈南九路与普惠大道交叉口南260米,"126.628447,45.588855",[],黑龙江省,哈尔滨市,平房区
朝华发艺,东升家园二期东升街624栋二单元副10-6号,"126.674482,45.589308",15146612183,黑龙江省,哈尔滨市,平房区
手艺人发型设计,花园小区西北1门旁,"126.632500,45.600838",18245171213,黑龙江省,哈尔滨市,平房区
源美美发(保国大街店),保国大街与新国街交叉口西40米,"126.669281,45.587602",13936495535,黑龙江省,哈尔滨市,平房区
几禾造型(新友街店),新疆大街副97号北月家园小区1107号楼,"126.626034,45.606619",15245111526,黑龙江省,哈尔滨市,平房区
多加达人美发(友谊家园店),新疆大街135号友谊家园,"126.623935,45.604019",18714612334,黑龙江省,哈尔滨市,平房区
新雨发艺(万达华府C区店),万达华府C区东2门旁,"126.615198,45.573689",13054284822,黑龙江省,哈尔滨市,平房区
万艺美发沙龙,友协街道友协大街建设银行正对面,"126.634898,45.603505",13936686631,黑龙江省,哈尔滨市,平房区
超越发型设计(建安四道街店),建安四道街副5-20号,"126.653981,45.585113",13613628779,黑龙江省,哈尔滨市,平房区
宏宇发艺(绿地世纪城店),哈南九路与哈南第二大道交叉口东北240米,"126.626987,45.587125",18245052230,黑龙江省,哈尔滨市,平房区
拾年理容造型设计,公社大街与友协西头道街交叉口西北100米,"126.632452,45.599879",13936491056,黑龙江省,哈尔滨市,平房区
小宇美发沙龙(东实·碧水湾2期店),新伟街道新平街东实·碧水湾2期16号楼,"126.616083,45.607688",18745727515,黑龙江省,哈尔滨市,平房区
靓丽发艺(建文小区店),洪镜街附41号,"126.625619,45.601893",15146292983,黑龙江省,哈尔滨市,平房区
全美发艺,集智街206楼,"126.673840,45.592593",[],黑龙江省,哈尔滨市,平房区
零点美发(宝融福园店),兴建街68号宝融福园吉祥座2单元,"126.641316,45.607027",15945775430,黑龙江省,哈尔滨市,平房区
尚艺造型(新建小区店),新建小区762号楼,"126.645050,45.600806",[],黑龙江省,哈尔滨市,平房区
精典美发(保国大街店),保国大街25-5,"126.671563,45.587340",[],黑龙江省,哈尔滨市,平房区
梦露发廊,保国大街13-1,"126.671786,45.587264",[],黑龙江省,哈尔滨市,平房区
蒙恩造型(机电嘉园店),联盟大街123号机电嘉园西区,"126.670221,45.581236",18245043277,黑龙江省,哈尔滨市,平房区
小跟班亲子儿童美发乐园,新疆街道新疆大街117号红旗茂商业城A2-7栋,"126.628619,45.606498",15045835789,黑龙江省,哈尔滨市,平房区
比酷发型工作室,建安小区东区北2门旁,"126.654497,45.587132",[],黑龙江省,哈尔滨市,平房区
美格发型设计,兴建街与建文街交叉口东100米,"126.644485,45.603637",15945118884,黑龙江省,哈尔滨市,平房区
晓岩美发,保国三道街与东宁街交叉口东南20米,"126.670033,45.589815",[],黑龙江省,哈尔滨市,平房区
超凡剪艺(友协商场店),公社大街68号友协商场F1层,"126.631052,45.603496",[],黑龙江省,哈尔滨市,平房区
孙晶理发店,万米二道街与新星街交叉口西40米,"126.613860,45.606629",[],黑龙江省,哈尔滨市,平房区
美域美发烫染沙龙,公社大街与建文街交叉口南40米,"126.632050,45.600969",[],黑龙江省,哈尔滨市,平房区
美中国造型,友协东三道街与青年街交叉口东北40米,"126.639180,45.604480",[],黑龙江省,哈尔滨市,平房区
志尚美发,青年街与友协东二道街交叉口东南60米,"126.641367,45.600568",18245054503,黑龙江省,哈尔滨市,平房区
丝尚造型(建安四道街店),建安四道街建安花园小区3号楼一层21号,"126.652394,45.585591",[],黑龙江省,哈尔滨市,平房区
瑞敏发艺(宝融福园店),兴建街72-7号宝融福园,"126.640760,45.606353",[],黑龙江省,哈尔滨市,平房区
红艺造型,友协街道友协大街副114号405楼一楼,"126.635977,45.600420",15045623882,黑龙江省,哈尔滨市,平房区
尚剪发型设计(兴建小区店),兴建小区762楼底商,"126.645074,45.600778",15846634640,黑龙江省,哈尔滨市,平房区
本良发艺(新城里小区店),新城里小区西北1门旁,"126.643200,45.599964",[],黑龙江省,哈尔滨市,平房区
零点造型(绿色新城西区店),建安头道街附2号绿色新城西区,"126.659101,45.581479",17645181479,黑龙江省,哈尔滨市,平房区
佳剪空间,东升家园二期624楼,"126.673975,45.589115",[],黑龙江省,哈尔滨市,平房区
九九快剪,友协街道226楼一单元1层095号住宅,"126.639952,45.599903",15046055379,黑龙江省,哈尔滨市,平房区
起点造型(香悦蓝天下店),兴建街道东海路20号香悦蓝天下,"126.651436,45.605621",[],黑龙江省,哈尔滨市,平房区
容苑美业(中天富城店),新疆大街336号中天富城18号楼,"126.621183,45.598726",[],黑龙江省,哈尔滨市,平房区
亚芳美发店(宜居新家园店),宜居新家园6楼底商,"126.626300,45.599933",15804638589,黑龙江省,哈尔滨市,平房区
智美美业,万达华府C区,"126.615188,45.575309",15645053446;19969649283,黑龙江省,哈尔滨市,平房区
御树堂全方位康复理疗美容美体连锁(南郡豪庭店),建安头道街27号,"126.660375,45.584518",13030021144,黑龙江省,哈尔滨市,平房区
小关发艺(建安小区店),联盟街道建安四道街6-28号,"126.652407,45.585542",15046788890,黑龙江省,哈尔滨市,平房区
简·法形象设计美发工作室(建平小区店),通建街副38-1号,"126.641867,45.602304",18145156484,黑龙江省,哈尔滨市,平房区
妍君发屋,同心街704楼2门1号,"126.621722,45.603428",[],黑龙江省,哈尔滨市,平房区
朋客造型 新平街店,新平街14号1409,"126.616730,45.606676",[],黑龙江省,哈尔滨市,平房区
金三角专业发型染烫,友协街道友协西五道街哈飞幼儿园南侧约70米,"126.632395,45.603757",[],黑龙江省,哈尔滨市,平房区
双龙造型,新平街1405楼,"126.617253,45.605847",[],黑龙江省,哈尔滨市,平房区
大志造型(东实·碧水湾2期店),新平街68号,"126.615730,45.608239",[],黑龙江省,哈尔滨市,平房区
姗姗美发,保国大街18-3,"126.671757,45.587296",[],黑龙江省,哈尔滨市,平房区
啊雷剪吧(东轻家园店),东轻家园120楼,"126.619063,45.606886",[],黑龙江省,哈尔滨市,平房区
招财快剪,北月家园1206号楼1层,"126.627946,45.607485",[],黑龙江省,哈尔滨市,平房区
当代美发(秀水名苑二期店),当代美发秀水名苑2期21号楼2单元102室,"126.637290,45.582819",15546683096,黑龙江省,哈尔滨市,平房区
时尚发艺(建安小区店),健安头道街与友协大街交叉口西南180米,"126.659494,45.585525",13604510164;13936499419,黑龙江省,哈尔滨市,平房区
美梳发型工作室,东轻家园119楼13-24号车库,"126.619135,45.607304",[],黑龙江省,哈尔滨市,平房区
丝屿造型,G4栋三单元102室,"126.608479,45.593417",[],黑龙江省,哈尔滨市,平房区
丝美造型,星耀南城1号楼,"126.611731,45.600498",[],黑龙江省,哈尔滨市,平房区
景渡发型工作室,友协东四道街7-21号,"126.635807,45.604967",15204622912,黑龙江省,哈尔滨市,平房区
小K造型,万达华府E区,"126.618975,45.573375",[],黑龙江省,哈尔滨市,平房区
平房区丝序美容美发,新祥里街副13号,"126.630379,45.606272",13124507535,黑龙江省,哈尔滨市,平房区
铭人发艺(绿色新城东区店),南城九路与哈南第二大道交叉口东240米,"126.662052,45.580623",[],黑龙江省,哈尔滨市,平房区
引力时空发艺,万达华府D区D9-20,"126.614470,45.571128",13455325583,黑龙江省,哈尔滨市,平房区
慕一造型店,哈南五路与滨河大道交叉口东南260米,"126.611556,45.598966",[],黑龙江省,哈尔滨市,平房区
剪不剪剪吧(友协东头道街店),友协大街东头道街309楼,"126.638588,45.599240",18845059203,黑龙江省,哈尔滨市,平房区
大江发型,万达华府F区F3-06,"126.615554,45.571532",18088706458,黑龙江省,哈尔滨市,平房区
小蕊造型,兴建街与建文街交叉口东100米,"126.644403,45.603592",[],黑龙江省,哈尔滨市,平房区
小玉美甲美睫工作室(顺达商厦店),新疆大街75号顺达商厦F1层,"126.632839,45.606616",15546462025,黑龙江省,哈尔滨市,平房区
哈尔滨市平房区婷婷婚纱美妆工作室(东实·碧水湾2期店),新星街碧水湾小区二期25号楼2单元203,"126.613072,45.606410",13674676179,黑龙江省,哈尔滨市,平房区
黄小姐美甲工作室(兴建小区A区店),兴建街与建文街交叉口东100米,"126.644486,45.603651",18745777236,黑龙江省,哈尔滨市,平房区
Tina化妆婚纱工作室,哈南第二大道与南城九路交叉口东140米,"126.660751,45.579849",[],黑龙江省,哈尔滨市,平房区
靓俪人生美肤养生工作室(绿色新城西区店),南城九路建安头道街副14-5号,"126.658727,45.581893",18745869531,黑龙江省,哈尔滨市,平房区
予竹美妆工作室,绿色新城西区12栋,"126.658629,45.580954",18246555928,黑龙江省,哈尔滨市,平房区
专业可视采耳爱尼尔美容保健工作室,友协大街326号楼,"126.634933,45.603360",18646375820,黑龙江省,哈尔滨市,平房区
康康美容工作室,友协大街与新疆大街交叉口南60米,"126.632835,45.605202",[],黑龙江省,哈尔滨市,平房区
秀美理容工作室(中天富城店),新疆大街第366号中天富城,"126.620901,45.599521",13613622786,黑龙江省,哈尔滨市,平房区
旭旭美甲美睫工作室(建安小区店),新国街8号1层1号,"126.666757,45.586365",13394611781,黑龙江省,哈尔滨市,平房区
甲次方美甲工作室,哈南十五路7号宇光万和城20号楼二单元302室,"126.644565,45.571385",13062679545,黑龙江省,哈尔滨市,平房区
若西snow美甲美睫工作室,友协大街副67-6号顺达嘉园二号楼若西美甲美睫工作室,"126.632584,45.607694",17106973208,黑龙江省,哈尔滨市,平房区
鼓鼓派美甲工作室,哈南十七路与哈南第八大道交叉口东北220米,"126.646425,45.570275",[],黑龙江省,哈尔滨市,平房区
YAM轻奢美发沙龙(万博华庭店),万博华庭南门东50米,"126.987305,45.533027",0451-51724333,黑龙江省,哈尔滨市,阿城区
艺尚沙龙,华龙路15号(华龙金城南门旁),"126.974485,45.544654",13936368238,黑龙江省,哈尔滨市,阿城区
张辉造型,朝阳小区9号,"126.971982,45.542145",0451-53867771;13104079666,黑龙江省,哈尔滨市,阿城区
尚美造型(华龙金城店),华龙金城1号楼7门市,"126.972807,45.544615",13633675875,黑龙江省,哈尔滨市,阿城区
阿吉形象设计(华龙金城店),华龙金城2号楼9门,"126.973912,45.544643",18246501345,黑龙江省,哈尔滨市,阿城区
MNTV0AHB丝韵美学(蒙妮坦)美发店,高明胡同58号,"126.977550,45.538953",18904606061,黑龙江省,哈尔滨市,阿城区
808烫染剪发(交运福安家园店),交运福安家园西1门旁,"126.964651,45.544974",13089999446,黑龙江省,哈尔滨市,阿城区
帅仔潮流名剪(阿城区文化中心家属楼店),胜利街文化中心小区2号楼1-8门,"126.972425,45.535242",15045166638;15945944417,黑龙江省,哈尔滨市,阿城区
阿四造型(达仁·印象城购物中心),印象城1层,"126.980380,45.537301",0451-53725556;13503673558,黑龙江省,哈尔滨市,阿城区
旮旯发型工作室,金城街4委老客运站商服14号,"126.972172,45.539458",13203333732,黑龙江省,哈尔滨市,阿城区
金秋发型设计(网吧一条街),锅炉厂住家属楼西门东210米,"126.975233,45.535695",15846309850,黑龙江省,哈尔滨市,阿城区
木子烫染剪吧(万米楼店),新华小区1号9-102,"126.973398,45.531250",13199525790,黑龙江省,哈尔滨市,阿城区
NICE品质造型(高明小区店),高明胡同1号高明小区,"126.979760,45.539486",16267066999,黑龙江省,哈尔滨市,阿城区
金苹果造型(永泰广小区店),永泰广18号楼,"126.966517,45.539250",13936052224;15945942729,黑龙江省,哈尔滨市,阿城区
顶头尚丝(河畔丽景店),河畔丽景小区5号楼1门,"126.990675,45.548933",13100839991,黑龙江省,哈尔滨市,阿城区
酷吧美容美发会馆(哈尔滨金城步行街店),金城小区3号楼1楼门市,"126.972943,45.539510",15245606355,黑龙江省,哈尔滨市,阿城区
静仙形象订制(供销处楼店),牌路大街与柴市路交叉口东南20米,"126.976242,45.532757",15245195985,黑龙江省,哈尔滨市,阿城区
卓越美发沙龙,白酒厂北楼,"126.964134,45.537110",13212925508,黑龙江省,哈尔滨市,阿城区
宇轩阿鑫造型(印象城店),解放大街甲33号,"126.982224,45.538368",15145095552,黑龙江省,哈尔滨市,阿城区
东尼造型(哈尔滨阿城区),金城小区13号,"126.973009,45.539546",[],黑龙江省,哈尔滨市,阿城区
港式小姐妹形象定制(小红书),清真广场南侧22号门市,"126.967306,45.535878",15663409437,黑龙江省,哈尔滨市,阿城区
你好色彩发型专业店,保安胡同5号,"126.976515,45.537274",13206532569;18348596369,黑龙江省,哈尔滨市,阿城区
小郑美发,上京大道149号,"126.968345,45.546934",13503619697;18846129977,黑龙江省,哈尔滨市,阿城区
88潮牌造型(高明胡同店),高明小区高明胡同45号88,"126.977400,45.538945",[],黑龙江省,哈尔滨市,阿城区
慕白造型,武装部家属楼门市(慕白造型),"126.961850,45.539260",13091717173,黑龙江省,哈尔滨市,阿城区
江涞发型设计工作室,金城街北新小区1号楼1层12号商服,"126.968815,45.543771",18745050650,黑龙江省,哈尔滨市,阿城区
红日美发(金城小区店),金城小区3号楼,"126.973033,45.539455",[],黑龙江省,哈尔滨市,阿城区
女神发艺(金城西街店),金城小区9号楼,"126.972287,45.538943",18686813495,黑龙江省,哈尔滨市,阿城区
范斯造型(达仁·印象城购物中心),解放大街与会宁路交口东南交(312-1号)达仁·印象城购物中心1F层,"126.981004,45.537077",[],黑龙江省,哈尔滨市,阿城区
东泽造型(保安胡同),保安胡同12号(烟草公司胡同),"126.976657,45.537255",13796755900,黑龙江省,哈尔滨市,阿城区
小霞美发(东环大街店),新龙城C3区8号楼,"126.975541,45.523066",15146439787,黑龙江省,哈尔滨市,阿城区
红梅发艺(金城路店),金城步行街(牌路大街),"126.972763,45.539777",15145132737;15561566501,黑龙江省,哈尔滨市,阿城区
川屿发型设计,金都街嘉园高层住宅楼一层2门,"126.978663,45.532273",13503607410,黑龙江省,哈尔滨市,阿城区
MR.孙理发潮流馆(金京壹号官邸店),金涤路与上京大道交叉口东北480米,"126.956696,45.551062",15045487444,黑龙江省,哈尔滨市,阿城区
沐丝假发店,庆云小区6号楼1单元101沐丝假发定制店,"126.979515,45.536619",15636076199,黑龙江省,哈尔滨市,阿城区
金玫瑰美发工作室,继电器53号楼一单元101室,"127.018330,45.556204",13313660271,黑龙江省,哈尔滨市,阿城区
老五发艺(北新三期商服6门),金城街道北新小区三期3号楼商服6门.老五发艺,"126.967624,45.543047",13845001515,黑龙江省,哈尔滨市,阿城区
金手指造型(哈尔滨阿城区),阿什河街道金城小区西门,"126.971345,45.539496",15134613522,黑龙江省,哈尔滨市,阿城区
泽野烫染,通城街星河国际A栋1层05室,"126.987472,45.538298",15851286065,黑龙江省,哈尔滨市,阿城区
哈佛造型(金城西街店),金城7号楼,"126.972537,45.539397",13359997521,黑龙江省,哈尔滨市,阿城区
理享发型设计,清真二期兴和家园6号楼4号门市,"126.966564,45.532824",15945794521,黑龙江省,哈尔滨市,阿城区
精诚造型,印象城财智公馆体南路11号,"126.980685,45.536373",15145113211,黑龙江省,哈尔滨市,阿城区
阿陆造型工作室,和平街金城商业街7号楼一层一号,"126.972334,45.539448",13141222256;17645777976,黑龙江省,哈尔滨市,阿城区
艾尚名发,金城步行街(牌路大街),"126.972523,45.539298",18249130282;18746148440,黑龙江省,哈尔滨市,阿城区
主导美发美容店,牌路大街408附近,"126.975750,45.542394",18348555447,黑龙江省,哈尔滨市,阿城区
慕尚造型,金都大街90号,"126.974322,45.531546",15244645610,黑龙江省,哈尔滨市,阿城区
美发沙龙旗舰店,金都大街东关一品4号楼,"126.982276,45.531411",0451-56083888;13664511711,黑龙江省,哈尔滨市,阿城区
摩登造型设计工作室,松纺小区南2门西120米,"126.956304,45.551447",15244677802,黑龙江省,哈尔滨市,阿城区
萧郎烫染工作室,运输公司南侧商服西3号商铺,"126.971383,45.539443",13206648881;15667480888,黑龙江省,哈尔滨市,阿城区
慕名造型(供销处楼店),金都大街37号,"126.977582,45.532538",15246664470,黑龙江省,哈尔滨市,阿城区
顶尚名丝美发造型(大街四中家属楼店),金城街道金都大街86号顶尚名丝,"126.974582,45.531607",13045123958,黑龙江省,哈尔滨市,阿城区
丽尚专业烫染店(华龙金城店),金城街道华龙金城小区20号楼商服11门,"126.972722,45.544320",18346144448,黑龙江省,哈尔滨市,阿城区
千艺名剪(供销处楼店),牌路大街163号千亿名剪,"126.976247,45.532765",15245195835,黑龙江省,哈尔滨市,阿城区
神话美发美甲美睫(高明小区店),高明小区17号楼,"126.978983,45.539006",15945126007,黑龙江省,哈尔滨市,阿城区
氧发堂天然植物染发(金泉路店),金都街万博豪庭小区6号楼5室,"126.980532,45.530449",17382719419,黑龙江省,哈尔滨市,阿城区
美go造型,金城7号楼4门美go造型,"126.972286,45.539664",18345119991,黑龙江省,哈尔滨市,阿城区
摩卡私人订制,金城6号楼,"126.972771,45.539440",15846130633,黑龙江省,哈尔滨市,阿城区
小超美业,阿什河街道北新三期5号楼13门,"126.966646,45.543087",13936486795,黑龙江省,哈尔滨市,阿城区
火凤凰发型设计,女校胡同农机局西侧,"126.970171,45.544100",13766913220;13796122249,黑龙江省,哈尔滨市,阿城区
文浩造型,牌路大街与诚信大街交叉口北100米,"126.977014,45.529049",13354507571,黑龙江省,哈尔滨市,阿城区
丽莎美发,金城3号楼4门烫发染发美甲美睫,"126.972987,45.540025",15046102634,黑龙江省,哈尔滨市,阿城区
辰辰造型(上京广场商住小区店),金城街道上京广场小区B16号1层08室,"126.957595,45.544079",13654555648,黑龙江省,哈尔滨市,阿城区
简艺造型,哈尔滨科学技术职业学院东南门北70米,"126.961015,45.540967",18348590628,黑龙江省,哈尔滨市,阿城区
金秋美丽坊(阿城店),清真小区5号楼2-106,"126.967727,45.533495",15146438884,黑龙江省,哈尔滨市,阿城区
郑氏烫染旗舰店,祥泰小区5号楼4单元101室,"126.971361,45.535720",13199460555,黑龙江省,哈尔滨市,阿城区
大勇美发(哈南小区店),通顺长胡同48号,"126.973405,45.533538",13503603155,黑龙江省,哈尔滨市,阿城区
丽华美发,河东街市场内,"127.019325,45.555225",18345345922,黑龙江省,哈尔滨市,阿城区
炫彩造型(学府小区店),解放大街学府小区一号楼,"126.985346,45.538008",18345349728,黑龙江省,哈尔滨市,阿城区
柠檬造型(和平小区店),和平4期6号楼,"126.979230,45.544173",13664500373,黑龙江省,哈尔滨市,阿城区
浪波湾美发,上京大道149号,"126.968056,45.547408",15945129521,黑龙江省,哈尔滨市,阿城区
木梵美容美发造型,延川大街与北新路交叉口北180米,"126.969356,45.545598",15861217795,黑龙江省,哈尔滨市,阿城区
小博发艺,[],"126.968583,45.544217",18603609394,黑龙江省,哈尔滨市,阿城区
名威造型(哈尔滨阿城区),体南路44号绿波小区2号楼3门,"126.981689,45.535880",[],黑龙江省,哈尔滨市,阿城区
美格发型设计室(龙涤小区店),舍利街道龙涤小区36号楼,"126.940057,45.555546",13100959691;15045481580,黑龙江省,哈尔滨市,阿城区
HZ·理髪馆,解放大街238号,"126.965155,45.537931",15545264426,黑龙江省,哈尔滨市,阿城区
华美美发(法官之家店),金都街道法官之家2号楼,"126.978216,45.536235",15245192363,黑龙江省,哈尔滨市,阿城区
美娜发型设计室(永泰广小区店),永泰广胡同55号,"126.967060,45.539074",[],黑龙江省,哈尔滨市,阿城区
恒大美业,延川大街264号,"126.970398,45.530302",[],黑龙江省,哈尔滨市,阿城区
红旭专业烫染(礼先胡同),礼先胡同11号,"126.967529,45.535857",13703677804,黑龙江省,哈尔滨市,阿城区
小安名发,"牌路大街594号,金港小区3号楼","126.976162,45.548744",15104629551;15546502531,黑龙江省,哈尔滨市,阿城区
小权发艺(北新3期店),北新路小权发艺,"126.967593,45.543915",13845001746,黑龙江省,哈尔滨市,阿城区
慕尚造型(阿城恒大城北区店),恒大城57号楼111门市,"126.995085,45.533220",[],黑龙江省,哈尔滨市,阿城区
佟家理发(万米楼店),万米楼东北门北50米,"126.973319,45.531287",13664514495,黑龙江省,哈尔滨市,阿城区
红红美发(金都首府店),金都街道金都首府c栋一层10门,"126.972238,45.529423",13763420718,黑龙江省,哈尔滨市,阿城区
李冰发型工作室(和平小区店),金城街道和平小区28号楼,"126.978038,45.543039",15124654089,黑龙江省,哈尔滨市,阿城区
高老大理发,立华街与通城路交叉口东南60米,"126.994980,45.550149",[],黑龙江省,哈尔滨市,阿城区
时尚发艺(新龙城C2区店),金都街新龙城C2区5号楼,"126.973654,45.523017",13633681965,黑龙江省,哈尔滨市,阿城区
超然发艺,金城小区3号楼一楼,"126.972960,45.540059",[],黑龙江省,哈尔滨市,阿城区
首艺造型(金京壹号官邸店),金京壹号官邸北门旁,"126.958099,45.551038",15204514428,黑龙江省,哈尔滨市,阿城区
昕艺美发,继电四小区,"127.022140,45.556214",[],黑龙江省,哈尔滨市,阿城区
尊雅发艺工作室,金城街和平四期13号楼一层15门市,"126.978163,45.544521",18345866803,黑龙江省,哈尔滨市,阿城区
阿勇烫染名店,舍利街道龙涤小区57号楼,"126.946193,45.554952",13766916263,黑龙江省,哈尔滨市,阿城区
风尚造型,七中胡同与牌路大街交叉口西80米,"126.974948,45.540131",[],黑龙江省,哈尔滨市,阿城区
逸简造型,和平小区42栋四单元1楼,"126.981457,45.543051",17745656069,黑龙江省,哈尔滨市,阿城区
美御烫染专业店,金城小区四号楼,"126.972500,45.540234",[],黑龙江省,哈尔滨市,阿城区
优剪名发,金城西街与延川大街交叉口东60米,"126.971425,45.539425",[],黑龙江省,哈尔滨市,阿城区
艺峰造型,金都大街幸福里小区高层1号楼,"126.967588,45.528331",[],黑龙江省,哈尔滨市,阿城区
秀水丽人发型设计室,仁寿胡同27号,"126.974925,45.535709",13903661628,黑龙江省,哈尔滨市,阿城区
金开源造型(劳动人事家属楼店),金都街道劳动人事家属楼一号楼,"126.972798,45.535495",18746161401,黑龙江省,哈尔滨市,阿城区
凯旋发型(绿波东关一品店),东关一品D2号楼2门,"126.983596,45.531885",13936644191,黑龙江省,哈尔滨市,阿城区
紫龙藤美发沙龙(高明小区店),高明胡同28号美发一条街紫龙藤美发沙龙,"126.978452,45.538945",13936089741;17766599657,黑龙江省,哈尔滨市,阿城区
金美形象设计,金城路与民权大街交叉口南120米,"126.973005,45.539956",[],黑龙江省,哈尔滨市,阿城区
尤你发型设计室,金澜路183号,"126.965241,45.535449",[],黑龙江省,哈尔滨市,阿城区
波波发艺(阿城区松纺小区店),仁和路与金涤路交叉口东300米,"126.957311,45.551712",13895820570,黑龙江省,哈尔滨市,阿城区
丝艺发型会所(高明小区店),高明小区高明胡同24号,"126.978044,45.538964",13936367600,黑龙江省,哈尔滨市,阿城区
超美发工作室(永泰广小区店),永泰广小区东门西240米,"126.967075,45.539240",19103603979,黑龙江省,哈尔滨市,阿城区
鑫宇发型设计(永泰广小区店),基政路15号,"126.967051,45.539164",[],黑龙江省,哈尔滨市,阿城区
小晶美发工作室(高明小区店),高明胡同1号高明小区,"126.979148,45.539907",13074584668;15245134544,黑龙江省,哈尔滨市,阿城区
媄人心微雕美业(高明小区店),和平街高明小区美发一条街61号媄人心微雕美业,"126.977174,45.539064",13644502729;18249066411,黑龙江省,哈尔滨市,阿城区
非格造型,金都街清真西小区会宁综合一号楼门市21号,"126.965167,45.535917",17766550098,黑龙江省,哈尔滨市,阿城区
名廊发艺,延川大街658号,"126.968739,45.545620",13845071377,黑龙江省,哈尔滨市,阿城区
新贵族专业烫染美发机构(蜚拉公路店),料甸东四胡同与料甸大街交叉口西50米料甸中心小学附近,"127.060624,45.638973",[],黑龙江省,哈尔滨市,阿城区
主流发艺,牌路大街富士隆颐养园80-4,"126.976239,45.529839",18686808525,黑龙江省,哈尔滨市,阿城区
杜凯造型,柴市路20号,"126.977528,45.533136",15546004049,黑龙江省,哈尔滨市,阿城区
洪波发廊,继电大街与继林路交叉口东360米,"127.023132,45.556423",13936019406,黑龙江省,哈尔滨市,阿城区
阿浩发业(玄武小区B区店),"玄武小区,B区五号楼","126.968709,45.553457",[],黑龙江省,哈尔滨市,阿城区
研型色造型设计,高明小区14号楼22号,"126.978511,45.538929",[],黑龙江省,哈尔滨市,阿城区
喜理发型工作室(地质嘉园店),金都大街50号地质嘉园,"126.976289,45.531297",18088770930,黑龙江省,哈尔滨市,阿城区
金英织发(清真寺小区店),清真小区17号楼,"126.966640,45.536836",[],黑龙江省,哈尔滨市,阿城区
兰梦绣纤绣美业(达仁·印象城购物中心店),财智公馆七楼718,"126.980125,45.536375",15546389996,黑龙江省,哈尔滨市,阿城区
白丁香时尚沙龙(高明小区店),高明胡同1号高明小区3号楼,"126.978237,45.539866",13895847891,黑龙江省,哈尔滨市,阿城区
曲晟美发,继电四小区,"127.022118,45.556211",15114699321,黑龙江省,哈尔滨市,阿城区
崇尚造型(牌路大街店),牌路大街220号(水晶浴池对面),"126.975350,45.535103",[],黑龙江省,哈尔滨市,阿城区
华楣发艺,合胡同20号,"126.977777,45.533570",18345341579,黑龙江省,哈尔滨市,阿城区
韩尚绣,七中胡同67号,"126.973903,45.540299",18249443177,黑龙江省,哈尔滨市,阿城区
美奇发艺(和平小区店),昌平胡同与牌路大街交叉口东北20米,"126.976163,45.541787",[],黑龙江省,哈尔滨市,阿城区
小春发艺(上京广场商住小区店),上京广场商住小区南3门旁,"126.955395,45.544088",18346246194,黑龙江省,哈尔滨市,阿城区
蓝燕美发(富氏隆商贸城店),富民隆商贸城(富氏隆商贸城店),"126.974046,45.536909",[],黑龙江省,哈尔滨市,阿城区
大海美发室(金上京公馆店),上京大道366号金上京公馆,"126.982652,45.548456",[],黑龙江省,哈尔滨市,阿城区
晨曦美发专业烫染,宣化胡同与延川大街交叉口西40米,"126.968992,45.542299",[],黑龙江省,哈尔滨市,阿城区
艳萍发艺(东环嘉园B区店),东环嘉园16号楼,"126.989681,45.531291",[],黑龙江省,哈尔滨市,阿城区
红樱桃美发(继电大街店),继电器23号大庆楼3单元,"127.020210,45.555935",15245199891,黑龙江省,哈尔滨市,阿城区
丝语造型(金都大街店),金都大街88号,"126.974386,45.531559",13359991114,黑龙江省,哈尔滨市,阿城区
优尚造型(高明小区店),高明胡同1号高明小区,"126.977743,45.539142",[],黑龙江省,哈尔滨市,阿城区
艾尚美业,牌路大街88号,"126.976757,45.529813",[],黑龙江省,哈尔滨市,阿城区
阿涛美业(富氏隆店),富民隆商贸城(富氏隆商贸城店),"126.974085,45.536875",[],黑龙江省,哈尔滨市,阿城区
泽艺发型工作室(上京广场商住小区店),北新路与金溪路交叉口西60米,"126.960430,45.544144",15104522191,黑龙江省,哈尔滨市,阿城区
红人馆发型定制(水产楼店),金都街道杨树道口水产集资楼永红超市出口对门,"126.969876,45.529076",15546624352,黑龙江省,哈尔滨市,阿城区
丹丹发屋,蜚克图镇,"127.154599,45.750204",13633605614;15245606045,黑龙江省,哈尔滨市,阿城区
伊先生烫染造型,清真寺小区金澜路西门旁,"126.965931,45.537345",[],黑龙江省,哈尔滨市,阿城区
沙沙美发,阿城区文化中心二号楼门市房第三门乙,"126.974174,45.535534",15776219356,黑龙江省,哈尔滨市,阿城区
东田造型(上京广场店),上京广场c18-1-103门市,"126.960240,45.544147",18846446411,黑龙江省,哈尔滨市,阿城区
时代精剪,华龙金城二期17号楼4号门市,"126.976115,45.546784",15545966178,黑龙江省,哈尔滨市,阿城区
红梅美发(平新公路),平新公路与哈红公路交叉口南40米,"126.823135,45.623190",[],黑龙江省,哈尔滨市,阿城区
慕纱私人定制(和平小区店),金城街和平小区宝吉公寓2号楼一层102室,"126.980282,45.543822",18346234881,黑龙江省,哈尔滨市,阿城区
薇儿美造型,继电一小区北侧,"127.023511,45.557593",[],黑龙江省,哈尔滨市,阿城区
美尔造型,实验家属楼东北门旁,"126.976176,45.547263",[],黑龙江省,哈尔滨市,阿城区
丝野造型美发沙龙,胜利街清真小区29号楼八单元一层125号,"126.965843,45.535079",13263555159,黑龙江省,哈尔滨市,阿城区
焦点造型(高明小区店),高明胡同1号高明小区,"126.979243,45.540756",13100802068,黑龙江省,哈尔滨市,阿城区
发小美发(体东名城店),通城街道解放大街甲33号,"126.982638,45.537977",15822711314,黑龙江省,哈尔滨市,阿城区
艺剪坊发型工作室(北新3期店),北新三期5号楼10门,"126.966873,45.543085",[],黑龙江省,哈尔滨市,阿城区
阿冰夫妻美发(糖机天兴综合楼店),糖机天兴综合楼南门旁,"126.992615,45.538372",[],黑龙江省,哈尔滨市,阿城区
77造型(阿城恒大城店),金都大街恒大城,"126.996758,45.532284",15945129857,黑龙江省,哈尔滨市,阿城区
樱花造型(金都幸福里店),幸福里北门西70米,"126.967300,45.528111",[],黑龙江省,哈尔滨市,阿城区
妍妍美发(永泰广小区店),永泰广小区15号楼北门旁,"126.968319,45.540054",15776207737,黑龙江省,哈尔滨市,阿城区
铭剪烫染(会宁嘉园店),会宁嘉园,"126.982335,45.543714",15046818919,黑龙江省,哈尔滨市,阿城区
沐心造型,金都大街人大小区4号楼沐心造型,"126.978279,45.533035",13503649824,黑龙江省,哈尔滨市,阿城区
哥弟造型(绿波华园店),绿波华园34号楼102室,"126.983344,45.535866",15663404114,黑龙江省,哈尔滨市,阿城区
爱度美发烫发染发形象设计工作室(清真寺小区店),金城街道清真小区17号楼,"126.966066,45.536882",13224509867,黑龙江省,哈尔滨市,阿城区
春华美发,保安胡同与东邻胡同交叉口西40米,"126.977863,45.537169",[],黑龙江省,哈尔滨市,阿城区
神奇发艺,清真小区东南门西南60米,"126.969289,45.535661",[],黑龙江省,哈尔滨市,阿城区
朝阳木子烫染,民权大街141号,"126.974380,45.541320",13351411550,黑龙江省,哈尔滨市,阿城区
慕涵烫染(和平小区店),和平小区25号楼,"126.979228,45.542983",15846136169,黑龙江省,哈尔滨市,阿城区
沐萱造型(河畔丽景店),河畔丽景小区高层一号楼门市,"126.990808,45.549361",15776202802,黑龙江省,哈尔滨市,阿城区
阿辉形象设计(恒大店),金都大街恒大城,"126.994460,45.532256",15245080687,黑龙江省,哈尔滨市,阿城区
今生有约美发工作室(水利和谐家园店),昌玉胡同13号朝阳小区水利局3号楼,"126.973384,45.541658",13234982681,黑龙江省,哈尔滨市,阿城区
起点造型,印象城潮街9号呷普火锅斜对面,"126.979985,45.536983",13503602521,黑龙江省,哈尔滨市,阿城区
美秀剪烫染(平安小区店),平安小区,"126.963799,45.544189",15245198280,黑龙江省,哈尔滨市,阿城区
浪漫剪约烫染工作室,金都街清真西小区会宁综合楼11门金澜路185号,"126.965283,45.535415",15146430958,黑龙江省,哈尔滨市,阿城区
晓东剪吧(富民隆商贸城店),智勇胡同富氏隆商贸城,"126.973412,45.537111",13206755340,黑龙江省,哈尔滨市,阿城区
新颖美发(三姓胡同),庆云小区法官之家2号楼,"126.977126,45.536228",18348592425,黑龙江省,哈尔滨市,阿城区
芊艺美业(和平小区店),和平小区20号楼芊艺美业,"126.977410,45.543559",15146891835,黑龙江省,哈尔滨市,阿城区
那三美发(工商街店),医院家属楼东门西北80米,"126.970913,45.533311",13029840327,黑龙江省,哈尔滨市,阿城区
优尼可·发型工作室,高明小区17号楼1单元101,"126.979611,45.538936",17614510995,黑龙江省,哈尔滨市,阿城区
剪爱发艺(锅炉厂住家属楼店),锅炉厂住家属楼西门东190米,"126.975073,45.535519",13895830451,黑龙江省,哈尔滨市,阿城区
名尚造型(北新路店),北新小区G栋18号门市,"126.966281,45.542391",15846339198,黑龙江省,哈尔滨市,阿城区
飘丝坊专业烫染,沐风街与长寿路交叉口西340米,"127.155463,45.750135",18545166896,黑龙江省,哈尔滨市,阿城区
雅丽美发(新龙城C3区店),新龙城1号门东侧,"126.976789,45.523058",13206754488,黑龙江省,哈尔滨市,阿城区
洁美发艺(和平小区店),牌路大街471号,"126.976382,45.544170",13836093166,黑龙江省,哈尔滨市,阿城区
吉米思发廊,兴和家园北门北50米,"126.967976,45.533786",13136769853,黑龙江省,哈尔滨市,阿城区
芊姿坊美发(庆云小区店),金都街道庆云小区七号楼,"126.978982,45.536149",15546606655,黑龙江省,哈尔滨市,阿城区
阿英烫染名店(诚信花园店),诚信花园西北门旁,"126.973830,45.530695",13936025921,黑龙江省,哈尔滨市,阿城区
丝柔造型(阳光居嘉园店),牌路大街557号三中华莱士旁边,"126.976641,45.547000",15331800045,黑龙江省,哈尔滨市,阿城区
萍萍发屋(源发路店),兴和家园北门西50米,"126.967537,45.533366",15045162762,黑龙江省,哈尔滨市,阿城区
丝丝烫染(和平小区店),和平小区28号楼,"126.978167,45.543036",13895837103,黑龙江省,哈尔滨市,阿城区
迷你美容美发(会宁路店),会宁路会宁嘉园,"126.981388,45.543806",15084690021,黑龙江省,哈尔滨市,阿城区
阿哲发艺,阿城第五中学旁,"126.967054,45.531879",15245132419,黑龙江省,哈尔滨市,阿城区
小8美容美发,牌路大街455号,"126.976334,45.543834",18945634687,黑龙江省,哈尔滨市,阿城区
丫丫美发,金都大街与延川大街交叉口西60米,"126.970038,45.530923",13684502158,黑龙江省,哈尔滨市,阿城区
美格,万米楼东北门东北50米,"126.973647,45.531202",13936102434,黑龙江省,哈尔滨市,阿城区
古贝发艺(中环西路店),北新小区-经济适用房西门南180米,"126.964505,45.542198",[],黑龙江省,哈尔滨市,阿城区
天美形象工作室,朝阳小区三号楼六门,"126.970995,45.541853",18746166249,黑龙江省,哈尔滨市,阿城区
思语美发(糖厂小区店),通城街糖厂6号楼甲33号,"126.982192,45.538354",15546385032,黑龙江省,哈尔滨市,阿城区
超美发型设计室,金都街道延川大街哈南小区4号楼,"126.973175,45.533448",13936052787,黑龙江省,哈尔滨市,阿城区
丽丽美发(万米楼店),继电器市场西门内左侧第四门,"126.973582,45.531325",13845167551,黑龙江省,哈尔滨市,阿城区
丽人发艺(和平小区店),和平四期1号楼一层6门,"126.978637,45.544205",15945945645,黑龙江省,哈尔滨市,阿城区
名家发型设计,三姓胡同2号劳动局家属楼,"126.976822,45.536343",15945123559,黑龙江省,哈尔滨市,阿城区
氧发堂天然植物染发,河畔丽景,"126.990544,45.548841",[],黑龙江省,哈尔滨市,阿城区
玖月美甲美睫纹绣工作室,北新三期5号楼12门门市,"126.966803,45.543094",15045262321,黑龙江省,哈尔滨市,阿城区
刘一纹身美甲工作室(文庙社区店),文庙社区,"126.979188,45.533386",15546112283,黑龙江省,哈尔滨市,阿城区
天赐纹身工作室,金城西街与延川大街交叉口东160米,"126.972502,45.539568",13199448033,黑龙江省,哈尔滨市,阿城区
畅畅绣美工作室(文庙社区店),人大三号楼一单元3门门市(地下车库旁),"126.978483,45.533546",18346220669,黑龙江省,哈尔滨市,阿城区
新沐美容护肤工作室(文庙社区店),人大二号楼6门,"126.978521,45.533375",15846505900,黑龙江省,哈尔滨市,阿城区
金灿灿美甲美睫工作室,金都街锅炉厂家属楼壹号楼一层四川麻辣烫旁,"126.975454,45.535540",[],黑龙江省,哈尔滨市,阿城区
美兮美学工作室,万博豪庭3号楼1层6室,"126.977840,45.530234",18117664066,黑龙江省,哈尔滨市,阿城区
简艺人生护肤造型(龙鑫小区店),龙鑫小区北门北60米,"126.960289,45.550888",18515576767,黑龙江省,哈尔滨市,阿城区
英明男士理发馆(绿波东关一品店),东关一品D5号楼14门,"126.982887,45.531008",[],黑龙江省,哈尔滨市,阿城区
男士理发馆,民权大街139号,"126.974424,45.541325",18249471706,黑龙江省,哈尔滨市,阿城区
明阳男士理发馆,金都街道中医养生馆阿城区文化中心家属楼,"126.976163,45.535932",15663418799,黑龙江省,哈尔滨市,阿城区
严严名发,五常镇文化路东方海悦水疗会馆对面375号,"127.159153,44.920029",13284608444,黑龙江省,哈尔滨市,五常市
88潮牌新丝陆美容美发有限公司(贵都大厦店),通达大街122号(和平酒店旁),"127.161980,44.919043",0451-51697778;15045277088;15245611645,黑龙江省,哈尔滨市,五常市
东沐美发(新华嘉园店),新华小区5号楼商铺105号,"127.166011,44.915231",13796172591,黑龙江省,哈尔滨市,五常市
徐国名发,通达大街223号,"127.159513,44.919834",0451-53533322;15146124888,黑龙江省,哈尔滨市,五常市
顶尖时尚烫染(哈尔滨五常市),五常镇鸿霖小区15号楼,"127.155279,44.927383",13796709901,黑龙江省,哈尔滨市,五常市
秋潮专业美容美发设计(水务住宅店),通达大街273号,"127.157386,44.920426",13796648689,黑龙江省,哈尔滨市,五常市
五贝子植物染发专家(五常店),通达大街183号(市幼儿园对面),"127.160893,44.919613",13104655059;13504508867,黑龙江省,哈尔滨市,五常市
天姿发型设计(通达大街店),五常镇北二道街市幼儿园斜对面,"127.160161,44.919725",13796647350,黑龙江省,哈尔滨市,五常市
小野发型设计,五常镇大配件,"127.164047,44.919123",18345319800,黑龙江省,哈尔滨市,五常市
晴朗美发(新华嘉园店),五常镇南二道街新华家园6号楼,"127.166460,44.915222",15134604939,黑龙江省,哈尔滨市,五常市
阿澜美发烫染店,建设大街124号新华嘉园,"127.166409,44.916172",13206641885,黑龙江省,哈尔滨市,五常市
领秀发型工作室(文化路店),五常镇五常县级市文化路387号,"127.159191,44.920288",[],黑龙江省,哈尔滨市,五常市
东博美发(机关小区店),凤凰大道189号,"127.228868,44.708673",[],黑龙江省,哈尔滨市,五常市
西格玛男士理发馆·Barbershop,文教南区北门金山大街186号西格玛男士理发馆,"127.158894,44.928789",15146123615,黑龙江省,哈尔滨市,五常市
小明发型设计总店,五常市市幼儿园斜对面文化小区商铺,"127.159851,44.919739",15244625467,黑龙江省,哈尔滨市,五常市
发型阁烫染工作室(福汇山水1期店),五常镇福汇山水一期2号楼,"127.161209,44.932219",[],黑龙江省,哈尔滨市,五常市
简序造型HairSalon,雅臣路436号,"127.164713,44.919922",15663410925,黑龙江省,哈尔滨市,五常市
角头美发(水务住宅店),五常镇新曙光街人大住宅楼1-2层9号,"127.158419,44.920535",15712918024,黑龙江省,哈尔滨市,五常市
一剪钟情专业烫染(诚信北区店),五常镇诚信小区1号楼,"127.157641,44.924185",15945764587;18246425696,黑龙江省,哈尔滨市,五常市
29元烫染,文化路79号,"127.158875,44.909575",15045179699;15134607930;15546494249,黑龙江省,哈尔滨市,五常市
子厚发型定制,通达大街207号,"127.159936,44.919711",15845117790,黑龙江省,哈尔滨市,五常市
那浩美容美发(诚信南区店),五常镇诚信小区14号楼体育街14号东7门,"127.158429,44.922022",13766923442;18746113442,黑龙江省,哈尔滨市,五常市
洋洋美业专业烫染会馆,山河客运站西南(217县道西),"127.208195,44.711746",18345327406,黑龙江省,哈尔滨市,五常市
发帝形象设计会馆,五常镇老农业局家属楼363号,"127.150243,44.920934",18245188884,黑龙江省,哈尔滨市,五常市
名尚造型,通达大街老公安局楼下,"127.152796,44.920573",13120471563,黑龙江省,哈尔滨市,五常市
亮仔剪艺坊(文教南区店),学府北街197号,"127.158625,44.926961",18845593586,黑龙江省,哈尔滨市,五常市
名仕发艺(哈尔滨五常市),长安小区501,"127.170911,44.921967",13104650166,黑龙江省,哈尔滨市,五常市
审美造型(永海大街店),拉林满族镇拉林镇恒远二期,"126.869124,45.235359",15046162767;15645699122,黑龙江省,哈尔滨市,五常市
鑫丽发型设计,文化路199号,"127.158956,44.914551",13194508587,黑龙江省,哈尔滨市,五常市
轻素栖花里(五常店),五常镇尚义社区亚臣路西冠业商业街22栋1层106号,"127.161669,44.921626",18246054088,黑龙江省,哈尔滨市,五常市
英源发艺,体育街16号诚信南区14号楼,"127.158411,44.922085",18348577277,黑龙江省,哈尔滨市,五常市
木凡造型,体育街49号木凡造型,"127.157073,44.922335",17310200273,黑龙江省,哈尔滨市,五常市
发新设(冠业·国际街区店),冠业·国际街区,"127.163250,44.922635",15846080556,黑龙江省,哈尔滨市,五常市
引领时尚,通达大街与二运路交叉口东80米,"127.153013,44.920552",15845014586,黑龙江省,哈尔滨市,五常市
金榜美发会馆(诚信南区店),五常镇文化路诚信大街56号诚信小区南区10号楼,"127.156578,44.922174",15945010806,黑龙江省,哈尔滨市,五常市
晓娟发型设计,山河大街138号东北100米,"127.215343,44.711030",15764609866,黑龙江省,哈尔滨市,五常市
超艺造型(泓霖现代城店),五常镇泓霖小区4号楼,"127.156354,44.925743",18746116770,黑龙江省,哈尔滨市,五常市
柒星发型设计(泓霖现代城店),五常镇红旗街泓霖现代城3栋6单元1层102号,"127.155572,44.925473",15776950319,黑龙江省,哈尔滨市,五常市
奥龙名发,五常镇通达大街口腔医院旁,"127.147118,44.921479",13251617333,黑龙江省,哈尔滨市,五常市
剪约造型(金峰小区店),牛家满族镇致富路24号(卫生院综合楼109室),"126.738950,45.350811",13503648401,黑龙江省,哈尔滨市,五常市
风格美发(泓霖现代城南),泓霖现代城4号楼5单元103,"127.155680,44.925747",13796695445,黑龙江省,哈尔滨市,五常市
小小美业(林业局分店),凤凰大道204号,"127.228067,44.709545",15545480678,黑龙江省,哈尔滨市,五常市
悦目造型(五常店),镇北二道街检察院家属楼悦目造型,"127.160154,44.919431",18545623556,黑龙江省,哈尔滨市,五常市
理享·studio(铭奥国际店),铭奥国际五号公建107栋,"127.177202,44.924352",[],黑龙江省,哈尔滨市,五常市
大众美发,亚臣路204号市医院北50米路西,"127.163832,44.912997",[],黑龙江省,哈尔滨市,五常市
剪爱专业发型烫染会馆(通达大街店),五常镇通达大街380号,"127.146989,44.921050",[],黑龙江省,哈尔滨市,五常市
晓芳理容中心,奋斗路与山河大街交叉口西北100米,"127.208129,44.711411",[],黑龙江省,哈尔滨市,五常市
金古名发(泓霖现代城店),五常镇鸿霖小区33号楼2门,"127.153563,44.927608",18246074202,黑龙江省,哈尔滨市,五常市
东野发艺发型设计(清华嘉园店),清华嘉园西南门旁,"127.157743,44.924455",[],黑龙江省,哈尔滨市,五常市
审美造型(山河大街店),山河镇中央大街购物广场建成通信旁,"127.215704,44.711046",15244645618,黑龙江省,哈尔滨市,五常市
五常市俊熙曲美容美发,文苑路永利小区商服2号,"127.156262,44.915702",15776966600,黑龙江省,哈尔滨市,五常市
理棠美发造型店,成功街福顺家园7栋4单元1层2号,"127.169563,44.925673",[],黑龙江省,哈尔滨市,五常市
靓剪发艺(雅臣路店),亚臣路258号,"127.163461,44.914587",[],黑龙江省,哈尔滨市,五常市
青丝坊发型设计中心,通达大街191号,"127.160440,44.919661",15045179679,黑龙江省,哈尔滨市,五常市
大波浪造型设计,文化路255号龙江银行胡同南10门,"127.159297,44.915956",17545572503,黑龙江省,哈尔滨市,五常市
一剪迷发型工作室,太平大街45号,"126.869585,45.238721",[],黑龙江省,哈尔滨市,五常市
张扬理发,五常镇通达大街迎宾小区1号楼,"127.162237,44.919332",[],黑龙江省,哈尔滨市,五常市
西贝造型(哈尔滨五常市),亚晨路比优特正门院里右侧往里走一号商服,"127.164895,44.921623",18339672789,黑龙江省,哈尔滨市,五常市
三毛美发沙龙(检察院家属楼店),通达大街156号,"127.159784,44.919432",13703671222,黑龙江省,哈尔滨市,五常市
瑞莉发艺,文化桥东路23号,"127.162596,44.922568",[],黑龙江省,哈尔滨市,五常市
小贺专业美发烫染(冠业国际街区店),冠业二期22号楼11门,"127.161345,44.921533",15045360558,黑龙江省,哈尔滨市,五常市
石榴daddy儿童美发(开发区小区店),希望大街271号,"127.167094,44.922842",13936535358,黑龙江省,哈尔滨市,五常市
韩峰发型设计,文化路173号南三道街丽都宾馆北面第一家,"127.158839,44.913918",[],黑龙江省,哈尔滨市,五常市
轨剪剪业,背荫河大街政府楼1号门 邮局西侧轨剪剪业,"127.002436,45.172494",13136679655,黑龙江省,哈尔滨市,五常市
超艺专业烫染,铭奥国际1号门旁,"127.172760,44.921983",18346567889,黑龙江省,哈尔滨市,五常市
纳斯造型,文化路与农机街交叉口南180米,"127.158886,44.908651",[],黑龙江省,哈尔滨市,五常市
尚美造型(金山大街店),天城缘小区西南门旁,"127.170505,44.929588",15244635736,黑龙江省,哈尔滨市,五常市
德丽发屋,山林医院西南门西北100米,"127.232773,44.708681",[],黑龙江省,哈尔滨市,五常市
赵鹏发艺(富力商业街店),拉林镇富力广场底商,"126.868702,45.236365",17645143732,黑龙江省,哈尔滨市,五常市
湖北美发(人和路店),五常镇老客运站人和街130号,"127.167293,44.917168",18246593028,黑龙江省,哈尔滨市,五常市
梦丝美造型烫染名店,奋斗路东50米,"127.209135,44.708645",[],黑龙江省,哈尔滨市,五常市
羽桐造型(新华小区西区店),文苑路259号,"127.156775,44.923325",17766557707,黑龙江省,哈尔滨市,五常市
军强美发,建设大街与雅臣路交叉口东80米,"127.164915,44.917155",[],黑龙江省,哈尔滨市,五常市
嫣然美业(运政小区店),通达大街66号,"127.164003,44.918806",13940965131;18348647088,黑龙江省,哈尔滨市,五常市
峰一珍Beautiful发型工作室,体育街8号,"127.158659,44.922107",13633652275,黑龙江省,哈尔滨市,五常市
芒果美发,龙山小区东北侧,"127.228859,44.708079",14794607200,黑龙江省,哈尔滨市,五常市
佳造型,山河镇共和街7委30组,"127.207753,44.715540",15590898662,黑龙江省,哈尔滨市,五常市
孙奇发型设计,五常镇北2到街市幼儿园斜对面,"127.160481,44.919675",15945023861,黑龙江省,哈尔滨市,五常市
发匠造型,雅臣路交通小区发匠造型,"127.166230,44.924615",[],黑龙江省,哈尔滨市,五常市
大志造型,517乡道与康乐街交叉口北440米,"127.617570,44.446031",[],黑龙江省,哈尔滨市,五常市
名人美发,山河镇林业局天惠自选东走第二家名人美发,"127.227940,44.710695",[],黑龙江省,哈尔滨市,五常市
绮梦发艺(中心小区店),劝业胡同(五常市幼儿园斜南面50米路西),"127.160318,44.918272",13936551228;18646105665,黑龙江省,哈尔滨市,五常市
美格造型,致富路与学府街交叉口东南300米,"126.739516,45.352453",13836115637,黑龙江省,哈尔滨市,五常市
月月发艺(清华嘉园店),清华嘉园西南门旁,"127.157647,44.924473",15246618403,黑龙江省,哈尔滨市,五常市
西米形象工作室(财政小区店),文苑路财政小区,"127.156129,44.919011",[],黑龙江省,哈尔滨市,五常市
星缘美发厅(机关小区店),凤凰大道183号,"127.228902,44.708648",13504507378,黑龙江省,哈尔滨市,五常市
精艺造型时尚烫染(教育大厦店),五常镇教育大厦楼下,"127.155439,44.922086",15004632355,黑龙江省,哈尔滨市,五常市
初心美发沙龙(泓霖现代城店),鸿霖小区36号楼初心美发沙龙,"127.157025,44.927311",13796644906,黑龙江省,哈尔滨市,五常市
明哲美发工作室(五常水务住宅店),通达大街与文化路交叉口西40米,"127.158518,44.920586",18345328793,黑龙江省,哈尔滨市,五常市
一木美发沙龙,畜牧小区,"127.158493,44.915660",18645188891,黑龙江省,哈尔滨市,五常市
东影美容美发(龙华小区店),龙华小区,"127.227559,44.710474",[],黑龙江省,哈尔滨市,五常市
铭阳发型设计,市幼儿园胡同道东,"127.160383,44.918595",[],黑龙江省,哈尔滨市,五常市
芳香天使美容美发会所,泓霖现代城,"127.154911,44.925429",18348566441,黑龙江省,哈尔滨市,五常市
乐乐名发(诚信北区店),五常镇诚信小区一号楼一中对面,"127.157366,44.924085",13100907620,黑龙江省,哈尔滨市,五常市
小智烫染机构(诚信南区店),五常市文化路350号诚信南区,"127.158922,44.921179",17703619595,黑龙江省,哈尔滨市,五常市
美鑫美业,文苑路与金山大街辅路交叉口南100米,"127.157087,44.928042",18249459993,黑龙江省,哈尔滨市,五常市
极简美发,五常镇文苑路泓霖现代城3商服东4门极简美发,"127.156363,44.925472",17545526036,黑龙江省,哈尔滨市,五常市
大超私人专属空间美发沙龙五常店D.C,文化路与开发大街交叉口北约100米,"127.158497,44.916160",17072636111,黑龙江省,哈尔滨市,五常市
嘉慧发艺工作室,文化桥东街与文化路交叉口东140米,"127.160864,44.922066",[],黑龙江省,哈尔滨市,五常市
阿娇发型设计(第三分店),希望大街159号,"127.171327,44.921830",13945644147,黑龙江省,哈尔滨市,五常市
晓东造型形象设计(福汇山水1期店),福汇山水1号楼12门晓东造型,"127.163122,44.932294",[],黑龙江省,哈尔滨市,五常市
洋洋专业烫染店,翰林名苑东北门东90米,"127.168906,44.922543",[],黑龙江省,哈尔滨市,五常市
金韵美发沙龙,福汇山水一期一号楼14门商服,"127.162884,44.932275",[],黑龙江省,哈尔滨市,五常市
鑫宸发型设计中心,文化路209号,"127.158884,44.914726",13001278216,黑龙江省,哈尔滨市,五常市
顶尚名丝发型工作室(诚信南区店),五常镇文化路诚信大街56号诚信小区南区,"127.157845,44.922088",17645051423,黑龙江省,哈尔滨市,五常市
喜理儿童理发馆,文化桥东路17号,"127.162730,44.922658",[],黑龙江省,哈尔滨市,五常市
小田发型设计,龙康小区西南门西北350米,"127.231487,44.711205",[],黑龙江省,哈尔滨市,五常市
秀发丝雨(朝中家属楼店),五常镇文化桥东路兴业小区8号楼,"127.162507,44.922551",17645015567,黑龙江省,哈尔滨市,五常市
审美造型,致富路与学府街交叉口南460米,"126.737944,45.350838",13694615654,黑龙江省,哈尔滨市,五常市
风尚专业烫染工作室,希望大街6号(冠业小区六号楼),"127.163586,44.922847",18746460109,黑龙江省,哈尔滨市,五常市
阿信美容美发(恒远嘉园1期店),恒远嘉园1期,"126.869551,45.235073",15636081444,黑龙江省,哈尔滨市,五常市
成语造型,泓霖现代城24号楼东10门,"127.154390,44.925560",15945017604,黑龙江省,哈尔滨市,五常市
美约发型设计,文化路229号,"127.158904,44.915857",13811410222,黑龙江省,哈尔滨市,五常市
欧典名发馆,文化路255号,"127.158992,44.916296",13633652066,黑龙江省,哈尔滨市,五常市
康婷美容美发店,鸿霖现代城四号楼,"127.156302,44.925743",13804599395,黑龙江省,哈尔滨市,五常市
名流美发(东环路店),奋斗路与文化街交叉口南120米,"127.208465,44.712065",[],黑龙江省,哈尔滨市,五常市
名简造型,通达大街101号名简造型,"127.163556,44.919119",13184411091,黑龙江省,哈尔滨市,五常市
徐威名发(诚信北区店),体育街57号诚信北区徐威名发,"127.157066,44.922375",13796756521,黑龙江省,哈尔滨市,五常市
格·调名发馆,152县道与永海大街交叉口南100米,"126.870904,45.235448",15246616062,黑龙江省,哈尔滨市,五常市
丝阁造型专业烫染会所,拉林镇顺天府小区189号商服Bobo ktv旁边,"126.868086,45.237535",13206684546,黑龙江省,哈尔滨市,五常市
金剪子时尚染烫,荣府家园东1门旁,"127.172257,44.930699",[],黑龙江省,哈尔滨市,五常市
初见造型,人和路338号二中西门,"127.170002,44.924092",17611145352,黑龙江省,哈尔滨市,五常市
东方艺人美发沙龙,通达大街337号,"127.153386,44.920584",15845042998,黑龙江省,哈尔滨市,五常市
于超美发沙龙(泓霖名苑店),五常镇南二道街农行对面,"127.155542,44.915362",15134601599,黑龙江省,哈尔滨市,五常市
鑫琪理容中心(机关小区店),山河屯林业局凤凰大道凤凰嘉园5号商都,"127.228734,44.709618",13803649108,黑龙江省,哈尔滨市,五常市
F·G潮流馆(恒远一期),恒远嘉园1期,"126.870228,45.235321",13936131284,黑龙江省,哈尔滨市,五常市
焦点发型设计,学院街10号,"127.230736,44.707437",15244636520,黑龙江省,哈尔滨市,五常市
小华名剪,建设大街491号,"127.165304,44.917077",13836051726,黑龙江省,哈尔滨市,五常市
枫悦美容美发,通达大街27号,"127.166854,44.918556",18646288072,黑龙江省,哈尔滨市,五常市
姜力头道体验店(五常体育馆店),体育东路五常体育馆,"127.151447,44.924504",15636165877;15663478888,黑龙江省,哈尔滨市,五常市
心怡feel剪烫染连锁机构,希望大街524号,"127.155304,44.924395",16555577100,黑龙江省,哈尔滨市,五常市
八赫发型会馆,五常镇冠业比优特超市后门电大二期,"127.161475,44.922297",15945999964,黑龙江省,哈尔滨市,五常市
流行美专业烫染店,八家子乡街里,"127.051578,45.232519",13633681808,黑龙江省,哈尔滨市,五常市
金尊美发,向阳镇金尊美发,"127.427785,44.625287",18249140681,黑龙江省,哈尔滨市,五常市
兰斯美业,文化桥东路与希望大街交叉口西南60米,"127.163066,44.922557",15776091523,黑龙江省,哈尔滨市,五常市
尚世美发店,诚信小区19号楼南4门,"127.156286,44.922767",13936222595,黑龙江省,哈尔滨市,五常市
铭流美发(泓霖现代城店),五常镇泓霖现代城3号楼1单元,"127.156573,44.925468",15774609230,黑龙江省,哈尔滨市,五常市
发欣欣造型,盛世花园北区西门旁,"127.147827,44.923113",15246613736,黑龙江省,哈尔滨市,五常市
丝尚造型(金泰新区店),金泰新区9号楼4门商服,"127.157406,44.930623",15244640715,黑龙江省,哈尔滨市,五常市
赵丹美发,站前路与诚信大街交叉口西北20米,"127.144509,44.923377",[],黑龙江省,哈尔滨市,五常市
简艺造型店,龙江银行简艺造型,"127.159280,44.916159",17134455554,黑龙江省,哈尔滨市,五常市
创艺造型烫染工作室(盛世花园店),盛世花园一号楼,"127.150030,44.922620",18646116575,黑龙江省,哈尔滨市,五常市
不可丝艺美发店,牛家满族镇不可丝艺美发店,"126.738801,45.351206",15134649617,黑龙江省,哈尔滨市,五常市
佳美理发中心(富力商业街店),拉林满族镇顺天府大街206号,"126.867340,45.237102",15945765958,黑龙江省,哈尔滨市,五常市
人美发廊,山河镇奋斗路166号路东人美发型设计,"127.208410,44.711719",18746460456,黑龙江省,哈尔滨市,五常市
小小剪业(恒远嘉园1期店),152县道与永海大街交叉口南100米,"126.871038,45.235473",13199518794,黑龙江省,哈尔滨市,五常市
雕刻时光美发沙龙,利民路与龙山街交叉口南180米,"127.230578,44.707427",13633698849,黑龙江省,哈尔滨市,五常市
梦园美发(亚臣路),五常镇亚臣路142号,"127.163374,44.913545",13796811161,黑龙江省,哈尔滨市,五常市
大威私人订制美发工作室,泓霖名苑东门东北70米,"127.156190,44.916333",18346564447,黑龙江省,哈尔滨市,五常市
太子发艺(诚信南区店),五常镇文化路诚信大街56号诚信小区南区,"127.157014,44.922135",15046164182;15734511985;15946067116,黑龙江省,哈尔滨市,五常市
一凡Barber理发馆,文教小区南区,"127.157475,44.928075",[],黑龙江省,哈尔滨市,五常市
黎明发型工作室,229国道与163县道交叉口东北80米,"127.610348,44.907578",15546112999,黑龙江省,哈尔滨市,五常市
云顶美容美发,文化路328号,"127.158754,44.919916",[],黑龙江省,哈尔滨市,五常市
慕一美发工作室,五常镇新曙光街清华嘉园1栋1-2层10号,"127.157777,44.924423",15245246451,黑龙江省,哈尔滨市,五常市
小丑丫发型设计(荣耀诗阳名苑店),荣耀诗阳名苑2号楼,"127.149672,44.919622",[],黑龙江省,哈尔滨市,五常市
独领美发美甲美睫店,葵花大街296号,"127.155488,44.913247",15045172550,黑龙江省,哈尔滨市,五常市
羽溪造型,雅臣路406号,"127.164487,44.919298",16604329933,黑龙江省,哈尔滨市,五常市
嘉峰美发工作室,人和路与文明路交叉口西北60米,"127.168190,44.920229",18510210449;18514526076,黑龙江省,哈尔滨市,五常市
轩轩发型设计(开发区小区店),希望大街225号,"127.168801,44.922566",18246592694,黑龙江省,哈尔滨市,五常市
星悦造型(福熙帝景店),福熙帝景东南门旁,"127.172190,44.931325",[],黑龙江省,哈尔滨市,五常市
沙卡拉卡美容美发吧,兴隆大街,"126.906525,45.299725",[],黑龙江省,哈尔滨市,五常市
王岩发型设计,建设大街与步行街交叉口西北140米,"127.160238,44.917936",13703670078,黑龙江省,哈尔滨市,五常市
佰草圃阿娇发型设计连锁,文化路195号,"127.158956,44.914451",13945644147,黑龙江省,哈尔滨市,五常市
大雷美发(物价小区西),五常镇冠业小区8号楼南侧,"127.163580,44.921704",[],黑龙江省,哈尔滨市,五常市
珊珊造型(福满嘉园店),五常镇福满嘉园一期13号楼东2门,"127.157467,44.908829",15244640991,黑龙江省,哈尔滨市,五常市
初心美发(龙华小区店),龙华小区,"127.227267,44.710874",13804594757,黑龙江省,哈尔滨市,五常市
小臣发型设计(哈尔滨五常市建设大街步行街店),五常市粮食局家属楼1单元,"127.158521,44.917367",15663487999,黑龙江省,哈尔滨市,五常市
小宇美发(诚信南区店),五常镇文化路诚信大街56号诚信小区南区,"127.156733,44.922145",15045178234,黑龙江省,哈尔滨市,五常市
梦宇美容美发(金泰东区北区店),金泰东区北区西南门西90米,"127.166451,44.920124",[],黑龙江省,哈尔滨市,五常市
新星美发专业店,文化路与葵花大街交叉口南60米,"127.158795,44.912928",13100835556,黑龙江省,哈尔滨市,五常市
王子发艺刺青(泓霖现代城店),五常镇鸿霖现代城13号楼,"127.155506,44.927595",[],黑龙江省,哈尔滨市,五常市
飞跃美发,背荫河大街与007乡道交叉口西180米,"127.004751,45.171771",0451-55851046,黑龙江省,哈尔滨市,五常市
发源缔专业烫染(福熙帝景店),福熙帝景东南门旁,"127.172156,44.931203",18246593501,黑龙江省,哈尔滨市,五常市
帝王发型设计,山河镇客运站对面,"127.208199,44.711562",[],黑龙江省,哈尔滨市,五常市
斯帝秀美发沙龙,顺天府大街与152县道交叉口西100米,"126.869478,45.238108",[],黑龙江省,哈尔滨市,五常市
梦美美发(五常龙江医院东),五常镇南三道街老防疫站楼下,"127.161768,44.913520",15145127295,黑龙江省,哈尔滨市,五常市
源源剪吧(开发区小区店),五常镇开发区243号,"127.168165,44.922647",[],黑龙江省,哈尔滨市,五常市
颖儿发型设计,金山大街泓霖现代城,"127.154291,44.927668",[],黑龙江省,哈尔滨市,五常市
美澳发型设计,五常镇鸿霖现代城8号楼5单元,"127.156183,44.927385",[],黑龙江省,哈尔滨市,五常市
永尚专业烫染,拉林满族镇拉林镇福昌楼下,"126.869708,45.238167",[],黑龙江省,哈尔滨市,五常市
鸿源发艺,163县道与203省道交叉口西150米,"127.607485,44.906782",[],黑龙江省,哈尔滨市,五常市
日兴美发(五常市冠业街区店),冠业街区,"127.164093,44.921344",[],黑龙江省,哈尔滨市,五常市
朝代造型(美食一条街店),美食一条街,"126.868845,45.235318",[],黑龙江省,哈尔滨市,五常市
守忆人形象店,229国道与163县道交叉口西北180米,"127.608724,44.908715",15945043735,黑龙江省,哈尔滨市,五常市
舒心发廊,永海大街与152县道交叉口西南200米,"126.868788,45.235309",[],黑龙江省,哈尔滨市,五常市
海英美发设计,五常镇金泰东区C1栋19号,"127.166997,44.920027",[],黑龙江省,哈尔滨市,五常市
蓝梦发型设计,516乡道与兴盛大街交叉口北40米,"127.066292,44.874437",[],黑龙江省,哈尔滨市,五常市
天利理发,华富裕景北门西120米,"126.872015,45.235176",[],黑龙江省,哈尔滨市,五常市
王刚造型(文化路店),五常镇文化路街畜牧局胡同,"127.158176,44.915868",[],黑龙江省,哈尔滨市,五常市
剪艺坊,拉林满族镇福昌西侧,"126.869737,45.238013",[],黑龙江省,哈尔滨市,五常市
圆梦美发,拉林满族镇拉林镇镇政府楼下,"126.869940,45.238880",[],黑龙江省,哈尔滨市,五常市
华美美发沙龙,太平大街(花园名苑对面),"126.869397,45.238457",[],黑龙江省,哈尔滨市,五常市
鑫鑫美容美体美发中心,山河镇宣教街凤凰嘉园,"127.229032,44.709773",[],黑龙江省,哈尔滨市,五常市
欧艺造型(诚信南区店),体育街30号,"127.157988,44.922076",13763434039,黑龙江省,哈尔滨市,五常市
王野发型设计,五常镇成功街三委五组,"127.161369,44.919460",13796172876,黑龙江省,哈尔滨市,五常市
TL·与时,阳光二期对面福明嘉园1栋1-2层东9号,"127.153516,44.922441",19530045037,黑龙江省,哈尔滨市,五常市
芳芳美发纹刺(建设大街店)一百胡同,龙跃市场3号楼2门,"127.162808,44.917726",13796756779,黑龙江省,哈尔滨市,五常市
小小美发美甲,山河镇大十街北客运站对面,"127.208160,44.712009",[],黑龙江省,哈尔滨市,五常市
回头率烫染工作室,杜家镇回头率烫染工作室,"127.199439,44.819211",18249025835,黑龙江省,哈尔滨市,五常市
尘刺青纹身艺术工作室,文化桥东路冠业二期商服16号楼6门,"127.161542,44.921985",15734515507,黑龙江省,哈尔滨市,五常市
美熙纹绣美甲美睫工作室,拉林镇富力广场外侧商服金禅意床上用品东门,"126.867958,45.236388",15146449855,黑龙江省,哈尔滨市,五常市
理享小姜名发预约工作室,广场小区八号楼六单元一零一,"127.164390,44.926515",13204602345,黑龙江省,哈尔滨市,五常市
涵钰美妆工作室,永海大街152县附近,"126.869326,45.238696",[],黑龙江省,哈尔滨市,五常市
彤彤美容工作室,文化桥东路52号,"127.162641,44.922411",17745166869;18746460431,黑龙江省,哈尔滨市,五常市
玲玲皮肤管理工作室,文化小区8号门,"127.160086,44.920314",[],黑龙江省,哈尔滨市,五常市
朗峰专业美发沙龙(爱建店),安隆街92号,"126.608395,45.761067",0451-84560577;0451-84560677,黑龙江省,哈尔滨市,道里区
辰木造型STYLE(中央大街店),东风街副39号辰木造型,"126.616530,45.771937",13654651237,黑龙江省,哈尔滨市,道里区
GW造型(银泰城店),群力第二大道780号,"126.538398,45.737750",0451-84810277;18903605952,黑龙江省,哈尔滨市,道里区
X Hair Salon张新美业(银泰城悦街),丽江路3906号,"126.540698,45.739571",0451-81107666,黑龙江省,哈尔滨市,道里区
DL HOPE明星造型(卓展旗舰店),卓展1期,"126.606667,45.756340",13029847701,黑龙江省,哈尔滨市,道里区
巴顿男士理容(群力店),群力第一大道1821号,"126.538636,45.743365",19303666464,黑龙江省,哈尔滨市,道里区
朗峰专业美发沙龙(金安店),中央大街1号哈尔滨中央大街,"126.621291,45.771739",0451-87108666,黑龙江省,哈尔滨市,道里区
菲绅形象设计,经纬街176号,"126.615883,45.768961",0451-51070179;15045800797,黑龙江省,哈尔滨市,道里区
7号公社美发工作室,中医街32号,"126.617148,45.774960",0451-84692770,黑龙江省,哈尔滨市,道里区
希芙(玫瑰湾·珑岸店),群力第七大道2889号(玫瑰湾·珑岸),"126.551744,45.720376",0451-57850630;18346111708,黑龙江省,哈尔滨市,道里区
喜拓造型(群力店),翠湖新天地7号楼1层07号商铺,"126.537469,45.731885",17161376789,黑龙江省,哈尔滨市,道里区
STAR SALON明星沙龙(中央大街店),红霞街副45号,"126.616674,45.774033",0451-84571775,黑龙江省,哈尔滨市,道里区
朗峰专业美发沙龙(关东古巷店),关东古巷西北门东180米,"126.566619,45.735000",0451-51666456,黑龙江省,哈尔滨市,道里区
宏鑫美发沙龙(河松店),正阳河街道河松街131号,"126.583773,45.749156",13624502599,黑龙江省,哈尔滨市,道里区
C位 Salon·烫发染发造型(中央大街店),通江街27-3号,"126.616312,45.770196",13100845588,黑龙江省,哈尔滨市,道里区
青燃喜男士理容,群力第一大道保利城二期商服10-4(3501号),"126.530092,45.742215",15636018585,黑龙江省,哈尔滨市,道里区
尤司男士国潮理发馆(哈尔滨中央大街曼哈顿店),曼哈顿商厦二期六楼,"126.626147,45.768969",16646196213,黑龙江省,哈尔滨市,道里区
潘多拉美发·染发·漂发(河松店),河松街187号河松小区1期,"126.582350,45.748940",[],黑龙江省,哈尔滨市,道里区
朗峰专业美发沙龙(银泰城奢享店),群力大道2399号银泰城购物中心B1层,"126.541275,45.736575",0451-83072000,黑龙江省,哈尔滨市,道里区
蘭美发沙龙(群力远大店),群力第四大道1457号,"126.556511,45.737629",13091863035,黑龙江省,哈尔滨市,道里区
INSI Hair Salon(麦凯乐店),尚志大街75号麦凯乐公寓A座10楼A09室,"126.623259,45.771902",15146631471,黑龙江省,哈尔滨市,道里区
阿龙美业(经纬八道街店),经纬八道街副10号,"126.612206,45.769691",0451-82503888;0451-84278747;15645112233,黑龙江省,哈尔滨市,道里区
鲍刚造型,河松街14号(锦江绿色家园小区公交站旁),"126.592163,45.748223",0451-84628339;18646077221,黑龙江省,哈尔滨市,道里区
MUYE国潮男士·烫发·染发(中央大街店),中央大街222号百盛购物中心中央大街店B1层,"126.616599,45.778848",15245103497,黑龙江省,哈尔滨市,道里区
朗峰专业美发沙龙(群力远大店),工农街道群力大道1176号远大购物中心4楼,"126.556718,45.738051",0451-55566690,黑龙江省,哈尔滨市,道里区
蒂伊小野造型(爱建滨江写字楼店),爱建路9-3号蒂伊小野造型,"126.603279,45.764678",15114657714,黑龙江省,哈尔滨市,道里区
妃格形象设计(韵格店),工农大街453号漫步·巴黎,"126.573892,45.728533",0451-84311373,黑龙江省,哈尔滨市,道里区
大小双男士发型美学空间,群力第二大道762号,"126.539381,45.738144",0451-87623236;15663451319,黑龙江省,哈尔滨市,道里区
LING·玲美发工作室染发·烫发·漂发(建国南头道街店),建国南头道街34-36,"126.604059,45.750779",13845180668,黑龙江省,哈尔滨市,道里区
八英里男士理发馆(爱建店),达道街18号(公路大桥地铁站2号口步行370米),"126.599745,45.756517",18545130051,黑龙江省,哈尔滨市,道里区
拂丝造型,高谊街38号(中央大街地铁站3号口步行420米),"126.612770,45.771654",0451-81312333;18545562890,黑龙江省,哈尔滨市,道里区
亦色造型(爱建滨江写字楼店),爱建路7-13号,"126.603773,45.765831",0451-87738189;15114595923,黑龙江省,哈尔滨市,道里区
MONE美发沙龙(银泰城店),群力大道2399号银泰城购物中心F2层,"126.541471,45.736490",0451-51868789,黑龙江省,哈尔滨市,道里区
YORK越克男士专属沙龙(爱建店),上海街96号2楼上海路与紫园路交叉口西北40米,"126.604623,45.760926",0451-84282821;18644082757,黑龙江省,哈尔滨市,道里区
AI墨造型(铜锣湾店),群力第五大道518号铜锣湾广场F2层,"126.567775,45.734975",17645546437,黑龙江省,哈尔滨市,道里区
美艺发型连锁(群力总店) 漫步巴黎,工农大街493号,"126.572269,45.727433",0451-84307899;18686881456,黑龙江省,哈尔滨市,道里区
麦田造型美发沙龙(上海沙龙店),鸿润路113号,"126.601042,45.766407",0451-82971111,黑龙江省,哈尔滨市,道里区
短发故事(群力家园K区店),融江路766号,"126.541202,45.711345",15104600489,黑龙江省,哈尔滨市,道里区
九号美发沙龙(河梁街店),河梁街9号(公路大桥地铁站3号口步行90米),"126.595144,45.757050",14745723999,黑龙江省,哈尔滨市,道里区
菲拉派瑞(群力店),群力第四大道1361号,"126.557748,45.737804",0451-84317860,黑龙江省,哈尔滨市,道里区
哈尔滨Ace Hair爱司美发沙龙(明星店),上海街6号海上银座A栋2108室,"126.599163,45.765397",13936334553,黑龙江省,哈尔滨市,道里区
MONE(关东古巷王府井百货店),景江东路899号王府井购物中心(关东古巷店)B1层,"126.566992,45.733176",0451-53933339,黑龙江省,哈尔滨市,道里区
神剪美发,"河润街92号,中央大街公路大桥地铁站东南30米","126.597410,45.757277",15045066717;15045068845,黑龙江省,哈尔滨市,道里区
短发故事(阳光印象店),工农大街144号阳光印象,"126.567001,45.723164",[],黑龙江省,哈尔滨市,道里区
瑷尔博士(爱建店),爱琴路42号(公路大桥地铁站1号口步行490米),"126.597970,45.761338",18846762435,黑龙江省,哈尔滨市,道里区
SIESTA西斯塔发型设计(富力广场201),友谊西路660富力广场L201室,"126.587081,45.757192",0451-84831777,黑龙江省,哈尔滨市,道里区
妃格美发沙龙.烫发.染发(民生尚都店),群力第六大道4100号,"126.515854,45.720356",15045857820,黑龙江省,哈尔滨市,道里区
一森发型设计工作室(中海寰宇天下店),群力第六大道与朗江路交汇处19栋1-2层7号商服,"126.534425,45.724875",15145195237,黑龙江省,哈尔滨市,道里区
LD美发沙龙,森林街副29号(哈尔滨市卫生学校西北2门旁),"126.626760,45.776392",15045623283,黑龙江省,哈尔滨市,道里区
西玛SHIMA美发沙龙,上海街66号麦当劳二楼,"126.603167,45.761900",0451-84282818,黑龙江省,哈尔滨市,道里区
3+美发沙龙,森林街5号,"126.629005,45.776842",0451-84613933,黑龙江省,哈尔滨市,道里区
斑比宝宝儿童美发乐园(群力王府井店),工农街道景江东路899号王府井购物中心三楼029A,"126.566767,45.732997",18714609883,黑龙江省,哈尔滨市,道里区
吴琼哈尔滨接发·染发·天花板(种草店),工农街道群力第四大道1429号远大购物中心商业街1楼B2-24号,"126.556625,45.738125",18249468741,黑龙江省,哈尔滨市,道里区
FY STUDIO 美发美甲沙龙,西十一道街9号,"126.622023,45.771479",18546160997,黑龙江省,哈尔滨市,道里区
We Hair Salon(卓展店),安隆街106号卓展一期四楼,"126.605075,45.757325",0451-87736878,黑龙江省,哈尔滨市,道里区
资生堂专业美发(金安国际购物广场店),中央大街69号金安国纪3楼KN资生堂美发,"126.619996,45.771589",0451-84634488,黑龙江省,哈尔滨市,道里区
首迦洗头吧(爱建)店,艺品格调西南门西北60米,"126.598545,45.760982",18045557377,黑龙江省,哈尔滨市,道里区
younghair美发沙龙(民生尚都祥园店),群力西区民生尚都c23栋1-4层商品房17号房,"126.521983,45.721762",18348673250,黑龙江省,哈尔滨市,道里区
小5造型(安国街),安国街249号,"126.608486,45.756624",13766865207,黑龙江省,哈尔滨市,道里区
朵奈丝(中海寰宇天下店),第六大道融江路交叉口中海寰宇天下35栋13门市,"126.541417,45.723519",0451-51917000,黑龙江省,哈尔滨市,道里区
概念'S HAIR SALON(哈尔滨群力远大店),群力街道群力第四大道1333号B3栋1层3号,"126.556428,45.737815",15545252917,黑龙江省,哈尔滨市,道里区
蓝灯造型通顺街店,通顺街45-2号,"126.598067,45.736803",0451-51035059,黑龙江省,哈尔滨市,道里区
MEGA时尚潮男设计(王府井店),景江东路899号王府井商场2F-033,"126.566175,45.732825",[],黑龙江省,哈尔滨市,道里区
小野造型(群力王府井店),工农街道景江东路899号王府井购物中心B1层,"126.566890,45.733407",0451-84311598,黑龙江省,哈尔滨市,道里区
南风美发,大安街92号1单元1层1号,"126.615657,45.770439",18646095929,黑龙江省,哈尔滨市,道里区
天艺美发沙龙(哈尔滨中央大街店),中医街26号,"126.617378,45.775019",15104544454,黑龙江省,哈尔滨市,道里区
4K理发馆(群力第七大道店),群力第七大道569号,"126.569252,45.731127",0451-84822222,黑龙江省,哈尔滨市,道里区
奕美国际美容美发会所,安隆街51号,"126.607276,45.765183",0451-84211199,黑龙江省,哈尔滨市,道里区
短发时光美发沙龙(爱建卓展店),上海街99号卓展二期三楼中影国际影城短发时光美发沙龙,"126.603085,45.760382",0451-81355333,黑龙江省,哈尔滨市,道里区
一剪钟情时尚造型(新亭街),新亭街15号,"126.585995,45.738321",0451-84332949,黑龙江省,哈尔滨市,道里区
韩美发艺(韩国美发店),爱琴路20号(公路大桥地铁站1号口步行450米),"126.598195,45.760991",0451-87050505,黑龙江省,哈尔滨市,道里区
瑞·接发·染发·巴黎画染发(种草店),群力第四大道1429号B区1楼远大购物中心南门B3商业街,"126.556575,45.737825",18249468741,黑龙江省,哈尔滨市,道里区
艺简之秀烫染沙龙,安广街130号艺简之秀美发沙龙,"126.609293,45.759556",15244622211,黑龙江省,哈尔滨市,道里区
匠子日式剪发,河洲街2-3号,"126.596373,45.759063",13796096399,黑龙江省,哈尔滨市,道里区
伊佐高级发型定制,工农大街118-3号,"126.568219,45.724170",0451-84320989,黑龙江省,哈尔滨市,道里区
TF·HAIR(上海沙龙店),鸿润路57号,"126.602812,45.766788",0451-84212311;13144504677,黑龙江省,哈尔滨市,道里区
红头发·韩国美发会所(招商·贝肯山一期店),元江路552号(招商·贝肯山一期东1门旁),"126.537888,45.743760",13936001262,黑龙江省,哈尔滨市,道里区
DD美发(大安街店),大安街102号(中央大街地铁站1号口步行290米),"126.614849,45.770185",13836167709;15145116478,黑龙江省,哈尔滨市,道里区
爆米花儿童美发乐园(王府井店),景江东路899号王府井购物中心3F楼020,"126.565725,45.732325",0451-84319555,黑龙江省,哈尔滨市,道里区
小贝发型设计(哈尔滨中央大街店),红专街56号(中央大街地铁站1号口步行470米),"126.615982,45.772598",18686895957,黑龙江省,哈尔滨市,道里区
Belief BarberShop信念男士理发店,工程街76号(人民广场地铁站1号口步行150米),"126.606713,45.773684",18645067521,黑龙江省,哈尔滨市,道里区
尚都美场(工农大街店),工农大街53号(美晨家园东南1门东北140米),"126.580876,45.733012",[],黑龙江省,哈尔滨市,道里区
妃格形象设计(汇锦香槟湾店),朗江路1789号(第二大道与朗江路围合处汇锦香槟湾),"126.530478,45.738790",0451-51017869;13101501430,黑龙江省,哈尔滨市,道里区
慕媛·美发空间,黑龙江省道里区工厂街27号,"126.630557,45.766785",16645166668;18348554456,黑龙江省,哈尔滨市,道里区
格调发型设计(哈尔滨中央大街店),通江街道中医街100号,"126.614459,45.774235",13945676590,黑龙江省,哈尔滨市,道里区
章光101(经纬街店),经纬街221号章光101,"126.614242,45.769794",13895774287,黑龙江省,哈尔滨市,道里区
秀阁HairSalon,森林街29号(哈尔滨市卫生学校西北2门旁),"126.626757,45.776414",18604602234,黑龙江省,哈尔滨市,道里区
三色灯美发沙龙(贝肯山店),融江路4223号,"126.535076,45.743752",[],黑龙江省,哈尔滨市,道里区
发现造型(高谊街店),高谊街副41号(中央大街地铁站1号口步行460米),"126.613157,45.771818",15561827757,黑龙江省,哈尔滨市,道里区
名朗造型(达道街),达道街52号,"126.594730,45.754781",13836015644,黑龙江省,哈尔滨市,道里区
U7 HAIR SALON,尚志大街75号麦凯乐A座25层04室,"126.623418,45.771960",15114601437;19212281583,黑龙江省,哈尔滨市,道里区
格格美发烫染造型(松滨里小区店),新阳路471号,"126.602072,45.744588",15104656955;15304635084,黑龙江省,哈尔滨市,道里区
Meet遇见你的美(轻奢店),爱琴路44号(爱琴花园1号门东120米),"126.597947,45.761350",15146514445,黑龙江省,哈尔滨市,道里区
阿信发艺(海富御景绣园店),群力第七大道2962号,"126.547249,45.719157",13624511145,黑龙江省,哈尔滨市,道里区
小糖果儿童美发乐园(银泰城店),群力大道2399号银泰城购物中心F1层,"126.539625,45.735625",15331940383,黑龙江省,哈尔滨市,道里区
艺迪造型,建议街10号,"126.604944,45.748948",18245075362,黑龙江省,哈尔滨市,道里区
阁妍美容减肥塑形,群力第五大道1898号,"126.555618,45.733671",15004638091,黑龙江省,哈尔滨市,道里区
金蔷薇美容美发(紫金城店),新阳路805号紫金城12号楼,"126.598029,45.740536",0451-84655688;15045131888,黑龙江省,哈尔滨市,道里区
东方美美容美发(群力店),群力崂山路327号,"126.520597,45.719963",18745756360,黑龙江省,哈尔滨市,道里区
YUAN美发沙龙,群力区第六大道A1栋1层102商服,"126.542595,45.722504",13845007461,黑龙江省,哈尔滨市,道里区
半遮面美发造型店,安定街129号,"126.608378,45.759144",15663767715,黑龙江省,哈尔滨市,道里区
阿山美容美发养生(中央大街地铁站店),经纬六道街8号(中央大街地铁站3号口旁),"126.614934,45.768716",0451-87682768,黑龙江省,哈尔滨市,道里区
澳派美发美容(群力家园店),群力街道滇池东路1561号群力家园ES区,"126.544406,45.713553",18088747555,黑龙江省,哈尔滨市,道里区
吉米造型·美甲·美睫(群力第五大道店),道里区-群力第五大道1550号商铺(靠近景江西路、尚志幼儿园、好利来蛋糕),"126.560201,45.734329",0451-87617738;13199489878,黑龙江省,哈尔滨市,道里区
元素造型(西雅图水岸店),顾新路842号,"126.576488,45.717872",15561806660,黑龙江省,哈尔滨市,道里区
思涵造型,工厂街副10号(秀丰果蔬生鲜超市对面),"126.631875,45.766817",13633641637,黑龙江省,哈尔滨市,道里区
久违·男士理发馆Barbershop,群力第六大道5461-10号,"126.494975,45.718275",13134515190,黑龙江省,哈尔滨市,道里区
壹家男士理发馆(中海寰宇天下店),中海寰宇天下2827号7-15一层,"126.536575,45.723875",18745069354,黑龙江省,哈尔滨市,道里区
Wants罔肆美发工作室(商务公寓C座店),群力第四大道1479号商务公寓C座F9层,"126.556178,45.737677",13945724523,黑龙江省,哈尔滨市,道里区
东尚美发(河润街店),河润街85号(公路大桥地铁站1号口步行210米),"126.596045,45.760361",[],黑龙江省,哈尔滨市,道里区
BLOOM·明星造型(富力江湾店),友谊西路600号富力江湾T2座1309,"126.587625,45.757875",[],黑龙江省,哈尔滨市,道里区
漾·YOUNG美发沙龙(卓展购物中心B座店),上海街99号卓展购物中心B座F2,"126.604565,45.758927",0451-86613333,黑龙江省,哈尔滨市,道里区
克拉造型,群力第七大道266号,"126.573594,45.732797",13091871235,黑龙江省,哈尔滨市,道里区
素沫造型(天薇丽景园店),工农大街248号(中国工商银行旁边),"126.559822,45.718544",17545544484,黑龙江省,哈尔滨市,道里区
越克男士理发馆(群力店),远大购物中心步行街c3栋3层1号,"126.557936,45.738058",0451-84345868,黑龙江省,哈尔滨市,道里区
sky丝概造型(丽江路店),丽江路1087号,"126.560109,45.718161",18246928102,黑龙江省,哈尔滨市,道里区
S.E高级发型定制(恒大国际中心店),群力大道5栋单元3层01号,"126.564919,45.739396",13069713527,黑龙江省,哈尔滨市,道里区
董军美发(48店),融江路32-11号,"126.541448,45.724372",15776693376,黑龙江省,哈尔滨市,道里区
拾柒美发工作室(爱建店),安丰街94号安正小区,"126.608011,45.767072",15546022289,黑龙江省,哈尔滨市,道里区
理Li私人美发工作室,鸿润路41号,"126.603199,45.766745",18604500529,黑龙江省,哈尔滨市,道里区
奈选九号美发沙龙,顾新路149号,"126.597897,45.733994",14745723999,黑龙江省,哈尔滨市,道里区
环宇造型(银泰城店),群力新区群力第二大道银泰城二期c座,"126.539311,45.737966",13936097219,黑龙江省,哈尔滨市,道里区
韩之潮发艺(南方花园店),通顺街46号,"126.594998,45.735813",0451-51713240;13613656768,黑龙江省,哈尔滨市,道里区
束言造型(顾新店),顾新路463号,"126.590075,45.727925",0451-84314288,黑龙江省,哈尔滨市,道里区
菲灵造型(群力第六大道店),群力第六大道35-4号,"126.540908,45.723155",13214619135,黑龙江省,哈尔滨市,道里区
星呈造型·烫染·造型(河清街店),河清街49号(公路大桥地铁站4号口步行190米),"126.594232,45.757858",[],黑龙江省,哈尔滨市,道里区
蒂尊美业,安顺街145号(中央大街地铁站3号口步行400米),"126.613575,45.765875",15104637292;15204693808,黑龙江省,哈尔滨市,道里区
沙宣VS smile(银泰城)旗舰店,第二大道766号,"126.539167,45.737843",16538663777,黑龙江省,哈尔滨市,道里区
菲墨形象沙龙(群力第五大道店),工农街道群力第五大道770号关东古巷1层03A,"126.565225,45.734129",17713318301,黑龙江省,哈尔滨市,道里区
OG造型(道里店),买卖街225号,"126.628646,45.776103",17545581847,黑龙江省,哈尔滨市,道里区
潮牌造型·形象设计,河洲街9-1号,"126.593823,45.758515",13703618401,黑龙江省,哈尔滨市,道里区
坤仕男士理发馆(群力财富中心店),群力第四大道1705号财富MOHO写字楼C座11楼1121号,"126.553106,45.737063",15104540495,黑龙江省,哈尔滨市,道里区
伊流小田(金中环广场店),工农街道群力第五大道1159号金中环广场2楼,"126.564720,45.735608",0451-51816655;18004505671,黑龙江省,哈尔滨市,道里区
魅造型工作室,哈药路103号,"126.607262,45.750584",13009991250,黑龙江省,哈尔滨市,道里区
小凯剪吧(哈尔滨中央大街店),上游街52-1号,"126.616630,45.775867",15046083293;15104551150,黑龙江省,哈尔滨市,道里区
One Hair(中海寰宇天下店),中海寰宇商服1-15号,"126.541531,45.723602",17603646882,黑龙江省,哈尔滨市,道里区
湖北美发(小职工街店),工农街道小职工街29号楼一单元1楼,"126.579592,45.729910",15504612816,黑龙江省,哈尔滨市,道里区
小齐致美·Solomon索罗门形象沙龙(富力广场店),富力中心广场6楼L607商铺观光电梯旁,"126.587675,45.757375",17845135555,黑龙江省,哈尔滨市,道里区
枫·新娘造型(恒大国际中心店),恒大国际中心3栋118门市,"126.566975,45.739725",18249010936,黑龙江省,哈尔滨市,道里区
拾光造型,群力大道2376号,"126.539568,45.734041",15604662510,黑龙江省,哈尔滨市,道里区
尚都形象设计连锁机构(恒祥城店),康安路恒祥城一期12-5,"126.606368,45.735820",13091707234,黑龙江省,哈尔滨市,道里区
逍亚造型(经纬街分店),经纬街263号,"126.610483,45.771042",13163447762,黑龙江省,哈尔滨市,道里区
那样美氢气纳米水头浴,群力街道群力大道2399号哈尔滨银泰城购物中心二层2044号商铺,"126.540675,45.737525",[],黑龙江省,哈尔滨市,道里区
湖北名发(安德街店),安德街138号,"126.610937,45.757881",15146002859,黑龙江省,哈尔滨市,道里区
one玖造型(银泰城·悦街店),群力街道元江路841号,"126.538644,45.742113",18646540969,黑龙江省,哈尔滨市,道里区
大发师造型工作室(哈尔滨中央大街店),东风街33号(哈尔滨市建账监管中心隔壁),"126.617442,45.772207",0451-87655155;18004666669,黑龙江省,哈尔滨市,道里区
莱美护肤造型(海富御景臻园店),群力第七大道2882号,"126.553542,45.720432",13199572734,黑龙江省,哈尔滨市,道里区
雨竹发艺,安定街38-1号,"126.611350,45.764529",18246581112,黑龙江省,哈尔滨市,道里区
前沿美容美发(安静二胡同店),安静二胡同1-10,"126.614826,45.761386",18814528070,黑龙江省,哈尔滨市,道里区
迎运男士理发(中央大街店),友谊路187号一层154号,"126.615679,45.778689",13115652677,黑龙江省,哈尔滨市,道里区
高谊街55—1号 峰格造型,高谊街55-1峰格造型,"126.611811,45.773925",13766831428;15046661428,黑龙江省,哈尔滨市,道里区
董军美发(16店),恒祥空间3号门西80米,"126.530374,45.723411",13100874492,黑龙江省,哈尔滨市,道里区
叁仟男士发型定制,群力街道群力第二大道814号银泰城悦坊二期N034-1号,"126.538139,45.737373",15776760992;15945160560,黑龙江省,哈尔滨市,道里区
格朗造型,建国街133号,"126.603185,45.751337",13684655757,黑龙江省,哈尔滨市,道里区
小朗男士理发馆barbershop,河润街47号(公路大桥地铁站2号口步行320米),"126.598631,45.757012",13936695122,黑龙江省,哈尔滨市,道里区
D1造型(hair salon),第六大道297号宝石花园正门斜对面,"126.560016,45.730372",15244666759,黑龙江省,哈尔滨市,道里区
董军美发(第15店),群力第一大道1872号招商·贝肯山三期,"126.536814,45.738023",[],黑龙江省,哈尔滨市,道里区
天天烫染(工程东段社区店),高谊街55号(友谊宫地铁站1号口步行480米),"126.611900,45.773784",18545563058,黑龙江省,哈尔滨市,道里区
设计者造型(建国街店),建国街273号,"126.597771,45.745490",13644569191;15636000875,黑龙江省,哈尔滨市,道里区
元素造型(丽水雅居店),窑地头道街117号元素造型,"126.577041,45.729194",15004596213,黑龙江省,哈尔滨市,道里区
MYoungBarbershop美样造型,中央大街1号哈尔滨中央大街,"126.617270,45.773219",13936133406,黑龙江省,哈尔滨市,道里区
领艺美发工作室(经纬六道街小区店),经纬六道街9号(中央大街地铁站3号口步行50米),"126.614696,45.768958",18204614017,黑龙江省,哈尔滨市,道里区
创艺空间造型(民生尚都怡园店),民生尚都怡园43栋6号商服,"126.518855,45.717419",15663629565,黑龙江省,哈尔滨市,道里区
多米造型(哈尔滨道里区),民安街157号,"126.610694,45.745933",18645518575,黑龙江省,哈尔滨市,道里区
越克发型设计(中央大街店),尚志街道西五道街37号中央经典雅仕阁,"126.620223,45.774922",[],黑龙江省,哈尔滨市,道里区
起点造型(群力第七大道),海富绣园北1门东60米,"126.549175,45.719293",18686764136,黑龙江省,哈尔滨市,道里区
美希美发沙龙(天薇丽景店),工农大街230号二楼,"126.560499,45.718968",0451-51015799;13351713093,黑龙江省,哈尔滨市,道里区
森希尔美发沙龙,汇锦庄园(群力第五大道地铁站2号口步行440米),"126.547425,45.727525",0451-87615927,黑龙江省,哈尔滨市,道里区
沐乐美妆造型工作室,经纬街副229号,"126.612956,45.770253",15561577572,黑龙江省,哈尔滨市,道里区
志向发艺,绿城·诚园西北门东70米,"126.532269,45.718662",17645037683,黑龙江省,哈尔滨市,道里区
董军美发19店(桐楠格·领誉店),群力家园滇池东路863号A4-9,"126.547702,45.713691",15663846340,黑龙江省,哈尔滨市,道里区
约定美发烫染,河阳街35号,"126.600676,45.755828",13936579360;18245111527,黑龙江省,哈尔滨市,道里区
九号美发沙龙(中海时代店),群力第六大道4650号,"126.505071,45.718876",14745723999,黑龙江省,哈尔滨市,道里区
柠伊发型设计沙龙(福乐湾共乐小区店),福同街53号,"126.611231,45.752465",18246551515,黑龙江省,哈尔滨市,道里区
良子发艺,安固街68号,"126.617060,45.758575",13304515331,黑龙江省,哈尔滨市,道里区
优客·莅临发型设计(恒祥空间店),群里第六大道恒祥空间二期17栋1单元103,"126.529579,45.723193",13633640618,黑龙江省,哈尔滨市,道里区
北奢造型美甲美睫,群力蜀山路392号金地·名悦11号楼,"126.500124,45.716517",15010069567;15601238337,黑龙江省,哈尔滨市,道里区
董军美发(12店),群力第一大道1704号,"126.550408,45.744268",13304556700,黑龙江省,哈尔滨市,道里区
魔发师美发(机场路店),机场路577-4号,"126.486928,45.669262",0451-84107222;13936138633,黑龙江省,哈尔滨市,道里区
小野造型·HOME 12店,群力大道中海紫云官邸,"126.531631,45.730791",15244745552,黑龙江省,哈尔滨市,道里区
哈佛设计(买卖街),买卖街218-1号(近五十一中学),"126.628237,45.776280",15046673456,黑龙江省,哈尔滨市,道里区
V+造型设计美发美甲,西十道街18号,"126.621948,45.771840",13351018867;15776947430,黑龙江省,哈尔滨市,道里区
维美发艺烫染综合店(中央大街店),高谊街106号(友谊宫地铁站1号口步行250米),"126.610319,45.775694",15846576132,黑龙江省,哈尔滨市,道里区
开心造型(中医街店),中医街123-1号,"126.607677,45.772490",15945455695,黑龙江省,哈尔滨市,道里区
董军美发110店,爱琴路21号(公路大桥地铁站1号口步行460米),"126.598431,45.761191",15145019629,黑龙江省,哈尔滨市,道里区
C·S美发沙龙·纹身馆(红专小区店),红专小区西南门旁,"126.615368,45.771936",13766811142,黑龙江省,哈尔滨市,道里区
文龙美发会所(河松小区1期店),河松小区河心街13号,"126.581117,45.749117",13836027413;13936674916,黑龙江省,哈尔滨市,道里区
黑黄兄弟男士理发店Serialkilla barbershop,湿地MOHO,"126.551976,45.725417",13644618684,黑龙江省,哈尔滨市,道里区
理下理发店,安国街212号-1号,"126.609939,45.758192",19845244401,黑龙江省,哈尔滨市,道里区
元素造型(禧园店),海富禧园(工农大街地铁站3号口步行230米),"126.555560,45.717466",[],黑龙江省,哈尔滨市,道里区
顶尚造型·剪发·烫染(乡政街店),[],"126.593128,45.732965",15204663414,黑龙江省,哈尔滨市,道里区
千美艺salon,安顺街副124号,"126.613698,45.765551",18746063459,黑龙江省,哈尔滨市,道里区
大连宝贝美发美甲,群力第五大道1608号,"126.559431,45.734144",18042677676,黑龙江省,哈尔滨市,道里区
潮人街美发沙龙(群力第六大道中海寰宇天下店),群力第六大道2477号5号楼14门市,"126.538457,45.723694",13351282005,黑龙江省,哈尔滨市,道里区
艺淇男士理发馆,第五大道恒祥空间5号楼3单元102,"126.532842,45.726309",18646356876,黑龙江省,哈尔滨市,道里区
悦朗发艺工作室,乡里街115号三栋五单元一层4号,"126.588814,45.734256",19917584810,黑龙江省,哈尔滨市,道里区
画阁造型(迎宾小区店),城乡路263号,"126.579328,45.725500",18245173881,黑龙江省,哈尔滨市,道里区
晨彩发艺(新阳路店),安信街11-1号,"126.611212,45.755346",15004658589;15636702233,黑龙江省,哈尔滨市,道里区
卡迩男士理发馆,元江路501号,"126.539197,45.740808",[],黑龙江省,哈尔滨市,道里区
東娜造型,安升街176号(安升小区南门东南80米),"126.609708,45.762010",18645058615,黑龙江省,哈尔滨市,道里区
木野造型(达江小区店),安阳路74号,"126.585303,45.739945",0451-51878242;13029993192,黑龙江省,哈尔滨市,道里区
Lemon6 Pilates普拉提工作室(哈尔滨银泰城购物中心店),群力大道2399号银泰城购物中心F2层,"126.541462,45.736484",19846014198,黑龙江省,哈尔滨市,道里区
喜里化妆工作室,群力第六大道355-25号4单元1层2号,"126.560493,45.730610",15636322996,黑龙江省,哈尔滨市,道里区
叁柒社·刺青艺术工作室·原创设计师名店,麦凯乐国际公寓A座25层b10号,"126.623375,45.771925",18686869740,黑龙江省,哈尔滨市,道里区
Aura-Tan Studio美黑工作室,群力第四大道399号汇智广场西楼四层IFPro健身房内,"126.569160,45.739415",17645037877,黑龙江省,哈尔滨市,道里区
斯米造型,天合小区6栋,"126.594025,45.731675",15545016646,黑龙江省,哈尔滨市,道里区
素沫造型(桐楠格·领誉店),四方台大道616号桐楠格·领誉,"126.549663,45.715912",15104594063,黑龙江省,哈尔滨市,道里区
喜见 Hair Salon,上游街41号(友谊宫地铁站2号口步行340米),"126.614027,45.775413",15246784942,黑龙江省,哈尔滨市,道里区
董军美发(29店),群力第一大道1868号,"126.537084,45.742487",[],黑龙江省,哈尔滨市,道里区
慕尚美发沙龙(艺品枫景店),爱建路42号慕尚美发沙龙,"126.599775,45.760275",0451-87635762;13314615315,黑龙江省,哈尔滨市,道里区
董军美发22店,群力第一大道1777号,"126.543069,45.743957",16663669570;18945115772,黑龙江省,哈尔滨市,道里区
笨剪Hair,安国街279号,"126.608064,45.756279",18645119207,黑龙江省,哈尔滨市,道里区
鑫星轩造型美发店,新阳街道安固街62号,"126.617195,45.759006",15942859994,黑龙江省,哈尔滨市,道里区
聚美造型(保利天悦店),群力第六大道保利天悦二栋10号门市,"126.503090,45.718581",18245070459,黑龙江省,哈尔滨市,道里区
视觉国际美发(工农店),工农大街158号,"126.564983,45.721865",0451-84377525;13115319234,黑龙江省,哈尔滨市,道里区
锋尚造型(海富御景绣园店),群力阳江路69号,"126.546661,45.718480",18745765791,黑龙江省,哈尔滨市,道里区
九沐造型美发沙龙,抚顺街235号,"126.619216,45.755789",17736541112,黑龙江省,哈尔滨市,道里区
ML漫萝美发(招商·贝肯山一期店),元江路682号,"126.537693,45.744499",15636811189,黑龙江省,哈尔滨市,道里区
董军美发25店,群力第一大道1390号,"126.555574,45.744997",15146005428,黑龙江省,哈尔滨市,道里区
东起儿童亲子美发(群力银泰悦坊店),群力第二大道银泰城悦坊3号门二楼东起美发,"126.538585,45.737791",18245105590,黑龙江省,哈尔滨市,道里区
LMS美容美体养生,高谊街73号(友谊宫地铁站1号口步行300米),"126.610893,45.775307",13945092219,黑龙江省,哈尔滨市,道里区
Ray光线艺术美发沙龙(恒大帝景店),恒大帝景北1门西190米,"126.528181,45.722132",13091728835;13091728935,黑龙江省,哈尔滨市,道里区
伊格造型专业美发,安阳路77号,"126.583511,45.739361",[],黑龙江省,哈尔滨市,道里区
芮拉美发美甲造型(汇励99城市公园店),安隆街85号芮拉美发店,"126.607127,45.760795",13339303849,黑龙江省,哈尔滨市,道里区
钟意发型设计,群力街道丽江路2586号,"126.545282,45.728695",13125987897,黑龙江省,哈尔滨市,道里区
丝语美发店,道理霞曼街95号,"126.615321,45.769545",13796610139,黑龙江省,哈尔滨市,道里区
发之道造型(哈尔滨中央大街店),中央大街西15道街66号,"126.621019,45.767784",18249093469,黑龙江省,哈尔滨市,道里区
黑猫美发工作室(顾乡大街店),顾乡大街49号,"126.590141,45.738898",[],黑龙江省,哈尔滨市,道里区
阿山美容美发养生(银泰城·悦街店),丽江路4176号银泰城·悦街F1层,"126.539074,45.741515",15546462888,黑龙江省,哈尔滨市,道里区
爱尚美发型设计(安化街店),安平街40号,"126.619043,45.760110",13704812173,黑龙江省,哈尔滨市,道里区
娜娜美发,崂山路269号,"126.521490,45.716928",15776475113,黑龙江省,哈尔滨市,道里区
绝对美发,城乡路迎宾小区116栋,"126.579674,45.726611",15765531917,黑龙江省,哈尔滨市,道里区
主角美发工作室,建国街副48号,"126.605492,45.753143",18345105996,黑龙江省,哈尔滨市,道里区
晨晖发型工作室(河山街店),河山街73号,"126.582881,45.749340",15004545670,黑龙江省,哈尔滨市,道里区
哈尔滨市道里区黄氏维唯织发美发店,西十五道街46号,"126.621475,45.767806",0451-84636736;13664572337,黑龙江省,哈尔滨市,道里区
奥幻·美发造型,海富康城西区东南3门东北90米,"126.581461,45.737966",15245018006,黑龙江省,哈尔滨市,道里区
上上理容发型设计,透笼街副13-1,"126.631140,45.770631",0451-84560102,黑龙江省,哈尔滨市,道里区
芊语造型,乡政街167号3门芊语造型,"126.590418,45.735052",13796087343,黑龙江省,哈尔滨市,道里区
九维美发(漫步·巴黎店),景江东路215号漫步·巴黎,"126.572431,45.727668",[],黑龙江省,哈尔滨市,道里区
台湾精剪(哈尔滨印象城店),友谊路187号哈尔滨印象城C座F3层,"126.615405,45.778342",18545143983,黑龙江省,哈尔滨市,道里区
炎军美发造型(新天地家园店),安阳路180号新天地家园,"126.584169,45.737962",15046080546,黑龙江省,哈尔滨市,道里区
鲸鱼美发造型店,安升街91-1号鲸鱼美发,"126.611766,45.761405",[],黑龙江省,哈尔滨市,道里区
上野造型(经纬十一道街店),经纬十一道街26号,"126.607300,45.769802",13936444022,黑龙江省,哈尔滨市,道里区
青丝舞美发烫染坊,建国街道哈药路277号2单元,"126.602902,45.752808",13199569593,黑龙江省,哈尔滨市,道里区
木沙潮牌烫染(安宁小区店),安宁街98号安宁小区,"126.613628,45.763376",13351788801,黑龙江省,哈尔滨市,道里区
我的理发店,群力第六大道335-25号1-1-1,"126.560905,45.730899",15845008003,黑龙江省,哈尔滨市,道里区
丽久发型设计(安康小区店),安顺街副161-6号,"126.612301,45.766412",13945014007,黑龙江省,哈尔滨市,道里区
董军美发55店,康泰嘉园商住小区20号楼5号商服,"126.536615,45.713453",17603695919,黑龙江省,哈尔滨市,道里区
辉煌丝恋旗舰店,建议街28-1号,"126.603895,45.749418",[],黑龙江省,哈尔滨市,道里区
好运来美发沙龙,经纬街254-1号,"126.611510,45.770386",13904656634,黑龙江省,哈尔滨市,道里区
名爵烫染(安国小区店),安定街附2-2号,"126.613478,45.766656",13263515682,黑龙江省,哈尔滨市,道里区
壹加壹美容美发(河政花园住宅小区店),河政街21号(河松街地铁站1号口步行480米),"126.593161,45.752271",0451-84803268;18946162057,黑龙江省,哈尔滨市,道里区
天公作美专业烫染造型(迎宾小区1区店),城乡路迎宾小区107栋5单元101室,"126.579134,45.726592",18246040641,黑龙江省,哈尔滨市,道里区
春天湖北美发,大民兴街12-2号,"126.617895,45.749902",13212932520,黑龙江省,哈尔滨市,道里区
鸿尚护肤造型,星光耀广场朗江路1066-3号,"126.530836,45.733176",[],黑龙江省,哈尔滨市,道里区
魔方烫染连锁店,松苍街54号(河松街地铁站2号口步行380米),"126.593777,45.745663",13936481535,黑龙江省,哈尔滨市,道里区
弥尚造型,顾新路恒大御府,"126.597259,45.731921",15765509552,黑龙江省,哈尔滨市,道里区
小勇美发机构,经纬三道街20-1号,"126.619744,45.767070",13936133459,黑龙江省,哈尔滨市,道里区
壹间美发店,天薇丽景园工农大街238号,"126.560033,45.718869",15146891621,黑龙江省,哈尔滨市,道里区
小月月Hair Salon(远大购物中心群力店),群力远大商业街B2-19(1-2层),"126.556112,45.737910",15245089804,黑龙江省,哈尔滨市,道里区
尚上造型美发店(松树街店),松林街与松柏街交叉口东北40米,"126.597626,45.746729",15546163825,黑龙江省,哈尔滨市,道里区
星期五美发纹绣美甲美睫,安红街73号,"126.616320,45.751077",[],黑龙江省,哈尔滨市,道里区
俊朗发艺,安顺街副70-1号,"126.617878,45.763953",15146611923,黑龙江省,哈尔滨市,道里区
盛美美发,安顺街176号,"126.610490,45.766967",15104692779,黑龙江省,哈尔滨市,道里区
鑫之慧美发(安国小区店),安定街8号(地铁站3号口步行290米),"126.613286,45.766492",18345142668,黑龙江省,哈尔滨市,道里区
六里Hair life,红专街副48号红专小区,"126.616822,45.772790",[],黑龙江省,哈尔滨市,道里区
董军美发(21店),第七大道2914号,"126.550677,45.719488",16645669762,黑龙江省,哈尔滨市,道里区
湖北晓锋发艺,康安路47-2号,"126.604546,45.737440",13030037558,黑龙江省,哈尔滨市,道里区
简美美发,尚志大街24号(尚志大街地铁站3号口步行130米),"126.624838,45.764654",18686834706,黑龙江省,哈尔滨市,道里区
尚秀造型,抚顺街219号,"126.619546,45.756210",15504662398,黑龙江省,哈尔滨市,道里区
喜简发型工作室,乡政街80号,"126.594538,45.731107",15776451764,黑龙江省,哈尔滨市,道里区
璇之逅假发补发连锁(群力财富中心店),群力第四大道远大购物西侧群力财富中心C座1405室,"126.553200,45.737327",13278404888,黑龙江省,哈尔滨市,道里区
艾林色造美容美发设计,建国北4道街121号,"126.598435,45.749806",15546222952;18104512031,黑龙江省,哈尔滨市,道里区
董军美发(大润发商业街店),四方台506-7,"126.550614,45.714835",[],黑龙江省,哈尔滨市,道里区
宇翼美发店,友谊路1号,"126.627171,45.780500",13069898119,黑龙江省,哈尔滨市,道里区
军斌专业美发(安平小区店),安平街47-a5,"126.618364,45.759422",15846570938,黑龙江省,哈尔滨市,道里区
K沙龙·私人美发工作室(哈尔滨银泰城购物中心店),群力大道2399号银泰城购物中心,"126.540975,45.737225",[],黑龙江省,哈尔滨市,道里区
品形美发艺术沙龙,安静街道安顺街128号,"126.613693,45.765553",13704504312,黑龙江省,哈尔滨市,道里区
晓岩美发,安定街89号,"126.609522,45.761170",13946117856,黑龙江省,哈尔滨市,道里区
美格发艺工作室(安宁街店),安康街90号,"126.609593,45.764868",[],黑龙江省,哈尔滨市,道里区
美辰造型美发店,安顺街附108号,"126.614794,45.765070",18845728072,黑龙江省,哈尔滨市,道里区
鑫慧美发,工厂街146号(尚志大街地铁站3号口步行140米),"126.623426,45.765038",13703627982,黑龙江省,哈尔滨市,道里区
福尚妍初专业烫染店,中医街103-5号,"126.611445,45.773511",18103637799,黑龙江省,哈尔滨市,道里区
立新造型(经纬八道街店),经纬八道街11号,"126.611857,45.769753",[],黑龙江省,哈尔滨市,道里区
菲沐造型,顾新路恒大御府商业街S-9-114号菲沐造型工作室,"126.597017,45.731655",15046190283,黑龙江省,哈尔滨市,道里区
三宝美发,顾乡三道街11号(三宝美发),"126.586716,45.738779",18245133125,黑龙江省,哈尔滨市,道里区
2026造型(哈尔滨中央大街店),大安街90号中央大街地铁站1号口步行200米,"126.616213,45.770570",17603655017,黑龙江省,哈尔滨市,道里区
沐白男士理发馆(爱建卓展店),安发街83号,"126.610595,45.757510",[],黑龙江省,哈尔滨市,道里区
澜乐barbershop男士理发馆(通顺街小区店),通顺街69号,"126.595337,45.736171",18556655535,黑龙江省,哈尔滨市,道里区
友间SaLon理发店(安松街店),安松街副59号,"126.611866,45.763066",18246111182,黑龙江省,哈尔滨市,道里区
艾梵造型(汇锦香槟湾店),朗江路汇锦香槟湾1559号门市,"126.530909,45.737364",13664604042,黑龙江省,哈尔滨市,道里区
喜理男士理发馆Barbershop,元江路471号,"126.539263,45.740692",19523229356,黑龙江省,哈尔滨市,道里区
翎峰造型.专业染烫,安定街126号翎峰造型·专业染烫,"126.608822,45.759169",18646338438,黑龙江省,哈尔滨市,道里区
造化·男士理发·脏辫(经纬六道街小区店),经纬七道街60号,"126.613073,45.768405",18745710250,黑龙江省,哈尔滨市,道里区
佲剪世家男士理发馆(哈尔滨一店),群力第七大道2889号,"126.551955,45.720468",18346111708,黑龙江省,哈尔滨市,道里区
行运美发店(银泰城悦街店),元江路641-1,"126.538990,45.741528",18646258508,黑龙江省,哈尔滨市,道里区
查理男士理容barbershop,融江路3973号,"126.535710,45.741300",15603607756,黑龙江省,哈尔滨市,道里区
韩尚形象设计,工农大街118号,"126.568351,45.724187",[],黑龙江省,哈尔滨市,道里区
朔途男士理发馆Barbershop,安隆街70号,"126.608530,45.763207",15246519329,黑龙江省,哈尔滨市,道里区
首佳理发(康安小区西区店),康安小区西区西南门旁,"126.589117,45.740218",13945078898;15546654134,黑龙江省,哈尔滨市,道里区
意尚美发(民生尚都和园店),12栋3单元101,"126.514052,45.722596",13163670905,黑龙江省,哈尔滨市,道里区
初见·造型,工农大街27号1层13号,"126.581453,45.733463",18348509562,黑龙江省,哈尔滨市,道里区
1983男士理发店,群力第四大道399号恒大国际中心7栋04号,"126.565493,45.738744",13125958884,黑龙江省,哈尔滨市,道里区
G.S美发形象设计,安化街4-1号,"126.621105,45.762773",18346153332,黑龙江省,哈尔滨市,道里区
惠勇专业美发,康安二道街副11号,"126.593893,45.740006",13904638371,黑龙江省,哈尔滨市,道里区
W-Hair理发馆(恒祥空间店),群力第六大道恒祥空间16号楼底商恒大帝景停车口对面,"126.528263,45.722902",13074501109;18745015401,黑龙江省,哈尔滨市,道里区
好相男士理发工作室,工农街道远大商务公寓A座809室,"126.553707,45.737911",18246105904,黑龙江省,哈尔滨市,道里区
红波发艺,新发镇胜利村集资楼四栋五单元102,"126.520010,45.686754",18645028276,黑龙江省,哈尔滨市,道里区
头领Hair Salon(康安小区西区店),顾乡大街39-1号,"126.590961,45.739511",0451-82030444;13029991028,黑龙江省,哈尔滨市,道里区
吉慧美发,河鼓街3-2号(公路大桥地铁站3号口步行450米),"126.593340,45.755116",13039993231,黑龙江省,哈尔滨市,道里区
新爽美发,安广街49号,"126.614365,45.758338",13633684560,黑龙江省,哈尔滨市,道里区
优剪美发,新华街118号,"126.589428,45.737196",15344517512,黑龙江省,哈尔滨市,道里区
小高美发(顾乡南头道街店),顾乡南头道街6号,"126.590669,45.738158",13234955271,黑龙江省,哈尔滨市,道里区
优剪快剪美业连锁,四方台大道616号桐楠格·领誉,"126.551313,45.715166",[],黑龙江省,哈尔滨市,道里区
洛吉男士修面理容馆,麦凯乐公寓A座13B01室,"126.623180,45.771954",18646155592,黑龙江省,哈尔滨市,道里区
木林男士理发馆,工农大街311号新城小区,"126.562294,45.721837",[],黑龙江省,哈尔滨市,道里区
承仁专业男士理发(天合街店),故乡天合骏景小区天合街4号,"126.594865,45.733122",15049792976,黑龙江省,哈尔滨市,道里区
金涛美发(康泰嘉园店),滇池东路2169号康泰嘉园,"126.537785,45.714101",[],黑龙江省,哈尔滨市,道里区
歡喜理发馆JOY BARBERSHOP(麦凯乐店),尚志大街75号麦凯乐公寓A座25a03,"126.623439,45.771966",13945157279,黑龙江省,哈尔滨市,道里区
XDF美发,安化街160号新湖康桥,"126.616745,45.753908",[],黑龙江省,哈尔滨市,道里区
七零肆男士理容工作室,农街道群力远大商务公寓A座704,"126.553998,45.738028",17614613021,黑龙江省,哈尔滨市,道里区
逸美补发假发定制补发定制(哈尔滨店),群力第四大道1705号8层4号,"126.553222,45.737227",18840033672,黑龙江省,哈尔滨市,道里区
理发店,经纬街霞曼接口霞曼街107号,"126.615332,45.769516",17545580043,黑龙江省,哈尔滨市,道里区
BARBERSHOP大佬男士理容馆(哈尔滨印象城店),中央大街232号1层164商铺,"126.615890,45.779262",13212810393,黑龙江省,哈尔滨市,道里区
本朴男士理发馆,东风街副98号(中央大街地铁站1号口步行410米),"126.613726,45.770984",[],黑龙江省,哈尔滨市,道里区
阿一楠造型(凯德广场店),通顺街58号,"126.594741,45.735305",15045853577,黑龙江省,哈尔滨市,道里区
丑小鸭造型,抚顺街207号丑小鸭造型,"126.619674,45.756337",13836138550,黑龙江省,哈尔滨市,道里区
雪香发艺工作室,北安街164-2号(近经纬六道街公交站台),"126.614214,45.767033",18745080241,黑龙江省,哈尔滨市,道里区
长江发型设计馆,504号欧洲新城小区白金汉a座,"126.606311,45.742544",[],黑龙江省,哈尔滨市,道里区
和润美发造型店,河江街52号4单元1层1号(住宅),"126.600283,45.754861",13704501712,黑龙江省,哈尔滨市,道里区
渼琳造型(恒祥城1期店),康安路2号恒祥城1期5号楼,"126.606225,45.734225",[],黑龙江省,哈尔滨市,道里区
MAGI轻奢美发沙龙(银泰城·悦街店),群力元江路491号,"126.539334,45.740773",18145148585,黑龙江省,哈尔滨市,道里区
金都发型(中央大街店),通江街道中医街附84号,"126.614996,45.774360",18704668657,黑龙江省,哈尔滨市,道里区
木溪发型(恒大悦府店),顾新路396号恒大悦府,"126.590477,45.727258",[],黑龙江省,哈尔滨市,道里区
民生造型(铜锣湾广场店),群力第五大道518号铜锣湾广场一层106号民生造型,"126.567317,45.734280",[],黑龙江省,哈尔滨市,道里区
F.V造型(恒祥城店),康安路12-4号恒祥城一期12号楼,"126.606566,45.735772",[],黑龙江省,哈尔滨市,道里区
引领造型(康泰家园店),滇池东路2169号康泰嘉园,"126.539182,45.715003",15124535866;18724619745,黑龙江省,哈尔滨市,道里区
阿江造型(四方台大道店),四方台大道192号工农大街丽江路交口中兴城2号楼7门市,"126.557667,45.717247",13936317221;13936469246,黑龙江省,哈尔滨市,道里区
卓越艺剪(安宁小区店),安德街30号,"126.613695,45.762997",15948994499,黑龙江省,哈尔滨市,道里区
亿+美发超市,安阳路129号1层,"126.581705,45.737983",15776760122,黑龙江省,哈尔滨市,道里区
完美选择发型设计(新城小区店),工农大街新城小区103栋32号,"126.562316,45.721845",[],黑龙江省,哈尔滨市,道里区
tt造型(绿地中央广场店),绿地中央广场,"126.537127,45.705934",[],黑龙江省,哈尔滨市,道里区
小明时尚造型(安红街店),安红街111号,"126.614451,45.752165",15045809208,黑龙江省,哈尔滨市,道里区
壹柒造型,安丰街41号(中央大街地铁站3号口步行420米),"126.612335,45.765207",17745615324,黑龙江省,哈尔滨市,道里区
铭派发型设计(和谐家园店),和谐家园,"126.594999,45.758431",15245075355,黑龙江省,哈尔滨市,道里区
剪艺轻奢坊,钢铁街17号,"126.594734,45.744114",15590990670,黑龙江省,哈尔滨市,道里区
英子织发美发染烫造型(安红街店),安红街187号,"126.610094,45.754492",15004502949,黑龙江省,哈尔滨市,道里区
常来造型(群力家园店),东湖路1825号群力家园c9-4,"126.545429,45.709374",15645040156,黑龙江省,哈尔滨市,道里区
龙小六造型,地德里街38号,"126.623352,45.756643",15045027817,黑龙江省,哈尔滨市,道里区
理享·Hair Salon(翡翠店),工农大街114-3号,"126.569944,45.725183",13136647225,黑龙江省,哈尔滨市,道里区
一号形象设计工作室(财智公馆店),河山街62号,"126.583116,45.749430",18245078336,黑龙江省,哈尔滨市,道里区
便民理发店,共乐街道新阳胡同8号楼2单元104室,"126.602228,45.739672",13613628457,黑龙江省,哈尔滨市,道里区
轩轩造型(恒大雅苑二期店),恒大雅苑二期4号楼一单元102号,"126.516991,45.712917",13391964567,黑龙江省,哈尔滨市,道里区
鼎尖发艺(聚贤花园店),民安街211-9号,"126.608900,45.744127",15776220551,黑龙江省,哈尔滨市,道里区
阿刚造型(鑫都丽水雅居店),小职工街31号九单元,"126.578833,45.730332",18745007118,黑龙江省,哈尔滨市,道里区
尚都美场(报达文化嘉园店),窑地头道街报达文化家园12号楼2门市,"126.577777,45.728059",13796616618;17645165799,黑龙江省,哈尔滨市,道里区
顺与造型工作室,安国街156号,"126.610954,45.760194",[],黑龙江省,哈尔滨市,道里区
隆妍形象设计,群力第五大道1739号恒盛豪庭门市,"126.557386,45.734561",18045157356,黑龙江省,哈尔滨市,道里区
亿人风彩美发连锁机构(通达街店),通达街247号,"126.610558,45.744230",18746023932,黑龙江省,哈尔滨市,道里区
思旭造型,滇池东路753号,"126.549224,45.713713",[],黑龙江省,哈尔滨市,道里区
美丽风尚(安化街店),安化街75号安化北段社区85号,"126.618455,45.757547",[],黑龙江省,哈尔滨市,道里区
秀之缘美容美体美发,安达街与安固街交叉口东20米,"126.618265,45.760985",13936587071,黑龙江省,哈尔滨市,道里区
E造型(河松小区3期店),河松小区3期西北门东190米,"126.586552,45.748955",[],黑龙江省,哈尔滨市,道里区
骰子帝国barber shop,工农街道群力第四大道1333号远大商务公寓B座914室,"126.554863,45.738058",17645022904,黑龙江省,哈尔滨市,道里区
肆禧发型(工农大街店),工农大街68号鑫都丽水雅居,"126.578626,45.730816",[],黑龙江省,哈尔滨市,道里区
领衔时尚剪吧(河松小区1期店),河松小区105栋和106栋中间河松小学校门口,"126.579234,45.749907",13766885613,黑龙江省,哈尔滨市,道里区
亮·发型(远大购物中心群力店),群力第四大道1579号和泰广场F1层,"126.555214,45.737896",18704660509,黑龙江省,哈尔滨市,道里区
沐锦造型,安达街41号,"126.616310,45.761384",19526772919,黑龙江省,哈尔滨市,道里区
春丽美发,安祥街11-5号,"126.617211,45.756354",13904802235,黑龙江省,哈尔滨市,道里区
芳芳发廊,机场路与园兴路交叉口东北120米,"126.352532,45.639932",[],黑龙江省,哈尔滨市,道里区
格调发型连锁(达江小区店),顾乡四道街36号,"126.585619,45.738752",13263676661,黑龙江省,哈尔滨市,道里区
广庆美发造型,顾乡二道街33号,"126.587319,45.738002",15045061214,黑龙江省,哈尔滨市,道里区
沐阳造型(阳明小区家属区店),小建河街24号,"126.606584,45.752288",[],黑龙江省,哈尔滨市,道里区
欣欣烫染(民安小区店),大民兴街118号民安小区40栋6单元楼下,"126.615649,45.747569",13204516675,黑龙江省,哈尔滨市,道里区
迷尔发艺(河松小区2期店),松发街39号,"126.579308,45.746416",15124555734,黑龙江省,哈尔滨市,道里区
北美造型店,抚顺街305号,"126.617095,45.753006",[],黑龙江省,哈尔滨市,道里区
名人发型设计(工程街店),[],"126.601693,45.768941",13796027079,黑龙江省,哈尔滨市,道里区
由里专注男士发型设计,兴江南路9号,"126.567078,45.721123",13351618557,黑龙江省,哈尔滨市,道里区
大卫造型(欧洲新城佛罗伦萨雕塑花园店),新阳路欧洲新城小区巴塞罗纳C座四单元102门市,"126.605163,45.742445",13413035678,黑龙江省,哈尔滨市,道里区
星创造型,百合名苑东北门东南120米,"126.589049,45.735516",[],黑龙江省,哈尔滨市,道里区
开新便民美发,安发街47号吉星商住,"126.614681,45.756804",[],黑龙江省,哈尔滨市,道里区
ONE SALON(香坊万达店),民航路1-1号,"126.674666,45.741787",17603671268,黑龙江省,哈尔滨市,香坊区
INSI Hair Salon(香坊店),民航路11-1号,"126.674000,45.740521",17614509975,黑龙江省,哈尔滨市,香坊区
伊流小田HAIR SALON(三辅社区店),菜艺街24-2号,"126.683602,45.731922",13936188255,黑龙江省,哈尔滨市,香坊区
奈丝造型沙龙(乐松凯旋睦邻总店),哈平路哈平四道街2-8栋4号,"126.645999,45.718493",0451-82102948,黑龙江省,哈尔滨市,香坊区
情侣美业(电塔家园店),旭升街60号,"126.668762,45.711922",0451-86062323;13351003697,黑龙江省,哈尔滨市,香坊区
尤司男士国潮理发馆(哈尔滨乐松店),哈平路哈平四道街动源四道街2-8栋1层11号,"126.646123,45.718706",[],黑龙江省,哈尔滨市,香坊区
妃格形象设计(海格店),松海路30号,"126.682407,45.699269",0451-82911433,黑龙江省,哈尔滨市,香坊区
MEGA时尚潮男设计(凯旋店),哈平路2号凯旋新生活购物广场四楼,"126.646417,45.719990",0451-82151412,黑龙江省,哈尔滨市,香坊区
MUYE国潮男士·烫发·染发(乐松店),哈安街8号,"126.649664,45.718012",15636133616,黑龙江省,哈尔滨市,香坊区
吕鑫美发沙龙(幸福店),哈平路街道哈平路15号,"126.646881,45.718138",0451-82132118,黑龙江省,哈尔滨市,香坊区
INSI Hair Salon(乐松凯旋店),哈平路街道哈平路5号凯旋广场A座2801室,"126.646328,45.720211",13359875523;18145173689,黑龙江省,哈尔滨市,香坊区
秦先生的理发店,文景街3号,"126.647183,45.732324",13351996750,黑龙江省,哈尔滨市,香坊区
东尼造型(幸福路店),幸福路154号,"126.649686,45.717169",18504512140,黑龙江省,哈尔滨市,香坊区
私人定制美发沙龙(香顺街店),香顺街92-6号,"126.675569,45.731999",15245067896,黑龙江省,哈尔滨市,香坊区
高桥良剪,哈平路街道哈平路8号凯旋广场A座1705室,"126.646662,45.719905",13945674729,黑龙江省,哈尔滨市,香坊区
真沙廊美发沙龙(农大店),木材街47-1号,"126.725556,45.734143",18604602274,黑龙江省,哈尔滨市,香坊区
小龙·美业·烫染(哈平路乐松店),睦邻一期6-1门市,"126.645794,45.719522",13945075067,黑龙江省,哈尔滨市,香坊区
金子美业(凯旋广场东区店),哈平路街道哈平路2-6号凯旋新生活购物广场三楼,"126.646357,45.720189",17335780744,黑龙江省,哈尔滨市,香坊区
M先生美发沙龙(熙云府店),埠南路S1栋商服单元1层107号(华润置地·熙云府北1门东50米),"126.702577,45.720295",13945676884,黑龙江省,哈尔滨市,香坊区
Hi理好美发店,木材东街36-16号城东新居A区5栋1号,"126.726907,45.734197",17545592807,黑龙江省,哈尔滨市,香坊区
短发故事(幸福路店),幸福家园H栋5号门市,"126.648153,45.717176",[],黑龙江省,哈尔滨市,香坊区
乐唯发型,安埠街286号(安埠小区2期东南1门东南60米),"126.696570,45.728510",0451-57711586;17610468090,黑龙江省,哈尔滨市,香坊区
小齐发型Star-Salon(永泰城店),永昌路61号,"126.762417,45.715702",13125985582,黑龙江省,哈尔滨市,香坊区
古龙发艺(旭升街店),锅炉厂旭升街三力名居18号,"126.665885,45.707936",18245030175,黑龙江省,哈尔滨市,香坊区
缔三形象设计(万科智慧未来城店),进乡街副173-13号万科智慧未来城A区,"126.714375,45.692225",[],黑龙江省,哈尔滨市,香坊区
金剪子发艺(哈尔滨香坊区),永泰城三期永昌路91号,"126.761587,45.716023",0451-87235286;15245035406,黑龙江省,哈尔滨市,香坊区
头号主角美发(城东新居B区店),木材街城东新居b区2号楼,"126.725865,45.733066",15546119393,黑龙江省,哈尔滨市,香坊区
沐剪发艺,哈平路龙创睦邻一期1-12号门市,"126.645764,45.718091",13946142025,黑龙江省,哈尔滨市,香坊区
木派造型(增福店),轴承名苑北1门西80米,"126.693558,45.725701",18603616575,黑龙江省,哈尔滨市,香坊区
云美业(友缘小区店),幸福路100号友缘小区2号楼2号门市,"126.651257,45.716000",0451-82107088;0451-82112245;13684574948,黑龙江省,哈尔滨市,香坊区
领域形象设计室(延福街店),延福街112号,"126.699611,45.727123",13936445507,黑龙江省,哈尔滨市,香坊区
英仔美发,哈平路8号凯旋广场A栋1单元33楼06室,"126.646669,45.719901",15004544904,黑龙江省,哈尔滨市,香坊区
韩潮美发美甲,衡山路3-1号(省医院地铁站2号口步行90米),"126.677025,45.737881",18604601321,黑龙江省,哈尔滨市,香坊区
盘古发型·染发·烫发(安通街店),安通街24号(冬奥家园门对面),"126.689303,45.708612",13936444423,黑龙江省,哈尔滨市,香坊区
美格造型(果园街店),通天街道果园街154号,"126.704993,45.731789",15246634433,黑龙江省,哈尔滨市,香坊区
Meet遇见发型创造(铁路文政新区店),文治三道街36号,"126.645074,45.730155",15204671314,黑龙江省,哈尔滨市,香坊区
88潮牌美发连锁(释美艺术店),司徒街82-3号88,"126.679022,45.731694",15846800376,黑龙江省,哈尔滨市,香坊区
山屿形象设计,延福街98号,"126.700312,45.727287",19845487397,黑龙江省,哈尔滨市,香坊区
金迪烫染(三辅小区南区店),三辅街92-2号,"126.679803,45.732477",13115552095,黑龙江省,哈尔滨市,香坊区
星国际美发,农林街与文治三道街交叉口东2米,"126.642499,45.726106",13633682524,黑龙江省,哈尔滨市,香坊区
天淇美发沙龙,哈平路街道龙创睦邻7-8商铺,"126.646324,45.719347",18611660610,黑龙江省,哈尔滨市,香坊区
奥丽娜美容美发工作室(苏顺社区店),延福街159-11号,"126.699310,45.728086",13664503879,黑龙江省,哈尔滨市,香坊区
态度造型专业烫染(立汇·美罗湾二期店),拥军路76号立汇美罗湾b18栋,"126.689635,45.688590",13836130296,黑龙江省,哈尔滨市,香坊区
有漾 UYoung hair salon,化工路4号,"126.732789,45.729015",19586027189,黑龙江省,哈尔滨市,香坊区
大龙造型,六顺街道三辅三道街56-33,"126.685181,45.736067",13199328456,黑龙江省,哈尔滨市,香坊区
伊铭发艺(公滨小区店),新成街道珠江路0428号,"126.712463,45.733952",18245166118,黑龙江省,哈尔滨市,香坊区
伍木国潮男士理发馆,龙创睦邻小区二期4号楼02号商铺(哈平六道街),"126.641602,45.717603",13069639101,黑龙江省,哈尔滨市,香坊区
梵西形象设计(香坊金域悦府店),万科金域悦府一号地19-05,"126.684672,45.691940",13030099465,黑龙江省,哈尔滨市,香坊区
漫·美发沙龙,司徒街101号(省医院地铁站1号口步行110米),"126.677502,45.736286",18745197628,黑龙江省,哈尔滨市,香坊区
轻奢美发沙龙,汉水路120号闽江小学对面,"126.700913,45.744169",13100975592,黑龙江省,哈尔滨市,香坊区
壹视觉专业美发沙龙(中山名苑店),香安街90号中山路与香安街口(省医院对面),"126.675927,45.728857",13936577347;15546119876,黑龙江省,哈尔滨市,香坊区
春之潮美容染烫沙龙,民航路副6-4号(省医院地铁站2号口步行390米),"126.675199,45.739375",0451-88880997;15045096695,黑龙江省,哈尔滨市,香坊区
沐尚造型(乐松购物广场店),三大动力路8号乐松广场4F层,"126.648525,45.719675",[],黑龙江省,哈尔滨市,香坊区
壹柒1Seven·漂发·染发·烫发(凯旋广场店),哈平路2号壹柒美发沙龙凯旋新生活购物广场二层,"126.646768,45.720348",13895722554,黑龙江省,哈尔滨市,香坊区
嘉尔男士发型,启智路36号四季芳洲,"126.633418,45.705230",17645451484,黑龙江省,哈尔滨市,香坊区
爆米花儿童美发乐园(乐松店),三大动力路8号乐松广场4F层,"126.649325,45.719225",[],黑龙江省,哈尔滨市,香坊区
简一造型,军立街112号,"126.690915,45.692786",18346121020,黑龙江省,哈尔滨市,香坊区
古造型美业沙龙(三合园小区店),三合路433-1号,"126.657242,45.698415",13895770657,黑龙江省,哈尔滨市,香坊区
凡森专业美发沙龙(永泰城店),永泰城永兴路32号,"126.765241,45.716448",13204620989,黑龙江省,哈尔滨市,香坊区
乔治V-CLUB发型连锁机构,香坊区永泰城永昌路41号,"126.763053,45.715601",0451-87236441,黑龙江省,哈尔滨市,香坊区
靓点发艺美容,香滨路22号,"126.669100,45.730125",13897584586,黑龙江省,哈尔滨市,香坊区
一辰造型(汇龙拾光里店),化轴路与农场街交叉口东220米,"126.699308,45.721078",15303660515,黑龙江省,哈尔滨市,香坊区
AE造型(289店),民生路126-1号,"126.658005,45.736304",[],黑龙江省,哈尔滨市,香坊区
小杰造型工作室(香坊店),汇雄时代七号楼32楼3202,"126.689819,45.725143",15046097606,黑龙江省,哈尔滨市,香坊区
艾尚形象设计(香坊店),恒大御景湾一期8栋110号,"126.680776,45.701604",15245134401,黑龙江省,哈尔滨市,香坊区
你好色彩·美甲·美睫(乐松店),哈平路街道哈平路8号凯旋广场A栋1305室,"126.646611,45.719901",17600998885,黑龙江省,哈尔滨市,香坊区
Tata热发型(林大店),农林街16号农林小区,"126.644806,45.724476",[],黑龙江省,哈尔滨市,香坊区
阿龙华专业造型(香木小区店),香顺街22号,"126.678505,45.724942",13654651244,黑龙江省,哈尔滨市,香坊区
氧发堂植物染发,民生三道街35-2号,"126.651884,45.735923",0451-51531616,黑龙江省,哈尔滨市,香坊区
美丽盼烫染连锁(黑龙江省政府司法厅家属楼店),民生路街道民生东七道街19-2号,"126.665972,45.732879",13766885726,黑龙江省,哈尔滨市,香坊区
独品造型,升永街96号(公滨路地铁站3A口步行490米),"126.694632,45.728651",15145105439,黑龙江省,哈尔滨市,香坊区
漾婕美业,通天街130号1层,"126.700410,45.728569",13351802817,黑龙江省,哈尔滨市,香坊区
柒月造型(四季印像B区店),文景街41号,"126.648575,45.733946",18522110438,黑龙江省,哈尔滨市,香坊区
明星·瑞拉形象设计(东北农业大学南区公寓店),东北农业大学离退休工作处南门旁,"126.723534,45.736548",18004615444,黑龙江省,哈尔滨市,香坊区
古龙发艺(旭升南街店),香坊大街街道锅炉厂旭升南街122号,"126.660897,45.696131",18545522027,黑龙江省,哈尔滨市,香坊区
浪潮发秀(珠江俊景店),珠江路副0341-3号,"126.711270,45.734365",18246856148,黑龙江省,哈尔滨市,香坊区
素然美容美发会所(龙创睦邻二期店),龙创睦邻南区南门东南220米,"126.644123,45.716670",13936623910;18646370811,黑龙江省,哈尔滨市,香坊区
明朗美发沙龙,哈平路31号,"126.646278,45.717497",18246146665,黑龙江省,哈尔滨市,香坊区
时尚美发美肤沙龙(香坊店),和平路41号,"126.650775,45.723775",13936623910;13946185998;18646370811,黑龙江省,哈尔滨市,香坊区
MEISHANG美尚美容·美发(公滨小区店),清华街35号,"126.712027,45.733858",13704845859,黑龙江省,哈尔滨市,香坊区
米奇尔专业美发沙龙(安埠街店),安埠街298-5号,"126.695705,45.728368",18646123394,黑龙江省,哈尔滨市,香坊区
吉米造型,香坊区哈尔滨哈东万达一期三号楼6号门市88/1吉米造型,"126.762267,45.715241",15636574456,黑龙江省,哈尔滨市,香坊区
好心情造型(小徐店),新联草街19-20号附近,"126.675018,45.706474",15004682740,黑龙江省,哈尔滨市,香坊区
爱业美容美发(大庆副路店),大庆辅路副30号,"126.669817,45.712357",[],黑龙江省,哈尔滨市,香坊区
越克发型设计,龙创睦邻二期北门东80米,"126.644402,45.717741",[],黑龙江省,哈尔滨市,香坊区
青丝秀造型,松景路102号恒大御景湾小区F3栋1-2层12号,"126.680053,45.702662",13104587021,黑龙江省,哈尔滨市,香坊区
大海造型,哈平路远大都市绿洲二期20栋,"126.645693,45.703770",13603655597,黑龙江省,哈尔滨市,香坊区
阿泽发型工作室,汉水路167号阿泽发型工作室,"126.701968,45.744209",15104658333,黑龙江省,哈尔滨市,香坊区
颜艺术造型,司徒街114号,"126.677683,45.734998",15645677300,黑龙江省,哈尔滨市,香坊区
新时代发型沙龙(分店),菜艺街47-1号,"126.684247,45.731862",0451-55622233;13604886947,黑龙江省,哈尔滨市,香坊区
点点发艺(四史街店),六顺街道四史街50号,"126.679870,45.733351",18245082356,黑龙江省,哈尔滨市,香坊区
短发故事(城东新居D区店),团结街28号,"126.725174,45.731669",18145622321;18246047800,黑龙江省,哈尔滨市,香坊区
楠哲烫染,哈平路街道凯旋广场西区C栋动源三道街9号门市,"126.644917,45.720090",15124552370,黑龙江省,哈尔滨市,香坊区
雨薇发型设计(香木小区店),香坊大街香顺街8号,"126.678620,45.724647",13766826577;18204607555,黑龙江省,哈尔滨市,香坊区
艺剪美容美发会馆(海富·山水文园南区店),旭升南街174号,"126.661352,45.693552",15546182616,黑龙江省,哈尔滨市,香坊区
领航国际美容美发会馆(东方玫瑰园店),军立街56号,"126.693913,45.694384",13766877724,黑龙江省,哈尔滨市,香坊区
东辉造型,[],"126.644442,45.730081",13644570674,黑龙江省,哈尔滨市,香坊区
莹鑫造型美发店,通天街道果园街140号建德小区19栋,"126.704746,45.730962",18045170278,黑龙江省,哈尔滨市,香坊区
商服东尚美发(万象上东店),民生路120号万象上东F座,"126.661860,45.733505",0451-87733777;15145084346,黑龙江省,哈尔滨市,香坊区
尚美造型(文和家园店),民生路街道文瑞街2号,"126.654404,45.738331",14745169037,黑龙江省,哈尔滨市,香坊区
墨辰形象设计(立汇·美罗湾三期店),军立街立汇美罗湾三期正门口C10栋1层7号,"126.689198,45.691888",15154279623;17645042351,黑龙江省,哈尔滨市,香坊区
尚格造型·美发沙龙(香坊区),三辅街副106号,"126.678227,45.732112",16603646464,黑龙江省,哈尔滨市,香坊区
红阳形象烫染(顺水小区店),新地街102号,"126.688677,45.733531",13613615970,黑龙江省,哈尔滨市,香坊区
盘古造型(哈平路店),哈平路街道哈平路远大都市绿洲保健路25号,"126.645281,45.703307",15145083211,黑龙江省,哈尔滨市,香坊区
梵古造型(六顺街店),六顺街道六顺街3号,"126.684241,45.736153",13703609764,黑龙江省,哈尔滨市,香坊区
阿刚烫染(巴黎广场西区店),和平路15-2号巴黎广场西区,"126.651207,45.721681",[],黑龙江省,哈尔滨市,香坊区
三木烫染美发造型工作室,和兴路45-1号,"126.642811,45.723929",18646078131,黑龙江省,哈尔滨市,香坊区
领秀造型(旗舰店),军民街102-4号立汇美罗湾一期,"126.694634,45.689039",17604660610,黑龙江省,哈尔滨市,香坊区
A迪形象工作室(城东新居B区店),木材街39号,"126.725407,45.733437",13059023776,黑龙江省,哈尔滨市,香坊区
明星烫染造型(春江家园一期店),乐园街72号春江家园一期,"126.652790,45.717430",13945133317,黑龙江省,哈尔滨市,香坊区
艺丝道造型(哈量新区店),民生路街道文化街1410号哈量新区34栋29号,"126.652199,45.736271",18003608973,黑龙江省,哈尔滨市,香坊区
茗朗美发,和祥路8号,"126.665074,45.730018",0451-87970858,黑龙江省,哈尔滨市,香坊区
OT star salon,恒大御景湾一期,"126.681202,45.702069",18500486282,黑龙江省,哈尔滨市,香坊区
优咪美发沙龙工作室(汇雄时代店),红旗大街香坊大街交口汇雄时代F15层11门,"126.689850,45.725120",13633634324,黑龙江省,哈尔滨市,香坊区
长毛怪理发店(乐松购物广场店),哈平路街道三大动力路8号乐松广场三楼,"126.648842,45.719319",13946183360,黑龙江省,哈尔滨市,香坊区
手艺人(果园街店),果园街33-8号,"126.705056,45.727690",13946089949,黑龙江省,哈尔滨市,香坊区
有时美业YOURS BEAUTY,哈平路睦邻1号楼7号商服,"126.645566,45.717882",18745723133,黑龙江省,哈尔滨市,香坊区
波美场造型(海富·山水文园南区店),旭升南街208-2-7号,"126.661412,45.691099",18745777247,黑龙江省,哈尔滨市,香坊区
凯撒造型(香江月店),菜艺街81号,"126.683869,45.732620",15045090155,黑龙江省,哈尔滨市,香坊区
喜理形象设计(置信·澜悦东方店),松海路澜悦东方亮写字楼一层门市114,"126.675992,45.700119",17745195626;18345018179,黑龙江省,哈尔滨市,香坊区
创格造型,东北林业大学科技楼西南门东280米,"126.643410,45.723662",15846567438,黑龙江省,哈尔滨市,香坊区
张强头领美发,成高子镇成高子大街45号,"126.838387,45.702291",[],黑龙江省,哈尔滨市,香坊区
依诺造型(万科智慧未来城店),万科智慧未来城一期临街右侧A13-5门市,"126.714820,45.692601",15145020909,黑龙江省,哈尔滨市,香坊区
艺生美业烫染工作室(永泰城3期店),香福路53号永泰城三期永昌路1号12号楼2单元102,"126.765027,45.715259",18704666510;18946115560,黑龙江省,哈尔滨市,香坊区
越公馆潮牌造型(城东新居店),木材东街38-3号,"126.727204,45.734413",13115518708,黑龙江省,哈尔滨市,香坊区
佳艺美发沙龙(安埠小区南区店),安埠小区(114栋17号)佳艺美发沙龙咸宜街6873路终点站,"126.696333,45.724841",13206660516,黑龙江省,哈尔滨市,香坊区
Surprise惊喜美发沙龙(星光家属小区店),大庆副路22-2号,"126.670521,45.712111",16720035999,黑龙江省,哈尔滨市,香坊区
理享专业烫染,松景路恒大御景湾二期底商F6栋105号房,"126.680459,45.702943",18646172249,黑龙江省,哈尔滨市,香坊区
小野造型,民生路街道民生三道街17号悦达民生国际A区商服14号1-2层,"126.653075,45.737425",[],黑龙江省,哈尔滨市,香坊区
晓波发艺,司徒亍副40号,"126.680926,45.726456",0451-55660806,黑龙江省,哈尔滨市,香坊区
卓简美发沙龙(乐松广场店),鸿福街22号,"126.647665,45.716805",17604514888,黑龙江省,哈尔滨市,香坊区
大湿美发(恒大御景湾一期店),松海路保健路松兰街菅草街恒大御景湾一号楼底商121,"126.679971,45.700632",13352510419,黑龙江省,哈尔滨市,香坊区
阿力形象设计中心,万象上东F栋,"126.662608,45.733674",18346172581,黑龙江省,哈尔滨市,香坊区
赛尚S.SALON(安居社区店),幸福镇公滨路德强学校院内安居社区20号楼一门,"126.739120,45.720264",15645662366,黑龙江省,哈尔滨市,香坊区
小波造型(民香小区店),民生路40号民生东六道街15号,"126.668019,45.732404",15846629640,黑龙江省,哈尔滨市,香坊区
艾伦造型(司徒街店),司徒街22号,"126.681673,45.724749",15244625083,黑龙江省,哈尔滨市,香坊区
武艺发型设计(城东新居A区店),木材街55-9城东新居A1号楼5号商服,"126.726136,45.734777",15663803359,黑龙江省,哈尔滨市,香坊区
潇洒美发沙龙专业烫染(民吉街店),永吉小区民吉街29号,"126.694025,45.731925",13945003452,黑龙江省,哈尔滨市,香坊区
沐楠造型(家园新城店),果园街20号家园新城,"126.704907,45.724945",15545345121,黑龙江省,哈尔滨市,香坊区
正佳美容美发养生会馆(龙府家园店),王兆街道哈市香坊区王兆街49-3号,"126.637628,45.730152",0451-82112888;0451-89687155,黑龙江省,哈尔滨市,香坊区
众美发型工作室(四史街),四史街42号,"126.680413,45.733469",13903664399,黑龙江省,哈尔滨市,香坊区
约瑟发艺,东北林业大学校内家属楼18栋一单元,"126.637019,45.719011",18503664370,黑龙江省,哈尔滨市,香坊区
爱上专业美发(香坊店),小北屯小区8栋1层2号,"126.670702,45.731486",13069885269;18204503215,黑龙江省,哈尔滨市,香坊区
奥姿造型,珠江路099号(珠江路地铁站4号口步行270米),"126.697020,45.736266",18610373545,黑龙江省,哈尔滨市,香坊区
妃格美业(乐松店),三大动力路37号乐松广场住宅,"126.649610,45.717887",[],黑龙江省,哈尔滨市,香坊区
艺彩造型,农林街16号农林小区,"126.646289,45.723847",15004656920,黑龙江省,哈尔滨市,香坊区
哈尼造型(顺水小区店),六顺街道新地街64号,"126.689235,45.733435",15776771888,黑龙江省,哈尔滨市,香坊区
阿楠造型(融创城二期店),融创城二期西北门东南100米,"126.698395,45.678796",[],黑龙江省,哈尔滨市,香坊区
楽一Hair Salon(乐松店),哈平路街道乐松小区4号楼驿站旁,"126.648052,45.718620",13717724176,黑龙江省,哈尔滨市,香坊区
国辉美容美发会馆(远大都市绿洲1期店),哈平路远大都市绿洲一期12栋2号门市,"126.647399,45.701275",18245027501;18646011857,黑龙江省,哈尔滨市,香坊区
佳剪尘除艺术造型,安埠街249号,"126.697432,45.729032",18346194093,黑龙江省,哈尔滨市,香坊区
非剪不可(哈尔滨香坊区),新中街5-9号,"126.703891,45.739991",18245109593,黑龙江省,哈尔滨市,香坊区
韩喜造型,珠江路0322号(南直路地铁站3号口步行150米),"126.707145,45.734623",15244668847,黑龙江省,哈尔滨市,香坊区
维度美容美发形象设计(海富·山水文园北区店),三合路481号(山水文园一期底商),"126.657185,45.696418",15114512214,黑龙江省,哈尔滨市,香坊区
小杰美发(果园星城店),安埠街131号,"126.702569,45.729336",13836106830,黑龙江省,哈尔滨市,香坊区
土木造型,和平路街道香滨路10-2号,"126.668613,45.729511",13796658833,黑龙江省,哈尔滨市,香坊区
唐人造型(六顺街店),六顺街118-1号,"126.678979,45.734772",13766883622,黑龙江省,哈尔滨市,香坊区
789专业烫染(珠江俊景店),珠江路0335号朝一中后身,"126.710305,45.734510",[],黑龙江省,哈尔滨市,香坊区
海洋发艺(司徒街店),司徒街118-1号,"126.677573,45.735010",18045107716,黑龙江省,哈尔滨市,香坊区
DH发型设计,安埠街254号,"126.697399,45.728629",18646572599,黑龙江省,哈尔滨市,香坊区
奇技剪业(东电里小区店),红旗大街副48-20号,"126.688513,45.726804",18745105153,黑龙江省,哈尔滨市,香坊区
小七.造型(中润旭升小区店),旭升街125号,"126.671183,45.714168",13240331200,黑龙江省,哈尔滨市,香坊区
阿楠造型(三辅街店),三辅花园小区北区南门西南90米,"126.679501,45.732483",18646633987,黑龙江省,哈尔滨市,香坊区
小亮美发形象设计(汇龙·十九街区店),军民街19-8-5号,"126.694372,45.686765",13214616100,黑龙江省,哈尔滨市,香坊区
名爵发型设计(安埠小区二期店),安埠小区2期东南门旁,"126.696572,45.728844",15145071121,黑龙江省,哈尔滨市,香坊区
好来亿美业(铁路文政新区店),铁路文政新区23栋9号,"126.644028,45.730871",[],黑龙江省,哈尔滨市,香坊区
匠人美发沙龙(三辅店),三辅街184号,"126.670966,45.730634",15774612444,黑龙江省,哈尔滨市,香坊区
尚美造型(珑瑞小区西区店),香坊大街162-9号,"126.679281,45.723513",15244624052,黑龙江省,哈尔滨市,香坊区
丝梵美发工作室(新松未来ONE店),新松未来ONE4号楼门市,"126.768552,45.743373",17107071000;17645177973,黑龙江省,哈尔滨市,香坊区
董军美发125店(和祥路店),和祥路126号(中北春城三期5号门),"126.659715,45.730251",[],黑龙江省,哈尔滨市,香坊区
太古美容美发工作室(哈轴职工建北小区南区店),香坊大街街道建北街14-2号,"126.695782,45.736452",13329311081,黑龙江省,哈尔滨市,香坊区
迦美美容美发洗脸吧(城东新居C区店),木材东街51号城东新居C区1栋,"126.727564,45.733145",[],黑龙江省,哈尔滨市,香坊区
Vision-造型接发专业店,凯旋广场东区,"126.646010,45.719785",[],黑龙江省,哈尔滨市,香坊区
一梦发艺(招商·诺丁山二期店),招商诺丁山二期北1门旁,"126.710411,45.689432",15145100953,黑龙江省,哈尔滨市,香坊区
轻丝美发,四史街55-4号(省医院地铁站1号口步行470米),"126.678124,45.733130",13624608156,黑龙江省,哈尔滨市,香坊区
佳慧造型(香江月店),菜艺街79号,"126.682498,45.734395",18645080583,黑龙江省,哈尔滨市,香坊区
沙轩造型(菜艺街店),菜艺街8号,"126.684890,45.728835",[],黑龙江省,哈尔滨市,香坊区
玖久美发,香顺街83-3#,"126.677175,45.734375",13045327286,黑龙江省,哈尔滨市,香坊区
叁月造型美发店,万科智慧未来城S2-5商服,"126.715220,45.693042",15846628663,黑龙江省,哈尔滨市,香坊区
奈思造型(中润旭升小区店),旭升街119号,"126.671029,45.713971",18346539816,黑龙江省,哈尔滨市,香坊区
小影秀发沙龙,旭升街111号,"126.671072,45.714034",0451-87966653;15204668133,黑龙江省,哈尔滨市,香坊区
华羽造型(香康小区南区店),公滨路591-2号(香康小区南区南门西90米),"126.672498,45.725842",[],黑龙江省,哈尔滨市,香坊区
知己发型,汇智五洲城五期20栋k01门市,"126.783265,45.748385",17611141513,黑龙江省,哈尔滨市,香坊区
喜理HAIR SALON,通天街80号(与延福街交叉口),"126.700679,45.727123",18646541005,黑龙江省,哈尔滨市,香坊区
拾理造型,果园街129号,"126.704645,45.730515",13946113807,黑龙江省,哈尔滨市,香坊区
爱美丽美发中心,红旗大街259号博大公寓3楼301室,"126.695670,45.743414",15636095085,黑龙江省,哈尔滨市,香坊区
华慕丝美发(金瑞林城3期店),金瑞林城三期S2-7商服,"126.692749,45.705748",13644519337,黑龙江省,哈尔滨市,香坊区
嘉鑫造型,通天街132号,"126.700316,45.728576",13936943987,黑龙江省,哈尔滨市,香坊区
小亮造型(白毛小区店),香坊区轴承街26号,"126.686554,45.721971",15776654735,黑龙江省,哈尔滨市,香坊区
10元精剪(民生路比优特),民生国际B区,"126.654054,45.737212",[],黑龙江省,哈尔滨市,香坊区
金金波发型设计工作室(文治家园店),文治二道街1-11号,"126.644815,45.727454",18845722638,黑龙江省,哈尔滨市,香坊区
聚星造型,军民街立汇美罗湾一期A10栋12号,"126.694038,45.688414",[],黑龙江省,哈尔滨市,香坊区
洋宇美发(珠江香城西区北院店),珠江香城西区北院南1门西50米,"126.697538,45.736175",17171789456,黑龙江省,哈尔滨市,香坊区
HI理好理发店,万科智慧未来城B区,"126.715517,45.692428",18201649964,黑龙江省,哈尔滨市,香坊区
国色天香GS造型美发美甲美睫美容(果园星城A区店),安埠街133号,"126.702574,45.729188",13613631565,黑龙江省,哈尔滨市,香坊区
红头绳发室(安埠示范小区店),咸宜街59号,"126.696987,45.725132",18246053531,黑龙江省,哈尔滨市,香坊区
丝梵美发沙龙(华润紫云府店),松景路1-9紫云府1期,"126.682117,45.701794",17758829977,黑龙江省,哈尔滨市,香坊区
炫尚烫染,电教街与电机街交叉口东南20米,"126.655582,45.712268",13604811227;15046001662,黑龙江省,哈尔滨市,香坊区
鹏派时尚造型(中北春城3期店),香滨路4号中北春城3期55号楼,"126.659389,45.729766",17122275999,黑龙江省,哈尔滨市,香坊区
琳雅轩形象设计,57-4(湘江路地铁站3号口步行330米),"126.697785,45.740718",15124661051,黑龙江省,哈尔滨市,香坊区
小杰发型设计(哈量分厂小区店),哈量分厂小区西门东北190米,"126.646602,45.717943",18345068424,黑龙江省,哈尔滨市,香坊区
指舞云端美发店,文景二道街62号,"126.650512,45.732527",15846522272,黑龙江省,哈尔滨市,香坊区
东泽造型烫染(香中小区店),中山路15号香中小区,"126.677547,45.723953",18646010715,黑龙江省,哈尔滨市,香坊区
方格子造型设计(果园星城B区店),安埠街120号,"126.701919,45.729014",15104695344,黑龙江省,哈尔滨市,香坊区
龙鑫美发美甲店,哈安街14号,"126.649744,45.718093",13766816570,黑龙江省,哈尔滨市,香坊区
美秀阁专业烫染,王兆街道65号龙鑫家园2号楼,"126.638899,45.732096",13836196361,黑龙江省,哈尔滨市,香坊区
晨艺美发(海富·山水文园南区店),香遂路57号晨艺美发,"126.659628,45.690244",13384529407,黑龙江省,哈尔滨市,香坊区
宇航形象设计,六顺街道香滨路55号,"126.670925,45.731825",15776625704,黑龙江省,哈尔滨市,香坊区
十元快剪(万达广场店),香福路52号万达广场(哈尔滨哈东店),"126.760760,45.717125",15998674080,黑龙江省,哈尔滨市,香坊区
木村造型(大庆副路店),大庆副路122号木村造型,"126.654219,45.717616",13895708244,黑龙江省,哈尔滨市,香坊区
丝艺造型(城东新居B区店),木材街城东新居b区4号七栋门市,"126.725649,45.732393",18045064905,黑龙江省,哈尔滨市,香坊区
志明造型,安埠小区二期(公滨路地铁站3A口步行490米),"126.694935,45.728792",0451-55550017;15245016679,黑龙江省,哈尔滨市,香坊区
小超烫染美发工作室,和兴路37号,"126.643527,45.723618",18745051233,黑龙江省,哈尔滨市,香坊区
亦艺造型,珠江路0125号,"126.698161,45.736148",13045199614,黑龙江省,哈尔滨市,香坊区
唯茵造型(祥和家园店),军立街与进乡街交叉口东北100米,"126.696684,45.696070",13936282308,黑龙江省,哈尔滨市,香坊区
发彩美业(联草小区店),新联草街132-134号,"126.673534,45.707181",0451-87965588;15045070119;15603660033,黑龙江省,哈尔滨市,香坊区
唐诗美业,永昌路96号,"126.762070,45.715509",18182807275,黑龙江省,哈尔滨市,香坊区
首艺烫染美甲美睫(三合园小区南区店),三合园小区-南区西门旁,"126.657168,45.698849",13074512805;13895772081,黑龙江省,哈尔滨市,香坊区
One M美发沙龙,民生三道街与文景二道街交叉口东北60米,"126.649525,45.734454",17645170735,黑龙江省,哈尔滨市,香坊区
伊丽剪吧(建成家园店),泰山路66-1号,"126.702858,45.740239",[],黑龙江省,哈尔滨市,香坊区
薇瑜伽·普拉提工作室,安乐街道体育街15号运动员公寓一单元0402室,"126.652008,45.723896",17645129293,黑龙江省,哈尔滨市,香坊区
臻妍美容工作室,凯旋广场东区,"126.646010,45.719785",[],黑龙江省,哈尔滨市,香坊区
小媛姐美甲美睫工作室,恒大时代广场一期15栋二单元101,"126.749013,45.718545",18045081018,黑龙江省,哈尔滨市,香坊区
悦禾美妆工作室(珠江名府店),珠江路027号(2号线3地铁口出口),"126.690884,45.737215",15145033678,黑龙江省,哈尔滨市,香坊区
丝宇专业美发(果园小区店),果园街23-7号,"126.705206,45.726363",[],黑龙江省,哈尔滨市,香坊区
新艺专业烫染店,民航路24号新艺专业烫染,"126.672937,45.739481",13039991824;13039993971,黑龙江省,哈尔滨市,香坊区
婷婷美发工作室(果园星城D区店),安埠街86号,"126.705611,45.729188",18745807766,黑龙江省,哈尔滨市,香坊区
湖北美发(司徒街店),司徒街94号(省医院地铁站1号口步行430米),"126.678374,45.733350",13633666545,黑龙江省,哈尔滨市,香坊区
季风专业美发(华润紫云府店),通乡街道松海路星河路紫云府一期正门2-3号门市,"126.681048,45.701333",13244562726,黑龙江省,哈尔滨市,香坊区
雅致美发,三辅街141号,"126.671714,45.731111",13684614729,黑龙江省,哈尔滨市,香坊区
方虹美发,星光二新街20-1,"126.674998,45.705586",[],黑龙江省,哈尔滨市,香坊区
颜之有理,农林街38号,"126.644240,45.725340",18686717616,黑龙江省,哈尔滨市,香坊区
铭轩造型(菜艺小区店),六顺街25号,"126.683661,45.736028",15146004204,黑龙江省,哈尔滨市,香坊区
真沙廊美发沙龙(远创店),公滨路95-5号远创越府16栋24商服,"126.731943,45.729028",13009847175,黑龙江省,哈尔滨市,香坊区
玖艺美发沙龙(新松·茂樾山1期店),新松茂樾山一期7号楼1层5号,"126.765198,45.743390",18646382567,黑龙江省,哈尔滨市,香坊区
艺廊美发(万象上东店),万象上东C栋1-2层,"126.660735,45.734497",13703640182,黑龙江省,哈尔滨市,香坊区
领航品牌烫染造型店(三合路店),三合路355-6号,"126.658733,45.701791",13054262369,黑龙江省,哈尔滨市,香坊区
阿森发型设计(苏顺社区店),通天街124号,"126.700346,45.728408",13613604137,黑龙江省,哈尔滨市,香坊区
秋秋美容美发(顺水小区店),顺水街27号(公滨路地铁站1号口步行420米),"126.688420,45.732777",18045378887,黑龙江省,哈尔滨市,香坊区
洋洋发吧,五叙街附37-8(省医院地铁站1号口步行440米),"126.677327,45.733833",13199560231,黑龙江省,哈尔滨市,香坊区
文文美发烫染(果园星城B区店),安埠街198号,"126.699412,45.728898",18724519491,黑龙江省,哈尔滨市,香坊区
乐乐美发店,远香街与西骑兵街交叉口北40米,"126.670757,45.728283",[],黑龙江省,哈尔滨市,香坊区
嘉男形象设计,新松璟荟祥府E区,"126.763436,45.736722",17096372345,黑龙江省,哈尔滨市,香坊区
海燕美发沙龙(星光街店),新联草街100一5号,"126.673300,45.708320",13836015235;19845023237,黑龙江省,哈尔滨市,香坊区
时尚美发,尚东辉煌城22号楼3单元103,"126.764513,45.756421",16645181707,黑龙江省,哈尔滨市,香坊区
尚艺造型(金香中路店),金香北路会展城上城四期14号门市,"126.773365,45.750767",13206586603,黑龙江省,哈尔滨市,香坊区
大S美发沙龙(东北林业大学店),东北林业大学36栋1单元101室,"126.638740,45.718123",13796074369,黑龙江省,哈尔滨市,香坊区
海慕美发沙龙,安埠街374-1号海慕美发沙龙,"126.692849,45.727765",15246566792,黑龙江省,哈尔滨市,香坊区
鑫雨美发(民生路店),民生路街道民生路233号,"126.655825,45.737556",13936565552,黑龙江省,哈尔滨市,香坊区
派森美发沙龙(恒大时代广场1期店),恒大时代广场一期s2-14号门市,"126.752482,45.719026",13766829232,黑龙江省,哈尔滨市,香坊区
大权剪业(三辅街店),三辅街126号,"126.677169,45.731924",15245176733,黑龙江省,哈尔滨市,香坊区
木美造型(民生东六道街店),民生东六道街17号,"126.667625,45.732325",13946145233,黑龙江省,哈尔滨市,香坊区
湖北真真美发,六顺街139-1号,"126.677149,45.734673",[],黑龙江省,哈尔滨市,香坊区
鸿飞美容美发(格兰云天A区店),进乡街120号格兰云天a区8号楼,"126.692927,45.697105",18646515712,黑龙江省,哈尔滨市,香坊区
指艺造型(哈轴职工建北小区北区店),赣水路201-11号,"126.694843,45.739517",18646589316,黑龙江省,哈尔滨市,香坊区
剪亿美发造型店,香坊区果园街134号,"126.704735,45.730997",15104673348,黑龙江省,哈尔滨市,香坊区
TAOXI·桃喜美容美发(海富·山水文园南区店),绥化路海富山水文园D-13号楼,"126.661711,45.691232",13009717708;13263673717,黑龙江省,哈尔滨市,香坊区
小伟美发(建德小区店),通天街道公滨路242-5号建德小区,"126.705420,45.732039",13804511561,黑龙江省,哈尔滨市,香坊区
铭匠美发沙龙(安埠小区二期店),[],"126.696378,45.728737",0451-55185254;18644041033,黑龙江省,哈尔滨市,香坊区
弘易发艺工作室,进乡街46-1号,"126.678975,45.708672",17804629927,黑龙江省,哈尔滨市,香坊区
美涛造型(总店),大庆副路附88-2,"126.659078,45.715947",13796099171,黑龙江省,哈尔滨市,香坊区
丽丝莲美发,旭升街34-4号,"126.667935,45.710771",15046075409,黑龙江省,哈尔滨市,香坊区
萱妍理容(汇龙·十九街区店),军民街19-5-21号汇龙·十九街区,"126.694707,45.687643",13124511968,黑龙江省,哈尔滨市,香坊区
招金美发,永昌路84号商铺,"126.762755,45.715300",15655544450,黑龙江省,哈尔滨市,香坊区
康师傅美发(会展城上城1期店),实验长江路会展城上城1期2号楼中街103康师傅美发,"126.774472,45.749643",[],黑龙江省,哈尔滨市,香坊区
巴洛艺发型工作室(香林名苑店),香林街36号,"126.680824,45.696846",15114503692,黑龙江省,哈尔滨市,香坊区
Yz美发沙龙,农场街20号,"126.696000,45.720375",15145093734,黑龙江省,哈尔滨市,香坊区
高禹烫染,农林头道街10-3号,"126.647146,45.722969",18686778490,黑龙江省,哈尔滨市,香坊区
丽尚造型,种子宝宝幼儿园东北门旁,"126.667646,45.730577",18345090806,黑龙江省,哈尔滨市,香坊区
新风尚形象设计(中北春城3期店),和祥路100号中北春城三期48号楼门市,"126.660450,45.728673",13101555536,黑龙江省,哈尔滨市,香坊区
新澎客造型,赣水路215号,"126.697936,45.739110",13766914318,黑龙江省,哈尔滨市,香坊区
幕梵造型(苏顺社区店),苏顺社区东北门旁,"126.700312,45.728570",18724504564,黑龙江省,哈尔滨市,香坊区
闪电形象设计(农大店),农业大学南门,"126.726139,45.735347",18145637823,黑龙江省,哈尔滨市,香坊区
旺剪理发厅(会展城上城2期店),会展城上城二期七号楼一单元103,"126.773715,45.748167",15114594080,黑龙江省,哈尔滨市,香坊区
顶范美发店,军民街道19-2-1号,"126.694729,45.687273",17545538217,黑龙江省,哈尔滨市,香坊区
小龙发型(友缘小区店),幸福路友缘小区二号楼一单元101,"126.650808,45.716229",[],黑龙江省,哈尔滨市,香坊区
小齐发型(城东新居A区店),城东新居A区,"126.726278,45.734863",[],黑龙江省,哈尔滨市,香坊区
尚瘾美发屋(安居社区店),幸福镇公滨路安居社区20栋3号门市,"126.739170,45.720055",15663687965,黑龙江省,哈尔滨市,香坊区
吉曜造型,五叙街35号楼3栋2单元1楼1号,"126.679732,45.734294",17277162250,黑龙江省,哈尔滨市,香坊区
唯美印象美发(第五分店),星华街19-2号(省政府地铁站2号口步行370米),"126.663382,45.739958",13946101928,黑龙江省,哈尔滨市,香坊区
优尚造型美发美甲形象店(旭升街店),旭升街副2-1号(地铁站口步行350米),"126.664248,45.705488",15124535543,黑龙江省,哈尔滨市,香坊区
龙美美容美发(香茗小区店),香茗二道街40号(公滨路地铁站1号口步行220米),"126.688708,45.731054",13329582617,黑龙江省,哈尔滨市,香坊区
龙恩专业烫染,香顺街28-6号,"126.678201,45.725693",13100880037,黑龙江省,哈尔滨市,香坊区
湖北可心烫染(正对小区店),安埠街336号,"126.694176,45.728099",13836026195;18745696637,黑龙江省,哈尔滨市,香坊区
湖北慧子美发(安埠小区北区店),咸宜街35号,"126.698131,45.725198",15145091722,黑龙江省,哈尔滨市,香坊区
湖北美发专业纹绣,安通街101号,"126.692158,45.708569",15046658500,黑龙江省,哈尔滨市,香坊区
蓝月亮理容(幸福家园店),哈平路27号幸福家园,"126.648444,45.717591",0451-82139664;15846506101,黑龙江省,哈尔滨市,香坊区
思诺美容美发(哈南之星店),哈平路哈南之星,"126.650923,45.658140",18644065299,黑龙江省,哈尔滨市,香坊区
轩奇烫染造型(哈量新区店),民生三道街26号康泰新药店旁边,"126.652873,45.736529",18246157798,黑龙江省,哈尔滨市,香坊区
玲珑美发设计(哈量1区店),民生路街道民生头道街10号155栋,"126.658541,45.740038",[],黑龙江省,哈尔滨市,香坊区
阿飞造型(龙茂小区店),哈平路149-10号(肿瘤医院地铁站3号口旁),"126.644089,45.699281",17603642862,黑龙江省,哈尔滨市,香坊区
张朋美业(凯旋广场东区店),哈平路街道动源街13-6,"126.644943,45.720185",13946161689,黑龙江省,哈尔滨市,香坊区
小云美发(福泰名苑店),福泰名苑1号楼1单元17-6,"126.701202,45.694326",[],黑龙江省,哈尔滨市,香坊区
果园美发,果园街与公滨路交叉口南100米,"126.704824,45.731309",[],黑龙江省,哈尔滨市,香坊区
丽丽发艺(和平二道街店),和平二道街80-1,"126.655883,45.740444",[],黑龙江省,哈尔滨市,香坊区
百万男士理发馆,永兴路108号永泰城,"126.763075,45.716896",[],黑龙江省,哈尔滨市,香坊区
洪侠美发,文化街101-8,"126.651584,45.740535",[],黑龙江省,哈尔滨市,香坊区
珠江发艺,香化街32号(南直路地铁站1号口步行200米),"126.702926,45.734984",[],黑龙江省,哈尔滨市,香坊区
蜗牛男士理发Barber Shop,安埠街207号,"126.698933,45.729129",18145505021,黑龙江省,哈尔滨市,香坊区
经纪湖北美发(通站街店),通站街61-11号,"126.681104,45.722761",[],黑龙江省,哈尔滨市,香坊区
男士理发馆,按摩西南侧,"126.751712,45.739683",[],黑龙江省,哈尔滨市,香坊区
蓝调美发(香滨明苑店),香通街25号香滨明苑,"126.696748,45.732160",[],黑龙江省,哈尔滨市,香坊区
魔发师剪吧,王兆三道街18-1号,"126.636260,45.728096",18845621444,黑龙江省,哈尔滨市,香坊区
梦思发艺,果园街与公滨路交叉口南60米,"126.705391,45.731734",[],黑龙江省,哈尔滨市,香坊区
小磊造型旭东店,旭东街4-6号小磊造型旭东店,"126.663231,45.705238",0451-57718782;15846007326,黑龙江省,哈尔滨市,香坊区
冬美发造型,哈市香坊区和兴路41-1号,"126.642983,45.723900",13946115811,黑龙江省,哈尔滨市,香坊区
艺格造型(宏城好人家店),电碳路23号宏城好人家,"126.733194,45.716959",18143016201,黑龙江省,哈尔滨市,香坊区
思美雅形象设计(安通家园店),通乡街道安通18道街金瑞林城3期28栋,"126.692076,45.705830",[],黑龙江省,哈尔滨市,香坊区
新印象美发,红旗大街1号罗马公元,"126.694977,45.720011",[],黑龙江省,哈尔滨市,香坊区
蒂凡尼·造型(城东新居店),木材街47-4号,"126.725566,45.734604",0451-87236628,黑龙江省,哈尔滨市,香坊区
喜理形象设计(新松·茂樾山店),新松茂樾山一期29-5-4号楼1单元04号,"126.763165,45.744910",15546497367,黑龙江省,哈尔滨市,香坊区
发型者美发工作室(铁路文政新区店),文治头道街45号,"126.643973,45.730248",18704503020,黑龙江省,哈尔滨市,香坊区
芊艺造型,果园街141号(南直路地铁站3号口步行380米),"126.705210,45.731091",15114522273,黑龙江省,哈尔滨市,香坊区
起点发艺(香山小区店),香坊大街香山小区,"126.674346,45.723293",[],黑龙江省,哈尔滨市,香坊区
丝艺美发(香安名苑店),中山路15号香安名苑,"126.676267,45.729335",[],黑龙江省,哈尔滨市,香坊区
Luna造型(万科智慧未来城B区店),进乡街万科智慧未来城二期小区S4栋104门市,"126.714849,45.691915",[],黑龙江省,哈尔滨市,香坊区
塞尚造型(建成家园店),泰山路建成家园522号,"126.701208,45.740560",13241486810,黑龙江省,哈尔滨市,香坊区
浩鑫美业沙龙(南郡新城1期店),松海路南郡·新城(旭升街地铁站4号口步行250米),"126.660045,45.701952",15776801120,黑龙江省,哈尔滨市,香坊区
美约造型(招商·诺丁山二期店),招商·诺丁山二期东北门东南90米,"126.711666,45.688524",[],黑龙江省,哈尔滨市,香坊区
日升剪业(电塔二道街店),旭升街154号日升家园,"126.670311,45.715897",15114669692,黑龙江省,哈尔滨市,香坊区
艺超造型,进乡街20号明珠家园,"126.675425,45.710525",[],黑龙江省,哈尔滨市,香坊区
天使造型专业烫染(铁路文政新区店),文政新区23栋2单元,"126.644186,45.730797",[],黑龙江省,哈尔滨市,香坊区
鑫朝个人形象设计(龙跃金水湾店),农场街18号龙跃金水湾,"126.697128,45.720940",[],黑龙江省,哈尔滨市,香坊区
凤凰剪业(哈电东升家园店),旭升街102号哈电东升家园,"126.670438,45.714003",[],黑龙江省,哈尔滨市,香坊区
名剪造型专业染烫店(石化所店),中民街46号2单元1层1号,"126.667373,45.736333",18646378725,黑龙江省,哈尔滨市,香坊区
初衷造型HAIR SALON(会展城上城星御店),会展城上城4期B2110门市,"126.773105,45.750746",17645144437;18545848758,黑龙江省,哈尔滨市,香坊区
阿浩发型,民生路71号,"126.667011,45.733656",15046693412,黑龙江省,哈尔滨市,香坊区
初莹造型(永泰城店),永兴路116号,"126.762260,45.717305",18249022347,黑龙江省,哈尔滨市,香坊区
慕尚造型(新松·茂樾山2期店),新松·茂樾山2期西北门南210米,"126.766909,45.744421",[],黑龙江省,哈尔滨市,香坊区
朗峰专业美发沙龙(花园店),建设街48号(博物馆地铁站3A口步行350米),"126.647645,45.757364",0451-87811122,黑龙江省,哈尔滨市,南岗区
MEGA时尚潮男设计(凯德店),学府路副1-5号二层,"126.610456,45.719430",15776252727,黑龙江省,哈尔滨市,南岗区
M ONE美发沙龙(汉水路店),汉水路385号,"126.677693,45.746327",0451-55170344,黑龙江省,哈尔滨市,南岗区
Z.X HAIR SALON张新美业(会展店),黄河路105号107号(黄河绿园小区A区东南1门旁),"126.694196,45.755626",0451-82388868,黑龙江省,哈尔滨市,南岗区
锐澳形象(比乐街店),比乐街222-2号(果戈里大街与交口),"126.656492,45.753328",0451-82650925;15604800071,黑龙江省,哈尔滨市,南岗区
妃格美发沙龙·烫发·染发(学府凯德店),自兴街33号,"126.607036,45.719833",17545540410,黑龙江省,哈尔滨市,南岗区
朗峰专业美发沙龙(哈西店),和谐大道382号,"126.591079,45.699274",0451-88326661,黑龙江省,哈尔滨市,南岗区
立欧造型新首选店,阿什河街79号,"126.645122,45.762354",0451-53635323;18646118068,黑龙江省,哈尔滨市,南岗区
张扬造型(信恒花园店),黄河路186-14号,"126.692994,45.754944",0451-87722755,黑龙江省,哈尔滨市,南岗区
小野造型(汉水路店),汉水路421号,"126.674769,45.746053",0451-82367916,黑龙江省,哈尔滨市,南岗区
锋尚美业,学府路副1-13号(学府地地铁站出入口步行400米),"126.610232,45.719214",15104534151,黑龙江省,哈尔滨市,南岗区
M·BARBER SHOP尚美男士理容(开发区店),嵩山路105-3号,"126.688495,45.757357",0451-51027113;13644602127,黑龙江省,哈尔滨市,南岗区
朗峰专业美发沙龙(会展店),红旗大街258-2号,"126.695017,45.756471",0451-84285151,黑龙江省,哈尔滨市,南岗区
爱米沙龙(宣庆店),芦家街道宣庆街,"126.674421,45.756026",0451-82325819,黑龙江省,哈尔滨市,南岗区
澳派美容美发连锁机构(泰山店),泰山路231号,"126.703845,45.748992",0451-87222611,黑龙江省,哈尔滨市,南岗区
小野造型(红博会展购物广场店),新春街道红旗大街301号红博会展购物广场金座负一层,"126.699907,45.755765",0451-82273951,黑龙江省,哈尔滨市,南岗区
小齐发型Star-Salon(工大店),贵新街84号,"126.627917,45.740447",0451-87281884;16645027900,黑龙江省,哈尔滨市,南岗区
集美形象设计(吉星商住城店),黄河路73-9号,"126.690153,45.755065",18145169111,黑龙江省,哈尔滨市,南岗区
朗峰专业美发沙龙(凯德店),清华大街63号福顺尚都1号,"126.608089,45.720364",0451-55512299,黑龙江省,哈尔滨市,南岗区
INSI Hair Salon(学府凯德店),自兴街44号中央红小月亮2楼,"126.605559,45.719083",13351106289,黑龙江省,哈尔滨市,南岗区
ONE SALON(西城红场店),哈西大街299号西城红场B座24楼22-26室,"126.593499,45.703292",17645099573,黑龙江省,哈尔滨市,南岗区
MEGA时尚潮男设计(万达广场店),中兴大道166号苏宁易购广场四层,"126.586231,45.700185",13936485047,黑龙江省,哈尔滨市,南岗区
喜拓国际造型(会展店),泰山路与华鸿路19号(冬奥村东区东南门西70米),"126.703989,45.748116",18945633965,黑龙江省,哈尔滨市,南岗区
银星精致发型(哈西万达店),兴达路9号,"126.589703,45.699963",17107000008,黑龙江省,哈尔滨市,南岗区
董军美发(万达SOHO店),中兴大道117号,"126.592056,45.701176",19804517603,黑龙江省,哈尔滨市,南岗区
德德理美式烫发俱乐部Dedebarbershop,中和街65号,"126.656307,45.754520",15590889333,黑龙江省,哈尔滨市,南岗区
妃格形象设计(美格店),自兴街34号保利·清华颐园,"126.605678,45.719326",0451-86610696,黑龙江省,哈尔滨市,南岗区
伊贝美假发补发定制,哈西街道西宁南路3号金爵万象二期A栋1507室,"126.583949,45.698699",18100447373,黑龙江省,哈尔滨市,南岗区
OUR STYLE(哈西臻选店),兴达路40号,"126.588937,45.699593",0451-51171995,黑龙江省,哈尔滨市,南岗区
蓝灯美发造型(宣庆店),宣庆街14-8号(中级人民法院斜对面),"126.673976,45.751041",0451-51821656,黑龙江省,哈尔滨市,南岗区
INSI Hair Salon(西城红场店),哈西街道哈西大街229号西城红场A座1510室,"126.593935,45.702810",13251503766;17614652021;18745066745,黑龙江省,哈尔滨市,南岗区
MEGA时尚潮男设计(金爵万象店),哈西大街金爵万象商业广场负一,"126.582958,45.699104",18646043103,黑龙江省,哈尔滨市,南岗区
妃格美发沙龙·烫发·染发·漂发(哈西万达店),中兴大道168号万达广场哈尔滨哈西店3F层,"126.585875,45.700275",13204650890,黑龙江省,哈尔滨市,南岗区
哈剪邦美发沙龙店,黄河路115-27号泰海花园小区,"126.702708,45.758979",13019728688,黑龙江省,哈尔滨市,南岗区
小轶发艺(秋林公司店),阿什河街65-1号(哈尔滨润暄服装设计有限公司西南门旁),"126.645891,45.761892",0451-53629119,黑龙江省,哈尔滨市,南岗区
F.V造型(万达广场店),中兴大道168号万达广场(哈尔滨哈西店)1F层(3号门附近),"126.588152,45.699836",0451-86670077,黑龙江省,哈尔滨市,南岗区
尤司男士国潮理发馆(哈尔滨哈西万达店),兴达路18号(万达广场哈尔滨哈西店出入口旁),"126.589757,45.699842",[],黑龙江省,哈尔滨市,南岗区
KK-造型(会展中心店),红旗大街270号民防商务酒店一楼大厅,"126.694225,45.758443",15004543060,黑龙江省,哈尔滨市,南岗区
妃格形象设计(艺格店),征仪路363号(征仪路地铁站4号口步行120米),"126.634338,45.697880",0451-86619958,黑龙江省,哈尔滨市,南岗区
星芮美发沙龙,王岗镇哈西大街552号五叶草主题酒店旁边,"126.596601,45.698294",18545883593,黑龙江省,哈尔滨市,南岗区
能听懂话的理发馆,清滨胡同三号,"126.616262,45.731119",15776240357,黑龙江省,哈尔滨市,南岗区
Amy艾米造型(学府甄选店),学府四道街216号二楼,"126.619627,45.704532",15545522639,黑龙江省,哈尔滨市,南岗区
型色沙龙Color Salon烫发·染发(哈尔滨哈西大街店),哈西大街608号(哈西大街地铁站1号口步行90米),"126.596975,45.696125",15045076879;15304648985,黑龙江省,哈尔滨市,南岗区
MUYE时尚潮男设计(学府店),雄师家园北门西160米,"126.610625,45.703775",0451-86630622,黑龙江省,哈尔滨市,南岗区
美艺发型连锁(邮政店),邮政街33-3号,"126.646595,45.764279",0451-53628078,黑龙江省,哈尔滨市,南岗区
劲田靓姿造型(耀景小区店),公司街32-4号,"126.641227,45.749435",13836142309,黑龙江省,哈尔滨市,南岗区
澳派形象设计(宣庆街店),宣庆街36-2号,"126.674265,45.754574",0451-83071988,黑龙江省,哈尔滨市,南岗区
船长男士发型设计(西城红场C座店),西城红场c座9楼-17-18室,"126.592765,45.702615",15645563445;18545510913,黑龙江省,哈尔滨市,南岗区
FG Barber Shop男士理发馆(宣西小区店),宣庆街74号,"126.674658,45.758488",15767403333,黑龙江省,哈尔滨市,南岗区
八英里男士理发馆(哈西店),哈西街道哈西大街299号西城红场创意港A座3103室,"126.593983,45.702800",18945029811,黑龙江省,哈尔滨市,南岗区
HOME形象设计沙龙(中兴大道店),中兴大道48号,"126.611175,45.703875",15104596432,黑龙江省,哈尔滨市,南岗区
Rs·颜色馆·染发·漂发·接发(西城红场店),哈西街道西城红场b座19楼08-09室,"126.593481,45.703478",13375488743;17744584727,黑龙江省,哈尔滨市,南岗区
尚姿品牌发型设计连锁机构(汉水店),先锋路街道城区红旗大街汉水路251号尚资美发,"126.696504,45.745018",0451-87000168,黑龙江省,哈尔滨市,南岗区
丝冉美发沙龙(鲁商·悦未来店),鲁商悦未来4-3号,"126.630180,45.685692",0451-51521121,黑龙江省,哈尔滨市,南岗区
妃格形象设计,中兴左街2-1-11号(汇龙北纬45度3号门旁),"126.575356,45.694516",15350099991,黑龙江省,哈尔滨市,南岗区
爆米花儿童美发乐园(红博中央公园店),红旗大街339号红博中央公园B2层,"126.698831,45.757530",0451-85998689,黑龙江省,哈尔滨市,南岗区
澳派护肤造型(鲁商店),保健路街道健平路167号鲁商凤凰城,"126.630880,45.685210",0451-51523253;17604661662,黑龙江省,哈尔滨市,南岗区
尚美男士理容(哈西店),王岗大街587-8号,"126.578033,45.695316",0451-86641566,黑龙江省,哈尔滨市,南岗区
向往造型(汇龙北纬45度店),王岗大街587-2号,"126.575890,45.694781",13263626677,黑龙江省,哈尔滨市,南岗区
艺伽发型设计沙龙(闽江小区二期东区店),闽江小区二期华鸿路62号,"126.703895,45.747943",18645148660,黑龙江省,哈尔滨市,南岗区
妃格形象设计(尚格店),哈尔滨大街67号,"126.591584,45.714649",13904817443,黑龙江省,哈尔滨市,南岗区
MUYE时尚潮男设计(凯德店),凯德广场侧身福顺商都2栋1层455号,"126.608469,45.720222",15567001863,黑龙江省,哈尔滨市,南岗区
76号·美发沙龙(哈西店),哈西大街534号,"126.596324,45.698464",15545140572,黑龙江省,哈尔滨市,南岗区
小野造型(西城红场生活港店),哈西大街299号西城红场生活港2层,"126.591918,45.702716",0451-51501889,黑龙江省,哈尔滨市,南岗区
维意ShowHair发型工作室(哈西西城红场店),哈西街道哈西大街299号西城红场A座1209室,"126.593826,45.703067",13936505075,黑龙江省,哈尔滨市,南岗区
澳派形象设计(邮政店),邮政街108-2号,"126.647924,45.764819",0451-53621779,黑龙江省,哈尔滨市,南岗区
Party Hair·头发派对(中央公园店),红博中央公园潮界B1层瑞幸咖啡对面,"126.699295,45.757216",0451-85998609,黑龙江省,哈尔滨市,南岗区
乔木造型Salon(保利·清华颐园店),自兴街82号,"126.604858,45.718109",15663265335,黑龙江省,哈尔滨市,南岗区
润泽HAIR SALON,南兴街117-39,"126.587233,45.699224",15146431976,黑龙江省,哈尔滨市,南岗区
百格造型(革新街店),革新街101号,"126.656713,45.750441",18345103738,黑龙江省,哈尔滨市,南岗区
NS奈斯造型(独家蛋白烫),桥南街4-22号,"126.627493,45.739420",0451-53621773;16743073666,黑龙江省,哈尔滨市,南岗区
浪汐剪业(黑龙江大学家属楼店),学府路74号A区16栋(黑大院内),"126.616549,45.710380",15244602842,黑龙江省,哈尔滨市,南岗区
ONE SALON(秋林公司店),东大直街319号秋林公司商场三楼57号商铺,"126.645896,45.760898",17645099573,黑龙江省,哈尔滨市,南岗区
Party Hair·头发派对(黄河路店),黄河路115-27号泰海花园小区,"126.704177,45.756809",13624619597,黑龙江省,哈尔滨市,南岗区
妃格形象设计(哈尔滨大街),哈尔滨大街659号,"126.587645,45.693541",0451-86619949,黑龙江省,哈尔滨市,南岗区
聚艺造型(西城红场生活港店),西城红场c塔10层13-15号,"126.592861,45.702656",15663806927,黑龙江省,哈尔滨市,南岗区
假发定制·极客侠全国连锁(江南国际大厦店),江南国际大厦24层2408房间,"126.643771,45.761969",4008258876,黑龙江省,哈尔滨市,南岗区
禾川美容美发沙龙(闽江小区二期西区店),闽江路121号(闽江小区北区西南1门旁),"126.702698,45.747195",18204680602,黑龙江省,哈尔滨市,南岗区
尚姿品牌发型设计连锁(泰山店),泰山路169号,"126.703264,45.746657",0451-55178084,黑龙江省,哈尔滨市,南岗区
造小婉美发沙龙(哈西万达店),哈西万达四楼(凯盛源广场地铁站1号口步行80米),"126.586275,45.700325",13251505922,黑龙江省,哈尔滨市,南岗区
Meet·缪斯造型(学府路凯德广场店),学府路1-1号凯德广场·学府5F层,"126.609544,45.721487",0451-51060193;15145011118,黑龙江省,哈尔滨市,南岗区
AE造型(红博会展购物广场店),红旗大街301号红博商业会展购物广场商场所属新女装Z-4,"126.699525,45.755025",[],黑龙江省,哈尔滨市,南岗区
斑比宝宝儿童美发乐园(凯德店),学府凯德三层36号斑比宝宝儿童美发,"126.608883,45.721193",17884084608,黑龙江省,哈尔滨市,南岗区
FENDI-TWO发艺(征仪路店),征仪路272号,"126.632768,45.704430",0451-51068314,黑龙江省,哈尔滨市,南岗区
浪潮美发2店,学府东四道街252号,"126.618602,45.704435",15046053421,黑龙江省,哈尔滨市,南岗区
精艺求精专业美发沙龙·漂发·染发(哈西万达店),万隆路60号(万达华府-东区北门西100米),"126.591190,45.700198",0451-88131222,黑龙江省,哈尔滨市,南岗区
爱尚造型短发主题沙龙(国民街店),国民街29-3号(博物馆地铁站3A口步行410米),"126.647578,45.756376",0451-82308885;19526337713,黑龙江省,哈尔滨市,南岗区
My Mart美发工作室(西城红场生活港店),哈西街道哈西大街299号西城红场创意港B座1楼,"126.593825,45.702725",[],黑龙江省,哈尔滨市,南岗区
巴顿男士理发馆(会展店),渭水路58号,"126.705795,45.749812",18745003444,黑龙江省,哈尔滨市,南岗区
凡艺美发护肤沙龙(北辰国际店),赣水路197-3号,"126.693002,45.739914",0451-51942113;13936194845,黑龙江省,哈尔滨市,南岗区
妃格形象设计(中海雍景熙岸店),哈尔滨大街907号,"126.597190,45.685952",0451-51197007;18697057700,黑龙江省,哈尔滨市,南岗区
Vs沙宣造型(万达广场店),哈西街道兴达路37号哈西万达广场金街D2-77号,"126.588850,45.699964",13029877723,黑龙江省,哈尔滨市,南岗区
迦法美发沙龙(中植方洲苑店),嵩山路106号,"126.686827,45.761563",0451-51828763,黑龙江省,哈尔滨市,南岗区
菲琳美发美甲沙龙(远大购物中心店),果戈里大街378号远大购物中心3楼(近荣市街),"126.643570,45.760999",0451-53624113,黑龙江省,哈尔滨市,南岗区
金公子造型(黄河路店),先锋路街道黄河路188-1号信恒花园1号楼二单元203室,"126.694829,45.755082",0451-55612999;0451-57815678,黑龙江省,哈尔滨市,南岗区
MY·SHINE闪耀染发烫发接发(哈西红场店),哈西大街299号西城红场生活港 B座16楼,"126.593025,45.703025",13674610315,黑龙江省,哈尔滨市,南岗区
妃格形象设计(悦格店),建兴路80号1层08商服(鲁商·凤凰城西1门旁),"126.629797,45.683054",18324503382,黑龙江省,哈尔滨市,南岗区
希幔发型工作室,香山路27号,"126.692488,45.754210",17614631224,黑龙江省,哈尔滨市,南岗区
MY·style沐颜造型(松雷商业大厦店),东大直街329号松雷商业7楼,"126.643766,45.759242",0451-53628832,黑龙江省,哈尔滨市,南岗区
壹美发型工作室,先锋路街道香山路42号(黄河绿园小区东南2门西200米),"126.691960,45.755445",15045096782,黑龙江省,哈尔滨市,南岗区
AE造型(166店),光明街4号4单元1层3号,"126.649497,45.756012",[],黑龙江省,哈尔滨市,南岗区
蓝灯造型(平公店),平公街5号,"126.673329,45.757145",0451-83013053;13936465276,黑龙江省,哈尔滨市,南岗区
爆米花儿童美发乐园(西城红场店),哈西大街299号西城红场生活港F3层,"126.591137,45.702662",[],黑龙江省,哈尔滨市,南岗区
MONE时尚沙龙(金爵万象商业广场店),哈西街道中兴左街2号金爵万象商业广场F2层,"126.583194,45.699047",18646353521,黑龙江省,哈尔滨市,南岗区
束言造型(哈特店),曲线街道铁路街248号宏桥居4栋,"126.623467,45.743552",19528319961,黑龙江省,哈尔滨市,南岗区
2032发型工作室·烫发·染发(黑大店),学府路学府路74-32号,"126.619995,45.710750",18845992014,黑龙江省,哈尔滨市,南岗区
理享美发空间(金爵万象商业广场店),哈西街道中兴左街2号金爵万象商业广场5楼,"126.582825,45.699175",18644056659,黑龙江省,哈尔滨市,南岗区
澳派形象设计(人和旗舰店),奋斗街道人和街36-12,"126.660516,45.759437",0451-55096333;0451-82794068,黑龙江省,哈尔滨市,南岗区
AE造型(137号店),平公街5-5号,"126.672989,45.757160",[],黑龙江省,哈尔滨市,南岗区
芭莎廊造型(辽河路),辽河路246-6号鼎新集资6号楼3单元(鼎新小区南门南50米),"126.683380,45.763139",15104678397;15204677487,黑龙江省,哈尔滨市,南岗区
HappyColour快乐.色彩(红博会展购物广场店),红旗大街301号红博会展购物广场F1层,"126.699112,45.754391",0451-82273996;15904617909;18646006731,黑龙江省,哈尔滨市,南岗区
首选发艺(马家街店),马家街166号院,"126.650663,45.758598",0451-53660876;0451-83392299;15204621885,黑龙江省,哈尔滨市,南岗区
束言造型(金域蓝城店),哈尔滨大街47号,"126.592025,45.715075",18182802505,黑龙江省,哈尔滨市,南岗区
叁门先生男士理发馆,上和置地广场金座(烟厂地铁站3号口步行160米),"126.656625,45.768375",13512651669,黑龙江省,哈尔滨市,南岗区
大宇时尚造型(星源国际店),绥阳路星源国际B栋军工院内5号门市,"126.670729,45.772707",15004639834;15636009463,黑龙江省,哈尔滨市,南岗区
奈斯造型hair salon,和兴三道街34号,"126.621238,45.726376",15114677708,黑龙江省,哈尔滨市,南岗区
妃格形象设计(服装城店),哈西街道中兴大道64号,"126.610560,45.703908",0451-86630622;18249032432,黑龙江省,哈尔滨市,南岗区
新鑫雪美发(铁岭社区店),铁岭街40号(医大一院地铁站3号口步行260米),"126.653489,45.764382",0451-82556876,黑龙江省,哈尔滨市,南岗区
哈尔滨 好美专业接发店,哈西大街299号西城红场A座12楼1203室,"126.593761,45.702921",15046135611;15546458251,黑龙江省,哈尔滨市,南岗区
S·ting²淞汀·烫发·漂发·染发沙龙(西城红场店),西城红场创意港A座20层,"126.593996,45.702732",18100444839,黑龙江省,哈尔滨市,南岗区
派头美发沙龙,中兴大道555号东辉明珠园,"126.584974,45.702528",18745059429,黑龙江省,哈尔滨市,南岗区
凯博造型(艺汇家文化商业广场店),红旗大街240号艺汇家城市广场F4层,"126.694755,45.753087",13936680586,黑龙江省,哈尔滨市,南岗区
极美造型,光芒街85-11号,"126.653249,45.754390",13836008791,黑龙江省,哈尔滨市,南岗区
阿宇的店,辽河路234号,"126.684893,45.763392",17745115288,黑龙江省,哈尔滨市,南岗区
全盛造型,永河街31-7号,"126.653578,45.755070",15504578531,黑龙江省,哈尔滨市,南岗区
东升美业沙龙,王岗大街18-2东升美业沙龙,"126.568119,45.704453",13664619011;15204677224,黑龙江省,哈尔滨市,南岗区
秋雨发型设计(下夹树街店),下夹树街29-3号,"126.629971,45.753092",13796636960,黑龙江省,哈尔滨市,南岗区
沐北·造型(辽河店),辽河路257号(中植方洲苑北区东南门旁),"126.681375,45.763225",0451-55591991,黑龙江省,哈尔滨市,南岗区
XY兮颜美发沙龙,平公街26号,"126.672791,45.757111",15776696936,黑龙江省,哈尔滨市,南岗区
D12hairsalon(凯德店),凯德广场侧身福顺尚都2号楼1层商服,"126.608405,45.720287",18045006085,黑龙江省,哈尔滨市,南岗区
靓伊生补发(哈尔滨店),东大直街146号上和置地7楼713,"126.656980,45.768696",4008339676,黑龙江省,哈尔滨市,南岗区
束言造型(哈西店),哈尔滨大街923号,"126.597514,45.685588",0451-86611712,黑龙江省,哈尔滨市,南岗区
艺时·潮男发型设计(学府店),和兴路街道学府路1号蓝钻公寓701室,"126.609878,45.720083",18646581957,黑龙江省,哈尔滨市,南岗区
WAKEN·银星·烫染(哈西万达华宅西门店),西宁南路64号,"126.585519,45.698364",0451-87301892,黑龙江省,哈尔滨市,南岗区
杨门男士理发店,中兴左街金地峯范2期二楼商服134号杨门男士理发店,"126.572522,45.691447",18246133121,黑龙江省,哈尔滨市,南岗区
Mr.Chen陈先生美发美容沙龙(泰海花园小区店),泰山北路35号,"126.703020,45.758318",18645059831;19604513888,黑龙江省,哈尔滨市,南岗区
锦理美发沙龙,中兴左街25号华润凯旋门,"126.580075,45.698575",13199445315,黑龙江省,哈尔滨市,南岗区
M+IDEAL专业设计烫染,[],"126.607584,45.717805",15545562522,黑龙江省,哈尔滨市,南岗区
Y+hair独立工作室,哈西街道中兴大道162号万达SOHO A座1楼,"126.591095,45.700921",13263542801,黑龙江省,哈尔滨市,南岗区
百格造型哈西店,科学大道与南兴街交角以北地段9栋1层S04号,"126.573103,45.692276",13796050447,黑龙江省,哈尔滨市,南岗区
芬迪发艺(和谐家园店),征仪路272号,"126.632830,45.704452",0451-51068314,黑龙江省,哈尔滨市,南岗区
花田造型·染发·烫发·漂发(哈西万达店),哈西街道中兴大道164号万达SOHO公寓B座1层13号,"126.591231,45.700998",18795041117,黑龙江省,哈尔滨市,南岗区
唯天美发沙龙(家合城店),王岗镇家合城,"126.551735,45.672821",13304848915,黑龙江省,哈尔滨市,南岗区
聚艺造型,花园街241-1号,"126.653913,45.763498",13313688528,黑龙江省,哈尔滨市,南岗区
预约Hair Salon,黄河路139号,"126.707847,45.757306",18945103799,黑龙江省,哈尔滨市,南岗区
风采造型(福顺尚都店),学府路1号福顺尚都1栋1层商铺,"126.607745,45.720466",[],黑龙江省,哈尔滨市,南岗区
2069美发造型,赣水路与红旗大街辅路交叉口西北60米,"126.692877,45.739919",16645297000,黑龙江省,哈尔滨市,南岗区
丝来秀假发店,比乐街173号,"126.654342,45.752084",18745737839,黑龙江省,哈尔滨市,南岗区
朗奥形象会所(汉水路店),汉水路426号朗奥形象,"126.677525,45.745987",0451-82728877;15636161581,黑龙江省,哈尔滨市,南岗区
鑫禧发型设计,花园街副90号,"126.661358,45.769499",13613607553,黑龙江省,哈尔滨市,南岗区
小齐发型Star-Salon(延兴路店),延兴东路13号,"126.625578,45.718659",0451-51025886,黑龙江省,哈尔滨市,南岗区
梵琪造型尊御店,爱达尊御西南门东南70米,"126.586126,45.709294",13904504319,黑龙江省,哈尔滨市,南岗区
AE造型(119店),中兴大道164号万达SOHOB座一楼120室,"126.590991,45.700923",[],黑龙江省,哈尔滨市,南岗区
M3hair奢享沙龙,中兴大道162号B2栋1层9号,"126.591982,45.701161",0451-86615455;15799915336,黑龙江省,哈尔滨市,南岗区
丝路造型(淮河路店),红旗住宅新区淮河路240号,"126.699014,45.762412",13089981398,黑龙江省,哈尔滨市,南岗区
小齐时尚造型(西典家园B区店),西兴街12号,"126.595725,45.706284",15945996933,黑龙江省,哈尔滨市,南岗区
理棠专业发型设计,清滨路23-7号(和兴路地铁站3号口步行270米),"126.618088,45.732602",15069401006,黑龙江省,哈尔滨市,南岗区
美西美品质造型(海河店),海河路25号,"126.676248,45.757134",18724622335,黑龙江省,哈尔滨市,南岗区
壹叁伍造型烫染工作室(和谐家园店),征仪路与学府四交叉口杨国福麻辣烫旁边282号,"126.632941,45.704192",15663897680,黑龙江省,哈尔滨市,南岗区
恩佐烫染造型,征仪路377号(征仪路地铁站3号口步行240米),"126.635733,45.698033",18645527883,黑龙江省,哈尔滨市,南岗区
华夏美业(黑山街69号院店),黑山街67-9号,"126.659673,45.753978",13946022570,黑龙江省,哈尔滨市,南岗区
精选国际美发连锁机构(革新店),革新街44号,"126.662144,45.753340",[],黑龙江省,哈尔滨市,南岗区
style名艺造型(龙福家园店),马端街89号,"126.671082,45.763532",15246667654,黑龙江省,哈尔滨市,南岗区
东岩造型(复华小区总店),繁荣街98号,"126.637447,45.744638",18724593376,黑龙江省,哈尔滨市,南岗区
muQing发型,花园街361号与建设交口附近,"126.646933,45.757533",0451-51099666,黑龙江省,哈尔滨市,南岗区
立涛美发化妆店,芦家街3-19号,"126.673729,45.755924",13613614901;18745727979,黑龙江省,哈尔滨市,南岗区
秀客造型工作室(苗圃小区B区店),汉兴街56号苗圃小区B2栋2单元101,"126.628362,45.733268",17614653861,黑龙江省,哈尔滨市,南岗区
朵奈丝美发美肤连锁沙龙(宜家店),哈西大街463号,"126.596626,45.692642",0451-86297990,黑龙江省,哈尔滨市,南岗区
唐风采·高端假发定制(哈尔滨店),东大直街146号上和置地广场金座1813室,"126.656609,45.768558",15145089996;18646182807,黑龙江省,哈尔滨市,南岗区
齿轮男士理发馆barbershop,哈西街道中兴大道162号万达SOHOA座3层2号,"126.591325,45.700475",19845091157,黑龙江省,哈尔滨市,南岗区
AE造型388店,会展家园小区东区,"126.715786,45.746705",[],黑龙江省,哈尔滨市,南岗区
肯迪男士专属沙龙,"西城红场创意港B座,9层,908号","126.593710,45.703323",13136650137,黑龙江省,哈尔滨市,南岗区
东造型美发沙龙(尚都购物广场店),建设街142号一层103号,"126.641739,45.760242",18545536655,黑龙江省,哈尔滨市,南岗区
禧理发型设计,南兴街117-24,"126.587398,45.698933",[],黑龙江省,哈尔滨市,南岗区
沐楠造型(西典家园E区店),西兴街33号,"126.596004,45.706679",15246773034,黑龙江省,哈尔滨市,南岗区
春美发美肤沙龙,嵩山路62-18号,"126.689456,45.751274",0451-82323374;13845158997,黑龙江省,哈尔滨市,南岗区
视觉造型(人和街店),人和街2-1号,"126.663244,45.761917",0451-51021018,黑龙江省,哈尔滨市,南岗区
SOUL SALON(万达广场哈尔滨哈西店),哈西街道中兴大道168号万达广场(哈尔滨哈西店)负1层,"126.588768,45.700922",15546671237,黑龙江省,哈尔滨市,南岗区
派头美发沙龙(哈西万达店),万隆路52号,"126.591445,45.700220",15204614333,黑龙江省,哈尔滨市,南岗区
嘉尔男士发型(凯德店),学府路1号福顺尚都18栋A05号,"126.609266,45.720308",0451-86622215,黑龙江省,哈尔滨市,南岗区
梯田造型(和兴小区店),清滨路21-13号,"126.618162,45.732748",13100810404,黑龙江省,哈尔滨市,南岗区
领先HAPPYHAIR(先锋路店),先锋路591号,"126.670458,45.765332",0451-83020201;13904617184,黑龙江省,哈尔滨市,南岗区
当代Ds美发沙龙,吉林街39-5号,"126.647340,45.762797",15045022433;15546115859,黑龙江省,哈尔滨市,南岗区
N·I新思想美发沙龙(金爵万象店),金爵万象二期A栋1017,"126.583951,45.698636",18249777162,黑龙江省,哈尔滨市,南岗区
ione·私人订制(金爵万象店),王岗镇哈尔滨大街640号金爵万象一期3号楼1214室,"126.587237,45.695694",13263662678,黑龙江省,哈尔滨市,南岗区
情侣形象设计(总店),西大桥法院街24号,"126.627425,45.742121",0451-86249779,黑龙江省,哈尔滨市,南岗区
明掌柜美发工作室(金爵万象店),哈尔滨大街640号金爵万象3栋1单元3层15号,"126.587393,45.695624",15663700311,黑龙江省,哈尔滨市,南岗区
阿文美发烫染专业机构(下夹树街),下夹树街17号之5-7号(北秀宾馆),"126.631070,45.754274",0451-86238689,黑龙江省,哈尔滨市,南岗区
森美男士理发馆,汉广街37号,"126.626222,45.737026",18511741319,黑龙江省,哈尔滨市,南岗区
非凡烫染造型(繁荣街店),繁荣街93-1号,"126.641197,45.748235",13796689964,黑龙江省,哈尔滨市,南岗区
妃格形象设计金爵万象,金爵万象商业广场7楼702,"126.582956,45.699181",18145655201,黑龙江省,哈尔滨市,南岗区
米兰美发沙龙(闽江小区二期东区店),华鸿路46号,"126.704403,45.747875",0451-51192666;18646522821,黑龙江省,哈尔滨市,南岗区
宇航美发沙龙,革新街116号,"126.658099,45.750882",0451-82633447,黑龙江省,哈尔滨市,南岗区
唤頭理发馆集合店,哈西大街与复旦街交口香醍雅诺37栋12楼20室,"126.597113,45.696029",13366022720,黑龙江省,哈尔滨市,南岗区
莱财美发沙龙,哈西大街与万隆路交叉口西80米,"126.594325,45.701025",18103614921,黑龙江省,哈尔滨市,南岗区
VESAR发型美学(红博会展购物广场店),新春街道红旗大街301号红博会展购物广场新女装区B-13厅,"126.699918,45.755347",13304648880,黑龙江省,哈尔滨市,南岗区
董军美发10店,哈西悦城国际健身会馆B区一楼,"126.591923,45.708299",18645054562,黑龙江省,哈尔滨市,南岗区
本色烫染主题沙龙(宏业小区店),七政街道清明四道街44号宏业小区B栋,"126.616528,45.739001",0451-86331932,黑龙江省,哈尔滨市,南岗区
艾琪造型(龙电花园店),人和街1-5号,"126.662429,45.761521",0451-82728266;13613613835;18645076205,黑龙江省,哈尔滨市,南岗区
S·F造型·烫发·染发·漂发(西城红场店),西城红场A港9楼18-19号(星巴克咖啡旁写字楼),"126.593348,45.702738",18346177192,黑龙江省,哈尔滨市,南岗区
发觉者美发(红星花园店),红星花园小区一曼街2-209-11,"126.677895,45.770638",15004664298;15114579544,黑龙江省,哈尔滨市,南岗区
妃凡形象设计(苗圃小区A区店),木兰街42号,"126.626509,45.734392",13796689964,黑龙江省,哈尔滨市,南岗区
木尚造型(文兴街店),文兴街35-17号,"126.621174,45.724019",15045188920,黑龙江省,哈尔滨市,南岗区
新明发艺(元和街店),元和街8-2号(地铁3号口步行270米),"126.624722,45.738687",18845722010,黑龙江省,哈尔滨市,南岗区
1+美发工作室(接发染发剪发),华润置地1号楼102号,"126.568817,45.703064",18104517272,黑龙江省,哈尔滨市,南岗区
美学家美发沙龙,哈尔滨大街637号涧桥西畔,"126.587977,45.693279",18545520789,黑龙江省,哈尔滨市,南岗区
形素经典烫染设计(学府花园店),学府三道街23号学府花园,"126.624347,45.715631",18704664766,黑龙江省,哈尔滨市,南岗区
王子型象设计(民益街店),民益街156号,"126.635837,45.757157",13766875339;18745689315,黑龙江省,哈尔滨市,南岗区
黑妹专业烫染(温馨家园店),宣信街2-2号,"126.673256,45.750200",13654539077,黑龙江省,哈尔滨市,南岗区
美艺国际发型连锁(哈西店分店),永丰大街161号,"126.592369,45.686900",0451-51197099;18686881456,黑龙江省,哈尔滨市,南岗区
新主题美发沙龙(信恒现代城园园店),黄河路205号,"126.713267,45.757946",13945017118,黑龙江省,哈尔滨市,南岗区
发丝界造型(星源国际店),星源国际B栋4门市,"126.670702,45.772608",0451-82521373;13895729773,黑龙江省,哈尔滨市,南岗区
东林枫美业(吉星商住城店),燕山路20号,"126.690770,45.753854",0451-87773691,黑龙江省,哈尔滨市,南岗区
理念轻奢美发沙龙,宣庆街60-2号,"126.674465,45.756588",15004546342;18545949324,黑龙江省,哈尔滨市,南岗区
蒂梵尼科技美肤烫染沙龙养发馆(爱达九溪店),哈尔滨大街爱达九溪6门市579-1,"126.583531,45.696722",13146008853,黑龙江省,哈尔滨市,南岗区
大董美发沙龙Hair salon花园街店,花园街266-2号,"126.654037,45.763113",17745178264,黑龙江省,哈尔滨市,南岗区
Kris专业形象设计(学府路店),学府路382号锦绣华城雅园,"126.622822,45.668680",18249502387,黑龙江省,哈尔滨市,南岗区
美拉美业(纳帕英郡店),哈尔滨大街777号纳帕英郡,"126.592878,45.687206",0451-86864666,黑龙江省,哈尔滨市,南岗区
屿安美甲工作室(西城红场生活港店),哈西街道哈西大街299号西城红场综合楼A栋2404号,"126.593702,45.702961",18145562773,黑龙江省,哈尔滨市,南岗区
米艺造型,通达街6-2号,"126.626055,45.734986",17107000006;18322566475,黑龙江省,哈尔滨市,南岗区
帆刺青纹身工作室(哈西金爵万象店),哈西街道西宁南路金爵万象三期3号楼1201室,"126.585182,45.697021",13946069616,黑龙江省,哈尔滨市,南岗区
LIXIANG理享美业,泰山北路45号,"126.702726,45.758801",15045164953,黑龙江省,哈尔滨市,南岗区
名峰造型,康宁小区西区东南1门旁,"126.607029,45.726497",[],黑龙江省,哈尔滨市,南岗区
XL轻奢沙龙美发,万隆路46号,"126.591592,45.700201",18345373943,黑龙江省,哈尔滨市,南岗区
尚姿品牌发型设计连锁机构(泰海店),海河东路178号(泰海花园小区北侧),"126.703464,45.759771",0451-83168966;0451-85926968,黑龙江省,哈尔滨市,南岗区
艺+美发沙龙,桥南街26号(西大桥地铁站3号口步行380米),"126.625297,45.740097",13030015852,黑龙江省,哈尔滨市,南岗区
丝芮美发工作室,和兴路68-2号,"126.622093,45.730248",15104699718;15545590406,黑龙江省,哈尔滨市,南岗区
白玉造型,嵩山路124号白玉造型,"126.686599,45.762063",13936602360;15645646682,黑龙江省,哈尔滨市,南岗区
一剪美美容美发连锁(红旗新区店),红旗示范新区25栋,"126.700762,45.761318",13654566987,黑龙江省,哈尔滨市,南岗区
X.hair.salon.美发店,哈西大街299号西城红场B座17楼03室,"126.593456,45.703318",18704650510,黑龙江省,哈尔滨市,南岗区
形素经典烫染设计(中交香颂店),西宁南路94号,"126.587470,45.696895",13845162767,黑龙江省,哈尔滨市,南岗区
董军美发8店,511-4董军美发,"126.579388,45.699174",[],黑龙江省,哈尔滨市,南岗区
铭函美发,光芒街75-7号,"126.654759,45.753345",19064426417,黑龙江省,哈尔滨市,南岗区
妃格形象设计(辰能店),哈西大街晨能溪树庭院南区471号,"126.596715,45.692251",[],黑龙江省,哈尔滨市,南岗区
董军美发17店(中海·雍景熙岸店),中海·雍景熙岸,"126.597502,45.685583",18704635754,黑龙江省,哈尔滨市,南岗区
流行美专业美发(学府路来乐小店),学府路附29-7号,"126.611659,45.713338",0451-86603874,黑龙江省,哈尔滨市,南岗区
ID-HAIR美发设计沙龙(万达SOHO店),中兴大道162号万达SOHOF1层,"126.592008,45.701142",15561568330,黑龙江省,哈尔滨市,南岗区
轻颜美发工作室,哈西街道清华大街22号,"126.609482,45.717739",[],黑龙江省,哈尔滨市,南岗区
简发美发店,征仪路科大小区508栋,"126.630289,45.715632",18246194517,黑龙江省,哈尔滨市,南岗区
阿信造型(水院小区店),和兴三道街45号,"126.616438,45.728421",15776873697,黑龙江省,哈尔滨市,南岗区
董军美发(11店),中兴左街117-3号恒大珺庭小区栋12层S04商服,"126.575992,45.695629",18145601498,黑龙江省,哈尔滨市,南岗区
V.潮美发沙龙(工大店),一匡街9-5,"126.631495,45.737439",15945678160,黑龙江省,哈尔滨市,南岗区
Beautiful time 美丽时刻日系轻奢美发沙龙(泰海花园小区店),黄河路141号,"126.708281,45.757219",0451-51086522,黑龙江省,哈尔滨市,南岗区
不晚Hair salon美发馆(鲁商悦未来店),健平路70号,"126.632645,45.685798",13314522801,黑龙江省,哈尔滨市,南岗区
丝颂超越美发(超越店),文府街19号,"126.657108,45.742896",13351710722,黑龙江省,哈尔滨市,南岗区
兰天美发店(鸿朗花园北区店),南开街鸿朗花园一期三号楼门市306,"126.601437,45.712209",[],黑龙江省,哈尔滨市,南岗区
TheOne美发沙龙,湘江路111号,"126.686891,45.743429",0451-87835789;18545531231,黑龙江省,哈尔滨市,南岗区
童剪童话儿童美发,哈西大街299号西城红场B栋22楼23号,"126.593456,45.703318",18004617628,黑龙江省,哈尔滨市,南岗区
全美造型美肤,三姓街73号(烟厂地铁站1号口步行120米),"126.655244,45.768902",0451-82521678;18646376000,黑龙江省,哈尔滨市,南岗区
艾比利美发(西桥住宅小区店),曲线街道桥东街51号,"126.627722,45.740019",15604514647,黑龙江省,哈尔滨市,南岗区
12小时美发沙龙(万达广场店),兴达路175号(凯盛源广场地铁站1口旁),"126.585104,45.699398",[],黑龙江省,哈尔滨市,南岗区
艺剪钟情(南岗店),花园街274号2栋6单元1层3-4号,"126.653800,45.762952",0451-51954357;18946168879,黑龙江省,哈尔滨市,南岗区
本艺美发沙龙,辽河路260号,"126.682644,45.763067",17603641016,黑龙江省,哈尔滨市,南岗区
大伟美发造型工作室(理工大学学府花园店),测绘路86号,"126.622503,45.714390",13163444496,黑龙江省,哈尔滨市,南岗区
本艺美发沙龙(会展家园小区西区店),民福路55号,"126.713630,45.745822",15804627376;17614506677,黑龙江省,哈尔滨市,南岗区
蒂秀美发沙龙(利兴小区店),和兴路街道林兴路55-3号,"126.623713,45.719983",13136688136;13136688390,黑龙江省,哈尔滨市,南岗区
合熙hair salon美发造型(合熙店),南兴街75号,"126.589613,45.698894",15245118707,黑龙江省,哈尔滨市,南岗区
魔都美发造型(大众新城一期店),征仪路大众新城2号门院里巴厘岛洗浴右侧,"126.633909,45.696615",18104607079,黑龙江省,哈尔滨市,南岗区
咖秀美发(通达小区店),七政街道通达街道通达街9号,"126.626437,45.735173",18686777098,黑龙江省,哈尔滨市,南岗区
YHair美发沙龙(万达广场店),西宁南路10号,"126.584340,45.699705",0451-51171713;13029875552,黑龙江省,哈尔滨市,南岗区
欧派美发沙龙,中山路242号(工人文化宫地铁站3号口旁),"126.653949,45.749376",0451-82810570,黑龙江省,哈尔滨市,南岗区
小鱼美发,贵新街144号与法院街交口处,"126.626083,45.741270",13613645138,黑龙江省,哈尔滨市,南岗区
酷造型(沙曼小区四街区店),和兴三道街52号,"126.621001,45.726440",13091701156,黑龙江省,哈尔滨市,南岗区
一诺国际美发沙龙(电缆街店),电缆街51号(学府星城门面),"126.619650,45.668910",0451-58995790,黑龙江省,哈尔滨市,南岗区
氧发堂天然植物染发(恒大珺庭店),恒大珺庭10号楼,"126.573557,45.694819",18103617313,黑龙江省,哈尔滨市,南岗区
雕刻时光美发沙龙(华山小区店),辽河路220号对面,"126.685647,45.763739",13945696206,黑龙江省,哈尔滨市,南岗区
董军美发(20店),西兴街19号,"126.595165,45.706606",[],黑龙江省,哈尔滨市,南岗区
小布丁儿童美发,哈西大街299号西城红场生活港,"126.592727,45.702502",[],黑龙江省,哈尔滨市,南岗区
G·L光兰美发工作室(哈西西城红场优质店),哈西大街299号西城红场生活港,"126.593775,45.703325",13674635551,黑龙江省,哈尔滨市,南岗区
ML米莱美发美甲(哈西万达写字楼店),万达写字楼B1栋一层11号,"126.592911,45.701242",13240034000;18145683229,黑龙江省,哈尔滨市,南岗区
HS·hope salon,汇龙北纬8-1-17门市王岗大街和中兴左街交口,"126.577424,45.695834",17665768626;18645020079,黑龙江省,哈尔滨市,南岗区
星秀造型(健平路店),鲁商凤凰城S栋8号,"126.629861,45.685063",17643452685,黑龙江省,哈尔滨市,南岗区
CHANGE·改变造型(美发美甲哈西店),哈西大街482号,"126.596003,45.700415",0451-88043999;13258670888,黑龙江省,哈尔滨市,南岗区
北亦美发沙龙,铁路街7号1层18号,"126.630725,45.757925",13555234688;13555238458,黑龙江省,哈尔滨市,南岗区
Top.1美发沙龙(金域蓝城3期深蓝杰座店),哈西大街13号,"126.592765,45.714061",13251601955,黑龙江省,哈尔滨市,南岗区
艺臻美发工作室(沙曼小区三街区店),振兴街32-10号,"126.618232,45.726557",18745002236,黑龙江省,哈尔滨市,南岗区
元素美发造型,吉林街41号吉林街41号院,"126.646905,45.763078",[],黑龙江省,哈尔滨市,南岗区
宏博美发(枫蓝国际店),保健路街道复旦街63-8号枫蓝国际1栋门市,"126.611404,45.697410",13069891111;18245077333,黑龙江省,哈尔滨市,南岗区
大贵美发沙龙(万达广场店),中兴大道168号万达广场(哈尔滨哈西店)1F层D2-33(4号门附近),"126.586364,45.699704",0451-51802288,黑龙江省,哈尔滨市,南岗区
悦野美发工作室,宣信街5-5号,"126.671114,45.750559",17545571781,黑龙江省,哈尔滨市,南岗区
艺生美发工作室,永和街64-10号,"126.653624,45.754844",15045852872,黑龙江省,哈尔滨市,南岗区
ZM美发沙龙(万达金街店),兴达路82号,"126.587678,45.699453",[],黑龙江省,哈尔滨市,南岗区
安悦美发造型,"南兴街40-2号(与西宁南路交口,农业银行旁边)","126.587436,45.697466",19254512671,黑龙江省,哈尔滨市,南岗区
哈尔滨市南岗区仁欣美容美发工作室,革新街131-1号院内仁欣美意,"126.653606,45.748893",13936513322;13945076607,黑龙江省,哈尔滨市,南岗区
南造型美发沙龙,光芒街43-5号,"126.657077,45.751409",18245046708,黑龙江省,哈尔滨市,南岗区
悦姿媄美发沙龙(爱达·尊御店),哈尔滨大街爱达·尊御武威路s-1-06,"126.588364,45.712468",13936512641,黑龙江省,哈尔滨市,南岗区
诗侬造型美发,吉林街72-6号(医大一院地铁站4号口步行380米),"126.645406,45.763561",15945664191,黑龙江省,哈尔滨市,南岗区
禾慕美容美发店,河沟街15号,"126.651375,45.756423",15244778886,黑龙江省,哈尔滨市,南岗区
秋桦美发(军工店),盟科观邸573-11-2门,"126.670300,45.773568",[],黑龙江省,哈尔滨市,南岗区
董军美发36店,保健副路8-11号,"126.637604,45.703064",15636701923,黑龙江省,哈尔滨市,南岗区
小波波美发店,清明三道街2号(西大桥地铁站2b口步行340米),"126.617857,45.741049",18686771519,黑龙江省,哈尔滨市,南岗区
奇点美容美发,文府街15-1号,"126.657181,45.742763",15104655465,黑龙江省,哈尔滨市,南岗区
留白美发品牌沙龙(哈西万达SOHO店),哈西万达公寓A座130号,"126.591851,45.700761",[],黑龙江省,哈尔滨市,南岗区
亿澜造型美发店,民益街25-1号,"126.644468,45.765071",17545512556,黑龙江省,哈尔滨市,南岗区
南岗区美域美发沙龙店,健平路62号,"126.632927,45.685989",15045622956;18686782546;18686837195,黑龙江省,哈尔滨市,南岗区
福7美发烫染工作室,学府路382号锦绣华城雅园,"126.623791,45.668894",[],黑龙江省,哈尔滨市,南岗区
银影美容美发化妆摄影职业技能培训学校,果戈里大街街花园街355号,"126.648131,45.758616",0451-87532988,黑龙江省,哈尔滨市,南岗区
简法造型·美发·美甲,芦家街25号,"126.670038,45.756040",18644058956,黑龙江省,哈尔滨市,南岗区
全带豁美发沙龙,十字街与宣文街交叉口,"126.670706,45.756580",15204666921,黑龙江省,哈尔滨市,南岗区
枫阁美发沙龙,哈尔滨大街623号,"126.586592,45.694543",18249031102;19845040311,黑龙江省,哈尔滨市,南岗区
MZ美发(浦江路店),浦江路39号,"126.691830,45.753159",13804569654,黑龙江省,哈尔滨市,南岗区
真我美发,洁净街53-3号,"126.660174,45.755572",13903655122,黑龙江省,哈尔滨市,南岗区
兰瑟美发沙龙,三姓街87-1号,"126.654233,45.769456",18311445880,黑龙江省,哈尔滨市,南岗区
好运角美发店,哈发电厂住宅东区西南门旁,"126.652094,45.740896",13895738158,黑龙江省,哈尔滨市,南岗区
嘉黛专业美发沙龙(复华小区店),复华三道街三十三号,"126.635286,45.745477",13343113434,黑龙江省,哈尔滨市,南岗区
艾瑞丝形象设计(护军街店),护军街36号(哈工大地铁站3号口步行280米),"126.627638,45.742008",15545463415,黑龙江省,哈尔滨市,南岗区
艺廊美发(闽江小区1期店),闽江小区1期北门西50米,"126.699993,45.747161",0451-86095383;18646352175,黑龙江省,哈尔滨市,南岗区
约定美发沙龙,龙江街25号(医大一院地铁站4号口步行220米),"126.651104,45.762372",15545015188,黑龙江省,哈尔滨市,南岗区
海娜美发(马家街店),马家街81-3海娜美发,"126.647923,45.756551",13936318662,黑龙江省,哈尔滨市,南岗区
阿炜时尚美发沙龙(南岗店),邮政街57-11号,"126.645170,45.762979",13796639117;15804666876,黑龙江省,哈尔滨市,南岗区
真沙廊美发,学府东四道街260号,"126.618524,45.704417",0451-82535288;15546012600,黑龙江省,哈尔滨市,南岗区
文海美发店,文明街56号文海溪畔9号楼,"126.645425,45.745575",13351311537,黑龙江省,哈尔滨市,南岗区
禹含美发造型沙龙,芦家街59号,"126.666213,45.756251",15045865674;18946159872,黑龙江省,哈尔滨市,南岗区
染Hair美发店(西城红场生活港店),哈西大街299号西城红场创意中心A号楼22层11-12室,"126.593998,45.702834",[],黑龙江省,哈尔滨市,南岗区
燕子美发(宏业小区店),清明四道街48-6号宏业小区,"126.616247,45.738850",18246066191,黑龙江省,哈尔滨市,南岗区
小杰美发(木工街店),木工街19-15号,"126.624523,45.749041",13836106830,黑龙江省,哈尔滨市,南岗区
俏江南发型艺术(红旗住宅新区店),红旗新区45-1栋四单元103门市,"126.696787,45.760873",[],黑龙江省,哈尔滨市,南岗区
如意美发(征仪路花园小区B区店),科研街55号,"126.639168,45.688719",13644500840;13936259589,黑龙江省,哈尔滨市,南岗区
伊丝留恋发型设计(黑山街店),革新街道黑山街交叉口黑山街53号,"126.660907,45.753070",15764666654,黑龙江省,哈尔滨市,南岗区
永芳烫染沙龙(宣西小区店),宣信街3-15号,"126.671751,45.750541",0451-82327978;13704803453,黑龙江省,哈尔滨市,南岗区
曼巴男士理发店barbershop,学兴路120号,"126.625955,45.714038",[],黑龙江省,哈尔滨市,南岗区
九头鸟发艺,和兴十一道街89号,"126.605694,45.728094",15545499168,黑龙江省,哈尔滨市,南岗区
美奈HairSalon,通达街与西大直街交叉口西北40米,"126.620253,45.738725",15201572512,黑龙江省,哈尔滨市,南岗区
肖恩专业男士发型,曲线街与西大直街交叉口西北80米曲线街111号,"126.625073,45.743581",17610050589,黑龙江省,哈尔滨市,南岗区
尚艺形象设计,哈西大街724号门市,"126.598091,45.690834",13633602558,黑龙江省,哈尔滨市,南岗区
佳慧·造型(芦家街店),芦家街24-4号,"126.671700,45.755777",15636835610,黑龙江省,哈尔滨市,南岗区
鲨鱼男士理发馆,木工街3-9号,"126.627340,45.748132",[],黑龙江省,哈尔滨市,南岗区
含笑剪业,法院街23号(哈工大地铁站3号口步行300米),"126.626835,45.742001",15846611776,黑龙江省,哈尔滨市,南岗区
蓝灯造型(吉林街店),吉林街47号(医大一院地铁站4号口步行370米),"126.646563,45.763248",15776673740;18845619606,黑龙江省,哈尔滨市,南岗区
越克男士烫染理发店(学府店),学府东四道街与学府路交叉口东180米,"126.616728,45.704240",[],黑龙江省,哈尔滨市,南岗区
美西美造型第三分店,贵新街31号,"126.626679,45.741148",0451-57826541;18686888516,黑龙江省,哈尔滨市,南岗区
N.I.新印象造型,文府街副3-13号,"126.658589,45.741671",18246133133,黑龙江省,哈尔滨市,南岗区
预言造型烫染(总店),文景街97-9号,"126.650093,45.743390",18614501199,黑龙江省,哈尔滨市,南岗区
古里男士理发馆Barber shop,和兴路街道和兴三道街190-2号,"126.611586,45.729698",[],黑龙江省,哈尔滨市,南岗区
方糖男士理发馆,中兴大道162号万达SOHOB栋214室,"126.591003,45.700861",13199467929,黑龙江省,哈尔滨市,南岗区
小S造型,燎原街副63-1号,"126.658525,45.768775",0451-82556844,黑龙江省,哈尔滨市,南岗区
宣玮发型,中兴大道哈西万达公寓A座16楼1618室,"126.592775,45.701325",13329315266,黑龙江省,哈尔滨市,南岗区
放松街区男士理发Relax barbershop(西城红场生活港店),西城红场创意港c座13-12,"126.592686,45.702725",19526426099,黑龙江省,哈尔滨市,南岗区
千百度造型(黑龙江大学家属楼店),黑龙江大学A区家属楼十号楼,"126.615543,45.710215",15146627764,黑龙江省,哈尔滨市,南岗区
华尚造型(黑山街店),黑山街39-1号,"126.662028,45.752306",18845152780,黑龙江省,哈尔滨市,南岗区
新帅•造型形象设计(恒大珺庭店),王岗大街恒大珺庭4号楼6号门市539号,"126.576538,45.696503",13100886786,黑龙江省,哈尔滨市,南岗区
然旭造型(中和街57号院店),黑山街87号,"126.656601,45.755618",16603620802,黑龙江省,哈尔滨市,南岗区
李伟形象设计(新发小区D区店),花园街9号,"126.666675,45.771427",18646014900,黑龙江省,哈尔滨市,南岗区
唯嘉造型(新发小区D区店),花园街21号,"126.666292,45.771378",13766870383,黑龙江省,哈尔滨市,南岗区
梦之梦发型,吉林街49号(医大一院地铁站4号口步行370米),"126.646493,45.763280",15245026833,黑龙江省,哈尔滨市,南岗区
诺一造型,宣庆街31号,"126.674655,45.754340",19845268586,黑龙江省,哈尔滨市,南岗区
发轩造型,和兴路街道学府经典c区学兴路16号,"126.623659,45.717679",15201011602,黑龙江省,哈尔滨市,南岗区
慕颜美发沙龙,哈西大街538号,"126.596663,45.698321",17745107649,黑龙江省,哈尔滨市,南岗区
尚艺造型(红旗住宅新区店),淮河路180号,"126.700441,45.762603",15663878996,黑龙江省,哈尔滨市,南岗区
卓启造型(锦绣华城雅园店),学府路382-4号,"126.622756,45.668583",15046699007,黑龙江省,哈尔滨市,南岗区
初十造型,巴陵街与文教街交叉口西北20米,"126.661931,45.755672",19545142818,黑龙江省,哈尔滨市,南岗区
骄阳发艺(中发郦苑店),马端头道街78号(中发郦苑小区),"126.672162,45.766094",13098766444,黑龙江省,哈尔滨市,南岗区
马刚美业(黑龙江大学家属楼店),书苑街,"126.618411,45.710405",18945647912,黑龙江省,哈尔滨市,南岗区
明阳美发(黑山街92号院店),巴陵街67号,"126.659275,45.753423",15545588811,黑龙江省,哈尔滨市,南岗区
艺美国际烫染造型,淮河东路淮海路交叉口,"126.710952,45.763469",18346048634,黑龙江省,哈尔滨市,南岗区
黑金浪湖北美发(文教街小区店),文教街76-2号,"126.663011,45.754478",15546363456,黑龙江省,哈尔滨市,南岗区
鼎格造型,宣庆街35-21号,"126.674736,45.755069",17745658329,黑龙江省,哈尔滨市,南岗区
狼宇美发店,林兴街42号(双兴小区店),"126.623450,45.719676",0451-51818034;15304669012,黑龙江省,哈尔滨市,南岗区
湖北老四美发,芦家街22号102室,"126.672121,45.755662",13163429171,黑龙江省,哈尔滨市,南岗区
杰森补发假发,哈西大街299号综合体栋C栋1单元11层4号,"126.592433,45.702637",15045627347,黑龙江省,哈尔滨市,南岗区
立铭造型,盟科视界五号楼二单元101室,"126.713230,45.755288",13298722216,黑龙江省,哈尔滨市,南岗区
芷君美发(新发小区B区店),燎原街35号,"126.661050,45.767436",18945006448,黑龙江省,哈尔滨市,南岗区
唯美造型(华山小区店),嵩山路170号华山小区,"126.683865,45.763514",13936441528,黑龙江省,哈尔滨市,南岗区
靓点造型(光芒街店),光芒街91-1号,"126.652654,45.754903",13664608097,黑龙江省,哈尔滨市,南岗区
奇艺造型美发美甲,和兴路50号哈尔滨师范大学(江南校区)职工住宅11栋,"126.626825,45.724325",18345717042,黑龙江省,哈尔滨市,南岗区
董军美发102店,建兴路103号1层5号商服,"126.629109,45.682868",13390548825,黑龙江省,哈尔滨市,南岗区
吸引力造型(恒大珺庭店),王岗镇哈西恒大珺庭门市6号楼,"126.575351,45.697271",[],黑龙江省,哈尔滨市,南岗区
湖北艺涛美发(新发小区B区店),燎原街10号门市,"126.661225,45.767275",13613658093,黑龙江省,哈尔滨市,南岗区
湖北美发(木介街店),木介街56-12号,"126.643250,45.748338",15545163338,黑龙江省,哈尔滨市,南岗区
慕云轻奢美妆美发沙龙,和兴路50号哈尔滨师范大学(江南校区)职工住宅11栋,"126.626858,45.724354",18245060517,黑龙江省,哈尔滨市,南岗区
高雅美发(红星花园店),一曼街2-208号红星花园,"126.677568,45.770639",13206561078,黑龙江省,哈尔滨市,南岗区
首艺造型(鲁商·松江新城店),南岗区鲁商松江新城万华府一号楼首艺造型,"126.628855,45.681254",[],黑龙江省,哈尔滨市,南岗区
尤司男士理发馆(万达广场店),兴达路43号市井婆豆沙牛乳三楼,"126.588723,45.699871",17519519009,黑龙江省,哈尔滨市,南岗区
浪涛美发(宣庆小区店),黄河路附50号宣庆小区14栋,"126.675330,45.751380",[],黑龙江省,哈尔滨市,南岗区
黑燕子男士理发店,北京街33号-11号,"126.635571,45.756232",[],黑龙江省,哈尔滨市,南岗区
董军美发,慧安街79号中海·云麓公馆一期,"126.578818,45.689351",[],黑龙江省,哈尔滨市,南岗区
艺缘发型室(大成头道街店),南区大成街新发小区f204栋10单元1楼3号,"126.667096,45.762812",15204699725,黑龙江省,哈尔滨市,南岗区
铭沣造型(文府店),文府街26-2铭沣造型,"126.657345,45.742090",13009861929,黑龙江省,哈尔滨市,南岗区
湖北黑金靓美发(七政小区店),进化街9号(西大桥地铁站1A口步行440米),"126.618975,45.735291",13124508393,黑龙江省,哈尔滨市,南岗区
丝诺美发,分部街59-7号,"126.657810,45.756545",[],黑龙江省,哈尔滨市,南岗区
Kilo.barbershop男士理发,西城红场B座,"126.593625,45.703225",[],黑龙江省,哈尔滨市,南岗区
微时光男士修面理容馆,中兴大道162号万达SOHOA座3层1号,"126.592024,45.700969",[],黑龙江省,哈尔滨市,南岗区
龙艺发型设计烫染店,繁荣街147-17号,"126.637165,45.744639",13089990686,黑龙江省,哈尔滨市,南岗区
合理·Barbershop.,学府路382号锦绣华城雅园九号楼底商14号,"126.623459,45.668542",16538660000,黑龙江省,哈尔滨市,南岗区
H Hair Salon,和兴路50号28栋,"126.621689,45.724115",15045428893,黑龙江省,哈尔滨市,南岗区
海洋造型(公安街店),公安街71号(烟厂地铁站3号口步行450米),"126.660527,45.771522",0451-82524981;13115515552,黑龙江省,哈尔滨市,南岗区
c+美场造型,民益街30-4号,"126.644417,45.764604",18745100776,黑龙江省,哈尔滨市,南岗区
菲灵国际美发连锁机构(闽江店),闽江路183-3号,"126.698473,45.747761",0451-87006165,黑龙江省,哈尔滨市,南岗区
黑金波美发厅,木工街1号,"126.627760,45.747990",13674628879,黑龙江省,哈尔滨市,南岗区
沐川沙龙(江城之珠店),一匡街49号,"126.629992,45.738302",19917610068,黑龙江省,哈尔滨市,南岗区
妃寻造型,学府东四道街318号,"126.616983,45.704294",15104575541,黑龙江省,哈尔滨市,南岗区
喜理发型设计(法院小区店),护军街30-2号(哈工大地铁站3号口步行290米),"126.627941,45.741853",15645117898,黑龙江省,哈尔滨市,南岗区
宏尚造型,学府路237号,"126.617453,45.686486",15146261000,黑龙江省,哈尔滨市,南岗区
小v造型(芦家街店),芦家街32-2号,"126.671104,45.755710",15114647987,黑龙江省,哈尔滨市,南岗区
聚美造型(学府星城店),学府星城南1门东110米,"126.620176,45.668999",15244779693,黑龙江省,哈尔滨市,南岗区
小军发艺(交通街店),交通街1-2号,"126.647672,45.753183",18645033718,黑龙江省,哈尔滨市,南岗区
名剪造型,哈西街道哈尔滨大街507号华润大厦505-6室,"126.579955,45.699746",15146440576,黑龙江省,哈尔滨市,南岗区
晓磊造型(巴陵街店),巴陵街41-7号小磊造型内,"126.661199,45.755061",15604807985,黑龙江省,哈尔滨市,南岗区
森炜造型(七政小区店),清滨路与七政街交叉口西南60米,"126.619885,45.735184",17744411423,黑龙江省,哈尔滨市,南岗区
艾文形象设计,南岗区理工大学家属楼11号楼1单元1门,"126.616698,45.716320",18246168553,黑龙江省,哈尔滨市,南岗区
新发现理发店(花园街店),花园街365号(博物馆地铁站3a口步行370米),"126.646876,45.757440",13089999237,黑龙江省,哈尔滨市,南岗区
丰尚造型,利群街20-2号,"126.628544,45.749738",[],黑龙江省,哈尔滨市,南岗区
悦悦发艺(哈尔滨炼油厂住宅楼4栋店),七政街49-3号,"126.621575,45.735325",[],黑龙江省,哈尔滨市,南岗区
魔发造型设计(华山小区店),辽河路179号,"126.685358,45.763706",[],黑龙江省,哈尔滨市,南岗区
小鹏发型设计(鲁商·松江新城万华府店),跃进街道鲁商松江新城万华府14号楼,"126.625445,45.678148",15104541856,黑龙江省,哈尔滨市,南岗区
王子造型(金洋馨园店),和兴十一道街5-5号,"126.609865,45.726676",13936223542,黑龙江省,哈尔滨市,南岗区
沐格造型,分部街31-9号,"126.662527,45.753546",19523241520,黑龙江省,哈尔滨市,南岗区
金名顶剪烫染专业店(红星花园店),一曼街2一209一18,"126.677622,45.770642",[],黑龙江省,哈尔滨市,南岗区
湖北美发,十字街36-6号十字街36-6号院,"126.670469,45.755675",[],黑龙江省,哈尔滨市,南岗区
李先生造型(哈西店),哈西街道和谐大道315号,"126.589855,45.700292",19523288511,黑龙江省,哈尔滨市,南岗区
湖北发艺(宣西小区店),宣西小区2栋13单元101室,"126.675831,45.757870",15663866562,黑龙江省,哈尔滨市,南岗区
阿李廊发型沙龙(来乐小店),芦家街58号,"126.669057,45.755792",13936688502;18045479509,黑龙江省,哈尔滨市,南岗区
乐剪时尚造型,十字街38-4号,"126.670348,45.756019",15645045980,黑龙江省,哈尔滨市,南岗区
睿彩阿芳烫染造型,满洲里街67-9号,"126.635116,45.755181",13845090109,黑龙江省,哈尔滨市,南岗区
艺采峰飞专业颜发,花园街328号(哈尔滨市奋斗小学校对面),"126.648229,45.758207",0451-53622569,黑龙江省,哈尔滨市,南岗区
风行美发,满洲里街与海城街交叉口西40米,"126.634384,45.754905",[],黑龙江省,哈尔滨市,南岗区
铭剪发型设计工作室,芦家街道建新街副59-2,"126.661837,45.759969",15004614770,黑龙江省,哈尔滨市,南岗区
1949造型(学府花园店),学府路学府三道街学府花园6号楼10号门市,"126.624242,45.715621",15604604355,黑龙江省,哈尔滨市,南岗区
非零造型(冬奥村U栋店),渭水路60号冬奥村U栋9号门市,"126.705799,45.749811",[],黑龙江省,哈尔滨市,南岗区
海轩形象设计连锁机构(文瑞小区店),文化街18号文瑞小区,"126.649579,45.738106",0451-58901144,黑龙江省,哈尔滨市,南岗区
宇轩造型(百盛店),东直路211号(交通学院地铁站3号口步行190米),"126.686095,45.788037",15945184416,黑龙江省,哈尔滨市,道外区
常诚造型(东直路店),东直路273号(交通学院地铁站2号口步行80米),"126.688994,45.788518",13074587567,黑龙江省,哈尔滨市,道外区
梵领造型(工程大学店),大有坊街3号(与红旗大街交叉口),"126.691448,45.775561",15546669705,黑龙江省,哈尔滨市,道外区
MUYE潮男美发·烫发·染发(工程大学店),红旗大街765号红平小区1栋-1号门市,"126.691206,45.774882",18545888399,黑龙江省,哈尔滨市,道外区
AI墨造型(哈工程店),大有坊街14号(大有坊街地铁站3号口步行70米),"126.692243,45.775208",17511697826,黑龙江省,哈尔滨市,道外区
一树沙龙Salon(泰山路店),红旗小区53栋6单元102号,"126.700175,45.766825",18686778495,黑龙江省,哈尔滨市,道外区
众想造型(太平大街店),太平大街167号,"126.687273,45.789682",0451-51939691,黑龙江省,哈尔滨市,道外区
AI墨造型(黑工程店),东直路229号(交通学院地铁站3号口步行110米),"126.686925,45.787825",15045690702,黑龙江省,哈尔滨市,道外区
名威造型护肤养生会馆(宏伟路店),宏伟路105号中国农业银行2楼,"126.696663,45.782145",17645139555,黑龙江省,哈尔滨市,道外区
艾尚形象设计(南极街店),南极街112-4号(福宏名城北区1号门西北60米),"126.642052,45.771483",[],黑龙江省,哈尔滨市,道外区
{启妃·LZL} 形象设计,友谊东路820号与公浴街交叉口,"126.632365,45.783601",13019722233;13664600946;18846065554,黑龙江省,哈尔滨市,道外区
木凡造型,东直路231号(交通学院地铁站3号口步行100米),"126.686978,45.787767",15846611165,黑龙江省,哈尔滨市,道外区
米朵美发美甲工作室,南十九道街48号,"126.661578,45.788560",15645055528,黑龙江省,哈尔滨市,道外区
汇丽专业美发沙龙(道外巴洛克店),宝宇天邑环球港A区13-6门市1层2,"126.637865,45.779367",13845091226;16603600649,黑龙江省,哈尔滨市,道外区
INSI Hair Salon(百盛店),东直路118号百盛购物中心(道外区太平桥店),"126.676417,45.783755",[],黑龙江省,哈尔滨市,道外区
梵领造型烫发·染发(南直路店),南直路与宏图街交叉口,"126.702820,45.781513",0451-57645444,黑龙江省,哈尔滨市,道外区
木·辛造型(永平小区店),东直路60号,"126.672078,45.785514",13946170671,黑龙江省,哈尔滨市,道外区
阿辉造型(十四道街店),南新街238号轩辕小区,"126.654830,45.784365",0451-83131467,黑龙江省,哈尔滨市,道外区
短发故事美发店(黑工程店),太平大街234号,"126.687237,45.789362",15010671012,黑龙江省,哈尔滨市,道外区
银朋造型美发美甲美睫,安华街8号,"126.674232,45.786200",15124556980,黑龙江省,哈尔滨市,道外区
一家很棒的美发店,润达国际c座810(太平桥地铁站1号口旁),"126.676459,45.783733",13199190601,黑龙江省,哈尔滨市,道外区
标榜造型,南新街236-2号1层8号,"126.657025,45.784525",15046687740,黑龙江省,哈尔滨市,道外区
功夫肩颈大明星理容(南十四道街店),南十四道街99号,"126.655439,45.783413",0451-88960896;0451-88964846,黑龙江省,哈尔滨市,道外区
禾川造型,南直路街道武源二道街4-1号,"126.703119,45.778580",18504592339,黑龙江省,哈尔滨市,道外区
老标榜原创总店(南通大街店),南通大街17号(太平桥地铁站3号口3米),"126.677203,45.783138",0451-82565221;13945156864;15046653148,黑龙江省,哈尔滨市,道外区
上选造型,太平大街129号,"126.685883,45.789300",18945680280,黑龙江省,哈尔滨市,道外区
山石造型(永平小区店),东直路76号,"126.672586,45.785441",0451-51037856;15104662789;18245019679,黑龙江省,哈尔滨市,道外区
辅星造型美发沙龙,东直路215号(交通学院地铁站3号口步行110米),"126.686616,45.787752",17645456953,黑龙江省,哈尔滨市,道外区
改变形象设计工作室(江畔·方元中区店),北十六道街103号江畔·方元(中区)底商,"126.652992,45.793562",17044294111,黑龙江省,哈尔滨市,道外区
木浦造型(南十四道街店),南十四道街141号(轩辕小区门面房),"126.655086,45.783984",18045479001;18846836205,黑龙江省,哈尔滨市,道外区
梵欧造型(育英小区店),太平南四道街36号,"126.681730,45.787433",13704503530,黑龙江省,哈尔滨市,道外区
阿盛美容美发沙龙(道外店),承德街52号,"126.648005,45.774972",13069870656,黑龙江省,哈尔滨市,道外区
陶闻青丝坊烫染吧(南直路店),南直路526-2号,"126.701253,45.787505",18646555365,黑龙江省,哈尔滨市,道外区
金公子美业(淮河路店),淮河路237号(海河东路地铁站2号口步行270米),"126.694887,45.762372",13836199444,黑龙江省,哈尔滨市,道外区
弥尚造型(滨港水岸C区店),黎华街道通港街52号,"126.682468,45.798071",15004621295,黑龙江省,哈尔滨市,道外区
维尼美业,太平南二道街10号,"126.688011,45.788504",18800473234,黑龙江省,哈尔滨市,道外区
BELLA HAIR贝拉(百盛店),东直路118号百盛购物中心(道外区太平桥店),"126.675925,45.783175",18404024000,黑龙江省,哈尔滨市,道外区
短发故事(道外店),草市街48号,"126.646003,45.776901",13804625615,黑龙江省,哈尔滨市,道外区
天赐美发按摩(平湖小区店),新江桥街62号,"126.694135,45.793238",[],黑龙江省,哈尔滨市,道外区
AE造型(105店),宏图街205号红河新区706栋8单元1层2号,"126.694400,45.780995",[],黑龙江省,哈尔滨市,道外区
主角形象设计(丽江楼小区店),南马路67号,"126.642002,45.775249",15246666200;15945784819,黑龙江省,哈尔滨市,道外区
米兰时尚美发沙龙,北14道街68号(清真寺地铁站3号口步行170米),"126.650784,45.790039",13624514599,黑龙江省,哈尔滨市,道外区
董辉造型(滨江凤凰城店),仁里街三十七号,"126.659931,45.788877",13946100712,黑龙江省,哈尔滨市,道外区
匠呈发屋,太平北二道街21号,"126.687386,45.790383",19297512085;19297512087,黑龙江省,哈尔滨市,道外区
A·one私人形象设计(太平桥店),黎华街道东直路118号润达国际B座804室,"126.676590,45.784111",17645000882,黑龙江省,哈尔滨市,道外区
美感造型设计(滨江凤凰城北区店),南十八道街151号一层商服,"126.659903,45.788999",18644070302,黑龙江省,哈尔滨市,道外区
时尚名烫,黎华小区C8栋一层7门,"126.674871,45.787188",15645140117,黑龙江省,哈尔滨市,道外区
九熙造型私人定制,南马路25号,"126.643684,45.775582",13936341664;15846625397,黑龙江省,哈尔滨市,道外区
艾尚形象设计(第二分店),南十六道街17号,"126.659949,45.782615",13205298525,黑龙江省,哈尔滨市,道外区
悦加Y+造型,北三道街15号13号楼1号商服,"126.685372,45.789664",17604568312,黑龙江省,哈尔滨市,道外区
阿辉造型,黎华街道东直路116号乐松广场太平桥店一楼A-025,"126.674629,45.784782",13936464721,黑龙江省,哈尔滨市,道外区
美之道艺术沙龙(景阳世家店),景阳街343号(北马路地铁站4号口步行420米),"126.636694,45.783579",[],黑龙江省,哈尔滨市,道外区
艺绣堂美业,南新街3-5号(靖宇公园地铁站1号口步行80米),"126.666098,45.788542",13163431134,黑龙江省,哈尔滨市,道外区
梦露专业美发设计,长春街55-1号,"126.644604,45.790314",13936169208;15124587717,黑龙江省,哈尔滨市,道外区
酷美造型,太平大街街道太平南二道街28号,"126.688104,45.789206",15545331735,黑龙江省,哈尔滨市,道外区
发色美发工作室(润达国际C座店),润达国际C座22层08号(太平桥地铁站1号口旁),"126.676455,45.783711",18246852546,黑龙江省,哈尔滨市,道外区
1号造型(草市街店),东莱街147号,"126.647588,45.778542",[],黑龙江省,哈尔滨市,道外区
美酷造型(水晶社区店),德胜街160号,"126.646790,45.778763",15104688108,黑龙江省,哈尔滨市,道外区
修一美发(辽河路),辽河路117号,"126.695522,45.764952",17614627798,黑龙江省,哈尔滨市,道外区
绝对名剪,南新街13号,"126.663525,45.787775",13936596456,黑龙江省,哈尔滨市,道外区
艺人造型(南新街店),南新街61号,"126.661609,45.787153",18746037183;18746044586,黑龙江省,哈尔滨市,道外区
尤米造型,北十四道街74号(清真寺地铁站3号口步行280米),"126.650661,45.790129",18545156165,黑龙江省,哈尔滨市,道外区
木易造型(三棵树大街店),三棵大街15号,"126.706507,45.794279",15645672201;18686764425,黑龙江省,哈尔滨市,道外区
秋田造型(百盛店),太平南四道街40号,"126.681665,45.787509",17390616960,黑龙江省,哈尔滨市,道外区
安妮美业(新乐小区店),太安大街43号新乐小区(太平桥地铁站5号口旁),"126.678989,45.783954",0451-82511502,黑龙江省,哈尔滨市,道外区
靓美造型(总店),大方里街与大方里南三道街交叉口西北140米,"126.656501,45.774318",[],黑龙江省,哈尔滨市,道外区
黑桃A发型设计(维也纳河畔新城A区店),太平大街与建平街交叉口东北60米,"126.683478,45.788570",13946000463;18545511018,黑龙江省,哈尔滨市,道外区
SOHO私人美发会所(润达国际店),东直路118号润达国际B座1701室,"126.676977,45.784023",13945075108;18546095758,黑龙江省,哈尔滨市,道外区
HUE染色潮色接发,东直路118号润达国际(太平桥地铁站1号口旁),"126.676425,45.783675",[],黑龙江省,哈尔滨市,道外区
理享形象设计,辽河路21号,"126.700041,45.765460",[],黑龙江省,哈尔滨市,道外区
美度造型烫染专业店(长安城店),南直路泰富长安城A4号楼15号车库,"126.706770,45.774252",18646336393;18746014818,黑龙江省,哈尔滨市,道外区
发域私人定制换吗衣旧换新,泰富长安城M2栋14号车库,"126.712775,45.774175",[],黑龙江省,哈尔滨市,道外区
酷派美发沙龙(化工街道办事处安全生产监督管理站西南),东棵街丽都广场13号楼5门市,"126.723601,45.773220",18249512065;18745781932,黑龙江省,哈尔滨市,道外区
漫都美容美发(永平小区店),永平小区201栋(太平桥地铁站4A口步行380米),"126.672545,45.785449",15246787444,黑龙江省,哈尔滨市,道外区
木梵造型(天邑澜山店),宏大路93号,"126.630468,45.778161",13766801520,黑龙江省,哈尔滨市,道外区
匠心国际美发沙龙(百年新城西区店),北十七道街22号(清真寺地铁站3号口步行430米),"126.656338,45.790478",18346013771,黑龙江省,哈尔滨市,道外区
米朵造型,南十六道街2号,"126.659964,45.781654",16603678990,黑龙江省,哈尔滨市,道外区
slowtime慢时光美发造型,南十七道街58号,"126.660012,45.784771",19204662209,黑龙江省,哈尔滨市,道外区
合心美业(凤凰城小区店),南十七道街48号,"126.660175,45.784475",13313656456,黑龙江省,哈尔滨市,道外区
赫彩造型(宏伟嘉园店),宏伟路宏伟小区8号楼,"126.699632,45.774784",15046683276,黑龙江省,哈尔滨市,道外区
样样红发艺(信用小区店),太平大街118号,"126.682374,45.787918",18724627397,黑龙江省,哈尔滨市,道外区
MUYE妃格美业(工程大学店),红旗大街699号红平小区,"126.691219,45.774827",[],黑龙江省,哈尔滨市,道外区
丽都美发(红旗小区1区店),红旗老区31栋7单元103室,"126.695664,45.762671",[],黑龙江省,哈尔滨市,道外区
伊人美容美发形象设计(蓝筹七彩阳光店),太平大街286号23,"126.691342,45.790554",0451-87071757,黑龙江省,哈尔滨市,道外区
金羽造型(阳光丽都店),化工街道先锋路东棵街阳光丽都小区3号楼5门市,"126.722843,45.773168",13352505046,黑龙江省,哈尔滨市,道外区
莉维亚发型定制,团结镇东都幸福里24栋21号(小区内中辉生鲜后门旁),"126.782144,45.788282",13304521822,黑龙江省,哈尔滨市,道外区
红豆造型(东莱街店),东莱街89号,"126.648547,45.779246",13796061039;13845103397,黑龙江省,哈尔滨市,道外区
晓敏美业,南棵街46-1号,"126.708694,45.787851",18686813396,黑龙江省,哈尔滨市,道外区
佳明造型(太古新天地店),南大六道街街110号,"126.647582,45.781508",13154502790;18045024349,黑龙江省,哈尔滨市,道外区
至尚美业(辽河小区店),市第二医院地铁站3号口步行310米,"126.692474,45.764351",13039964728,黑龙江省,哈尔滨市,道外区
壹+美发美甲美睫工作室(正国小区店),南14道街248号,"126.653421,45.785695",18249041812,黑龙江省,哈尔滨市,道外区
崇尚造型(南极国际维也纳花园店),南极中路18号,"126.649485,45.770876",17745615205,黑龙江省,哈尔滨市,道外区
田静美发按摩(泰达小区店),东直路道外分局后身泰达小区b栋,"126.692970,45.790544",15045113595,黑龙江省,哈尔滨市,道外区
博宇造型(滨港水岸D区店),陶瓷小区临堤街85-14号,"126.681298,45.796322",15776642872,黑龙江省,哈尔滨市,道外区
青丝坊烫染吧,太平南头街11号门市,"126.690755,45.789660",18686766775,黑龙江省,哈尔滨市,道外区
阿龙造型美发工作室,陶瓷小区D区12栋-2单元-103号,"126.683675,45.796675",18704620755,黑龙江省,哈尔滨市,道外区
AE造型(168店),太平桥百盛三层AE造型(太平桥地铁站1号口旁),"126.676295,45.783806",[],黑龙江省,哈尔滨市,道外区
艾米形象设计专业烫染店(蓝筹七彩阳光店),太平南头道街27号,"126.690606,45.789898",[],黑龙江省,哈尔滨市,道外区
丽尚美容美发(哈东新区D区店),哈东新区D4-1-103,"126.717561,45.789275",13936390349,黑龙江省,哈尔滨市,道外区
卓美发型设计美甲美睫(辽河小区店),辽河路140号,"126.692650,45.764326",13946063834;18704504252,黑龙江省,哈尔滨市,道外区
MEET遇见发型创造(辽河小区店),辽河路170号,"126.690982,45.764117",18745676957,黑龙江省,哈尔滨市,道外区
名尚美发(育英小区店),太平大街街道太平大街8号,"126.680490,45.786596",0451-87859419,黑龙江省,哈尔滨市,道外区
唯美发艺,南棵头道街85号(哈尔滨东站地铁站4号口步行220米),"126.707231,45.788348",13845278584,黑龙江省,哈尔滨市,道外区
张融金美发沙龙,宏伟路166号3号楼,"126.699350,45.769218",[],黑龙江省,哈尔滨市,道外区
金柱发型设计(红旗小区2区店),辽河路47号,"126.698820,45.765368",13244637502,黑龙江省,哈尔滨市,道外区
千绘发型设计,北十五道街3号(清真寺地铁站3号口步行120米),"126.653587,45.789215",13796638085,黑龙江省,哈尔滨市,道外区
千艺造型(滨江逸品店),太平大街257-6号,"126.692481,45.791314",13766811492;18645026556,黑龙江省,哈尔滨市,道外区
小巧美发,南十五道街附143号,"126.655899,45.786311",15776659135,黑龙江省,哈尔滨市,道外区
喜理美发,宏图街203号,"126.694530,45.780929",15344517770,黑龙江省,哈尔滨市,道外区
宇先生造型美发店,滨江街甲24号,"126.662392,45.783719",15636833013,黑龙江省,哈尔滨市,道外区
念桥发艺(永平小区店),上坎街1永平小区,"126.671411,45.785156",[],黑龙江省,哈尔滨市,道外区
奕森形象设计(南新街店),南新街49号,"126.662186,45.787391",15545986233,黑龙江省,哈尔滨市,道外区
尚·青春美发,沟沿街26号宝宇·天邑环球港B区,"126.636366,45.781886",15590986528,黑龙江省,哈尔滨市,道外区
大权造型(红河新区七街区店),红河路43号,"126.693479,45.783015",13633643413,黑龙江省,哈尔滨市,道外区
艾雅造型(大有坊街店),大有坊街40号(地铁站3口步行170米),"126.693560,45.775412",18646083783,黑龙江省,哈尔滨市,道外区
大鹏形象设计美发工作室,南七道街193号,"126.647633,45.783757",17604665920,黑龙江省,哈尔滨市,道外区
千与造型(太平大街店),太平大街55-1号,"126.680753,45.787676",15776365479,黑龙江省,哈尔滨市,道外区
大龙美发(三棵树大街店),三棵树大街265号,"126.696207,45.792368",18249088381,黑龙江省,哈尔滨市,道外区
繁星造型店(南棵小区店),南棵二道街43号,"126.707005,45.782727",18944618873,黑龙江省,哈尔滨市,道外区
夺标精剪(同仁胡同店),同仁胡同8号,"126.654006,45.793073",17645077757,黑龙江省,哈尔滨市,道外区
飘美发艺,北头道89号,"126.637315,45.784767",13895742053,黑龙江省,哈尔滨市,道外区
顶尖造型(景兴胡同小区店),北十八道街163号,"126.655512,45.795235",15331884681,黑龙江省,哈尔滨市,道外区
古色修发(保障华庭小区东区店),南十四道街108-1号保障华庭院里11栋8门市,"126.655370,45.780413",[],黑龙江省,哈尔滨市,道外区
辰形象设计(红旗小区1区店),红旗大街491号,"126.694203,45.763730",13766980824,黑龙江省,哈尔滨市,道外区
王茜阳光美发(南马路店),南马路29号,"126.643584,45.775600",18724605218,黑龙江省,哈尔滨市,道外区
美度造型(凤凰城小区店),南十六道街117号美度造型,"126.658357,45.784947",15104555244,黑龙江省,哈尔滨市,道外区
吉美造型(北七道街),北七道街85号,"126.642007,45.789271",15046691531,黑龙江省,哈尔滨市,道外区
顶尚造型(南直路店),南直路345号B4栋6单元1层1号,"126.706028,45.771629",13019015351,黑龙江省,哈尔滨市,道外区
伶俐烫染造型(航道住宅店),南十道街97号,"126.651282,45.784197",13796083881,黑龙江省,哈尔滨市,道外区
4号美发SALOn(正阳北小区店),北十二道街4号,"126.649983,45.787914",13703627675;18846823543,黑龙江省,哈尔滨市,道外区
鼎尚发型设计(辽河路店),辽河路151-1号,"126.689115,45.764196",15124580506,黑龙江省,哈尔滨市,道外区
首尔造型(滨港水岸怡江湾西区店),新迎新街119号首尔造型,"126.679846,45.797943",18246025998,黑龙江省,哈尔滨市,道外区
晓兰美发(集良街店),集良街10号,"126.662445,45.793799",15636170301,黑龙江省,哈尔滨市,道外区
旭涵造型,财兴街50号,"126.635756,45.779627",15134550111,黑龙江省,哈尔滨市,道外区
顶尖烫染沙龙(南马公寓店),南极三道街附1-3号,"126.641669,45.773555",13895718733,黑龙江省,哈尔滨市,道外区
银座造型,太平大街97号,"126.683550,45.788597",15776648100,黑龙江省,哈尔滨市,道外区
理享美发沙龙(滨港水岸店),新迎新街118号1-2,"126.681008,45.797786",13224509424,黑龙江省,哈尔滨市,道外区
3M造型,南新街72号,"126.662111,45.786829",17603652921,黑龙江省,哈尔滨市,道外区
尚之剪造型,东棵北四道街39号红城小区17号楼,"126.724663,45.775713",15946039587,黑龙江省,哈尔滨市,道外区
集美发型室,永平小区110栋10号门,"126.671269,45.785137",[],黑龙江省,哈尔滨市,道外区
秀玲美发工作室,西开原二道街92号,"126.633512,45.772019",15244625413,黑龙江省,哈尔滨市,道外区
蕾蕾发艺(滨江凤凰城南区店),二十道街滨江凤凰城308栋70-24,"126.662858,45.788976",[],黑龙江省,哈尔滨市,道外区
格兰发艺(桦树小区C区店),三棵树大街街道外区桦树街35-2,"126.704919,45.789027",17745185599;17745186699,黑龙江省,哈尔滨市,道外区
艾宣形象设计(黎华店),安华街114号艾宣美发,"126.673688,45.789395",13936646456;13945667613,黑龙江省,哈尔滨市,道外区
蓝丝造型,地灵街24号(清真寺地铁站2号口步行160米),"126.650233,45.788560",13836011700,黑龙江省,哈尔滨市,道外区
巷往烫染设计,辽河路150号巷往烫染设计,"126.692221,45.764341",15045006624;15846620950,黑龙江省,哈尔滨市,道外区
子墨造型(天邑澜湾店),北马路67号(北马路地铁站3号口步行180米),"126.631133,45.779869",17558866681,黑龙江省,哈尔滨市,道外区
秀雅造型(太古新天地店),南七道街180号太古新天地,"126.647121,45.784120",0451-51815562;13030007541;18725419687,黑龙江省,哈尔滨市,道外区
臻美专业接发(正国小区店),南十四道街副228号,"126.653648,45.785325",13694509350,黑龙江省,哈尔滨市,道外区
首选造型(红旗小区一区店),红旗小区37栋首选美发工作室,"126.697390,45.763533",15545058615,黑龙江省,哈尔滨市,道外区
剪刀手发型设计室,515栋12单元1层2号门,"126.691875,45.786875",13836186114,黑龙江省,哈尔滨市,道外区
沐铭造型,宏伟嘉园五号楼五单元102,"126.699492,45.775571",15945154214,黑龙江省,哈尔滨市,道外区
玲玲发艺,教工街53号,"126.702522,45.772391",13836017736,黑龙江省,哈尔滨市,道外区
MXMHAIR美西美造型连锁宏图店,宏图街205号,"126.694363,45.781053",15246772263,黑龙江省,哈尔滨市,道外区
恩典发艺,北十七道街与集良街交叉口东北50米,"126.656269,45.791852",15765567417,黑龙江省,哈尔滨市,道外区
隋颜美度造型设计(好旺达公寓店),南和街97号,"126.642722,45.775553",17603628650,黑龙江省,哈尔滨市,道外区
富乐乐造型(凤凰城小区店),凤凰城小区东北门旁,"126.660080,45.784726",[],黑龙江省,哈尔滨市,道外区
奇飞发艺(117小区店),南勋街87号,"126.649972,45.783787",13936286854,黑龙江省,哈尔滨市,道外区
大宇国际造型(生活汇·购物公园店),武源二道街3-5号,"126.702172,45.778412",13903655453,黑龙江省,哈尔滨市,道外区
T台形象设计(南棵绿荫小区西区店),南棵二道街131号,"126.705983,45.786839",15145054989,黑龙江省,哈尔滨市,道外区
理好造型,宏南街21-9号,"126.698811,45.784544",18763168052,黑龙江省,哈尔滨市,道外区
诺美造型(信用小区店),太平大街148号,"126.683940,45.788384",19990725030,黑龙江省,哈尔滨市,道外区
晨冉发艺(红河新区七街区店),民强大街125号,"126.693225,45.781134",15104681443,黑龙江省,哈尔滨市,道外区
傲发形象设计中心(江畔·方元东区店),北十八道街112号,"126.655395,45.794825",18846810966,黑龙江省,哈尔滨市,道外区
嘉艺造型(新乐小区店),太平桥新乐小区三号楼,"126.678819,45.783061",15801462162,黑龙江省,哈尔滨市,道外区
湖北阿华烫染(华北小区店),新滨街4号,"126.677763,45.786073",13674660875,黑龙江省,哈尔滨市,道外区
唯一艺术沙龙(宇轩花园小区一期店),宏伟路241号,"126.699987,45.769770",13633646098,黑龙江省,哈尔滨市,道外区
瑶威造型(南棵绿荫小区吉祥苑店),宏图街98号,"126.707619,45.782226",18946182936,黑龙江省,哈尔滨市,道外区
靓点发艺(宏南街店),宏伟路进步小区827栋,"126.699244,45.779859",15846534387,黑龙江省,哈尔滨市,道外区
逸峰专业美发沙龙,宏图街161-4号,"126.698525,45.781475",[],黑龙江省,哈尔滨市,道外区
阿伟剪业(滨江凤凰城南区店),南新街南十八道街89号,"126.660806,45.787520",13936307478;15145064279,黑龙江省,哈尔滨市,道外区
鑫鑫美发美妆,同仁胡同33号(近北十六道街),"126.653687,45.793149",15804516255,黑龙江省,哈尔滨市,道外区
初色美发工作室,宏南街34号,"126.698179,45.784290",15846608196,黑龙江省,哈尔滨市,道外区
小辉美发名都(正国小区店),太古街道十二道街与南勋街街口83号,"126.653057,45.784881",15246775679,黑龙江省,哈尔滨市,道外区
小超私人定制,宏伟路275号,"126.700159,45.768940",18845767927,黑龙江省,哈尔滨市,道外区
森佐造型,太古街副284号,"126.654839,45.782216",16578161234,黑龙江省,哈尔滨市,道外区
鑫潮发艺(北十二道街店),北十二道街193号,"126.646801,45.792206",15004549774,黑龙江省,哈尔滨市,道外区
文文美发时尚烫染店,南七道街186号太古新天地192栋,"126.647563,45.783757",15945999620,黑龙江省,哈尔滨市,道外区
大奇专属烫染(新江桥街店),新江桥街3号,"126.696423,45.791135",13936677731,黑龙江省,哈尔滨市,道外区
炫朗美发造型(南平家园店),南安街8号,"126.646214,45.773844",18103636281,黑龙江省,哈尔滨市,道外区
弥尚造型,青年城邦东北门西北120米,"126.666575,45.794975",15004621295,黑龙江省,哈尔滨市,道外区
小米造型(百年新城东区店),北十七道街35-4号,"126.656286,45.791545",15546397278,黑龙江省,哈尔滨市,道外区
迪茨美发美甲美睫工作室(百盛店),润达国际b座7楼706迪茨美发美甲,"126.676675,45.784325",17758882933,黑龙江省,哈尔滨市,道外区
鑫开心造型(靖宇店),靖宇街193号(清真寺地铁站2号口旁),"126.650391,45.787930",13303610362,黑龙江省,哈尔滨市,道外区
晶莹发廊(宏图小区店),一机路75号,"126.704988,45.780972",13684517843;18545861030,黑龙江省,哈尔滨市,道外区
妍妍美发(南平街店),南平街副48-8号,"126.644260,45.774849",0451-88303410,黑龙江省,哈尔滨市,道外区
世纪经典发艺(嵩山小区店),辽河路147-16号,"126.691527,45.764486",13766843980,黑龙江省,哈尔滨市,道外区
二云理发浴池,哈尔滨市新丰小学校北侧220米,"126.925294,45.871015",[],黑龙江省,哈尔滨市,道外区
一東专业烫染,南新街21号(靖宇公园地铁站1号口步行300米),"126.663543,45.787805",15904610523,黑龙江省,哈尔滨市,道外区
云首发型设计,长春街副10-2,"126.649842,45.792826",13763703450,黑龙江省,哈尔滨市,道外区
标榜形象设计美容养生(黄家崴子路店),团结新区东门旁,"126.776487,45.787403",15645099766,黑龙江省,哈尔滨市,道外区
潮艺造型(鑫都嘉园店),道口三道街25号,"126.718055,45.792338",18249077556,黑龙江省,哈尔滨市,道外区
奈丝造型(哈一机第八区楼房店),南直路街道宏图街192号,"126.699752,45.781273",13633627260,黑龙江省,哈尔滨市,道外区
小世界发廊,大方里街26号,"126.667269,45.783930",13903656687,黑龙江省,哈尔滨市,道外区
艾丝salon,卫星路18-5号,"126.701626,45.770994",13244556137,黑龙江省,哈尔滨市,道外区
海霞美发,太原街144号,"126.648488,45.777181",13936248077,黑龙江省,哈尔滨市,道外区
时尚美容美发(北七小区店),长春街156号北七小区,"126.643999,45.788783",13766829558,黑龙江省,哈尔滨市,道外区
鑫禧发型设计(辽河路店),辽河路1号,"126.700438,45.765509",18249023505,黑龙江省,哈尔滨市,道外区
慕颜造型,桦树街59-2号,"126.703123,45.788850",13104506790,黑龙江省,哈尔滨市,道外区
枫格造型汇龙店(汇龙玖和琚店),北树七道街55-14号,"126.697705,45.793534",18246872395,黑龙江省,哈尔滨市,道外区
新靓点发型设计(北十七道街店),北十七道街83号靠近哈尔滨市第八中学校,"126.655001,45.793669",18745001358,黑龙江省,哈尔滨市,道外区
金阳造型(荟芳里小区店),仁里街104号荟芳里小区,"126.660289,45.787341",15945089730,黑龙江省,哈尔滨市,道外区
源古造型(红河新区六街区店),民强大街14号,"126.692853,45.781110",13144627831,黑龙江省,哈尔滨市,道外区
木节烫染造型(南新街店),南新街33号门市,"126.663221,45.787666",18245075359,黑龙江省,哈尔滨市,道外区
山石造型美发(滨港水岸怡江湾店),新迎新街77号,"126.681225,45.798175",[],黑龙江省,哈尔滨市,道外区
理想美发(成功苑店),南棵街13号,"126.710733,45.782276",15776616650,黑龙江省,哈尔滨市,道外区
舒寻美发沙龙(滨江凤凰城南区店),南十八道街123号,"126.660401,45.788183",17667746679,黑龙江省,哈尔滨市,道外区
恒尚造型(嵩山小区店),辽河路151-9号,"126.688559,45.764119",15145063874,黑龙江省,哈尔滨市,道外区
艺名发艺(红旗小区1区店),南直路街道辽河路4号,"126.700615,45.765120",13613679518;15636039456,黑龙江省,哈尔滨市,道外区
真秋子发艺,南勋街13号,"126.653252,45.784894",13351008862,黑龙江省,哈尔滨市,道外区
鹏派发型工作室,泰富长安城2期M1号楼15号车库,"126.712702,45.774406",13633666130,黑龙江省,哈尔滨市,道外区
魔发师时尚空间(凤凰城小区店),南十七道街86号,"126.659355,45.785832",15104615085,黑龙江省,哈尔滨市,道外区
小芳发艺(南八道街店),南八道街74号,"126.647998,45.784474",13946114995,黑龙江省,哈尔滨市,道外区
玖美烫染(宏图店),宏图街45-4号南棵小区,"126.708247,45.782628",15546538375,黑龙江省,哈尔滨市,道外区
湖北广济美发,大方里街104号,"126.665718,45.782579",13045106278,黑龙江省,哈尔滨市,道外区
月亮发型设计,北十六道街84号,"126.653257,45.792364",13946052708;15590875123,黑龙江省,哈尔滨市,道外区
一八形象(轩辕小区店),南新街238号轩辕小区,"126.656985,45.785261",15222180119,黑龙江省,哈尔滨市,道外区
艺鸣剪业(桦树小区C区店),北棵二道街10号,"126.704966,45.789399",13274615562,黑龙江省,哈尔滨市,道外区
剪艺造型(江畔·方元东区店),北十七道街117号,"126.654532,45.794259",13936669882;15946055520,黑龙江省,哈尔滨市,道外区
一诺美妆造型工作室(红平小区店),红平小区6号楼11单元104室(胖子小串一绝旁),"126.692267,45.773220",18346099018,黑龙江省,哈尔滨市,道外区
哈尔滨市道外区菡轩美舍美容工作室(润达国际店),东直路118号润达国际B座2907室,"126.676775,45.784075",18249180313,黑龙江省,哈尔滨市,道外区
乐TATTOO纹身工作室(润达国际B座店),黎华街道东直路118号润达国际B座807,"126.676795,45.784214",13904649285,黑龙江省,哈尔滨市,道外区
梵墨刺青工作室,道外头道街53号3单元103,"126.638182,45.784401",13654654315,黑龙江省,哈尔滨市,道外区
祁小月美甲工作室,北十六道街79号,"126.653363,45.792891",13069725875,黑龙江省,哈尔滨市,道外区
阳光美容美体工作室(滨江凤凰城南区店),南二十道街116号10门,"126.661950,45.789762",18646322051,黑龙江省,哈尔滨市,道外区
星妍丽美容美发养生会所,东直路215-2号,"126.686442,45.787694",13796107111,黑龙江省,哈尔滨市,道外区
美格美发造型,南二道街5-2(交通学院地铁站2号口步行50米),"126.688387,45.788602",13645064829,黑龙江省,哈尔滨市,道外区
阿乐造型,安华街49号(太平桥地铁站4A口步行460米),"126.674336,45.787799",13804577884,黑龙江省,哈尔滨市,道外区
这是一家理发店,宏南街21-3号,"126.698866,45.784578",13684574514,黑龙江省,哈尔滨市,道外区
1+1形象设计(松电小区南区店),宏伟路宏南街25号,"126.698019,45.784445",[],黑龙江省,哈尔滨市,道外区
贵宾造型美甲美睫,团结镇东润御景东门口10号楼三号商服,"126.772882,45.789816",17800513900,黑龙江省,哈尔滨市,道外区
瑞丽美发(北棵二道街店),水利小区1号楼7单元,"126.704472,45.791163",13704844061,黑龙江省,哈尔滨市,道外区
斯亚形象设计,东棵街64号碧桂园国风云著,"126.723445,45.769942",15504500762,黑龙江省,哈尔滨市,道外区
大可造型(北十七道街店),北17道街44号,"126.655978,45.791459",[],黑龙江省,哈尔滨市,道外区
新形象形象设计,宏伟路189-3号2层宏伟家园,"126.699375,45.774775",18645051420,黑龙江省,哈尔滨市,道外区
美天使发艺,升平街96号,"126.638095,45.785367",18346118376,黑龙江省,哈尔滨市,道外区
简约美发,巨兴街27号,"126.645524,45.791174",18246036398,黑龙江省,哈尔滨市,道外区
品尚造型,和平小区迎化路59号,"126.711295,45.768219",18346067678,黑龙江省,哈尔滨市,道外区
大刚造型(轩辕小区店),南新街238号轩辕小区,"126.657316,45.784892",13029998609,黑龙江省,哈尔滨市,道外区
阿伍造型,南七道街176号,"126.647827,45.783279",15794825068,黑龙江省,哈尔滨市,道外区
新起点造型,北棵小区14栋,"126.708024,45.791014",13766894784,黑龙江省,哈尔滨市,道外区
金剪子美业(民主嘉园店),民主嘉园一号楼9号门市,"126.808030,45.856510",15904601083,黑龙江省,哈尔滨市,道外区
叶子美发室(总店),陶瓷小区临堤街85-7号,"126.681569,45.795839",13019710509,黑龙江省,哈尔滨市,道外区
艺炜绣造型,南十八道街86号,"126.660147,45.787881",15045077973,黑龙江省,哈尔滨市,道外区
吉秀堂发艺(淮河小区店),淮河路59号,"126.704309,45.763572",18246014335,黑龙江省,哈尔滨市,道外区
宏发美发(轩辕小区店),南十四道街155号-7号门市,"126.655460,45.784303",15046183890,黑龙江省,哈尔滨市,道外区
阿超美发(红河一街区店),红河一街区8号楼(太平桥地铁站5号口步行190米),"126.681459,45.784827",18686877889,黑龙江省,哈尔滨市,道外区
鑫博造型形象设计(哈一机第八区楼房店),武源街18号,"126.700699,45.780914",18946133396,黑龙江省,哈尔滨市,道外区
晨羽美发(青年城邦店),更新街73-6号,"126.666680,45.792866",15846572210,黑龙江省,哈尔滨市,道外区
阿森名剪(润达国际D座店),南通大街118号润达国际D2座602室,"126.675896,45.783230",13766881369,黑龙江省,哈尔滨市,道外区
湖北美发(北十七道街店),北十七道街106号,"126.654746,45.793210",18249466447,黑龙江省,哈尔滨市,道外区
龙鹤美发工作室,宝宇·天邑环球港A区13号楼,"126.637524,45.779171",[],黑龙江省,哈尔滨市,道外区
明豪美发工作室,东棵街阳光丽都小区6号楼4号门市明豪美发工作室,"126.722554,45.773609",17804617190,黑龙江省,哈尔滨市,道外区
自由港发型工作室,辽河新区北3门东北70米,"126.689929,45.764255",13845067137,黑龙江省,哈尔滨市,道外区
小娟发艺(红旗小区2区店),先锋路226号红旗小区2区47栋,"126.694968,45.765470",15663453958,黑龙江省,哈尔滨市,道外区
湖北创意美发,水晶街85号,"126.648847,45.776856",13936327822,黑龙江省,哈尔滨市,道外区
天地人美容美发,红旗小区2栋7单元,"126.699593,45.764649",15846381390,黑龙江省,哈尔滨市,道外区
众心美发(鸿泰小区店),鸿泰小区西北门东60米,"126.652653,45.789395",15004665534,黑龙江省,哈尔滨市,道外区
金英子美发店,临瑅街55-1号D17栋1单元1层4号,"126.682857,45.796437",13029705323,黑龙江省,哈尔滨市,道外区
晓霞美发(新乐小区店),新乐小区32号楼1栋1层4号,"126.682035,45.781484",13766821710,黑龙江省,哈尔滨市,道外区
丝美发廊(巨兴街店),巨兴街29号,"126.645486,45.791203",18745773512,黑龙江省,哈尔滨市,道外区
天使造型(富锦街店),富锦街159号,"126.644135,45.788847",13101519700,黑龙江省,哈尔滨市,道外区
洋宇美发(桦树小区C区店),北棵二道街22号,"126.704956,45.789443",18745675067,黑龙江省,哈尔滨市,道外区
天筠美发(水利小区店),水利小区8号楼1-10门,"126.702141,45.790609",15124557392,黑龙江省,哈尔滨市,道外区
湖北理烫发(西开原二道街店),西开原二道街24号,"126.634182,45.770699",[],黑龙江省,哈尔滨市,道外区
丝晴发艺(滨港水岸店),道黎华街道迎新街陶瓷小区134-7,"126.680485,45.797059",18004613239,黑龙江省,哈尔滨市,道外区
流行美专业烫染,南十六道街96号,"126.658173,45.784638",[],黑龙江省,哈尔滨市,道外区
红玫瑰美发(育英小区店),太平大街街道太平南四道街28号,"126.681912,45.787170",[],黑龙江省,哈尔滨市,道外区
尚艺造型设计(富锦街店),富锦街142号,"126.644870,45.788987",[],黑龙江省,哈尔滨市,道外区
美格造型(正国小区店),南十四道街266号正国小区,"126.653362,45.785791",[],黑龙江省,哈尔滨市,道外区
湖北小强发艺(宏伟嘉园店),宏伟路189-3号2层宏伟家园,"126.699365,45.775683",18944656823;18944656963,黑龙江省,哈尔滨市,道外区
转角造型(先锋路店),先锋路226号红旗小区2区,"126.698496,45.767852",13845122521,黑龙江省,哈尔滨市,道外区
奇丝妙剪(育英小区店),太平南四道街16号育英小区,"126.681645,45.786486",15645180289,黑龙江省,哈尔滨市,道外区
达人造型店,东直路247号,"126.688131,45.788288",13624507368,黑龙江省,哈尔滨市,道外区
腾云理发店,东方红小区北区东北门旁,"126.657517,45.782406",[],黑龙江省,哈尔滨市,道外区
Amy艾米造型(志华品质店),学院路泓林金色地标11栋13号商服,"126.549289,45.873590",15545522639,黑龙江省,哈尔滨市,呼兰区
今喜发型(学院路店),泓林金色地标11栋15号商服,"126.548927,45.873639",13766568662;15124552290,黑龙江省,哈尔滨市,呼兰区
艾薇儿美甲造型(农垦总店),利民开发区学院路柏林四季C1-5栋13单元2层2号,"126.529217,45.872910",13208452828,黑龙江省,哈尔滨市,呼兰区
XL·LuxurySalon造型(学院路店),泓林金色地标4栋5号,"126.548844,45.873770",18345373943,黑龙江省,哈尔滨市,呼兰区
艾薇儿美肤造型(滨才店),利民开发区学院路北、滨才新天地一期、新大地电子广场第1徐商铺2层202号商服,"126.512424,45.875628",15145141155,黑龙江省,哈尔滨市,呼兰区
时光生物·清美颜美发中心,学院路四道街柒季城49A-2号门市,"126.547621,45.867596",18246898201,黑龙江省,哈尔滨市,呼兰区
尤司男士国潮理发馆(哈尔滨呼兰学院路店),学院路志华商城2栋23号商服,"126.550801,45.871923",[],黑龙江省,哈尔滨市,呼兰区
旺角理发厅男士专业店,农业银行旁边学院路215号,"126.542925,45.873525",19904655533,黑龙江省,哈尔滨市,呼兰区
十一·Eleven美发沙龙(农垦店),学院路579号,"126.531060,45.874098",18714511006,黑龙江省,哈尔滨市,呼兰区
琦一HairSalon,利民西三大街与学院路交叉口东北100米,"126.544363,45.874500",15545131998,黑龙江省,哈尔滨市,呼兰区
YUTAI与她造型Hair salon,泓林金色地标12栋13号商服,"126.550925,45.873312",17545579178;18103667316,黑龙江省,哈尔滨市,呼兰区
小宇发艺,清平路,"126.600425,45.982875",15846541144,黑龙江省,哈尔滨市,呼兰区
KS造型烫发·染发·接发(学院路店),学院路柏林四季C1-1-4号商服,"126.528508,45.873341",18746046888,黑龙江省,哈尔滨市,呼兰区
云飞美发工作室(美兰家园店),南京路美兰家园小区1号楼9号门市,"126.599510,45.890968",13674649175,黑龙江省,哈尔滨市,呼兰区
梦巴黎发型连锁机构(志华店),志华商城14号楼21门,"126.549098,45.872188",17545581572,黑龙江省,哈尔滨市,呼兰区
琦享国潮造型(大学城店),7栋2号(江北大学城地铁站1号口步行140米),"126.544419,45.874531",15545131998,黑龙江省,哈尔滨市,呼兰区
秀阁美容减肥会馆(师大店),呼兰区师范大学职工家属楼11栋,"126.557669,45.872045",15004587708;15146847345;17647056894,黑龙江省,哈尔滨市,呼兰区
东尚国际美发连锁,学院路街道志华爆米花KTV后身,"126.551505,45.871900",[],黑龙江省,哈尔滨市,呼兰区
悦美发沙龙(滨才城香榭店),学院路820号,"126.510954,45.875820",13845005551,黑龙江省,哈尔滨市,呼兰区
喜理形象设计,鑫海之星3-7号,"126.497724,45.876600",[],黑龙江省,哈尔滨市,呼兰区
理享·Hair Salon(学院路二店),学院三道街13栋17门,"126.549334,45.871861",[],黑龙江省,哈尔滨市,呼兰区
发丽王美容美发综合轻奢新概念店(公园路),建国街建设小区高层1-2层5号,"126.596865,45.985377",13144502268;13263615456,黑龙江省,哈尔滨市,呼兰区
时尚造型专业烫染,南京路华远新家园39栋1号商服,"126.575553,45.892087",0451-88125909;18646384789,黑龙江省,哈尔滨市,呼兰区
沐辰美发沙龙,学院路长青大街丽景小区2栋4号商服,"126.539377,45.873571",13914166444,黑龙江省,哈尔滨市,呼兰区
卡伊造型,利民经济开发区师大南路1号哈尔滨师范大学松北校区职工住宅,"126.563352,45.874130",15754602341,黑龙江省,哈尔滨市,呼兰区
美+造型设计HairSalon,泓林金色地标3栋7门,"126.551068,45.873405",15246035535,黑龙江省,哈尔滨市,呼兰区
沐奕形象设计,学院路107号,"126.550514,45.872451",15045397234,黑龙江省,哈尔滨市,呼兰区
亦外造型(志华店),学院路志华商城三号楼11门,"126.550398,45.871760",0451-56885600;0451-84212347;13039975222,黑龙江省,哈尔滨市,呼兰区
铭苑发艺(兰河名苑店),呼兰街道兰河名苑30号楼6号门市,"126.595809,45.978263",13644604457;18545838765,黑龙江省,哈尔滨市,呼兰区
Mega时尚潮男设计(学院路店),利民大道学院路街道金色地标2栋6号商服,"126.552106,45.873267",13100851830;13936485047;19846159918,黑龙江省,哈尔滨市,呼兰区
素慕造型Hair Salon,利民东三大街东侨国际二期107号商服,"126.591743,45.880501",15326613209,黑龙江省,哈尔滨市,呼兰区
动感美发(哈尔滨呼兰区),学院路街道志华商城10栋D区A座5门,"126.553226,45.872056",13149494991,黑龙江省,哈尔滨市,呼兰区
艺朗造型(金泰蓝郡店),学院路695号,"126.525122,45.874279",15244666863,黑龙江省,哈尔滨市,呼兰区
AE造型(399店),利民开发区学院路志华商城1号楼31门商服,"126.551679,45.871904",[],黑龙江省,哈尔滨市,呼兰区
礼理hair salon(教师公寓店),教师公寓2栋4门市,"126.527983,45.872363",17645767431,黑龙江省,哈尔滨市,呼兰区
北野发型工作室,志华商城10栋D区B座3号,"126.553275,45.871599",15846315595,黑龙江省,哈尔滨市,呼兰区
朋友的店美发造型店,汇智悦景湾小区南门2-10门市,"126.574146,45.884185",19523241563,黑龙江省,哈尔滨市,呼兰区
玲珑发艺(金泰蓝郡店),金泰蓝郡2号楼,"126.526477,45.874284",13274505627,黑龙江省,哈尔滨市,呼兰区
88潮牌雅丝丽美发沙龙,南大街154号88室,"126.601567,45.978489",15146292567,黑龙江省,哈尔滨市,呼兰区
十一·Eleven美发沙龙(滨才店),学院路846号,"126.509953,45.875202",19526777434,黑龙江省,哈尔滨市,呼兰区
佐佑造型(丽景花园店),利民开发区学院路南长青大街西丽景小区4栋4号商服,"126.540804,45.873521",18828285846,黑龙江省,哈尔滨市,呼兰区
追溯美发沙龙,志华商城2栋26号,"126.550319,45.872007",13664116649;16645614101,黑龙江省,哈尔滨市,呼兰区
佳奇造型(柏林四季店),柏林四季北门南160米,"126.531332,45.872159",15776744654,黑龙江省,哈尔滨市,呼兰区
阿亮造型专业男士店,利民大道辅路与学院路交叉口西南60米,"126.553930,45.871661",18168395793,黑龙江省,哈尔滨市,呼兰区
沐one形象设计,学院路565号,"126.532174,45.874043",13074503717,黑龙江省,哈尔滨市,呼兰区
mxtrsjs四齐发型(柏林四季店),学院路柏林四季小区A17-15号商服,"126.531543,45.870378",13936661604,黑龙江省,哈尔滨市,呼兰区
W+唤醒美发沙龙,学院路泓林金色地标11栋17号,"126.548704,45.873682",15145051670,黑龙江省,哈尔滨市,呼兰区
98K形象设计沙龙美发店,学院路泓林金色地标8-11号,"126.545627,45.874319",18445854222,黑龙江省,哈尔滨市,呼兰区
小齐发型Star-Salon(学院路远东理工店),法兰克福街与博文路交叉口北100米,"126.531545,45.870360",13936661604,黑龙江省,哈尔滨市,呼兰区
发仆Hair Salon(寓花园店),蓝河大街寓花园3号楼2号商服,"126.597977,45.980935",18245124661,黑龙江省,哈尔滨市,呼兰区
木北造型(柏林四季店),教育大街c2-3栋,"126.528495,45.869821",15114690323,黑龙江省,哈尔滨市,呼兰区
良匠烫染美发工作室,利民街道师大家属楼二号楼四单元一零二,"126.561447,45.872597",[],黑龙江省,哈尔滨市,呼兰区
格调美发沙龙(华远新家园店),南京路北华远新家园39栋4号商服,"126.575555,45.892088",15146842444,黑龙江省,哈尔滨市,呼兰区
温馨发型第四分店,泓林金色地标7栋6门,"126.544748,45.874438",16645166690,黑龙江省,哈尔滨市,呼兰区
1985染烫造型(华远新家园店),华远新家园南门西60米,"126.572840,45.891048",15546020020;18246898385,黑龙江省,哈尔滨市,呼兰区
dm造型(志华商城店),学院路街道学院路万邦学校东门对面,"126.548227,45.872077",[],黑龙江省,哈尔滨市,呼兰区
雅痞理发馆,利民开发区学院路翰林辰霞博雅园A栋1-3层11号,"126.530846,45.873911",15846928021,黑龙江省,哈尔滨市,呼兰区
铭舒发社·美发·美甲·美睫(学院路店),志华商城11#E栋17号商服,"126.549580,45.869689",16603620817,黑龙江省,哈尔滨市,呼兰区
理新发,地恒托斯卡纳四期15栋一单元103,"126.569716,45.884015",13199556733;17645796625,黑龙江省,哈尔滨市,呼兰区
琦秀才美发工作室,城市主场小区,"126.517524,45.876986",[],黑龙江省,哈尔滨市,呼兰区
飘逸轩时尚烫染(柒季城小区北区店),学院路街道学院路四道街180号柒季城50号楼,"126.547627,45.867462",[],黑龙江省,哈尔滨市,呼兰区
韩流发艺(兴城路店),学院路志华1号楼23门韩流发艺,"126.552786,45.871721",18645577479,黑龙江省,哈尔滨市,呼兰区
艾森造型(大都会店),大都会新天地5期s4栋8号商服,"126.558053,45.890305",15846660360,黑龙江省,哈尔滨市,呼兰区
港仔美业,呼兰区师范大学家属楼6号楼,"126.564962,45.872645",13212913123,黑龙江省,哈尔滨市,呼兰区
左格形象美发沙龙,志华商城三号楼,"126.550289,45.871790",13274516913,黑龙江省,哈尔滨市,呼兰区
阿彬造型,名流新城西1门旁,"126.576757,45.896800",15046664136,黑龙江省,哈尔滨市,呼兰区
飞发走丝工作室(志华商城B1栋店),志华商城学府地带东北门旁,"126.547643,45.871310",[],黑龙江省,哈尔滨市,呼兰区
爱上理拉美发沙龙,学院南路102号,"126.549798,45.869560",[],黑龙江省,哈尔滨市,呼兰区
你好漂靓-发型连锁,利民开发区学院路志华商城四号楼五门你好漂靓发型连锁,"126.551808,45.871577",18646033990,黑龙江省,哈尔滨市,呼兰区
天天美发,利民大道与松浦大道交叉口西北260米,"126.575591,45.915226",15124540155;15845132315,黑龙江省,哈尔滨市,呼兰区
发尖形象馆(柒季城小区北区店),柒季城小区北区,"126.547625,45.868275",[],黑龙江省,哈尔滨市,呼兰区
YYDS美发(南京花园店),南京花园,"126.580465,45.891030",17745684509,黑龙江省,哈尔滨市,呼兰区
小原美发烫染时尚店,南二道街得利酒店附近正宗坛肉对面,"126.606254,45.979438",[],黑龙江省,哈尔滨市,呼兰区
大宇的理发店,永达路伸马托斯卡纳B4-3号,"126.562798,45.881440",13214507219;17602267750,黑龙江省,哈尔滨市,呼兰区
VIP色彩订制(学院路六道街店),学院路六道街95号,"126.529650,45.871266",13895722465;15004670458,黑龙江省,哈尔滨市,呼兰区
YULI与理美发店,翰林辰霞博雅园A栋1号商服,"126.529699,45.873999",[],黑龙江省,哈尔滨市,呼兰区
哥弟美发沙龙(远东市场店),利民开发区南京路利民东一大街宏信广场1号楼4门南京路远东市场左侧,"126.576727,45.893538",18045042899,黑龙江省,哈尔滨市,呼兰区
浩宇美发造型,利民大道658-16,"126.553981,45.871730",15124548053,黑龙江省,哈尔滨市,呼兰区
上禾造型(丽景花园店),学院路233号,"126.541925,45.873604",13114510520,黑龙江省,哈尔滨市,呼兰区
加发造型(柏林四季店),学院路柏林四季B18栋12单元,"126.530282,45.870061",13100888657,黑龙江省,哈尔滨市,呼兰区
一木轻奢美发沙龙沙龙,利民东一大街与燕京路交叉口南300米,"126.576724,45.892359",[],黑龙江省,哈尔滨市,呼兰区
京尚造型(柏林四季店),柏林四季南门北250米,"126.531299,45.871209",16619935672,黑龙江省,哈尔滨市,呼兰区
尼彩造型(柏林四季店),法兰克福街与博文路交叉口北60米,"126.531308,45.869766",15145108743,黑龙江省,哈尔滨市,呼兰区
哈尔滨市松北区辞陌造型店,大都会五期商服A区S7-1,"126.554907,45.889374",18545807211,黑龙江省,哈尔滨市,呼兰区
理·棠发型设计(美发店),利民西七大街凤栖府邸小区12栋4单元105,"126.504680,45.883995",13009878031,黑龙江省,哈尔滨市,呼兰区
LI-ENJOY理享·国潮造型·漂发·烫发·染发,"学院路北,教育大街西滨才新天地一期-新大地电子广场1栋商服单元1层116","126.513555,45.875217",18345167192,黑龙江省,哈尔滨市,呼兰区
潮色专业烫染沙龙(家得乐商城店),学院路街道兴城路志华商城电子大世界10栋A区半地下8号商服,"126.551431,45.870118",[],黑龙江省,哈尔滨市,呼兰区
时尚造型二店(江霆华府二店),江霆华府一期B1栋11号商服,"126.605660,45.890883",18546094789,黑龙江省,哈尔滨市,呼兰区
初韵造型,利民开发区利民西三大街顺迈欣郡C区s5-16号,"126.546666,45.881673",15145052525;18661242350,黑龙江省,哈尔滨市,呼兰区
创格·Ge Style(学院路店),志华商城3栋2号商服,"126.549551,45.871784",13160651366,黑龙江省,哈尔滨市,呼兰区
木恩造型(志华商城店),学院路志华商城10号楼D座A2号商服,"126.553148,45.871849",18746438025,黑龙江省,哈尔滨市,呼兰区
动心形象设计,志华商城14栋10门市,"126.549545,45.872567",17545521226,黑龙江省,哈尔滨市,呼兰区
V+形象设计工作室(柏林四季店),利民开发区学院路柏林四季C2-栋33号商服,"126.528501,45.870649",18246078123,黑龙江省,哈尔滨市,呼兰区
HERO造型,学院路柏林四季b18栋11号商服,"126.530612,45.869564",17602447377,黑龙江省,哈尔滨市,呼兰区
名剪发艺(家得乐商城店),学院路二道街98号家得乐商城F1层,"126.552462,45.869493",18701381456,黑龙江省,哈尔滨市,呼兰区
阿迪发艺,公园路78号(县门诊对面),"126.601223,45.985330",15546457202,黑龙江省,哈尔滨市,呼兰区
丝蕴创美专业造型(志华商城店),松北街道黑龙江省哈尔滨市松北区学院三道街志华商城11栋D区18门,"126.549285,45.870216",[],黑龙江省,哈尔滨市,呼兰区
東岳专业男士理发馆,学院路柏林四季翰林辰霞B栋24号,"126.530468,45.873702",15084677273,黑龙江省,哈尔滨市,呼兰区
纯尚美发工作室(地恒托斯卡纳4期店),托斯卡纳1号楼106号,"126.569546,45.881444",18545131116,黑龙江省,哈尔滨市,呼兰区
拾光造型(华远·龙湾店),利民东一大街华耀龙湾B2号楼-2-102拾光造型,"126.576725,45.882475",18345371751,黑龙江省,哈尔滨市,呼兰区
木槿造型,南京路锦绣新华居一栋八号商服,"126.549332,45.891185",18845720098,黑龙江省,哈尔滨市,呼兰区
小糖粒发艺,呼兰区疗养院十号楼一楼十二门小糖粒发艺,"126.607351,45.974446",15846318826,黑龙江省,哈尔滨市,呼兰区
MAC造型品质店(柏林四季店),柏林四季西2门南210米,"126.528497,45.871085",15004515404,黑龙江省,哈尔滨市,呼兰区
E剪界·烫发·染发(柏林四季店),柏林四季北门西南60米,"126.531275,45.872825",[],黑龙江省,哈尔滨市,呼兰区
囍理造型,泓林金色地标7栋11号商服,"126.545008,45.874451",13144621130,黑龙江省,哈尔滨市,呼兰区
C位Salon专业烫染,学院路滨才城多维广场B3,"126.511578,45.875480",18845981713,黑龙江省,哈尔滨市,呼兰区
格琳发艺,公园路84号,"126.599930,45.985452",15945776783,黑龙江省,哈尔滨市,呼兰区
小艺造型(顺南花园小区西区店),公园路83西北方向170米,"126.598731,45.986430",15546063210,黑龙江省,哈尔滨市,呼兰区
瑞辰造型,滨才城尚品阳光B栋14号车库,"126.513644,45.876920",15611706089,黑龙江省,哈尔滨市,呼兰区
唯美造型(阿越店),南京路与呼兰大道交叉口西220米,"126.604201,45.890933",15145141281,黑龙江省,哈尔滨市,呼兰区
明羽造型,兰河大街281号,"126.597740,45.984651",13633692654,黑龙江省,哈尔滨市,呼兰区
风采造型(柏林四季店),柏林四季B15栋108号,"126.531295,45.871114",[],黑龙江省,哈尔滨市,呼兰区
不老美形象设计沙龙(世亨园小区店),世亨路统战部1-3-4号,"126.601464,45.981772",[],黑龙江省,哈尔滨市,呼兰区
商服美格造型(柏林四季店),柏林四季C1-6栋12号,"126.528505,45.871911",18404086773,黑龙江省,哈尔滨市,呼兰区
时间造型(家得乐商城店),利民开发区学院路志华商城10栋D区A座,"126.550935,45.870022",[],黑龙江省,哈尔滨市,呼兰区
酷发barbersho,和平街明达花园小区7号楼3门,"126.597960,45.982379",18745741231,黑龙江省,哈尔滨市,呼兰区
标榜专业烫染(丽景花园店),丽景花园(江北大学城地铁站3号口步行70米),"126.542858,45.872783",18686757153,黑龙江省,哈尔滨市,呼兰区
小白造型(柏林四季店),学院路街道柏林四季A9-18小白造型,"126.532203,45.873259",16666259858,黑龙江省,哈尔滨市,呼兰区
艺夏美发沙龙(柏林四季店),柏林四季c2-2-2-102,"126.529129,45.870332",18746949432,黑龙江省,哈尔滨市,呼兰区
木思造型,学院路弘林金色4栋14号商服,"126.549620,45.873706",19969661969,黑龙江省,哈尔滨市,呼兰区
罗曼蒂克专业烫染造型(富佳新天地2期店),富佳新天地2期北门东130米,"126.571074,45.911973",15084672247,黑龙江省,哈尔滨市,呼兰区
同名艺剪工作室,兴晨路与兴商路交叉口东北60米,"126.552875,45.870810",13136740371,黑龙江省,哈尔滨市,呼兰区
星界美容美发沙龙(汇智悦景湾店),汇智九号楼,"126.575505,45.887673",13154500320,黑龙江省,哈尔滨市,呼兰区
鲸喜造型,学院路柏林四季B19栋7号商服,"126.531426,45.869664",18346026427,黑龙江省,哈尔滨市,呼兰区
丹丹造型(滨才城尚品阳光店),学院路滨才城阳光H栋13号商服丹丹造型,"126.513819,45.875878",13904646625,黑龙江省,哈尔滨市,呼兰区
佳俪形象设计2店,托斯卡纳B22商服永达路3373号,"126.567544,45.881427",18504608538,黑龙江省,哈尔滨市,呼兰区
匠心发艺,东府路与师专路交叉口西南40米,"126.610955,45.986779",13351885455,黑龙江省,哈尔滨市,呼兰区
丝沐美发造型(柏林四季店),柏林四季公寓3号店南1门东北60米,"126.529686,45.870088",13204654101,黑龙江省,哈尔滨市,呼兰区
九日发艺(美兰家园店),美兰家园(南门)1-5,"126.599756,45.890990",17044478777,黑龙江省,哈尔滨市,呼兰区
理遇·这是一家美发店,利民开发区小陶家屯北侧滨才城公园里圣堤F栋3单元1层2号,"126.514895,45.877110",18745712912,黑龙江省,哈尔滨市,呼兰区
新感觉烫染造型,利民开发区玉田小区十二号楼,"126.578563,45.909322",15045345012,黑龙江省,哈尔滨市,呼兰区
滕野美发,学院路237号,"126.541403,45.873599",18646265506,黑龙江省,哈尔滨市,呼兰区
名流美发工作室(名流新城店),利民开发区北京路名流新城三号楼名流美发店,"126.579473,45.895865",18745041466,黑龙江省,哈尔滨市,呼兰区
邢月发艺,裕民街道学院南路柒季城小区43号楼2单元103室,"126.549200,45.868425",15846106717,黑龙江省,哈尔滨市,呼兰区
子阳烫染造型(新华小区店),新华小区10号楼3门,"126.608873,45.981846",15045622245;18145697122,黑龙江省,哈尔滨市,呼兰区
祁轩造型(柏林四季店),柏林四季南门北50米,"126.531561,45.869978",15845978907,黑龙江省,哈尔滨市,呼兰区
久慕造型,泓林金色地标9栋11门市,"126.546745,45.873912",18004667747,黑龙江省,哈尔滨市,呼兰区
喜礼造型(滨才城店),利民开发区学院路滨才城公园里尚品阳光H栋26号商服,"126.513243,45.875834",15546438643,黑龙江省,哈尔滨市,呼兰区
MZ她她形象设计,学院路柏林四季c1-1-23A号商服,"126.529125,45.873775",18646173740,黑龙江省,哈尔滨市,呼兰区
时尚造型(利民西三大街店),警官路北侧泰和轩S-1栋4号商服,"126.543845,45.870167",13214607877,黑龙江省,哈尔滨市,呼兰区
简美轻奢美容美发沙龙(亿兴花园店),迎宾路120号,"126.610914,45.983799",15001000451,黑龙江省,哈尔滨市,呼兰区
朋克美发(胜利一道街店),胜利一道街3号,"126.602814,45.986378",15245161247,黑龙江省,哈尔滨市,呼兰区
韩涵造型(柏林四季店),学院路柏林四季学院六街115号,"126.529680,45.870773",18168395793,黑龙江省,哈尔滨市,呼兰区
时美造型(海吉雅·乐都店),利民东一大街与永达路交叉口北180米,"126.575438,45.882706",18246183929,黑龙江省,哈尔滨市,呼兰区
欧汎形象设计(多维广场店),滨才城多维广场b26号,"126.511108,45.875559",15004623992,黑龙江省,哈尔滨市,呼兰区
流行美(美发艺术沙龙),顺记胡同顺鑫小区8号楼,"126.598779,45.988224",13804557201,黑龙江省,哈尔滨市,呼兰区
彼岸发艺,亿兴小区15号楼15门,"126.612510,45.984814",13009727008,黑龙江省,哈尔滨市,呼兰区
傲尚造型(柏林印象店),柏林印象b栋8号商铺,"126.593913,45.890117",18945679870,黑龙江省,哈尔滨市,呼兰区
盛典造型,什马托斯卡纳M-A5栋1层6号,"126.560763,45.881462",18845008315,黑龙江省,哈尔滨市,呼兰区
露莎美业(寓花园店),通河路露莎美业118号,"126.598997,45.980111",13613655056,黑龙江省,哈尔滨市,呼兰区
艾丝美发美甲(熹街商场店),学院路800号熹街商场F1层,"126.513603,45.875583",13284930802,黑龙江省,哈尔滨市,呼兰区
领航发艺(华远新家园店),利民街道南京路华远新家园3栋楼,"126.573951,45.891427",18346115296,黑龙江省,哈尔滨市,呼兰区
DM沙龙(柏林四季店),群英街与博文路交叉口北80米,"126.528470,45.870100",18304620264,黑龙江省,哈尔滨市,呼兰区
米来美发,萧乡名苑北门旁,"126.604645,45.976122",15145191301,黑龙江省,哈尔滨市,呼兰区
润玉造型,家得乐商城1号门旁,"126.550676,45.869896",18946167735,黑龙江省,哈尔滨市,呼兰区
己悦·美发沙龙,利民开发区学院路志华商城14栋23号商服,"126.548521,45.872277",15799916733,黑龙江省,哈尔滨市,呼兰区
崇尚形象设计沙龙(金泰蓝郡店),学院路675号金泰蓝郡,"126.526300,45.874116",13384510308,黑龙江省,哈尔滨市,呼兰区
欧尚美发造型皮肤管理(亿兴花园店),亿兴高层17号楼,"126.609489,45.984418",18503616868,黑龙江省,哈尔滨市,呼兰区
新一造型(华远·龙湾店),利民东一大街华远·龙湾,"126.576886,45.882147",15765560592,黑龙江省,哈尔滨市,呼兰区
木尧造型(学伟·国际城店),学伟·国际城,"126.549603,45.861782",13089722522,黑龙江省,哈尔滨市,呼兰区
际艺造型(丽景花园店),丽景花园9号楼四单元,"126.542542,45.872474",18345397817,黑龙江省,哈尔滨市,呼兰区
阿东美发造型室(浦江国际店),利民开发区浦江国际B11栋07号,"126.583984,45.904726",18745671369,黑龙江省,哈尔滨市,呼兰区
新亮点美发,幸福街征费所楼一层五号,"126.600853,45.979972",13581797658,黑龙江省,哈尔滨市,呼兰区
佳俪形象设计(汇智悦景湾店),利民东一大街汇智悦景湾东1门,"126.575422,45.885384",18504608538,黑龙江省,哈尔滨市,呼兰区
魅烫造型(泰兴幸福小区店),南大街幸福小区,"126.600973,45.978144",15045107895,黑龙江省,哈尔滨市,呼兰区
伊人美发美甲(滨才城香榭店),滨才城香榭N栋26号商服,"126.511123,45.875820",18246127954,黑龙江省,哈尔滨市,呼兰区
迈瑞靓发会馆(新华小区店),建设路137号新华小区,"126.608676,45.979900",13836059466,黑龙江省,哈尔滨市,呼兰区
古贝造型美发沙龙(南京路店),祥瑞府邸1号楼,"126.593950,45.890955",[],黑龙江省,哈尔滨市,呼兰区
剪·界美发工作室,学院路柏林四季b11栋二单元,"126.529997,45.871441",18745691021,黑龙江省,哈尔滨市,呼兰区
右阁美发沙龙,学院路和利民大街交汇处,"126.550425,45.873525",18686746075,黑龙江省,哈尔滨市,呼兰区
未来美发沙龙,滨才城新天地多维广场C座127号商服,"126.510282,45.875545",[],黑龙江省,哈尔滨市,呼兰区
剪如画(生态花园店),萧红大街305号,"126.609150,45.974845",13284008828,黑龙江省,哈尔滨市,呼兰区
小括造型(金泰蓝郡店),金泰蓝郡2号楼10号门,"126.525575,45.874275",18346206318,黑龙江省,哈尔滨市,呼兰区
海林造型(塞纳维拉小区店),学院路滨才四期安雅l栋17号门市,"126.529059,45.877607",15845899411,黑龙江省,哈尔滨市,呼兰区
银剪子专业烫染造型(亿兴花园店),三道街老宏安医院斜对面,"126.608568,45.985119",15946056388,黑龙江省,哈尔滨市,呼兰区
审美造型(柒季城店),学院路四街道139号,"126.548003,45.868770",13836054922,黑龙江省,哈尔滨市,呼兰区
DL造型(农垦店),利民开发区学院路柏林四季b19栋13号,"126.531336,45.870019",18345388387,黑龙江省,哈尔滨市,呼兰区
思远专业烫染店,南二道街畅想国际北100米,"126.606126,45.978693",15145147767,黑龙江省,哈尔滨市,呼兰区
鑫鹏专业发型设计,容昌路裕发新城16号楼5号,"126.544796,45.866019",[],黑龙江省,哈尔滨市,呼兰区
大为发型工作室(师大嘉园店),学院路街道利民大道师大嘉园九号楼,"126.549802,45.863522",13796824978,黑龙江省,哈尔滨市,呼兰区
君君美发工作室,名流新城南2门旁,"126.580114,45.895333",13763141610;13763411610,黑龙江省,哈尔滨市,呼兰区
觅镜美发沙龙(寓花园店),寓花园通河路96号,"126.598228,45.980178",15645641317,黑龙江省,哈尔滨市,呼兰区
漂亮娃娃时尚烫染,呼兰街道北大街一百后身,"126.603250,45.986445",13703662831,黑龙江省,哈尔滨市,呼兰区
磊哥发艺,东方红小学对面迎宾路75号,"126.607562,45.983092",13214500661,黑龙江省,哈尔滨市,呼兰区
小明月发艺(亿兴花园店),东府路亿兴花园三期30号楼,"126.609383,45.989090",18346026787,黑龙江省,哈尔滨市,呼兰区
艾格造型,上海嘉园北门西90米,"126.592133,45.890153",18745116266,黑龙江省,哈尔滨市,呼兰区
佳剪法烫染造型,南京路,"126.549065,45.869655",15842252588,黑龙江省,哈尔滨市,呼兰区
YD造型(泰兴幸福小区店),南工商楼3单元1层2门,"126.600060,45.978181",13069726668;18346017729,黑龙江省,哈尔滨市,呼兰区
美秀造型(柏林四季店),法兰克福街柏林四季,"126.531583,45.869679",[],黑龙江省,哈尔滨市,呼兰区
亮點发艺(泰和轩店),学院路泰和轩一号楼6号门市,"126.544196,45.869786",15145143825,黑龙江省,哈尔滨市,呼兰区
时光造型(君豪天玺花园店),君豪天玺3号楼2单元一层108,"126.580230,45.945939",13796116908,黑龙江省,哈尔滨市,呼兰区
艾尚美发沙龙(电力茗苑店),和谐路电力名苑5栋21号,"126.578900,45.886621",15765929689,黑龙江省,哈尔滨市,呼兰区
子浩造型店(滨才熹街商场店),新大地电子广场第1栋商服1层125号房,"126.513521,45.875628",15663765009,黑龙江省,哈尔滨市,呼兰区
千艺美发(兰河雅居南),兰河雅居西门东南50米,"126.599824,45.976191",[],黑龙江省,哈尔滨市,呼兰区
一方天美发工作室,蓉大购物中心北门旁,"126.603764,45.986498",13244561222,黑龙江省,哈尔滨市,呼兰区
JM吉米造型(学院路店),学院路滨才城香榭P栋34号商服,"126.511697,45.875822",18246056218,黑龙江省,哈尔滨市,呼兰区
無界造型工作室,哈师大家属楼18栋,"126.563736,45.873356",[],黑龙江省,哈尔滨市,呼兰区
时尚美发造型(明达花园示范小区店),寓花园南门旁,"126.599219,45.980146",15846558189,黑龙江省,哈尔滨市,呼兰区
喜理美发店(龙湾圆著),龙湾圆著1号楼商服2栋102室,"126.576801,45.883318",[],黑龙江省,哈尔滨市,呼兰区
领尚造型(伸马·托斯卡纳店),利民大道607号伸马·托斯卡纳,"126.563164,45.881427",[],黑龙江省,哈尔滨市,呼兰区
艺朔刺青工作室(海娜半永久纹身),利民开发区学院路与学院路四道街交叉口志华商城14号楼5单元302室,"126.548722,45.872663",15636332324,黑龙江省,哈尔滨市,呼兰区
希柚美甲美睫工作室(丽景花园店),丽景花园9号楼,"126.542875,45.872375",[],黑龙江省,哈尔滨市,呼兰区
恋尚芷美甲工作室,南大街203号,"126.601856,45.980402",0451-51729000,黑龙江省,哈尔滨市,呼兰区
郎剪造型,南京路大众国际高层b栋四号商服,"126.580290,45.890186",[],黑龙江省,哈尔滨市,呼兰区
金艺名剪烫染专业店(熹街商场店),学院路800号熹街商场F1层,"126.512914,45.875582",[],黑龙江省,哈尔滨市,呼兰区
酷艺造型(学院路店),学院路农垦学院斜对面金泰蓝郡小区2号楼5单元,"126.526437,45.874153",[],黑龙江省,哈尔滨市,呼兰区
奇奇造型(富佳新天地2期店),富家新天地二期6号楼,"126.570321,45.911025",[],黑龙江省,哈尔滨市,呼兰区
飞剪美发工作室(华远新家园店),利民开发区南京路华远新家园2号楼32车库,"126.573710,45.891425",[],黑龙江省,哈尔滨市,呼兰区
简也形象设计,利民开发区南京路祥瑞府邸小区2415号,"126.595341,45.890971",17645081372,黑龙江省,哈尔滨市,呼兰区
小七美发(新华小区店),建设路137号新华小区,"126.608656,45.983497",15244696437,黑龙江省,哈尔滨市,呼兰区
三度美发沙龙店,学院路翰林辰霞博雅园D栋29号,"126.531974,45.873663",[],黑龙江省,哈尔滨市,呼兰区
尤理设计理发馆,柏林四季b12栋80号,"126.531298,45.871529",15045441442,黑龙江省,哈尔滨市,呼兰区
男士理发,师范大学家属楼12栋,"126.556941,45.872370",17603606979,黑龙江省,哈尔滨市,呼兰区
拔俗男士造型工作室,建设路与乐水街交叉口西80米,"126.608246,45.979501",[],黑龙江省,哈尔滨市,呼兰区
锦泽男士理发馆,柏林四季南门北150米,"126.531325,45.870625",[],黑龙江省,哈尔滨市,呼兰区
胡子先生男士美容SPA馆,兰河名苑36号楼1楼8门,"126.593484,45.977511",[],黑龙江省,哈尔滨市,呼兰区
原沐造型(志华商城11号B座店),志华商城11号B座,"126.548055,45.869699",[],黑龙江省,哈尔滨市,呼兰区
超凡造型(华尚·万象新天B区店),华尚万象新天B区7号楼2单元,"126.543703,45.857344",[],黑龙江省,哈尔滨市,呼兰区
梦郎造型(杉尼家园店),南京路与呼兰大道交叉口西320米,"126.602857,45.890985",[],黑龙江省,哈尔滨市,呼兰区
MEGA时尚潮男设计(万象汇店),世茂大道555号哈尔滨松北万象汇B1层,"126.538960,45.809578",0451-88191559,黑龙江省,哈尔滨市,松北区
INSI Hair Salon(松北万象店),世茂大道555号万象润街N022,"126.535456,45.809824",18646645295,黑龙江省,哈尔滨市,松北区
尤司男士国潮理发馆(哈尔滨融创茂店),恒源街68号,"126.499103,45.801314",15504630313,黑龙江省,哈尔滨市,松北区
1Z·Hair salon(松北店),融创·中园,"126.495327,45.810597",15104511158,黑龙江省,哈尔滨市,松北区
芬迪发艺(融创店),恒源街994号,"126.496867,45.809507",0451-87160188,黑龙江省,哈尔滨市,松北区
阳光美发沙龙,思源街65号,"126.534695,45.809610",18945678805;18945678806,黑龙江省,哈尔滨市,松北区
Rs颜色馆·剪发·烫发·染发(万象汇店),松北街道世茂大道555号万象润街N30室,"126.535291,45.809587",13352507269,黑龙江省,哈尔滨市,松北区
菲拉派瑞美发沙龙(融创茂店),世茂大道99号哈尔滨融创茂F1层,"126.504675,45.803925",0451-88102101,黑龙江省,哈尔滨市,松北区
沐色·HAIRSALON(万达店),世林路800号万达城A栋S09,"126.498361,45.807226",18945009873,黑龙江省,哈尔滨市,松北区
小野造型(万象汇店),世茂大道555号哈尔滨松北万象汇B1层,"126.536592,45.809685",0451-84093637,黑龙江省,哈尔滨市,松北区
ONE SALON(万象汇店),万象润街N12号,"126.535275,45.809625",17603671268,黑龙江省,哈尔滨市,松北区
MY米言造型(松北融创店),丰源街1261号,"126.490228,45.810187",13212928688,黑龙江省,哈尔滨市,松北区
南北美发工作室(万象汇店),世贸大道521号与思源街交口华润欢乐颂3G153号,"126.534778,45.809493",18746010551,黑龙江省,哈尔滨市,松北区
匠人发型(商大店),文汇路401号军安绿色家园19栋3号商服,"126.557228,45.819617",15134554337,黑龙江省,哈尔滨市,松北区
蓝灯造型(世博店),松北街道清真正六品牛肉(松北店)华润·幸福里,"126.535226,45.811280",18246095108,黑龙江省,哈尔滨市,松北区
雅斯造型工作室(融创茂店),万达秀园D7-107恒源街963号,"126.497886,45.809559",18746065515,黑龙江省,哈尔滨市,松北区
佳欣发艺(万达广场店),恒源街873号,"126.497766,45.808678",15146478333,黑龙江省,哈尔滨市,松北区
宇轩造型(黑龙江科技大学店),馨园小区3号楼7门市,"126.656851,45.820855",15545455729,黑龙江省,哈尔滨市,松北区
永琪美容美发(祥安南大街辅路店),祥安南大街1618号,"126.515472,45.809952",15590555504,黑龙江省,哈尔滨市,松北区
M慕本·HAIR·SALON(万象汇店),世茂大道思源街57号万象汇,"126.534733,45.809639",18245138077,黑龙江省,哈尔滨市,松北区
万理男士发型,新湾路237号(世茂大道地铁站3号口步行380米),"126.549681,45.803983",18646160098,黑龙江省,哈尔滨市,松北区
4Uhaircut思优造型(城市之星·豪布斯卡店),世贸大道城市之星步行街446号,"126.530027,45.807962",15801665868,黑龙江省,哈尔滨市,松北区
伟美造型(万达·华园店),恒源街960号,"126.496859,45.809207",0451-57722876,黑龙江省,哈尔滨市,松北区
暮色美发沙龙(世纪花园C区店),万宝街道世博路2725号门市,"126.510672,45.808101",15545471720,黑龙江省,哈尔滨市,松北区
U+精致美发设计(商大店),学海街1717号,"126.560007,45.819301",13846435323,黑龙江省,哈尔滨市,松北区
爆米花儿童美发乐园(万象汇店),世茂大道555号哈尔滨松北万象汇L2层,"126.538418,45.809619",0451-89363777,黑龙江省,哈尔滨市,松北区
沐野美发工作室,华夏未来万达城幼稚园东南门南80米,"126.497592,45.803407",18724506219,黑龙江省,哈尔滨市,松北区
INSI美发沙龙,恒源街与世祥路交叉口北180米,"126.497275,45.812275",[],黑龙江省,哈尔滨市,松北区
尚艺美发(中源大道店),银河小区2栋9号商服,"126.560142,45.816391",13796080135,黑龙江省,哈尔滨市,松北区
一云堂女子美容沐浴会所(中盟首府店),世茂大道8-3号,"126.484353,45.795840",0451-84138886;0451-87065577,黑龙江省,哈尔滨市,松北区
1+HAIR SALON(世阳路店),世阳路224号,"126.495875,45.802775",0451-88191107;15673196543,黑龙江省,哈尔滨市,松北区
伊林微潮美发沙龙(大正店),世博路202号,"126.542771,45.811507",18145151722,黑龙江省,哈尔滨市,松北区
创艺发型设计(融创·中园店),松祥街道世祥街897号融创中园A4-5号楼109号商服,"126.493625,45.811339",18603649678,黑龙江省,哈尔滨市,松北区
RX·3barber shop男士理容生活馆(红星熙墅店),红星·熙墅江安街1289号(西南门旁),"126.526871,45.826749",16645316810,黑龙江省,哈尔滨市,松北区
派头美发沙龙,"松安街道,华润中海江城商业6号楼1号门市","126.555519,45.810488",[],黑龙江省,哈尔滨市,松北区
沐one造型(丰源街店),丰源街813号沐one造型,"126.491936,45.806394",[],黑龙江省,哈尔滨市,松北区
艺格造型(华远水木清华B区店),文汇路262号,"126.556703,45.819030",18745152150,黑龙江省,哈尔滨市,松北区
发之煊造型(南益·松江春晓店),鑫源街南益松江春晓10-08商服,"126.525704,45.812956",15765508353,黑龙江省,哈尔滨市,松北区
东方名剪(世纪花园店),世茂大道161号世纪花园A区,"126.511114,45.807651",13664574222,黑龙江省,哈尔滨市,松北区
insihairsalon,恒源街与世祥路交叉口北200米,"126.497575,45.812375",[],黑龙江省,哈尔滨市,松北区
喜理发型设计(融创万达店),北岸润和城一期南门福润家超市二楼,"126.491756,45.815824",15636000460,黑龙江省,哈尔滨市,松北区
文峰烫染美容美甲沙龙(文汇路店),文汇路84号,"126.558901,45.819357",18246182948,黑龙江省,哈尔滨市,松北区
木一造型(松浦·观江国际A区店),A27栋2单元101层,"126.642590,45.816055",15300031333,黑龙江省,哈尔滨市,松北区
90美发沙龙(华润幸福里店),世博路554号,"126.538114,45.811385",15754573555,黑龙江省,哈尔滨市,松北区
沐恩造型,爱康街与广达路交叉口西北40米,"126.631275,45.829475",18346535525,黑龙江省,哈尔滨市,松北区
匠艺美发Hair Salon城市之星步行街店,世茂大道城市之星步行街A142号,"126.530484,45.807876",15669942526,黑龙江省,哈尔滨市,松北区
隆妍形象设计,恒源街968号融创华园小区C9号楼7商服,"126.496879,45.809379",[],黑龙江省,哈尔滨市,松北区
米娜造型(观江国际店),观江国际B区9号楼3单元102,"126.641980,45.820229",[],黑龙江省,哈尔滨市,松北区
风格造型,恒源街885号,"126.497734,45.808813",17745624131,黑龙江省,哈尔滨市,松北区
2046美发沙龙(松北店),龙祥路1136号,"126.520829,45.828604",13069716381,黑龙江省,哈尔滨市,松北区
焦点造型,浦源路2849号,"126.646232,45.822671",18246544433,黑龙江省,哈尔滨市,松北区
SeeUhairsalon(明见造型),祥安北大街1327号,"126.516889,45.827037",17382841218,黑龙江省,哈尔滨市,松北区
珊珊美发烫染(糖厂社区店),糖厂社区7号楼3单元102,"126.648220,45.820946",15244651066,黑龙江省,哈尔滨市,松北区
卡诗美业(华远水木清华B区店),文汇路288号华远水木清华B区,"126.559976,45.818292",15663416621,黑龙江省,哈尔滨市,松北区
留恋发艺(世茂滨江新城法兰西风情园店),世茂大道86号,"126.515919,45.804807",13206663677,黑龙江省,哈尔滨市,松北区
宝蒂美发沙龙(万达·华园店),万达华园世林路1021号,"126.495688,45.807027",[],黑龙江省,哈尔滨市,松北区
东方男人烫染旗舰店,世林路930号,"126.497306,45.806757",13171787567,黑龙江省,哈尔滨市,松北区
唐潮造型(万达华园店),世林路977号,"126.496003,45.807239",13074558898;15754518202,黑龙江省,哈尔滨市,松北区
超美烫染店,世茂大道776号北岸明珠,"126.547704,45.806450",18245166794,黑龙江省,哈尔滨市,松北区
千川造型,融创锦园b5-6-112号,"126.498548,45.812626",15568839217,黑龙江省,哈尔滨市,松北区
靓靓剪染烫(前进家园店),世博路41号,"126.544736,45.812057",13836183522,黑龙江省,哈尔滨市,松北区
咔咔造型(军安绿色家园店),军安绿色家园19号楼12号商服,"126.558275,45.819875",13030036612;13304641080,黑龙江省,哈尔滨市,松北区
梵深造型(商大店),文汇路与学海街交叉口西150米185号,"126.557831,45.819704",15546369522,黑龙江省,哈尔滨市,松北区
Ninety nine Salon(万达茂店),世林路1091号万达华园南,"126.495087,45.806849",18645450952,黑龙江省,哈尔滨市,松北区
天一造型工作室(华远水木清华B区店),华远·水木清华北3门东400米,"126.559918,45.819455",13654636831,黑龙江省,哈尔滨市,松北区
米娜造型(观江国际店),观江国际B区9号楼3单元102号,"126.647505,45.819004",15146514246,黑龙江省,哈尔滨市,松北区
王尧造型工作室(城市之星·豪布斯卡店),世贸大道城市之星步行街C129,"126.530222,45.807675",13104078303,黑龙江省,哈尔滨市,松北区
菲儿造型美发工作室(碧桂园华美星荟店),浦阳东路碧桂园华美星荟9号楼208室,"126.638875,45.843975",17044334477,黑龙江省,哈尔滨市,松北区
林林造型(万达·秀园店),万达秀园恒源街951号,"126.497718,45.809384",18704662721,黑龙江省,哈尔滨市,松北区
木尧美业,世林路1177号华园南门,"126.494066,45.806522",13089722522,黑龙江省,哈尔滨市,松北区
艾琪美发美容美体店(万达·秀园店),美肤造型美体黑龙江省哈尔滨市松北区恒源街813号万达秀园融创茂附近,"126.497825,45.808325",15046710345,黑龙江省,哈尔滨市,松北区
于你造型,丁香大道2199号心里海德公馆三期A区15栋3号商铺,"126.568681,45.825021",15222286223,黑龙江省,哈尔滨市,松北区
丹丹发艺(前进家园店),哈市前进家园3号楼3号库,"126.541191,45.813641",13895789425,黑龙江省,哈尔滨市,松北区
Mido美度形象设计,文汇路210号,"126.557255,45.819607",15046700017,黑龙江省,哈尔滨市,松北区
囍匠造型(融创·融园店),融创融园世贸大道57号,"126.491800,45.798607",18645868282,黑龙江省,哈尔滨市,松北区
航佳造型,世祥路897号融创中园小区A4-4号楼11号商服,"126.492239,45.811547",15504504578;18346599223,黑龙江省,哈尔滨市,松北区
美灵格美发沙龙,龙轩路2467号香树湾小区28号楼1号,"126.515035,45.825992",13284623451,黑龙江省,哈尔滨市,松北区
新艺美发沙龙,聚源街400号,"126.538905,45.812799",13936577227,黑龙江省,哈尔滨市,松北区
青禾造型,融创锦园B5-6-114号,"126.498417,45.812654",15846147361,黑龙江省,哈尔滨市,松北区
春峰美容美发(钻石湾店),钻石湾,"126.522742,45.800542",15846531618,黑龙江省,哈尔滨市,松北区
慕涵造型,恒源街融创锦园北门b5-6-101号,"126.499119,45.812712",17545507897,黑龙江省,哈尔滨市,松北区
丽宇美发沙龙(松北万达店),万达城恒源街805号,"126.497795,45.808142",15011318123,黑龙江省,哈尔滨市,松北区
汇彩造型(恒大新都汇商业广场店),中源大道恒大名都商业广场155商服,"126.621506,45.832668",13804562594,黑龙江省,哈尔滨市,松北区
远野发艺(松浦·观江国际A区店),松浦大道辅路与浦江路交叉口西北260米,"126.645074,45.817545",13718702346,黑龙江省,哈尔滨市,松北区
悦影造型,世茂大道北岸明珠768号,"126.547958,45.806405",18845199922,黑龙江省,哈尔滨市,松北区
鑫蕊造型,松北街道松北一路41号,"126.559219,45.807998",17804668635,黑龙江省,哈尔滨市,松北区
1+美发店,浦源路2298号馨园小区5号楼6号商铺,"126.657097,45.821307",15546438096,黑龙江省,哈尔滨市,松北区
昔菲造型(大正莅江店),世博路358号,"126.540593,45.811480",18645007180,黑龙江省,哈尔滨市,松北区
领秀发艺(世纪花园C区店),祥安南大街1652号世纪花园C区,"126.512373,45.808570",18745171614,黑龙江省,哈尔滨市,松北区
初衷美发造型店(汇智环球金贸城店),船口街道汇智环球金贸城2期,"126.614690,45.827154",15084618362,黑龙江省,哈尔滨市,松北区
理好这是一家美发店,广达路黄浦公馆3期东侧入户大堂南50米,"126.628694,45.826498",15776995476,黑龙江省,哈尔滨市,松北区
名门美发沙龙,龙川路369号奥林小镇,"126.543925,45.821375",[],黑龙江省,哈尔滨市,松北区
莱奥造型,世祥路与丰源街交叉口东80米,"126.490889,45.809667",15504501239;18245117989,黑龙江省,哈尔滨市,松北区
远古造型形象工作室,中源大道广信新城内附近,"126.608131,45.825436",[],黑龙江省,哈尔滨市,松北区
发之源美发(龙祥路店),龙祥路与江安街交叉口西80米,"126.525063,45.828610",15604613353,黑龙江省,哈尔滨市,松北区
菲灵造型(融江路店),中源大道与丰源街交叉口东北180米,"126.491725,45.816175",[],黑龙江省,哈尔滨市,松北区
港华造型,恒源街898号万达·华园,"126.496691,45.810015",18545652886,黑龙江省,哈尔滨市,松北区
莱薇美肤抗衰,祥安南大街939号,"126.520643,45.803776",13263636161,黑龙江省,哈尔滨市,松北区
云匠形象理容barbershop,融创中园一期A5栋104房二楼,"126.493647,45.810482",13074547415,黑龙江省,哈尔滨市,松北区
89贵美人美容美发,中源大道辅路与浦顺街交叉口东北300米,"126.601519,45.825885",19846088668,黑龙江省,哈尔滨市,松北区
派森发艺(融创·锦园店),融创中园小区2期东门东70米,"126.497450,45.811278",15645019019;18704501041,黑龙江省,哈尔滨市,松北区
8090造型,世祥路630号,"126.494070,45.809657",18724608489,黑龙江省,哈尔滨市,松北区
发之界(世博路店),世博路220号,"126.542365,45.811503",13662226113,黑龙江省,哈尔滨市,松北区
顶尖造型(世博路店),世博路2440号,"126.514290,45.808639",15561587888,黑龙江省,哈尔滨市,松北区
288烫染美发(第三分店),城市之星·豪布斯卡,"126.529336,45.807613",17382880288,黑龙江省,哈尔滨市,松北区
潮艺沙龙(军安绿色家园店),文汇路261号,"126.557016,45.819581",13704500309,黑龙江省,哈尔滨市,松北区
风采秀美发造型室,世茂滨江新城法兰西风情园步行街5/109,"126.518014,45.802284",13664505201,黑龙江省,哈尔滨市,松北区
日尚美发沙龙(松北店),哈尔滨国际文化产业园二期s1栋16号,"126.521232,45.825218",17123411115,黑龙江省,哈尔滨市,松北区
陋室发型工作室(黑龙江科技大学馨园小区店),浦源路2468号黑龙江科技大学馨园小区11号楼,"126.657973,45.821835",13100844520,黑龙江省,哈尔滨市,松北区
尤赫·美业,融创中园A4-5栋116号商铺,"126.493370,45.811628",18245147574,黑龙江省,哈尔滨市,松北区
理享专业烫染沙龙,世祥路169号,"126.499235,45.811345",[],黑龙江省,哈尔滨市,松北区
玖点九月美发(融创·融园店),融创融园39-1,"126.489928,45.798078",15776929091,黑龙江省,哈尔滨市,松北区
宜美美发,海德公馆4栋1门商铺,"126.573321,45.825415",18245186968,黑龙江省,哈尔滨市,松北区
喜理美发工作室,恒大名都东北门,"126.621560,45.834599",17610222761,黑龙江省,哈尔滨市,松北区
酷烫美发会所(世纪花园C区店),世博路2653号,"126.511504,45.808295",15046150897,黑龙江省,哈尔滨市,松北区
亮亮专业烫染店,世贸大道128号,"126.523327,45.806884",0451-87168510;15046672573,黑龙江省,哈尔滨市,松北区
一丽雅造型工作室(湖畔绿色家园店),湖畔绿色家园小区7栋38号商服左岸大街1482号,"126.507625,45.828611",13351002498,黑龙江省,哈尔滨市,松北区
晓泽美发工作室,中源大道5026号,"126.610836,45.826001",13613647573,黑龙江省,哈尔滨市,松北区
古贝造型工作室(祥安北大街店),欧美亚·阳光家园西1门北70米,"126.516859,45.827210",17845005388,黑龙江省,哈尔滨市,松北区
平凡先生发型设计工作室(银河小区店),松北街道中源大道银河小区8号楼10号,"126.557309,45.816435",17614506861,黑龙江省,哈尔滨市,松北区
晓伟美发(红星威尼斯庄园店),龙轩路1856号红星威尼斯庄园,"126.525013,45.825184",18246038085,黑龙江省,哈尔滨市,松北区
风范造型(城市之星·豪布斯卡店),城市之星·豪布斯卡,"126.528261,45.806889",13100876886,黑龙江省,哈尔滨市,松北区
慧芳美发店,广信江城五号地十号楼一单元103,"126.610985,45.819796",18904809803,黑龙江省,哈尔滨市,松北区
新思维美容美发(奥林小镇店),龙川路337号(奥林小镇),"126.544963,45.821817",16714626666,黑龙江省,哈尔滨市,松北区
兄弟发艺(世纪花园A区店),世纪花园a区世博路2664号,"126.511799,45.807861",15245005200,黑龙江省,哈尔滨市,松北区
美匠造型工作室(松北店),欧美亚门市龙轩路2077号,"126.519274,45.825943",15246262694,黑龙江省,哈尔滨市,松北区
极简美业美发(中海江城店),松北街道学海西街742号极简美业,"126.557847,45.810272",15776627867,黑龙江省,哈尔滨市,松北区
米娜90美发沙龙(恒大名都店),恒大名都东门秀水街2908号,"126.620786,45.832998",15754573555,黑龙江省,哈尔滨市,松北区
美格精剪(恒大名都店),中源大道恒大名都秀水街2716号,"126.622475,45.833725",18088708277,黑龙江省,哈尔滨市,松北区
引领潮流美发,江安街976号,"126.525689,45.823649",17308405462,黑龙江省,哈尔滨市,松北区
嘉美美发沙龙(前进家园店),前进家园13栋4号,"126.540468,45.812875",18204501367,黑龙江省,哈尔滨市,松北区
麦野造型店,世林路745号,"126.498633,45.807923",13796818268;18646181678,黑龙江省,哈尔滨市,松北区
amy艾米造型(世博路店),世博路2526号,"126.513558,45.808409",15636328070,黑龙江省,哈尔滨市,松北区
MOQI默契美发沙龙,富力城三期C8-109栋,"126.605063,45.829862",18646298805,黑龙江省,哈尔滨市,松北区
摩咔形象(恒大绿洲店),学子街1447号,"126.588579,45.821901",18646315435,黑龙江省,哈尔滨市,松北区
首艺造型(恒大绿洲店),中源大道99号东南100米,"126.590492,45.821118",15904514911,黑龙江省,哈尔滨市,松北区
臻亿美发沙龙,万达城A5-6栋114号,"126.492648,45.810045",13684608211,黑龙江省,哈尔滨市,松北区
尤觅造型,红星熙墅s1-05,"126.526713,45.827069",[],黑龙江省,哈尔滨市,松北区
A+形象设计店(融创·中园店),松北街道这司有范儿寿司(融创中园店)融创·中园,"126.493658,45.810479",[],黑龙江省,哈尔滨市,松北区
柏悦造型(糖厂社区店),糖厂社区11号楼三单元,"126.647703,45.819912",18724617276,黑龙江省,哈尔滨市,松北区
银河造型(银河小区店),前进路8号银河小区4栋,"126.558474,45.815737",15776683778,黑龙江省,哈尔滨市,松北区
鸿洋美发造型皮肤管理(松浦·观江国际A区店),松浦观江国际A区59号楼一单102,"126.644006,45.819214",15603668853;18645089291,黑龙江省,哈尔滨市,松北区
70发艺人生(香榭丽舍店),利民东三大街8号香榭丽舍小区12栋1单元101室,"126.589286,45.877321",13796266533,黑龙江省,哈尔滨市,松北区
米蘭美咖美容美发沙龙,世茂大道247号一层麦当劳旁,"126.526635,45.809068",0451-82281288,黑龙江省,哈尔滨市,松北区
超艺造型(恒大绿洲店),中源大道辅路与学子街交叉口东北140米,"126.591819,45.821631",17603698353,黑龙江省,哈尔滨市,松北区
领航美发造型设计(融创·锦园店),世祥路119号融创锦园B区B-1-110室,"126.499858,45.811380",[],黑龙江省,哈尔滨市,松北区
艺星美业,恒大锦苑小区7号底商10号商服,"126.499739,45.816300",[],黑龙江省,哈尔滨市,松北区
美发沙龙(哈尔滨融创茂店),世茂大道99号哈尔滨融创茂F3层,"126.504975,45.803975",0451-51976131,黑龙江省,哈尔滨市,松北区
伊上美容美发店(北岸启程店),北岸启程小区12号楼3门市,"126.646413,45.843946",13703602411;18646353522,黑龙江省,哈尔滨市,松北区
以舜美发工作室,江安街1623号,"126.526782,45.829633",18646099016,黑龙江省,哈尔滨市,松北区
派大星儿童理发(融创店),万达·秀园东门北130米,"126.501384,45.810643",17645654046,黑龙江省,哈尔滨市,松北区
耀·艺术美发馆,世林路749号,"126.498776,45.807952",[],黑龙江省,哈尔滨市,松北区
首咖美业SOKA SALON,中园小区A4-5-106,"126.493640,45.811192",[],黑龙江省,哈尔滨市,松北区
若溪美业(松北大润发店),世茂大道400号城市之星小区S1号综合体1-3层01号大润发(松北店),"126.527559,45.807675",[],黑龙江省,哈尔滨市,松北区
茉凡造型,银河小区7号楼茉凡美发店,"126.557831,45.815973",[],黑龙江省,哈尔滨市,松北区
Only缪斯美发沙龙,世祥路55号,"126.500900,45.811587",18088771622,黑龙江省,哈尔滨市,松北区
几禾美发形象设计工作室(富力城店),中源大道5637号,"126.601986,45.825949",15846395639,黑龙江省,哈尔滨市,松北区
千丝渡造型,松北一路54号新新怡园,"126.556230,45.806740",[],黑龙江省,哈尔滨市,松北区
肆禧发型(工农大街117店),世博路667号,"126.536508,45.811753",[],黑龙江省,哈尔滨市,松北区
韩剪彩造型店,世博路2702号,"126.511379,45.807726",13115584657,黑龙江省,哈尔滨市,松北区
名仕造型美发店,富力城小区二期南门BC1栋1号商服8号房,"126.601468,45.828574",15124517051,黑龙江省,哈尔滨市,松北区
漫野造型店,龙轩路1782号,"126.523175,45.825325",[],黑龙江省,哈尔滨市,松北区
盛欣美发(保利·公园九号店),松北街道龙盛路保利公园9号祥安北大街1666号,"126.515870,45.830084",18245158810,黑龙江省,哈尔滨市,松北区
伊奈美发(银河小区店),银河小区五号楼2号门市,"126.558280,45.816480",[],黑龙江省,哈尔滨市,松北区
神美烫染造型(奥林小镇店),龙川路奥林小镇28号楼102,"126.546666,45.822706",[],黑龙江省,哈尔滨市,松北区
ES美发沙龙(富力城店),中源大道5599号富力城,"126.601402,45.828211",19927424617,黑龙江省,哈尔滨市,松北区
喜欢理,银河小区2号楼4号商服1楼,"126.560225,45.816275",[],黑龙江省,哈尔滨市,松北区
小海发艺(前进家园店),聚源街与世文路交叉口北80米,"126.539575,45.813725",[],黑龙江省,哈尔滨市,松北区
雕刻时光理发馆(绿水小区店),绿水小区L栋27号,"126.541106,45.824846",13945041244,黑龙江省,哈尔滨市,松北区
兰妮美发,浦源路2970号,"126.644822,45.821679",15145056787,黑龙江省,哈尔滨市,松北区
森木形象设计(恒大名都店),松浦街道恒大名都5号楼,"126.621166,45.835490",[],黑龙江省,哈尔滨市,松北区
知夏发型设计工作室,世茂大道恒源街融创文旅城BG栋E栋911室(9层11门),"126.499520,45.804553",15636105017,黑龙江省,哈尔滨市,松北区
田艺造型,城市之星步行街B122号,"126.529508,45.807774",15004677961,黑龙江省,哈尔滨市,松北区
尚南造型(欧美亚世界阳光店),祥安北大街1245号,"126.516854,45.826523",13163662415,黑龙江省,哈尔滨市,松北区
悦柏美业,松北一路39号,"126.558107,45.809223",[],黑龙江省,哈尔滨市,松北区
De+自助·染发·漂发·接发·超市(万象汇店),世茂大道555号哈尔滨松北万象汇,"126.535273,45.809633",[],黑龙江省,哈尔滨市,松北区
慕唯发型(万象汇店),世茂大道与聚源街交汇处2栋一层N26号,"126.536625,45.809575",16645013084,黑龙江省,哈尔滨市,松北区
里享空间美发沙龙(红星威尼斯庄园店),龙轩路1666号红星威尼斯庄园商服,"126.524795,45.825200",15104592742,黑龙江省,哈尔滨市,松北区
唯一造型(馨园小区店),馨园小区,"126.656652,45.820087",[],黑龙江省,哈尔滨市,松北区
巷往设计工作室,凯利广场东23/42,"126.536073,45.811921",15776213689,黑龙江省,哈尔滨市,松北区
焕颜美业,广信新城B区,"126.609874,45.825782",[],黑龙江省,哈尔滨市,松北区
简点发型工作室,黄浦公馆五期一栋二单元101,"126.628995,45.828788",18345706609,黑龙江省,哈尔滨市,松北区
幸屿美发,馨园小区五号楼九号车库,"126.657318,45.821360",18249771461,黑龙江省,哈尔滨市,松北区
潇洒造型,松安街道龙唐街399号北岸众和城17栋2单元102,"126.546440,45.809965",18745182781,黑龙江省,哈尔滨市,松北区
小语发艺(松浦·观江国际B区店),松浦大道311号松浦·观江国际B区,"126.646749,45.818378",15663467926,黑龙江省,哈尔滨市,松北区
艾蘶剪艺造型,融创锦园B5-6-109门市,"126.498679,45.812694",13846133842,黑龙江省,哈尔滨市,松北区
审美造型,浦源路2486号馨园小区三号楼六门,"126.656871,45.820670",[],黑龙江省,哈尔滨市,松北区
小鑫儿童理发工作室(万象汇店),万象润街2号楼D区二楼,"126.536075,45.809675",18145121436,黑龙江省,哈尔滨市,松北区
凡星美发(龙轩路店),龙轩路1647号,"126.524986,45.825885",18504667937,黑龙江省,哈尔滨市,松北区
一剪情深(万达·华园店),恒源街898号万达·华园,"126.496608,45.807306",[],黑龙江省,哈尔滨市,松北区
雨记精剪(世纪花园A区店),世纪花园A区39栋,"126.515686,45.806297",15244738908,黑龙江省,哈尔滨市,松北区
大鹏美发(融创·中园店),融创·中园南门东110米世祥路823号,"126.492784,45.810036",13766843793,黑龙江省,哈尔滨市,松北区
尚界造型(城市之星·豪布斯卡店),城市之星·豪布斯卡,"126.528420,45.806930",[],黑龙江省,哈尔滨市,松北区
沐禾造型,松北区中园三期南门对面,"126.493082,45.811627",[],黑龙江省,哈尔滨市,松北区
新潮布兰琪美发假发店,龙祥路1578号,"126.515491,45.828595",15124606789,黑龙江省,哈尔滨市,松北区
大龙发艺工作室(香树湾店),龙轩路2467号香树湾,"126.513741,45.826039",13936514841,黑龙江省,哈尔滨市,松北区
工体美业(富力城三期店),富力城三期C7-113,"126.606309,45.830328",[],黑龙江省,哈尔滨市,松北区
名姿专业美发(银河小区店),银河小区三号楼名姿美发,"126.559410,45.816268",15004512117,黑龙江省,哈尔滨市,松北区
艳瑞丽造型专业美发沙龙(文汇路店),军安小区18号楼,"126.557476,45.820085",13946191983,黑龙江省,哈尔滨市,松北区
文先生造型,江安街1294号,"126.525725,45.826275",17124111588,黑龙江省,哈尔滨市,松北区
源美造型,龙祥路与江安街交叉口东200米,"126.528980,45.829043",[],黑龙江省,哈尔滨市,松北区
和美馆造型(融创·中园店),融创中园A4-5栋116号商铺,"126.493370,45.811628",18245147574,黑龙江省,哈尔滨市,松北区
首亿造型,中关国际四号楼五门,"126.538967,45.806122",13845109572,黑龙江省,哈尔滨市,松北区
米娜90美发沙龙(中海江城店),松安街道文锦路576号华润中海江城商业7-01,"126.555675,45.810625",15754573555,黑龙江省,哈尔滨市,松北区
银秀造型(馨园小区店),浦园路2468号黑龙江科技大学馨园小区五号楼二门市,"126.656920,45.821259",[],黑龙江省,哈尔滨市,松北区
天天美业,常盛源小区3号楼4号库,"126.654775,45.825875",13251610880,黑龙江省,哈尔滨市,松北区
喜瑞美发工作室(恒大绿洲店),学子街1329号恒大绿洲小区2号楼2-6号商服,"126.589392,45.821941",13074551818,黑龙江省,哈尔滨市,松北区
103美发(糖厂社区店),松浦大道617号糖厂社区,"126.648419,45.820069",[],黑龙江省,哈尔滨市,松北区
非凡美发,龙轩路3233号,"126.504142,45.826009",13946161461,黑龙江省,哈尔滨市,松北区
小凤美发(深哈·万科城店),深哈·万科城10号地西侧,"126.450218,45.792174",18345467651,黑龙江省,哈尔滨市,松北区
禧洋洋发艺,松浦大道311号松浦·观江国际B区,"126.647737,45.818961",[],黑龙江省,哈尔滨市,松北区
怪剪发型设计(城市之星·豪布斯卡店),城市之星E115号,"126.529022,45.807247",[],黑龙江省,哈尔滨市,松北区
一川造型(融创·融园店),世茂大道55号融创·融园,"126.492172,45.798763",17074588882,黑龙江省,哈尔滨市,松北区
暖阳美容养生皮肤管理工作室,世茂大道521号华润欢乐颂2号楼38号公寓,"126.536140,45.809630",17645488602,黑龙江省,哈尔滨市,松北区
U+悠嘉美甲工作室,世贸大道521号华润欢乐颂2号楼152号公寓,"126.534854,45.809422",18245117305,黑龙江省,哈尔滨市,松北区
糖豆·美甲美睫工作室(世纪花园C区店),祥安南大街世纪花园C区44栋2号商服(东门进来直走88米),"126.513871,45.810739",13029995953,黑龙江省,哈尔滨市,松北区
君唐·美甲美睫工作室(阳光水岸店),学海东街379号阳光水岸,"126.565944,45.807936",18910223575,黑龙江省,哈尔滨市,松北区
雕东堂纹身工作室(中国铁建·江语时代店),中国铁建·江语时代,"126.627175,45.834975",13936411322,黑龙江省,哈尔滨市,松北区
甜崽美甲工作室,凯利广场西区1-25号商服,"126.535542,45.813481",18045109005,黑龙江省,哈尔滨市,松北区
子涵·美学工作室(万象润街店),华润万象润街公寓,"126.535018,45.809927",[],黑龙江省,哈尔滨市,松北区
欣资美甲美睫工作室,中源大道11088号(肯德基中源大道店)旁凯利广场银座四楼415室,"126.534668,45.814085",15124508792,黑龙江省,哈尔滨市,松北区
董小姐·美妆工作室,钻石湾毅克拉B座2501,"126.521175,45.806125",15561892091,黑龙江省,哈尔滨市,松北区
柠乐美甲美睫工作室,汇智环球金贸城五期8栋,"126.626625,45.827825",18546060099,黑龙江省,哈尔滨市,松北区
婷婷TING美甲·美睫工作室,融创·中园一期西门北140米,"126.490425,45.811625",[],黑龙江省,哈尔滨市,松北区
