名称,地址,经纬度,电话,省份,城市,区县
楷模造型·接发·烫染(天安路店),地明二区东区东门旁,"129.589043,44.600349",0453-8312777;15734534000,黑龙江省,牡丹江市,爱民区
华美造型(天安路店),天安路59号,"129.591443,44.597184",0453-8105532;15174667545,黑龙江省,牡丹江市,爱民区
依磊造型(熙雅寓家园店),新华路西祥伦街31号熙雅寓小区门市,"129.597142,44.598892",15945348084,黑龙江省,牡丹江市,爱民区
伊美知造型(京江上城店),京江上城小区7号楼115门,"129.600019,44.594083",[],黑龙江省,牡丹江市,爱民区
匠人造型(东方锦绣家园店),康佳街38号,"129.604131,44.594937",13514552988,黑龙江省,牡丹江市,爱民区
楷模造型·接发·烫染·胡须管理(红旗店),通乡路金龙家园19号楼,"129.580834,44.602134",13274579993,黑龙江省,牡丹江市,爱民区
海滨造型(北龙静河小区店),东新荣街271号,"129.618722,44.596819",15304538426,黑龙江省,牡丹江市,爱民区
沙朗烫染造型(御园林小区店),新华市场北门对面,"129.600008,44.599839",[],黑龙江省,牡丹江市,爱民区
米洛造型(康居新城A区店),康居新城A区6号底商,"129.579985,44.592501",13258516703,黑龙江省,牡丹江市,爱民区
张杰造型(东新荣街店),北龙静河小区东南门旁,"129.619597,44.597116",13845366664,黑龙江省,牡丹江市,爱民区
晨凯CK造型美发连锁桥北一分店,纺织二路35号银龙家园4号楼112号门市,"129.608689,44.606367",0453-6821886,黑龙江省,牡丹江市,爱民区
梦美丝发艺(曙光新城店),曙光新城纺织二路21号楼门市,"129.605329,44.610497",13836307374,黑龙江省,牡丹江市,爱民区
风尚造型(文化街店),华隆文苑北门旁,"129.568104,44.587213",[],黑龙江省,牡丹江市,爱民区
新野造型(爱民店),中华路康佳街30号,"129.603948,44.594922",15145330726,黑龙江省,牡丹江市,爱民区
上品发艺(东新荣街店),新荣小区东南门东80米,"129.609355,44.593645",13836308873,黑龙江省,牡丹江市,爱民区
京韩专业烫染沙龙(吉祥花园店),吉祥花园东区南门西100米,"129.594592,44.595763",13514550887,黑龙江省,牡丹江市,爱民区
她雅造型(西新荣街店),兴平路中山家园东侧19号楼104,"129.582617,44.587059",0453-6535457,黑龙江省,牡丹江市,爱民区
匠人造型名店(总店),西新荣街向阳市场铁路16号楼,"129.600041,44.591001",13766666420,黑龙江省,牡丹江市,爱民区
顺艺专业剪烫工作室,新荣小区东南门东60米,"129.609176,44.593594",[],黑龙江省,牡丹江市,爱民区
千艺发型私人定制(京江上城店),西圣林街京江上城小区7号楼,"129.600156,44.594103",13945388216,黑龙江省,牡丹江市,爱民区
尚格美容美发(地明店),兴平路845号绿地凯旋城大门对面,"129.577021,44.597332",13089898879,黑龙江省,牡丹江市,爱民区
东爵造型(天安路店),天安路412附近,"129.589202,44.599941",18045359188,黑龙江省,牡丹江市,爱民区
沐染造型,地明小区,"129.577939,44.596623",15603634858,黑龙江省,牡丹江市,爱民区
丝浓发艺(向阳市场店),向阳市场21号,"129.600525,44.591225",15945325558,黑龙江省,牡丹江市,爱民区
发丝缘造型(向阳街店),天安路向阳街351号,"129.591677,44.594619",18645319626,黑龙江省,牡丹江市,爱民区
理享造型,康居新城A西北门东北60米,"129.580819,44.593505",18904878123,黑龙江省,牡丹江市,爱民区
娟娟发艺(兴东小区店),兴平东路兴东小区33号楼,"129.584743,44.587927",13836315560,黑龙江省,牡丹江市,爱民区
晓晓发型设计(兴平小区店),兴平路40号兴平小区,"129.584229,44.588118",15945335121,黑龙江省,牡丹江市,爱民区
剪爱造型(西圣林街店),西圣林街55号京江上城,"129.600490,44.594240",13945397792,黑龙江省,牡丹江市,爱民区
星雨烫染造型(金龙家园店),金龙家园5号楼28号门市,"129.578628,44.601909",18645388578,黑龙江省,牡丹江市,爱民区
卓越烫染造型旗舰店(文化街店),文化街与西林路交叉口西200米,"129.565957,44.586555",13946364882,黑龙江省,牡丹江市,爱民区
名思造型(康居新城B区店),康居新城B区东南1门旁,"129.584931,44.589456",13614606993,黑龙江省,牡丹江市,爱民区
京潮专业发型设计,仁寿路72号新华市场东门旁,"129.600816,44.598934",17600751321,黑龙江省,牡丹江市,爱民区
顶头尚丝私人发型定制(北方小区店),北方小区东南门旁,"129.591864,44.593219",15636388410,黑龙江省,牡丹江市,爱民区
飘丽廊发型工作室(金龙家园店),金龙家园8号楼105门市,"129.579908,44.601890",13069837688,黑龙江省,牡丹江市,爱民区
靓格造型(师范小区店),西祥伦街师范小区二号楼,"129.596573,44.598529",13604639692,黑龙江省,牡丹江市,爱民区
港澳造型(新荣小区店),中华路9号(气象局对面),"129.607266,44.593414",13504833578,黑龙江省,牡丹江市,爱民区
剪爱造型(兴中路店),兴中路园丁小区4号楼,"129.569831,44.590260",13045331123,黑龙江省,牡丹江市,爱民区
绅阁男士理发馆,文化街西林路诗苑新城6号楼101门市,"129.567761,44.586615",13766658944,黑龙江省,牡丹江市,爱民区
维博蒙造型(地明2区店),天安路438号地明2区,"129.588430,44.601402",13009888939;13514500456,黑龙江省,牡丹江市,爱民区
木北护肤造型(世茂假日山水店),体育街154号,"129.603394,44.607825",15945751935,黑龙江省,牡丹江市,爱民区
铭宇造型,塔机厂师范学院南门对面,"129.563678,44.585774",18304532009,黑龙江省,牡丹江市,爱民区
艺廊造型(文化街店),文化街160号,"129.565518,44.586782",19904538132,黑龙江省,牡丹江市,爱民区
海峰造型染烫店(兴平2区店),中山家园32号门市,"129.583225,44.586375",15845306091,黑龙江省,牡丹江市,爱民区
博时发艺,新丹溪16号楼106门市,"129.616024,44.601830",15204535832,黑龙江省,牡丹江市,爱民区
双面造型(康居新城),兴平路康居新城A6号楼底商A区西门口,"129.580482,44.591989",15694531771,黑龙江省,牡丹江市,爱民区
爱民区温度烫染造型店,新华路西晓云街24号,"129.600173,44.597161",15945756796;18645258518,黑龙江省,牡丹江市,爱民区
魅尚造型(中华路店),中华路150号,"129.605045,44.596237",13694534250,黑龙江省,牡丹江市,爱民区
华彩发型设计(兴东小区店),兴东小区西南门旁,"129.584732,44.587827",[],黑龙江省,牡丹江市,爱民区
阿强造型(北方小区店),西晓云街23号附近,"129.591382,44.593294",15145330495,黑龙江省,牡丹江市,爱民区
大辉发艺,建纺织二路曙光新城小区37号楼旁,"129.607219,44.607502",[],黑龙江省,牡丹江市,爱民区
明明时尚专业造型,机床小区东北门旁,"129.600374,44.593517",13204531855,黑龙江省,牡丹江市,爱民区
姜铃造型(康居新城A区店),康居新城A西门旁,"129.580442,44.591786",15145336508,黑龙江省,牡丹江市,爱民区
创美美容美发(康居新城A区店),兴平路晓云街康居新城b区b一号楼b104门市创美发艺,"129.581954,44.591025",15245357787,黑龙江省,牡丹江市,爱民区
佰源理发工作室(曙光新城店),北山街道纺织二路曙光新城43号楼楼下,"129.605711,44.608872",13674539177,黑龙江省,牡丹江市,爱民区
佳明美发(向阳2区店),天安东二路,"129.597494,44.590572",13766591158,黑龙江省,牡丹江市,爱民区
蒙恩路发型设计,兴平东路76号门市,"129.584262,44.588342",15146330509,黑龙江省,牡丹江市,爱民区
伟琦造型,天安路地明2区5号楼优贝汉堡隔壁,"129.588815,44.600761",13163618370;13264032888,黑龙江省,牡丹江市,爱民区
顶剪造型(新荣小区店),新荣街中华路69号门市,"129.607064,44.593687",15245333861,黑龙江省,牡丹江市,爱民区
华特美发型设计(杏树林小区店),西海林街明月西路杏树林二区15号楼,"129.587329,44.586419",18845333228,黑龙江省,牡丹江市,爱民区
叁-ONE形象设计中心,诗苑新城1号楼114门市,"129.564986,44.586354",13069781233,黑龙江省,牡丹江市,爱民区
鑫鑫发艺(牡丹江爱民区),诗苑新城1号楼,"129.566438,44.586108",[],黑龙江省,牡丹江市,爱民区
木一造型(杨树林小区二区店),康安路26号杨树林小区二区,"129.590759,44.588079",[],黑龙江省,牡丹江市,爱民区
奇奇美造型(康居新城B区店),康居新城B区1号楼,"129.582150,44.590830",18245331002,黑龙江省,牡丹江市,爱民区
老无名造型(向阳小区店),天安路242号,"129.592503,44.595376",13009882309,黑龙江省,牡丹江市,爱民区
芭莎廊精剪发型设计(铁建小区店),铁路农场铁建小区2号楼门市,"129.577227,44.582403",13766599149,黑龙江省,牡丹江市,爱民区
简艺造型工作室(阳光博苑店),西祥伦街801号阳光博苑,"129.583757,44.595698",13339531707,黑龙江省,牡丹江市,爱民区
阿森·造型(亲民店),希望家园E9号楼102门市东地明街339号,"129.620195,44.609354",[],黑龙江省,牡丹江市,爱民区
红旗发屋(学院风景店),学院风景南门西50米,"129.574159,44.603055",[],黑龙江省,牡丹江市,爱民区
束发造型(新陆家园店),向阳街与天安路交叉口西150米,"129.590465,44.594615",18245350103,黑龙江省,牡丹江市,爱民区
名望造型,东方锦绣家园东北门旁,"129.605797,44.594916",15945372655,黑龙江省,牡丹江市,爱民区
绿源美发,西地明街与民安路交叉口东140米,"129.595077,44.601129",[],黑龙江省,牡丹江市,爱民区
淑云理发店(天安路),天安路153号,"129.592275,44.593602",13514553761,黑龙江省,牡丹江市,爱民区
标新染烫吧(杨树林小区二区店),西新荣街杨树林二区27号楼21号门市,"129.590605,44.588030",[],黑龙江省,牡丹江市,爱民区
兴源美发(自来水小区店),自来水小区东门旁,"129.579625,44.591125",[],黑龙江省,牡丹江市,爱民区
巧手造型(银龙家园店),东地明街纺织二路银龙家园小区4号楼门市,"129.608811,44.606404",[],黑龙江省,牡丹江市,爱民区
多多美发沙龙(柞树林小区店),西海林街235号柞树林小区,"129.594972,44.587594",[],黑龙江省,牡丹江市,爱民区
大坤造型,北山街道天安路地明街与祥伦街之间牡坊红旗小区7号楼6单元102室,"129.590074,44.599313",13604634227,黑龙江省,牡丹江市,爱民区
莓梅造型,逸品尚城,"129.570625,44.582425",[],黑龙江省,牡丹江市,爱民区
天地美业,文化街154号,"129.566262,44.587021",[],黑龙江省,牡丹江市,爱民区
沐本造型,天安路与西祥伦街交叉口东南60米,"129.591825,44.596575",[],黑龙江省,牡丹江市,爱民区
团团理发店,北安小一路与康佳街交叉口西北20米,"129.618194,44.599808",13946366458,黑龙江省,牡丹江市,爱民区
风格美发名店,兴中路林校东门对面馨原浴池隔壁,"129.570009,44.591472",18249305000,黑龙江省,牡丹江市,爱民区
文明理发店,北山街道北安街龙江小区2号楼,"129.614209,44.608778",13836372323,黑龙江省,牡丹江市,爱民区
楷模造型·烫染超市(师院店),师范学院南门对面K超市内,"129.563875,44.585775",[],黑龙江省,牡丹江市,爱民区
彩凤美发(春晖园C区店),春晖园C区,"129.566341,44.571305",[],黑龙江省,牡丹江市,爱民区
晓洁发廊,春晖园C区,"129.566511,44.571467",13624536293,黑龙江省,牡丹江市,爱民区
唯美形象设计(西圣林街店),康居新城B区东南1门东230米,"129.586834,44.589992",13089899352,黑龙江省,牡丹江市,爱民区
双美发型设计室,兴平路地明街地质5号楼,"129.577546,44.595555",13836355920;15246335225,黑龙江省,牡丹江市,爱民区
朋克造型(柏树林小区店),西新荣街天安路路口往东50米,"129.595862,44.589568",15645638876,黑龙江省,牡丹江市,爱民区
理棠造型,兴平路兴平小区3号楼3号门市,"129.582601,44.587945",[],黑龙江省,牡丹江市,爱民区
审美造型(东新荣街店),重阳小区西南1门旁,"129.623358,44.597914",[],黑龙江省,牡丹江市,爱民区
王明造型,金龙家园五号楼,"129.578925,44.601875",13514554800,黑龙江省,牡丹江市,爱民区
向阳理发店,环球大道与东地明街交叉口南140米,"129.604775,44.602925",[],黑龙江省,牡丹江市,爱民区
时代殿堂SALON(白桦林小区店),西新荣街与天安东二路交叉口东南20米,"129.597893,44.589939",13763431213,黑龙江省,牡丹江市,爱民区
巨匠造型(颐景山水店),颐景山水东地明街265号,"129.617304,44.608461",13903638393,黑龙江省,牡丹江市,爱民区
艺尚染烫吧,北安街60号新丹溪小区,"129.616041,44.601880",[],黑龙江省,牡丹江市,爱民区
剪锋美发沙龙,体育街世茂假日山水小区28号楼104门市,"129.601661,44.607371",[],黑龙江省,牡丹江市,爱民区
靓丽烫染形象店,康居新城B区西圣圣林街669号,"129.582891,44.588822",18104534394,黑龙江省,牡丹江市,爱民区
喜理造型,锦绣前程南门西100米,"129.588688,44.595504",[],黑龙江省,牡丹江市,爱民区
剪约之美发型设计,东祥伦街与中华路交叉口西南80米,"129.601847,44.600114",13763605856,黑龙江省,牡丹江市,爱民区
三千汇美发工作室,牡三公路与东地明街交叉口南120米,"129.601503,44.602020",[],黑龙江省,牡丹江市,爱民区
海燕发艺(新荣小区店),新荣小区西南2门旁,"129.606543,44.594575",[],黑龙江省,牡丹江市,爱民区
未来造型,东地明街167号曙光新城,"129.607117,44.608894",[],黑龙江省,牡丹江市,爱民区
宇鸿专业美发(北方小区店),北方家属2号楼9号门市,"129.590138,44.592900",13845362576,黑龙江省,牡丹江市,爱民区
名沙造型,吉祥花园东北门旁,"129.595436,44.597187",[],黑龙江省,牡丹江市,爱民区
红头绳美发室(北方小区店),西晓云街北方综合楼三楼131门市,"129.588087,44.592289",15174668875,黑龙江省,牡丹江市,爱民区
龙阁发艺(金龙家园店),金龙家园西区北门东50米,"129.579238,44.602239",[],黑龙江省,牡丹江市,爱民区
简艺造型(广厦新城店),东新荣街与东三北路交叉口东60米,"129.619443,44.596521",13136887868,黑龙江省,牡丹江市,爱民区
一佳造型(文化街店),文化街与东直路交叉口东140米,"129.565965,44.586814",15846786562,黑龙江省,牡丹江市,爱民区
跨世纪美发,向阳4区15号楼跨世纪美发,"129.599888,44.591411",18245300503,黑龙江省,牡丹江市,爱民区
贵雅美发屋,牡三公路与东地明街交叉口东南60米,"129.601537,44.602729",13763603668,黑龙江省,牡丹江市,爱民区
发晶造型店,纺织二路曙光新城46号楼107号,"129.605205,44.609838",15045080265,黑龙江省,牡丹江市,爱民区
大众发艺(杨树林小区店),明月路8号杨树林小区,"129.587548,44.586637",13614636377,黑龙江省,牡丹江市,爱民区
大海发艺(悦翔名苑店),兴平街道天安路天晴街42号大海发艺,"129.587758,44.601487",15945318807,黑龙江省,牡丹江市,爱民区
时风美发(白桦林小区店),白桦林小区西南2门旁,"129.596801,44.589326",15174667580,黑龙江省,牡丹江市,爱民区
雅廊造型艺术空间,兴平路40号兴平小区2号楼,"129.584212,44.588381",13329430806,黑龙江省,牡丹江市,爱民区
鑫尚造型,西晓云街379号门市,"129.582920,44.591308",13370902923,黑龙江省,牡丹江市,爱民区
喜乐造型,西地名街450号,"129.577423,44.595540",13945348004,黑龙江省,牡丹江市,爱民区
小付美发(北龙静河小区店),东三北路71号,"129.618159,44.597298",13836372335,黑龙江省,牡丹江市,爱民区
纤艺剪烫染造型(重阳小区店),大庆街道东新荣街370号工商三号楼101室,"129.623002,44.597759",13694535459,黑龙江省,牡丹江市,爱民区
伟丽造型(曙光新城店),曙光新城小区13号楼1门市,"129.607473,44.609032",13904837258,黑龙江省,牡丹江市,爱民区
靓丽发艺(春晖园C区店),春晖园小区C6号楼门市,"129.566059,44.572555",[],黑龙江省,牡丹江市,爱民区
至尚精剪发艺,黄花街道西地名街兴平路口,"129.577042,44.595458",[],黑龙江省,牡丹江市,爱民区
一格专业美发(康居新城A区店),文化街1号,"129.580574,44.591518",[],黑龙江省,牡丹江市,爱民区
靓点理发店,中华路与东祥伦街交叉口西北40米,"129.602340,44.600697",[],黑龙江省,牡丹江市,爱民区
领航美发(兴平路店),康居新城A西门西北60米,"129.580050,44.592396",[],黑龙江省,牡丹江市,爱民区
忆彩造型(金龙家园店),爱民区医学院对面(金龙家园)4号楼车库门市,"129.577746,44.601825",13946365417,黑龙江省,牡丹江市,爱民区
长红美发(新丹溪小区店),新丹溪17号楼,"129.614563,44.601437",13945344865,黑龙江省,牡丹江市,爱民区
靓典美容美发(西新荣街店),康安路26号杨树林小区二区27栋,"129.590657,44.588047",[],黑龙江省,牡丹江市,爱民区
港湾发型设计(新丹溪小区店),新单溪小区23号楼,"129.614951,44.602431",[],黑龙江省,牡丹江市,爱民区
鑫鑫烫染吧,西新荣街中山家园,"129.580263,44.584849",[],黑龙江省,牡丹江市,爱民区
金沐形象设计(师范小区店),西祥伦街124号师范小区,"129.595527,44.598040",[],黑龙江省,牡丹江市,爱民区
海造型(颐景山水店),颐景山水西区A21栋,"129.619082,44.610338",[],黑龙江省,牡丹江市,爱民区
一泽造型(曙光新城店),纺织二路曙光新城43号楼下好日子北侧,"129.606252,44.609058",[],黑龙江省,牡丹江市,爱民区
梵画造型(凯旋城A区店),凯旋城A区东北门东南70米,"129.576574,44.596813",[],黑龙江省,牡丹江市,爱民区
爱民区悦目发型设计,体育街世贸假日山水小区29号楼104室,"129.602864,44.607632",[],黑龙江省,牡丹江市,爱民区
牡丹江市爱民区回守美发造型店,新华路西晓云街百批发宿舍中栋14号2单元101号,"129.599963,44.597323",13644534572,黑龙江省,牡丹江市,爱民区
港汇烫染店,北安街60号新丹溪小区,"129.616114,44.600780",[],黑龙江省,牡丹江市,爱民区
雨欣发艺,兴平路40号兴平小区,"129.582720,44.587893",[],黑龙江省,牡丹江市,爱民区
锋艺造型(火车头小区一区店),火车头小区一区东南门旁,"129.576101,44.583529",[],黑龙江省,牡丹江市,爱民区
红纬发艺(颐景山水店),颐景山水西区西南门东140米,"129.619483,44.609163",[],黑龙江省,牡丹江市,爱民区
素境发廊,东新荣街376号,"129.623125,44.597825",[],黑龙江省,牡丹江市,爱民区
艳子发艺(曙光新城店),东地明街167号曙光新城,"129.607051,44.611533",[],黑龙江省,牡丹江市,爱民区
回首烫染造型,北山街道新华路晓云街百批宿舍中栋,"129.600063,44.597408",[],黑龙江省,牡丹江市,爱民区
东铭造型(天安二区店),天安二区1号楼1楼康安路21号,"129.592323,44.588096",[],黑龙江省,牡丹江市,爱民区
淇滨湾发型设计(阳光博苑店),阳光博苑小区院内,"129.583070,44.595522",[],黑龙江省,牡丹江市,爱民区
天使发廊(火车头小区一区店),火车头小区二区北门东130米,"129.579648,44.584367",[],黑龙江省,牡丹江市,爱民区
珈奈造型,兴中路87号,"129.570164,44.591118",[],黑龙江省,牡丹江市,爱民区
鑫港造型(新丹溪小区店),北安四道街新丹溪,"129.615672,44.600927",[],黑龙江省,牡丹江市,爱民区
尚美造型(圣林小区店),圣林小区北门旁,"129.622046,44.600556",[],黑龙江省,牡丹江市,爱民区
剃头匠(新丹溪小区店),北安街60号新丹溪小区34号楼,"129.617292,44.600769",15904530966,黑龙江省,牡丹江市,爱民区
新感觉美发美妆工作室,仁寿路与东祥伦街交叉口西北180米,"129.599236,44.601252",13945362006,黑龙江省,牡丹江市,爱民区
奈斯造型,文化街与东直路交叉口东南100米,"129.565323,44.586235",13504606551,黑龙江省,牡丹江市,爱民区
唯美发艺(新丹溪小区店),北安街新丹溪13号楼门市,"129.615448,44.601275",13845371345,黑龙江省,牡丹江市,爱民区
英子美发(北山名苑店),北山街道北山名苑小区34号楼一楼车库,"129.592804,44.598833",15545309618,黑龙江省,牡丹江市,爱民区
丝美发艺(新丹溪小区店),北安街新丹溪9号楼,"129.615857,44.601052",13845348654,黑龙江省,牡丹江市,爱民区
佳艺造型(新丹溪店),桥北新丹溪小区10号楼市111,"129.615393,44.600777",15846768072,黑龙江省,牡丹江市,爱民区
德兰剪艺(向阳2区店),向阳2区东北门东北50米,"129.598404,44.591188",13504830291,黑龙江省,牡丹江市,爱民区
原艺发吧(曙光新城店),北山街道纺织二路曙光新城40号楼,"129.606772,44.607925",15174679640,黑龙江省,牡丹江市,爱民区
唯美养生(向阳2区店),2区东北门旁,"129.598515,44.590817",18745328298,黑龙江省,牡丹江市,爱民区
施美美发(杏树林小区店),杏树林二区东南门旁,"129.587330,44.586417",18745331508,黑龙江省,牡丹江市,爱民区
世纪新美发,西地明街与兴平路交叉口东北100米,"129.577975,44.596925",[],黑龙江省,牡丹江市,爱民区
巧匠造型(中山家园店),兴平路25号中山家园,"129.580866,44.585006",[],黑龙江省,牡丹江市,爱民区
金英理发店,西圣林街五星路80号金英理发店,"129.598846,44.593970",[],黑龙江省,牡丹江市,爱民区
百年造型,杏树林二区西北门旁,"129.586511,44.586739",[],黑龙江省,牡丹江市,爱民区
三毛专业美发形象设计烫染吧(北龙静河小区店),东新荣街静河小区(四号楼大门)旁边,"129.618174,44.597274",13614609025,黑龙江省,牡丹江市,爱民区
曙光发型设计(曙光新城店),东地明街167号曙光新城,"129.605534,44.612006",0453-5681068;13845377928,黑龙江省,牡丹江市,爱民区
新团结理发店,北安街60号新丹溪小区,"129.615931,44.601017",[],黑龙江省,牡丹江市,爱民区
森艺造型(鲲鹏五宿舍店),明月西路8号,"129.586924,44.586542",[],黑龙江省,牡丹江市,爱民区
艳丽美发,西祥伦街801号阳光博苑,"129.582631,44.594391",[],黑龙江省,牡丹江市,爱民区
飘逸烫染,二区东南门旁,"129.584786,44.586196",[],黑龙江省,牡丹江市,爱民区
新潮发艺(春晖园店),海林公路春晖园,"129.568406,44.574492",[],黑龙江省,牡丹江市,爱民区
欣盛发廊(曙光新城店),东地明街167号曙光新城,"129.607103,44.609204",[],黑龙江省,牡丹江市,爱民区
鑫艺造型,[],"129.566529,44.586217",13514576265,黑龙江省,牡丹江市,爱民区
天意造型,黄花六条路与海林公路交叉口西240米,"129.561175,44.570225",[],黑龙江省,牡丹江市,爱民区
小禹造型,师范学院校内西苑小区4号楼106室,"129.557495,44.588021",18645438332,黑龙江省,牡丹江市,爱民区
名都发艺(新丹溪小区店),新丹溪小区6号楼门市,"129.616091,44.600656",[],黑龙江省,牡丹江市,爱民区
鑫丝路发廊(地明小区店),兴平街道兴平路地名街地名小区9号楼,"129.577866,44.597178",13946334901,黑龙江省,牡丹江市,爱民区
冀泽造型,西新荣街与天安东一路交叉口西60米,"129.595654,44.589573",18045330993,黑龙江省,牡丹江市,爱民区
慕可造型店,康居新城A西门西北140米,"129.579723,44.592885",[],黑龙江省,牡丹江市,爱民区
首艺美容美发(北方小区店),向阳街康安路晓云街北方综合楼3号楼门市,"129.589004,44.592446",13845358766,黑龙江省,牡丹江市,爱民区
艺峰造型(春晖园A区店),黄花街道春晖园西苑A16号楼门市,"129.571157,44.574565",18545375537,黑龙江省,牡丹江市,爱民区
慕尚造型,文化街76号,"129.563304,44.585173",[],黑龙江省,牡丹江市,爱民区
审美造型(牡丹江大学家属区店),牡丹江大学家属区,"129.568496,44.592029",13614534308,黑龙江省,牡丹江市,爱民区
闺蜜烫染工作室(园丁小区店),兴中路园小区4号楼1单元102,"129.569898,44.590148",15045304614;18766204912,黑龙江省,牡丹江市,爱民区
宏焱发廊(祥合林苑店),文化街祥合林苑7号楼,"129.570141,44.587282",[],黑龙江省,牡丹江市,爱民区
称心美发(西新荣街店),明月路8号杨树林小区,"129.588251,44.586956",15245308469,黑龙江省,牡丹江市,爱民区
沐沐美业,牡纺红旗2号楼1单元101,"129.595938,44.601321",13604606919,黑龙江省,牡丹江市,爱民区
彬彬造型(向阳3区店),向阳1区西南门西270米,"129.596758,44.590027",[],黑龙江省,牡丹江市,爱民区
红纬发艺,颐景山水西区,"129.615939,44.607647",[],黑龙江省,牡丹江市,爱民区
尚雨发艺(向阳3区店),西新荣街向阳三区31号楼,"129.597223,44.590381",13946361407,黑龙江省,牡丹江市,爱民区
丹扬美发(春晖园C区店),黄花街道紫光小学c区9号楼,"129.566609,44.571570",[],黑龙江省,牡丹江市,爱民区
领尚发型设计(新丹溪小区店),北安街新丹溪10号楼,"129.615667,44.600952",15754539780,黑龙江省,牡丹江市,爱民区
华逸造型(曙光新城店),纺织二路(曙光新城),"129.605181,44.611486",15245302692,黑龙江省,牡丹江市,爱民区
丹遇林十元快剪美睫美甲店,天安路204号,"129.594421,44.589093",13945301124;13946331124;18246339993,黑龙江省,牡丹江市,爱民区
尚艺造型(圣林小区店),北安街好日子生鲜超市后身,"129.620974,44.599513",13504836950,黑龙江省,牡丹江市,爱民区
鑫鑫美发(柏树林小区店),西新荣街天安路柏树林小区32号楼,"129.595169,44.589406",[],黑龙江省,牡丹江市,爱民区
精剪廊专业烫染,北安街60号新丹溪小区,"129.616539,44.599978",[],黑龙江省,牡丹江市,爱民区
高高美甲工作室,西晓云街与新华路交叉口西60米,"129.599954,44.597599",13394531991,黑龙江省,牡丹江市,爱民区
焕颜美容工作室,山水美地小区东门33号楼101室,"129.589702,44.606980",18346365456,黑龙江省,牡丹江市,爱民区
故里美甲工作室,凯旋城A区9号-0-103门市,"129.576719,44.596996",17845509992,黑龙江省,牡丹江市,爱民区
禧番美甲工作室,北安路119号,"129.618068,44.600509",13206876221,黑龙江省,牡丹江市,爱民区
艾美美颜工作室(北龙静河小区店),北龙静河小区东南门西90米,"129.619212,44.596986",15945320203,黑龙江省,牡丹江市,爱民区
不桐美甲工作室,通乡街与红旗路交叉口东南160米,"129.577714,44.601877",13766659368,黑龙江省,牡丹江市,爱民区
柒悦美甲工作室,东地明街167号曙光新城,"129.608225,44.609575",13836306017;17204534407,黑龙江省,牡丹江市,爱民区
牡丹江市爱民区亦念美容工作室,颐景山水小区A17-104门室,"129.617872,44.610463",[],黑龙江省,牡丹江市,爱民区
恬心美甲工作室,康佳街与北安小二路交叉口西180米,"129.615725,44.600125",13555568273,黑龙江省,牡丹江市,爱民区
衡远纹身工作室,黄花街道兴中路预备役2区3号楼4单元302室,"129.570263,44.591137",19845139357,黑龙江省,牡丹江市,爱民区
青峦指艺变美工作室,文化街191号牡师院西苑小区家属3号楼106门室青峦指艺,"129.557750,44.587755",15636370616,黑龙江省,牡丹江市,爱民区
落日里·工作室,牡丹江师范学院西苑住宅小区-1号楼B座1602室,"129.558011,44.587048",13763709796;18845331041,黑龙江省,牡丹江市,爱民区
董冰造型(东二店),东二条路平安街与爱民街之间159号,"129.622969,44.584309",0453-6888567,黑龙江省,牡丹江市,东安区
MY TIME美源时间形象设计(星元小区店),景福街34号星元小区,"129.618636,44.587357",0453-6660660,黑龙江省,牡丹江市,东安区
董冰造型(七星店),牡丹江百货大楼北门东60米,"129.617298,44.584947",0453-6401777,黑龙江省,牡丹江市,东安区
古贝造型会所(东二条路店),紫云二区西南门西北80米,"129.622894,44.584425",0453-6926166;13384535222,黑龙江省,牡丹江市,东安区
楷模造型·接发·烫染(七星街店),大润发东安店南门旁,"129.619722,44.585825",0453-6192333,黑龙江省,牡丹江市,东安区
聚美时代美容美发,景福公馆106门市,"129.616624,44.587052",13089835345;13136868123,黑龙江省,牡丹江市,东安区
深港美发美容美甲(塞纳丽舍北区店),江南绿地世纪城乌苏里路20号,"129.626680,44.556683",0453-6510111,黑龙江省,牡丹江市,东安区
CK造型烫染(景福店),景福街121号平安大厦,"129.618517,44.587602",15204531852,黑龙江省,牡丹江市,东安区
liu小白造型(步行街店),东小一条路北小日照街步行街方向路口,"129.616842,44.589322",13624532207,黑龙江省,牡丹江市,东安区
Model楷模·接发·烫染(江山悦店),保利江山悦南门东30米37号楼105门市,"129.641941,44.559610",0453-6615333;13241832333;18546333666,黑龙江省,牡丹江市,东安区
名榜美容美发(七星街店),七星街与东小三条街交叉口东30米,"129.625103,44.587503",13644638888,黑龙江省,牡丹江市,东安区
慕梵造型,七星街东小一条路南20米,"129.620291,44.585851",15945373337,黑龙江省,牡丹江市,东安区
永辉造型,东三条路长安街与新安街之间225号,"129.628332,44.580626",18604638882,黑龙江省,牡丹江市,东安区
楷模造型·接发·烫染(花都店),兴隆街与泼雪泉路交叉口东60米,"129.625731,44.549772",[],黑龙江省,牡丹江市,东安区
尚丝美烫染造型(工商小区店),东二条路与东三条路之间平安街道南118号门市,"129.624783,44.583526",0453-8852888,黑龙江省,牡丹江市,东安区
梦幻造型,北小爱民街109号,"129.621302,44.585316",18645306631,黑龙江省,牡丹江市,东安区
米娜造型(保利江山悦店),东兴街道也河街保利江山悦39号楼105号底商(林福宫饭店隔壁),"129.641025,44.559325",13264149550,黑龙江省,牡丹江市,东安区
1号烫染立新工作室(东平安街店),平安街东一条路与东二条路之间68号,"129.622256,44.582681",0453-8687778,黑龙江省,牡丹江市,东安区
东尼造型(东新安街店),东新安街与福民街之间东六条132号,"129.637187,44.581461",0453-5762680;18645388445,黑龙江省,牡丹江市,东安区
洪良造型美容(星元小区店),步行街与景福街交口道南景福街138号,"129.618482,44.587284",0453-8910999,黑龙江省,牡丹江市,东安区
新野造型(江南店),卧龙街105号,"129.641038,44.554062",0453-6663001,黑龙江省,牡丹江市,东安区
晨凯CK造型烫染(东安店),东一条路与东二条路之间平安街72号,"129.622595,44.582802",0453-6980886,黑龙江省,牡丹江市,东安区
飞丝美发,东小四条路与东新安街交叉口南20米,"129.632683,44.580811",16619989444,黑龙江省,牡丹江市,东安区
与十造型(紫云小区一区店),东四条路爱民街122号,"129.627325,44.586246",0453-8570666,黑龙江省,牡丹江市,东安区
楷模造型·假发·烫染(未来城店),一号楼105门市,"129.639195,44.550213",0453-6187333,黑龙江省,牡丹江市,东安区
亚细亚造型(建行小区店),新安街与长安街之间市政路52号,"129.624567,44.579599",0453-6303888,黑龙江省,牡丹江市,东安区
丽本美学工作室,卧龙街威虎山路德远天宸小区23号楼1单元101室,"129.641451,44.551663",0453-6181951;15046332083,黑龙江省,牡丹江市,东安区
靓仔造型(兴隆街店),江南转盘道对面,"129.627331,44.550738",13694676050,黑龙江省,牡丹江市,东安区
滚石美发店,会展街雍华庭2-101门市,"129.634425,44.558125",13704536691,黑龙江省,牡丹江市,东安区
潮流造型(景福街店),东小一路与东二之间景福街99号(老太太鸡爪旁边),"129.619857,44.587987",18088739066,黑龙江省,牡丹江市,东安区
CK造型(德远天宸店),卧龙街与威虎山路交叉口西南120米,"129.640947,44.554034",0453-6699886;15694531181,黑龙江省,牡丹江市,东安区
美雅造型(牡丹江东盛大厦店),东安区东一条路东牡丹街71号东盛大厦107室,"129.622528,44.581390",13644533997,黑龙江省,牡丹江市,东安区
曼都造型高级美发会所(世茂南外滩2期店),[],"129.642531,44.555171",0453-6939789,黑龙江省,牡丹江市,东安区
新偶像剪廊(鸿峰花园店),鸿峰小区东五条路清福街73号,"129.636060,44.578853",13504536650,黑龙江省,牡丹江市,东安区
领秀国际发型连锁机构(国际花都店),兴隆街684号,"129.627695,44.549785",13766666025,黑龙江省,牡丹江市,东安区
小明造型(牡丹江东安区),东七条路新安街与福民街靓景小区门市,"129.640931,44.582595",13555013633;15145342904,黑龙江省,牡丹江市,东安区
嘉辉造型(世茂南外滩2期店),世贸南外滩卧龙街59号,"129.642210,44.555074",18946360808,黑龙江省,牡丹江市,东安区
精功美业(东新安小区店),东六条路122号,"129.636904,44.581755",[],黑龙江省,牡丹江市,东安区
贰零贰叁·2023造型,柴市路长安街104号,"129.625726,44.580502",13206882023,黑龙江省,牡丹江市,东安区
远屿航造型,迪纳公寓,"129.627744,44.557551",13054342826,黑龙江省,牡丹江市,东安区
天籁意境美发工作室(星元小区店),景福街东小一条路,"129.618820,44.587509",0453-8584111,黑龙江省,牡丹江市,东安区
视诀男士理发馆(江南店),卧龙街世茂南外滩二期19号楼102号门市,"129.644117,44.555653",[],黑龙江省,牡丹江市,东安区
布鲁斯男士理发馆,东四条路282号,"129.630975,44.580282",15846746114,黑龙江省,牡丹江市,东安区
名门发行工作室(东小一条路店),爱民街东站一条路,"129.621119,44.584104",13945381349,黑龙江省,牡丹江市,东安区
山屿造型,国际花都2幢,"129.626927,44.549782",[],黑龙江省,牡丹江市,东安区
陈曦造型(南外滩店),卧龙街世贸南外滩二期南门东侧19号楼103门市,"129.643972,44.555610",15245303205,黑龙江省,牡丹江市,东安区
百乐造型(东盛嘉园店),东二条路200号东盛嘉园,"129.622121,44.582597",0453-6910928,黑龙江省,牡丹江市,东安区
宝玉经典发艺(保利江山悦店),保利江山悦36栋,"129.642242,44.559693",18945336661,黑龙江省,牡丹江市,东安区
港仔专业美发,柴市路与东长安街交叉口南100米,"129.626013,44.580101",13945360020,黑龙江省,牡丹江市,东安区
Done帝万美发造型,星河传说迪纳公寓24-109号D one奢享发艺美学,"129.627552,44.558482",0453-6953777;13314539678,黑龙江省,牡丹江市,东安区
广铭发艺(东新安小区店),福民街83号,"129.637450,44.580994",13836372225,黑龙江省,牡丹江市,东安区
OnceNow安大发型设计概念店,东小一条路爱民街与南小之间OnceNow,"129.621342,44.584136",15846782224,黑龙江省,牡丹江市,东安区
小伟·造型设计,北小平安街与平安街之间东三条路157号,"129.625887,44.584713",15545318700,黑龙江省,牡丹江市,东安区
梵希造型(东二条路店),东二条路景福街交叉路口44号,"129.620104,44.588259",15754639235,黑龙江省,牡丹江市,东安区
秀客造型,百好花园和塞纳丽舍之间斗银河路72号西门旁105门市,"129.624964,44.552929",13836372938,黑龙江省,牡丹江市,东安区
洺尚造型(景福小区店),景福街105号,"129.619509,44.587611",13208434660,黑龙江省,牡丹江市,东安区
威美发廊(江南分店),兴隆街百好花园小区1号回迁楼,"129.625644,44.550328",15046391028;15645345785,黑龙江省,牡丹江市,东安区
明剪造型,日照街39号(诚信大厦附近),"129.621975,44.590175",13845344537,黑龙江省,牡丹江市,东安区
优剪(兴隆街店),兴隆街道633号,"129.626017,44.550330",13136885636;13766606656,黑龙江省,牡丹江市,东安区
腾野形象salon style,镜泊湖路124号,"129.632800,44.554160",15246341712,黑龙江省,牡丹江市,东安区
坤造型烫染店,巴塞阳光正门口,"129.604566,44.542021",15145388884;15145388889,黑龙江省,牡丹江市,东安区
登来喜烫染造型(江南华府店),江南华府西北2门东130米,"129.645715,44.555528",18704530685,黑龙江省,牡丹江市,东安区
海涛造型(书香华府店),东七条路228号与东长安街交叉路口北侧(书香华府),"129.639196,44.585459",18045307553,黑龙江省,牡丹江市,东安区
新天艺美发(花园西小区店),花园西小区西南门旁,"129.626764,44.573228",15304531686,黑龙江省,牡丹江市,东安区
大众发艺(东小二条路店),东小二条路67号,"129.622237,44.589047",18245302281,黑龙江省,牡丹江市,东安区
晓宇造型(北紫云小区店),爱民街东三东四之间15号门市晓宇造型,"129.626213,44.586288",18346366614,黑龙江省,牡丹江市,东安区
风尚美发(福民街店),牡丹江市环境卫生管理处西北门西80米,"129.630780,44.578950",18249331318,黑龙江省,牡丹江市,东安区
聚美造型(东平安小区店),东三条路179号,"129.626710,44.583478",13945368707,黑龙江省,牡丹江市,东安区
贰号院美发沙龙,东四条路南小沿江街16号,"129.636120,44.575495",15804530444,黑龙江省,牡丹江市,东安区
素艺美发造型(江达国际花园店),共和街江达国际花园3号楼42号门市素艺美发造型,"129.622487,44.542020",15099920031,黑龙江省,牡丹江市,东安区
哈喽造型设计(锦绣江南店),锦绣江南东门北50米,"129.624835,44.544758",[],黑龙江省,牡丹江市,东安区
湖北发社(东一条路店),丽水蓝天北门东130米,"129.627691,44.573176",13114534668,黑龙江省,牡丹江市,东安区
恩典时代美发造型,清福小区,"129.637274,44.576572",13836333968,黑龙江省,牡丹江市,东安区
简约风尚美发会所,东小一条路景福街105号,"129.619596,44.587905",18545388456,黑龙江省,牡丹江市,东安区
梵丝染发馆,东新安街410号东新安小区,"129.634990,44.581607",[],黑龙江省,牡丹江市,东安区
小生美发店,东安区华威小区,"129.627452,44.578311",18249374968,黑龙江省,牡丹江市,东安区
蒂依夫人美业(世茂南外滩4期店),世茂南外滩北门西390米,"129.638035,44.557710",[],黑龙江省,牡丹江市,东安区
青奢品质烫染店(东平安街店),东一条路平安街66号,"129.622697,44.582988",0453-6996886,黑龙江省,牡丹江市,东安区
清香造型,东二条路南小日照街,"129.619511,44.589120",18604632065,黑龙江省,牡丹江市,东安区
白发一族(天豪花园店),东小三条路七星街26号,"129.625127,44.587504",18804533669,黑龙江省,牡丹江市,东安区
缇雨造型(东新安小区店),东新安街410号东新安小区,"129.635503,44.581835",[],黑龙江省,牡丹江市,东安区
沐秀造型,领秀城14号楼106门市东南门旁,"129.638213,44.550550",[],黑龙江省,牡丹江市,东安区
金兴发艺程娟工作室,牡丹江市环境卫生管理处西北门西110米,"129.630597,44.578875",13845345689,黑龙江省,牡丹江市,东安区
慕野造型(康泰小区店),康泰小区西门旁,"129.634950,44.585693",[],黑龙江省,牡丹江市,东安区
金玲秀美发造型工作室,东三条路平安街240号,"129.626036,44.583848",16221651666,黑龙江省,牡丹江市,东安区
迎春美发(海洋靓景北院店),海洋靓景北院7号楼,"129.640030,44.581834",18249331662,黑龙江省,牡丹江市,东安区
拐角造型(大润发店),东安区步行街东小一条路南小景福街154号,"129.618675,44.586785",18324636845,黑龙江省,牡丹江市,东安区
发现造型,东菜园街与牛角湖西街交叉口南80米,"129.628989,44.574591",[],黑龙江省,牡丹江市,东安区
楓尚造型(东新安小区店),新安街道南388号东新安小区,"129.634839,44.581571",13694537723;15004532613,黑龙江省,牡丹江市,东安区
天一发艺(南小景福街店),南小景福街140号,"129.619688,44.587095",15246338166,黑龙江省,牡丹江市,东安区
发苑发型,东牡丹街87号,"129.628166,44.582615",13946336293,黑龙江省,牡丹江市,东安区
王磊造型(馨园小区店),馨园小区西北门东50米,"129.632977,44.575807",[],黑龙江省,牡丹江市,东安区
爱丽丝(七星街店),东小二条路日照街,"129.621196,44.590038",15846758507,黑龙江省,牡丹江市,东安区
极简美发工作室(东盛大厦店),东牡丹街61号东盛大厦F1层,"129.622101,44.581235",[],黑龙江省,牡丹江市,东安区
铭人造型,东七条路长安街路口东南角,"129.639812,44.585137",15765015203,黑龙江省,牡丹江市,东安区
慕颜造型,维罗纳小区13号楼101,"129.640639,44.543473",18545318885,黑龙江省,牡丹江市,东安区
花皇美容美发(工商小区店),平安街120号,"129.624894,44.583549",[],黑龙江省,牡丹江市,东安区
炫目造型(新安小区店),福民街东四东五之间175号,"129.633704,44.579848",13089898953,黑龙江省,牡丹江市,东安区
美宣(江南华府店),江南华府东南门西120米,"129.645475,44.552725",[],黑龙江省,牡丹江市,东安区
阿冰造型(长安新城店),东五条路长安街口道南20米,"129.633071,44.582840",13466662962,黑龙江省,牡丹江市,东安区
享理造型店,兴隆街巴塞阳光小区1号楼103室,"129.603347,44.541515",15046391401,黑龙江省,牡丹江市,东安区
理享美发沙龙,东长安街与东小三条路交叉口西20米,"129.628037,44.581746",17645307518,黑龙江省,牡丹江市,东安区
美格经典发艺(星元房产有限公司景福3区店),东二条路南小景福街,"129.621417,44.587623",13766603567,黑龙江省,牡丹江市,东安区
靓点发艺(环龙湾店),兴隆镇六峰湖小区5号楼,"129.606636,44.543493",15145383419,黑龙江省,牡丹江市,东安区
顾的理发店Good barbershop,东三东四南市街221号,"129.632460,44.576006",[],黑龙江省,牡丹江市,东安区
梵古造型(领秀城店),卧龙街10号领秀城15幢,"129.638991,44.550779",[],黑龙江省,牡丹江市,东安区
名港美发(绿苑小区一区店),绿苑1区东南1门西80米,"129.635558,44.582181",[],黑龙江省,牡丹江市,东安区
秀艺造型(信大福民3区店),南市街141号,"129.629414,44.575669",18714530332,黑龙江省,牡丹江市,东安区
小旭造型,东小二条路与日照街交叉口西北40米,"129.621020,44.590628",18845384125,黑龙江省,牡丹江市,东安区
小威美发(东四小区店),东四小区东北门东南60米,"129.632020,44.584504",[],黑龙江省,牡丹江市,东安区
琳汐造型,星元房产有限公司景福3区西北门东120米,"129.622687,44.588605",[],黑龙江省,牡丹江市,东安区
新新美发(南小景福街店),东小三条路南小景福街36号,"129.623444,44.588653",[],黑龙江省,牡丹江市,东安区
沐泽造型(绿苑小区一区店),绿苑1区西北门东90米,"129.635232,44.583664",[],黑龙江省,牡丹江市,东安区
美坤造型,东安区东二条路180号,"129.623422,44.582904",15245330969,黑龙江省,牡丹江市,东安区
名佳造型(环龙湾店),莲花湖东路1149门市名佳造型,"129.603872,44.542435",[],黑龙江省,牡丹江市,东安区
格调名剪(牡丹江东盛大厦店),东牡丹街61号东盛大厦F1层,"129.622596,44.581427",17745318883,黑龙江省,牡丹江市,东安区
小光造型(绿苑小区三区店),东六条路45号,"129.634781,44.585364",[],黑龙江省,牡丹江市,东安区
贰零贰四造型,东新安街与东三条路交叉口东40米,"129.629145,44.579793",18045399422,黑龙江省,牡丹江市,东安区
传奇专业烫染(新阳绿洲康城店),林机小区东1门东北90米,"129.637914,44.575172",13514525672,黑龙江省,牡丹江市,东安区
好平发艺,福民街155号,"129.633624,44.579824",[],黑龙江省,牡丹江市,东安区
剪道造型(东七条路店),东七条路与东长安街交叉口南60米,"129.639760,44.584602",[],黑龙江省,牡丹江市,东安区
北盛发廊(怡兴小区店),兴隆街道怡兴花园小区2号楼103室,"129.605978,44.539258",15245391293,黑龙江省,牡丹江市,东安区
伊莱美容美发纹身,北小七星街景福社区2号楼,"129.620534,44.586726",13766664075,黑龙江省,牡丹江市,东安区
吕龙发艺,星元房产有限公司日照小区东南门旁,"129.623911,44.589930",13836311855,黑龙江省,牡丹江市,东安区
好友发艺(书香华府店),东七条路书香华府9号楼,"129.637847,44.586459",[],黑龙江省,牡丹江市,东安区
精艺造型(书香华府店),书香华府东南门旁,"129.638740,44.585131",[],黑龙江省,牡丹江市,东安区
绮丽剪业(新安小区店),清福小区G区东南门旁,"129.633546,44.579836",[],黑龙江省,牡丹江市,东安区
柏特发艺,东牡丹街46号,"129.625457,44.581514",13945385198,黑龙江省,牡丹江市,东安区
东阁发艺,世纪阳光西北2门东北110米,"129.642133,44.578979",[],黑龙江省,牡丹江市,东安区
海飞丝发廊(新阳·绿洲康城店),东七条路沿江街绿洲康城19号楼,"129.639005,44.575406",13945329383,黑龙江省,牡丹江市,东安区
八运燕美发名店,东三条路与柴市路之间福民街道北309号,"129.628380,44.578316",13684532988,黑龙江省,牡丹江市,东安区
阿君理发(东兴小区店),东新安街181号,"129.629659,44.580434",[],黑龙江省,牡丹江市,东安区
宁造型,镜泊湖东路88号彩虹湾,"129.639371,44.545231",[],黑龙江省,牡丹江市,东安区
千慧美业(聚美店),景福街与东小太平路交叉口北20米,"129.616525,44.587075",[],黑龙江省,牡丹江市,东安区
超淼美发烫染造型,新安小区(福民街),"129.632175,44.579625",[],黑龙江省,牡丹江市,东安区
天沅发艺,南市街花园小区,"129.628768,44.574297",[],黑龙江省,牡丹江市,东安区
英菲造型(巴塞阳光店),兴隆街巴塞阳光幼儿园旁,"129.605073,44.542201",[],黑龙江省,牡丹江市,东安区
得意造型(紫云小区二区店),紫云小区二区,"129.625443,44.584732",[],黑龙江省,牡丹江市,东安区
洋利造型,东小一条路南小日照街,"129.618728,44.588656",[],黑龙江省,牡丹江市,东安区
阳阳理发店,紫云小区二区,"129.625354,44.584897",[],黑龙江省,牡丹江市,东安区
云聚发艺(星元房产有限公司景福3区店),南小景福街81号,"129.621723,44.587912",[],黑龙江省,牡丹江市,东安区
珍珍发屋(东七条路店),东七条路106号,"129.640042,44.584873",13845375097,黑龙江省,牡丹江市,东安区
丹凤美发(步行街店),东小一条路北小日照街,"129.617716,44.589506",18714391982,黑龙江省,牡丹江市,东安区
小义的理发店,兴隆街55号环龙湾,"129.603284,44.542255",15945314100,黑龙江省,牡丹江市,东安区
乐草元韵呓造型(江达国际花园店),共和街江达国际花园北门4栋102门市,"129.622035,44.541909",13384630919,黑龙江省,牡丹江市,东安区
博夫造型工作室,[],"129.622374,44.590634",17604539915,黑龙江省,牡丹江市,东安区
香香美发(六峰湖小区店),六峰湖小区正门院内5号楼,"129.607362,44.543146",13845309338,黑龙江省,牡丹江市,东安区
首艺发型公社(东新安小区店),福民街115号,"129.635771,44.580501",15246336648,黑龙江省,牡丹江市,东安区
名门润秀烫染造型(东一条路店),东一条路南市街422号,"129.625677,44.574967",13604630377,黑龙江省,牡丹江市,东安区
泳河男士理发馆,乌苏里路中也乜河1号楼124门市,"129.628040,44.550995",18698198886,黑龙江省,牡丹江市,东安区
艺豪造型,东三条路景福街,"129.623548,44.588502",[],黑龙江省,牡丹江市,东安区
老的理发店,市政路与东新安街交叉口北60米,"129.625088,44.579356",[],黑龙江省,牡丹江市,东安区
剪约发艺,东二条路与南小景福街交叉口西南80米,"129.620414,44.586878",15545313660,黑龙江省,牡丹江市,东安区
丽海美发(东二条路店),东二条路86号,"129.621110,44.586747",13644636008,黑龙江省,牡丹江市,东安区
美客造型工作室(东小六条路店),海洋靓景3号楼,"129.639024,44.582080",[],黑龙江省,牡丹江市,东安区
青丝廊专业美发(清福小区E区店),南小沿江街41号清福小区E区,"129.636703,44.576760",15145398413,黑龙江省,牡丹江市,东安区
品尚造型,海洋靓景北院,"129.640125,44.581925",[],黑龙江省,牡丹江市,东安区
惟尔派发艺,北小景福街11号,"129.622213,44.589430",13303637980;13836367980,黑龙江省,牡丹江市,东安区
千慧美业,乜河街113号,"129.631302,44.556887",[],黑龙江省,牡丹江市,东安区
旭日红发艺,阳明街道东七条路新安街与长安街之间429号,"129.640379,44.584340",15845306521,黑龙江省,牡丹江市,东安区
艺美造型(爱民街店),东长安街78号,"129.624991,44.580507",18746332161,黑龙江省,牡丹江市,东安区
视诀国潮男士理发馆,东三条路长安街与新安街之间,"129.628412,44.580639",[],黑龙江省,牡丹江市,东安区
靓美造型,东小一条路北小东平安街靓美造型,"129.621757,44.583538",18246347273,黑龙江省,牡丹江市,东安区
太姬美发馆(牡丹恒大绿洲店),镜泊湖路476号牡丹江恒大绿洲,"129.642717,44.535464",[],黑龙江省,牡丹江市,东安区
迪凯(华华)美发,东小一条路北小平安街,"129.621823,44.583521",13555004530,黑龙江省,牡丹江市,东安区
华溢博造型工作室,东三条路65号,"129.623545,44.588522",[],黑龙江省,牡丹江市,东安区
阿威发艺,新安街道牡丹江东一条路清真寺,"129.624423,44.577782",13694685817,黑龙江省,牡丹江市,东安区
红利美容美发,东牡丹街东五条路与东六条路之间绿苑小区二区7号楼,"129.634660,44.584094",13199362518,黑龙江省,牡丹江市,东安区
简约造型(六峰湖小区店),六峰湖小区1号楼7号门市,"129.607910,44.543588",18645305526,黑龙江省,牡丹江市,东安区
艾莎烫染造型,南小七星街与东小一条路交叉口东北20米,"129.620549,44.585709",[],黑龙江省,牡丹江市,东安区
顶尚美发(华威小区店),东三条路新安街华威小区19号楼,"129.628573,44.578689",13836351380,黑龙江省,牡丹江市,东安区
黑猫美发设计室(新安小区店),新安小区(福民街),"129.633444,44.580821",15846762980,黑龙江省,牡丹江市,东安区
红鱼美发,东七条路与林川街交叉口东南40米,"129.639975,44.584975",13624538611,黑龙江省,牡丹江市,东安区
沐名造型(东四小区店),东四小区东北门东南60米,"129.632009,44.584524",13945374813,黑龙江省,牡丹江市,东安区
名扬造型,新阳绿洲康城19号楼105门市,"129.639139,44.575400",13504531797,黑龙江省,牡丹江市,东安区
托天发艺,南小景福街64号,"129.622607,44.587890",[],黑龙江省,牡丹江市,东安区
九千盈烫染经典店,华威小区东南门旁,"129.628655,44.578408",15204536676,黑龙江省,牡丹江市,东安区
金剪子烫染工作室,北小东平安街与东小一条路交叉口西南60米,"129.621236,44.583110",[],黑龙江省,牡丹江市,东安区
汇泉美发室(民航小区店),七星街58-a附近,"129.623426,44.586544",13946397742,黑龙江省,牡丹江市,东安区
晓辰造型,东长安街与东小三条路交叉口西20米153号,"129.628158,44.581767",15245333733,黑龙江省,牡丹江市,东安区
新时尚美发造型,七星街道北小爱民街与东小一条路交叉口东40米,"129.621288,44.585134",13644637651,黑龙江省,牡丹江市,东安区
月北美发店,东七条路与东新安街交叉口北80米,"129.640385,44.584299",[],黑龙江省,牡丹江市,东安区
云龙发艺(星元房产有限公司景福3区店),星元房产有限公司景福3区东南门旁,"129.621653,44.587976",13766614568,黑龙江省,牡丹江市,东安区
百姓理发店,东五条路与东新安街交叉口西北60米,"129.633520,44.581987",[],黑龙江省,牡丹江市,东安区
黄金造型(丽水蓝天店),花园西小区西南门西南50米,"129.626216,44.573064",15945752922,黑龙江省,牡丹江市,东安区
凤凰美发,东大批发城负一层29厅,"129.621963,44.580204",0453-6956633,黑龙江省,牡丹江市,东安区
俊客专业美发,东六条路鸿峰花园4号楼,"129.636625,44.579975",[],黑龙江省,牡丹江市,东安区
香香美发厅(福民1区店),东三条路406正南方向90米信大福民1区,"129.628374,44.578168",13089840286,黑龙江省,牡丹江市,东安区
林鑫发艺,南市街42号,"129.624922,44.575178",[],黑龙江省,牡丹江市,东安区
铭都美容美发(环龙湾店),环龙湾东南门东90米,"129.606398,44.543370",[],黑龙江省,牡丹江市,东安区
万利美发设计,东新安街与东五条路交叉口西南20米,"129.633878,44.581321",13694680577,黑龙江省,牡丹江市,东安区
明洞造型,雍华庭南门旁,"129.634430,44.557293",[],黑龙江省,牡丹江市,东安区
新卓越美发造型,世茂南外滩1期东南门旁,"129.637475,44.553475",[],黑龙江省,牡丹江市,东安区
阿俊造型(日照街店),东一条路东小一条路日照街115号,"129.617356,44.589099",[],黑龙江省,牡丹江市,东安区
仙剪阁,东二条路与东平安街交叉口南80米,"129.623575,44.582675",[],黑龙江省,牡丹江市,东安区
客多多快剪,东一步行街55号大润发(东安店),"129.619125,44.586425",[],黑龙江省,牡丹江市,东安区
小贾的化妆工作室,东小一条路北小爱民街(华隆美食街)平台5号门市,"129.620022,44.584734",17642009267,黑龙江省,牡丹江市,东安区
雲墨纹身工作室,东三条路249号,"129.628254,44.580743",15590883031;15764546366,黑龙江省,牡丹江市,东安区
CC的美甲工作室(东大劝业场店),太平路199号东大劝业场,"129.620425,44.580375",[],黑龙江省,牡丹江市,东安区
壹一美甲工作室,南小爱民街与东小一条路交叉口西南40米,"129.620985,44.583717",[],黑龙江省,牡丹江市,东安区
乐乐工作室,星河传说·聚星岛,"129.630648,44.557858",[],黑龙江省,牡丹江市,东安区
爵士烫染造型(山城社区店),文化街160号,"131.165300,44.396423",13351237233;13763611287,黑龙江省,牡丹江市,绥芬河市
几何匠造发型工作室,新兴街131号,"131.166182,44.400918",15945741991,黑龙江省,牡丹江市,绥芬河市
静静时尚发型设计,新华街182号,"131.167494,44.395418",13766612022,黑龙江省,牡丹江市,绥芬河市
欧尚女士烫染旗舰店,青云路185号四季春酒店对面,"131.167616,44.398135",0453-3999970;15645393030,黑龙江省,牡丹江市,绥芬河市
老狼发艺,聚源街24号,"131.161369,44.397812",13904843663,黑龙江省,牡丹江市,绥芬河市
七月造型,时尚E人网吧对面,"131.160059,44.397007",15245312040,黑龙江省,牡丹江市,绥芬河市
简爱形象设计,时代广场B-14,"131.148781,44.398214",15945398822,黑龙江省,牡丹江市,绥芬河市
咔咔发型工作室(牡丹江绥芬河市),绥芬河镇文化街172号,"131.165375,44.396475",13946385500,黑龙江省,牡丹江市,绥芬河市
美乐理发店,新兴街北侧金桥公寓楼下美乐理发店,"131.160892,44.402001",13514521705;15245333880,黑龙江省,牡丹江市,绥芬河市
东子发型工作室(山城社区店),新华街139号山城社区,"131.165074,44.396387",15145320737,黑龙江省,牡丹江市,绥芬河市
沐喜美甲美发,聚源3号楼1单元,"131.161024,44.398197",13836325556,黑龙江省,牡丹江市,绥芬河市
千惠美发(利华家园店),新华街274号,"131.170770,44.395936",13514512825,黑龙江省,牡丹江市,绥芬河市
潮流之尚形象设计(山城社区店),绥芬河镇文化街176号,"131.165625,44.396466",13351239255,黑龙江省,牡丹江市,绥芬河市
小刚造型(旗镇街店),绥芬河镇聚源街42号,"131.161025,44.397959",[],黑龙江省,牡丹江市,绥芬河市
大春发型工作室,青云路103号,"131.166907,44.401294",[],黑龙江省,牡丹江市,绥芬河市
诱惑力美发(平安街店),绥芬河镇平安街20号,"131.160137,44.391781",[],黑龙江省,牡丹江市,绥芬河市
虹珊美发,珠江路与乌苏里大街交叉口北60米,"131.148517,44.410591",13945335712,黑龙江省,牡丹江市,绥芬河市
王子烫染名店,绥芬河镇迎新街79号,"131.163818,44.394505",[],黑龙江省,牡丹江市,绥芬河市
剪艺发型设计,新华街与青云路交叉口西20米,"131.167843,44.395735",13836349617;15146328737,黑龙江省,牡丹江市,绥芬河市
鑫颖美发嘎里娅路门牌号195号,嘎里娅路195号,"131.160134,44.403549",15046371702,黑龙江省,牡丹江市,绥芬河市
美艺美发(育才小区店),乌苏里大街51号,"131.146117,44.410796",13514512193,黑龙江省,牡丹江市,绥芬河市
晓庆发艺(旗苑嘉园店),旗苑嘉园B区南门西80米,"131.142381,44.394077",13504607860,黑龙江省,牡丹江市,绥芬河市
漫妮美发,银桥宾馆后身热力3号楼,"131.160854,44.402694",13304534645,黑龙江省,牡丹江市,绥芬河市
俊玲发艺,绥芬河镇新兴街145号,"131.166404,44.400988",13946325705,黑龙江省,牡丹江市,绥芬河市
阿莲发艺(利华家园店),绥芬河镇丽华家园2号楼新华街302号,"131.171656,44.396062",13664631486,黑龙江省,牡丹江市,绥芬河市
创意时尚烫染(青云路店),绥芬河镇文化街188号,"131.167317,44.397697",[],黑龙江省,牡丹江市,绥芬河市
伊妍美容美发,绥芬河镇青云路通亚街欧品蛋糕旁边,"131.167633,44.397764",[],黑龙江省,牡丹江市,绥芬河市
雯洁美容院,绥芬河镇迎新街116号,"131.165746,44.394218",[],黑龙江省,牡丹江市,绥芬河市
文丽美容美发美体,新华街206号,"131.167752,44.395506",0453-3999891,黑龙江省,牡丹江市,绥芬河市
弘磊发艺(宝城-翰林苑店),迎泽丽都东门西北50米,"131.132658,44.388414",18249380788,黑龙江省,牡丹江市,绥芬河市
艺际时尚烫染,文化街与山城路交叉口东40米,"131.166445,44.396589",[],黑龙江省,牡丹江市,绥芬河市
小彬时尚造型,绥芬河镇聚源街25号,"131.160525,44.397775",[],黑龙江省,牡丹江市,绥芬河市
新丝路形象设计,梨树街铁路浴池一区门市,"131.160082,44.397010",13836348551,黑龙江省,牡丹江市,绥芬河市
小蝶美发(澳运阳光花园店),绥芬河镇奥运阳光花园2号楼8号门市,"131.142127,44.410412",18842516433,黑龙江省,牡丹江市,绥芬河市
美君发艺(旗苑嘉园店),阜宁镇阜新街-249号,"131.142484,44.394083",13634636253,黑龙江省,牡丹江市,绥芬河市
梵欧发艺,大直路与梨树街交叉口西南40米,"131.159400,44.396772",13504607631,黑龙江省,牡丹江市,绥芬河市
南希美发,绥芬河镇大直路66号,"131.159516,44.396370",13763610396,黑龙江省,牡丹江市,绥芬河市
小静发艺,青云路205号,"131.168314,44.397398",15945397437,黑龙江省,牡丹江市,绥芬河市
慧子造型,青云路68号,"131.166510,44.400519",15246393009,黑龙江省,牡丹江市,绥芬河市
创艺发型设计,绥芬河镇青云路123号(四季面条隔壁),"131.166948,44.400516",13664631703,黑龙江省,牡丹江市,绥芬河市
深港专业烫染,"山城路文化街集资1号楼1单元102室,文化街117号","131.165919,44.396549",18714423113,黑龙江省,牡丹江市,绥芬河市
毛毛烫染工作室,迎新街与大直路交叉口东20米,"131.160947,44.393528",13009899298,黑龙江省,牡丹江市,绥芬河市
梵慕造型,迎新街110号,"131.165970,44.394499",13206864450,黑龙江省,牡丹江市,绥芬河市
自由时尚造型,绥芬河镇聚源街29号,"131.161172,44.398136",[],黑龙江省,牡丹江市,绥芬河市
珍美发艺(世纪花园店),绥芬河镇通天路200号,"131.164118,44.393982",[],黑龙江省,牡丹江市,绥芬河市
丽波美发,大直路76号,"131.159499,44.396262",[],黑龙江省,牡丹江市,绥芬河市
首艺烫染造型(山城路店),山城路254号,"131.166612,44.394058",13634536231,黑龙江省,牡丹江市,绥芬河市
丽娜造型,通亚街与珍珠路交叉口西40米,"131.169579,44.398221",[],黑龙江省,牡丹江市,绥芬河市
名匠造型(通亚街店),橡山街11号,"131.161596,44.398376",[],黑龙江省,牡丹江市,绥芬河市
小美发艺,绥芬河镇银桥宾馆后身,"131.160842,44.402735",[],黑龙江省,牡丹江市,绥芬河市
明朗造型,绥芬河镇铁路浴池一区,"131.160206,44.397025",[],黑龙江省,牡丹江市,绥芬河市
金子发艺工作室,绥芬河镇新开街11号,"131.162595,44.399489",[],黑龙江省,牡丹江市,绥芬河市
名仕发廊,通珍街万事利楼,"131.168582,44.397294",[],黑龙江省,牡丹江市,绥芬河市
雅典形象设计,文化街与大直路交叉口东60米,"131.160675,44.395876",13199388316,黑龙江省,牡丹江市,绥芬河市
苏可顶级发型品牌,绥芬河镇通亚街190号,"131.169637,44.398232",[],黑龙江省,牡丹江市,绥芬河市
木子造型,绥芬河市聚源3号楼55号,"131.160560,44.398330",[],黑龙江省,牡丹江市,绥芬河市
沐名美发,聚源街与梨树街交叉口北40米,"131.160864,44.397548",[],黑龙江省,牡丹江市,绥芬河市
凯文美发形象设计,梨树街与大直路交叉口东40米,"131.160017,44.396998",13514522295,黑龙江省,牡丹江市,绥芬河市
摩卡造型,海融·富华苑南门东80米,"131.135210,44.395997",[],黑龙江省,牡丹江市,绥芬河市
新潮美发(同福街店),同福街政府家属楼76号,"131.153230,44.406849",[],黑龙江省,牡丹江市,绥芬河市
鑫鑫发型设计,迎新街与大直路交叉口东20米,"131.160649,44.393437",[],黑龙江省,牡丹江市,绥芬河市
风尚造型,青云路与新兴街交叉口南40米,"131.166651,44.400470",[],黑龙江省,牡丹江市,绥芬河市
纤艺造型(通亚街店),通亚街五彩楼174号,"131.169292,44.398151",13936349873,黑龙江省,牡丹江市,绥芬河市
永峰美业,通亚街与珍珠路交叉口西40米,"131.169565,44.398218",18249316111,黑龙江省,牡丹江市,绥芬河市
小双发艺,新兴街与青云路交叉口东40米,"131.167199,44.400762",15174691325,黑龙江省,牡丹江市,绥芬河市
小东造型,青云路168号,"131.168267,44.396083",13504607355,黑龙江省,牡丹江市,绥芬河市
小达发艺(旗镇街店),绥芬河镇聚源街38号,"131.161262,44.397836",15946345993,黑龙江省,牡丹江市,绥芬河市
文东发艺,新荣街与通亚街交叉口西北20米,"131.166226,44.397951",13664637804,黑龙江省,牡丹江市,绥芬河市
铭塑烫染名店,通亚街与青云路交叉口东80米,"131.168510,44.397988",13604839546,黑龙江省,牡丹江市,绥芬河市
梦巴黎美发,远航路与电力街交叉口西60米,"131.152204,44.405434",13946325243,黑龙江省,牡丹江市,绥芬河市
红发屋,新兴街143号,"131.166257,44.400974",13224635234,黑龙江省,牡丹江市,绥芬河市
玉莲概念发艺,绥芬河镇花园路平安街18号,"131.160058,44.391769",15945396466,黑龙江省,牡丹江市,绥芬河市
U·美私人订制,通亚街203号,"131.169567,44.398399",13115531444,黑龙江省,牡丹江市,绥芬河市
交点发艺,绥芬河镇海融富华苑13号楼,"131.132246,44.397337",[],黑龙江省,牡丹江市,绥芬河市
雪林发艺,新兴街135号,"131.166167,44.400963",[],黑龙江省,牡丹江市,绥芬河市
典点烫染(宝城-翰林苑店),宝城-翰林苑西门旁,"131.133642,44.386951",[],黑龙江省,牡丹江市,绥芬河市
审美造型烫染中心,青云路与通珍街交叉口西北40米,"131.167366,44.397613",[],黑龙江省,牡丹江市,绥芬河市
洋艺发型设计(时代广场2期店),时代广场南门东50米,"131.150521,44.399047",13664637622,黑龙江省,牡丹江市,绥芬河市
丝艺时尚烫染潮牌,通亚街与青云路交叉口东100米,"131.168696,44.398031",[],黑龙江省,牡丹江市,绥芬河市
靓丽发艺,新兴街与青云路交叉口西北20米,"131.166475,44.400978",18045319630,黑龙江省,牡丹江市,绥芬河市
艾米美发(绥芬河店),嘎丽娅路与新兴街交叉口东北140米,"131.160245,44.403906",[],黑龙江省,牡丹江市,绥芬河市
婷婷美发(利华家园店),绥芬河镇新华街320号,"131.172114,44.396157",[],黑龙江省,牡丹江市,绥芬河市
靓颖美发,绥芬河市交警队集资楼门市,"131.160078,44.402832",[],黑龙江省,牡丹江市,绥芬河市
简剪形象设计,绥芬河镇凯华商厦后身会晤路9号,"131.162048,44.402443",[],黑龙江省,牡丹江市,绥芬河市
安红发型设计,大直路177号,"131.161144,44.391431",15046377175,黑龙江省,牡丹江市,绥芬河市
晓秋发艺,绥芬河镇聚源2号楼,"131.161195,44.397843",[],黑龙江省,牡丹江市,绥芬河市
焕洁美发,青云路与南环路交叉口北140米,"131.168929,44.393219",[],黑龙江省,牡丹江市,绥芬河市
鑫蕊发艺,青云路与迎新街交叉口东南20米,"131.168580,44.394487",[],黑龙江省,牡丹江市,绥芬河市
亚色理发店,文化街与青云路交叉口西20米,"131.167525,44.396975",[],黑龙江省,牡丹江市,绥芬河市
小欧发艺,通亚街128号,"131.168142,44.397930",[],黑龙江省,牡丹江市,绥芬河市
艳辉美发,振兴路与新兴街交叉口西北180米,"131.169679,44.402402",[],黑龙江省,牡丹江市,绥芬河市
欣紫美发,花园路与平安街交叉口西北40米,"131.158987,44.392004",[],黑龙江省,牡丹江市,绥芬河市
小军美发,新安街33号中门市,"131.163727,44.398940",13845318898,黑龙江省,牡丹江市,绥芬河市
相遇理发店,文化街与花园路交叉口东北40米,"131.158875,44.395625",[],黑龙江省,牡丹江市,绥芬河市
东尼造型,聚源街与梨树街交叉口北80米,"131.160822,44.397992",[],黑龙江省,牡丹江市,绥芬河市
茗艺美业,花园路与梨树街交叉口西北100米,"131.157587,44.397762",[],黑龙江省,牡丹江市,绥芬河市
本色美发,新兴街与嘎丽娅路交叉口东40米,"131.159666,44.402827",[],黑龙江省,牡丹江市,绥芬河市
金满艺美发,嘎丽娅路与新兴街交叉口东北160米,"131.160425,44.403875",[],黑龙江省,牡丹江市,绥芬河市
剪约造型,新华街与山城路交叉口东80米,"131.167011,44.395389",[],黑龙江省,牡丹江市,绥芬河市
琳琳美发,花园路与迎新街交叉口西北60米,"131.158614,44.393523",[],黑龙江省,牡丹江市,绥芬河市
慧美发屋,阜宁镇海融富华苑12号楼,"131.134875,44.397925",[],黑龙江省,牡丹江市,绥芬河市
添雅发艺(福宁雅居店),福宁雅居西门东南70米,"131.141312,44.387085",[],黑龙江省,牡丹江市,绥芬河市
滚石美发,通亚街与珍珠路交叉口西60米,"131.169331,44.398366",[],黑龙江省,牡丹江市,绥芬河市
顺意发屋,大直路与长安街交叉口西北80米,"131.161194,44.389827",[],黑龙江省,牡丹江市,绥芬河市
莎朗美发,绥芬河镇长江路34号,"131.153596,44.406827",[],黑龙江省,牡丹江市,绥芬河市
晓薇发艺(海融·富华苑店),阜宁镇富华街1号东北方向190米海融·富华苑,"131.134619,44.396310",[],黑龙江省,牡丹江市,绥芬河市
影慧理发,新华街与花园路交叉口东北40米,"131.159000,44.394555",[],黑龙江省,牡丹江市,绥芬河市
金豆豆发艺,绥芬河镇花园路143号,"131.159466,44.392358",[],黑龙江省,牡丹江市,绥芬河市
杰子发型设计,大直路254号,"131.161230,44.389845",[],黑龙江省,牡丹江市,绥芬河市
爽婷美发(旗苑嘉园B区店),旗苑嘉园东南门旁,"131.144437,44.394223",[],黑龙江省,牡丹江市,绥芬河市
姝艺美容工作室,新华街与山城路交叉口西60米,"131.165420,44.395131",[],黑龙江省,牡丹江市,绥芬河市
多多美甲美睫工作室,通天路209号太阳购物公寓1004室,"131.164300,44.395884",[],黑龙江省,牡丹江市,绥芬河市
冠颜国际纤渺管理形象店,山城社区东北门北80米,"131.165959,44.396748",[],黑龙江省,牡丹江市,绥芬河市
肤域·专业祛痘(绥芬河店),通天路98号通天路兴绥大厦,"131.164225,44.398475",[],黑龙江省,牡丹江市,绥芬河市
博琳美容(绥芬河店),黄河路山景嘉园1-10号门市,"131.146712,44.409574",15945394543,黑龙江省,牡丹江市,绥芬河市
美容SPA会所,新华街156号,"131.165660,44.395184",[],黑龙江省,牡丹江市,绥芬河市
梦巴黎专业美发沙龙(阳光3区友好店),阳光三区门市,"131.130586,44.060831",0453-3668186,黑龙江省,牡丹江市,东宁市
深港发艺,东宁镇黄金公司吉信家属楼1号门市,"131.127403,44.066896",0453-3658877;0453-3688898,黑龙江省,牡丹江市,东宁市
小影美发(路畅小区店),路畅小区西门旁,"131.132877,44.059956",13946393943;15945383455,黑龙江省,牡丹江市,东宁市
美吧发型设计(福联安居楼店),工联街福联小区4号门市,"131.130057,44.060938",[],黑龙江省,牡丹江市,东宁市
薇薇发艺,通盛街与细林巷交叉口北40米,"131.132669,44.064173",18246320063,黑龙江省,牡丹江市,东宁市
头等舱造型(兴发小区店),金叶小区西北门旁,"131.129106,44.066769",13214630206,黑龙江省,牡丹江市,东宁市
艾菲儿美发,东宁市房产14号楼,"131.120266,44.064704",13836391611,黑龙江省,牡丹江市,东宁市
木子发艺理发店,绥阳镇建荣街景园小区27号门市,"130.891577,44.425932",[],黑龙江省,牡丹江市,东宁市
绝色造型(天成2区店),天成小区2区,"130.889208,44.425877",[],黑龙江省,牡丹江市,东宁市
时尚元素美容美发(江南二区店),东宁镇江南二区,"131.127503,44.066010",15846462221,黑龙江省,牡丹江市,东宁市
爵士美发(通盛街店),通盛街84号,"131.126037,44.067294",15246386378,黑龙江省,牡丹江市,东宁市
魔剪(通盛街店),通盛街与细林巷交叉口北40米,"131.132709,44.064108",[],黑龙江省,牡丹江市,东宁市
老狼发艺,301国道与兴阳街交叉口西南180米,"130.892376,44.425906",15945480783,黑龙江省,牡丹江市,东宁市
蒂梵尼(鸿祥家园店),鸿祥家园北门旁,"131.122603,44.064541",15945385989,黑龙江省,牡丹江市,东宁市
照磊剪发廊(幸福小区店),福联安居楼东北门旁,"131.129918,44.061321",[],黑龙江省,牡丹江市,东宁市
斯为美发艺(明德花园店),馨苑2区南门南50米,"131.126231,44.056552",15246384568;15946324177,黑龙江省,牡丹江市,东宁市
千艺发型室(吉祥大厦店),东宁镇北兴小区a座31号门市吉祥大厦东门,"131.132132,44.063464",15174680521,黑龙江省,牡丹江市,东宁市
唯美发艺,老黑山镇老黑山村村民委员会西侧160米,"130.868875,43.740175",[],黑龙江省,牡丹江市,东宁市
丝路发艺,纺织路与河北街交叉路口东南侧(财政小区西北侧),"131.120379,44.069450",[],黑龙江省,牡丹江市,东宁市
剪艺人生(光明小区店),光明街19-3号附近,"131.116415,44.066951",13946383608,黑龙江省,牡丹江市,东宁市
玉红发廊,东宁镇繁荣街东兴路宝信商场后身,"131.128525,44.065125",[],黑龙江省,牡丹江市,东宁市
质朴美发沙龙,光明街与纺织路交叉口东60米,"131.121397,44.067457",15545037717,黑龙江省,牡丹江市,东宁市
青丝绣坊时尚发艺,纺织小区利源祥酒店楼下,"131.120706,44.065703",[],黑龙江省,牡丹江市,东宁市
尚品时尚造型,通胜街84号,"131.126069,44.066591",18714426987,黑龙江省,牡丹江市,东宁市
觅镜,盛和城3号楼1号门市,"131.126134,44.072591",15246389665;18745388500,黑龙江省,牡丹江市,东宁市
格尔美发艺工作室(兴发小区店),兴发小区1号门市(通盛街),"131.129090,44.066792",15246333340,黑龙江省,牡丹江市,东宁市
发朴造型烫染专业店,市工联街幸福小区南侧8号门市,"131.129634,44.061343",13946300554,黑龙江省,牡丹江市,东宁市
审美(美容美体烫染造型店),东宁市机关幼儿园南门东80米,"131.124387,44.064879",13763611117,黑龙江省,牡丹江市,东宁市
鑫苑发艺(明德花园店),黑龙江省牡丹江市东宁市东宁镇明德花园小区7号楼9号门市,"131.127317,44.056588",[],黑龙江省,牡丹江市,东宁市
婷婷发型工作室,繁荣小区北门旁,"131.120620,44.064810",15645330606,黑龙江省,牡丹江市,东宁市
聚点形象设计,中心小区c栋聚点发艺,"131.129069,44.065526",15945380078,黑龙江省,牡丹江市,东宁市
小爱美发(路畅小区店),路畅小区,"131.131422,44.059364",13836390897,黑龙江省,牡丹江市,东宁市
天艺发型室(锦绣家园店),绥滨小区a座33号,"131.112658,44.066681",[],黑龙江省,牡丹江市,东宁市
夕禾发型工作室,学府小区东门旁纺织小区3号门市,"131.120725,44.065975",18714422671,黑龙江省,牡丹江市,东宁市
影艺造型(彩虹花园店),东宁镇彩虹花园a座,"131.121592,44.066434",18946368827,黑龙江省,牡丹江市,东宁市
芒果造型(金苑小区店),东兴路40号,"131.130389,44.065316",18945332992,黑龙江省,牡丹江市,东宁市
享理,东宁市,"131.120600,44.067381",[],黑龙江省,牡丹江市,东宁市
爱尚理拉女发V潮店,通盛街与三江路交叉口东南40米,"131.125925,44.067328",[],黑龙江省,牡丹江市,东宁市
小柳美发,繁荣街106号10号门市,"131.124621,44.064666",[],黑龙江省,牡丹江市,东宁市
首尔美发沙龙,福乐幼儿园东南门西50米,"131.121626,44.061375",13766612310,黑龙江省,牡丹江市,东宁市
小也发艺,彩虹小区a栋,"131.122072,44.066450",15146327079,黑龙江省,牡丹江市,东宁市
美源烫染专业机构,东宁镇繁荣小区东侧门市116号,"131.121361,44.063982",[],黑龙江省,牡丹江市,东宁市
慕凡发艺(兴发小区店),通盛路兴发小区9号门市,"131.129535,44.066764",[],黑龙江省,牡丹江市,东宁市
沙轩造型(幸福小区店),绥阳镇幸福小区10号门市,"130.883687,44.418640",[],黑龙江省,牡丹江市,东宁市
深度造型,中心小区A栋20号门市,"131.128692,44.066610",13089859796,黑龙江省,牡丹江市,东宁市
博丽发屋,中华南路与幸福路交叉口北120米,"131.127481,44.059545",[],黑龙江省,牡丹江市,东宁市
新宇发式林,301国道与兴阳街交叉口西180米,"130.892191,44.426000",13114637973,黑龙江省,牡丹江市,东宁市
美琪发艺,东宁镇振华小区1号楼,"131.121255,44.059462",[],黑龙江省,牡丹江市,东宁市
剪艺轩专业烫染,301国道与兴阳街交叉口西南220米,"130.891950,44.425715",[],黑龙江省,牡丹江市,东宁市
理享造型,兴阳街9号,"130.892541,44.425714",15344536797,黑龙江省,牡丹江市,东宁市
喜头发型工作室,黄金小区14号门市,"131.128469,44.066868",[],黑龙江省,牡丹江市,东宁市
第六感发型设计(新馨家园店),东宁镇新馨家园C栋4号门市,"131.131573,44.066001",[],黑龙江省,牡丹江市,东宁市
尚欧造型,双泉路4号,"131.131777,44.067943",17382875389,黑龙江省,牡丹江市,东宁市
有空造型,幸福小区2号门市,"131.129325,44.061791",17831073895,黑龙江省,牡丹江市,东宁市
尚剪造型烫染,东苑三区2号楼6号门市,"131.140130,44.058736",15246388853,黑龙江省,牡丹江市,东宁市
艺格发型设计室,东宁镇东苑路22号二校斜对面,"131.135870,44.058582",18677726543,黑龙江省,牡丹江市,东宁市
靓点发艺(新馨家园店),新馨家园东南门旁,"131.132182,44.066113",18745386876,黑龙江省,牡丹江市,东宁市
超群造型,东宁镇纺织路与河北街交叉口东南党校家属楼11号门市,"131.120246,44.069686",18745381181,黑龙江省,牡丹江市,东宁市
舒雅美发,富源小区东侧50米,"130.886430,44.425610",[],黑龙江省,牡丹江市,东宁市
名爵时尚造型,东宁镇西安花园2号楼10号门市,"131.118989,44.060416",[],黑龙江省,牡丹江市,东宁市
维尔美发艺,东宁镇山城酒店旁边,"131.130625,44.061375",[],黑龙江省,牡丹江市,东宁市
唯美发型设计室,西安花园1号楼,"131.120295,44.060973",[],黑龙江省,牡丹江市,东宁市
魅丽异族发型设计,市绥阳镇发廊街景源一区8号门市,"130.892308,44.425721",13766620691,黑龙江省,牡丹江市,东宁市
卓越美发(金苑小区店),东兴路与通胜路交叉口南60米,"131.130661,44.065639",13704635931,黑龙江省,牡丹江市,东宁市
鑫意美发(彩虹花园店),东宁镇彩虹花园a座,"131.121339,44.066428",[],黑龙江省,牡丹江市,东宁市
绝色发艺(西安花园南区店),东宁镇西安花园多3号楼,"131.120345,44.060123",[],黑龙江省,牡丹江市,东宁市
大众美发(三江路店),东宁镇中华路劳动局楼下,"131.125380,44.067299",[],黑龙江省,牡丹江市,东宁市
艺廊美发,东宁镇中心小区北门19号,"131.128675,44.066888",[],黑龙江省,牡丹江市,东宁市
士青美发(富丽家园店),301国道与绥阳西大桥交叉口北380米,"130.878769,44.421747",13836390043,黑龙江省,牡丹江市,东宁市
起点造型,绥阳镇兴阳街平安快捷宾馆对面,"130.886136,44.425766",[],黑龙江省,牡丹江市,东宁市
慧金美业,绥阳镇景源二区,"130.891084,44.426197",[],黑龙江省,牡丹江市,东宁市
金城发艺,兴华3区西南门东南130米,"131.115021,44.066959",13945305851,黑龙江省,牡丹江市,东宁市
旭阳发艺,东兴路20-1附近,"131.129598,44.065337",[],黑龙江省,牡丹江市,东宁市
滚石发艺(幸福小区店),福联安居楼东北门旁,"131.129639,44.061408",[],黑龙江省,牡丹江市,东宁市
首艺造型(东兴路店),东宁镇东兴路诚信建材商场,"131.131917,44.068006",[],黑龙江省,牡丹江市,东宁市
名廊造型工作室(河北街店),东宁镇嘉乐小区对面,"131.122514,44.070573",15946323702,黑龙江省,牡丹江市,东宁市
芳芳造型,富源小区南侧,"130.885763,44.425706",[],黑龙江省,牡丹江市,东宁市
美奇特发艺,绥阳镇中心学校西北侧,"130.888138,44.425083",[],黑龙江省,牡丹江市,东宁市
主流造型连锁机构,江南小区,"131.126407,44.065801",[],黑龙江省,牡丹江市,东宁市
喜欢理烫染工作室,中心小区19号门市,"131.128764,44.066579",18246322893,黑龙江省,牡丹江市,东宁市
木槿造型(金苑小区店),市东兴路与昌盛街交叉口,"131.130270,44.065667",18714424447,黑龙江省,牡丹江市,东宁市
美登高发艺(金苑小区店),东宁镇金苑小区老烟草公司红绿灯处农行对面,"131.130826,44.065880",18845352456,黑龙江省,牡丹江市,东宁市
经典时尚烫染店(天成2区店),绥阳镇天成二区,"130.889925,44.425656",[],黑龙江省,牡丹江市,东宁市
名匠创艺空间,301国道与兴阳街交叉口西南180米,"130.892605,44.425716",[],黑龙江省,牡丹江市,东宁市
桂杰美容美发刮脸(阳光小区店),绥阳镇阳光小区,"130.892375,44.426475",15246386215,黑龙江省,牡丹江市,东宁市
婀娜烫染工作室,东宁镇二粮店小区,"131.132659,44.060843",[],黑龙江省,牡丹江市,东宁市
美尚发艺(东苑一区店),东苑一区东北门旁,"131.144191,44.059555",15945389266,黑龙江省,牡丹江市,东宁市
艺剪造型,东宁镇城投二区1层门市,"131.125618,44.066795",18745389288,黑龙江省,牡丹江市,东宁市
佳奇发屋,301国道与兴阳街交叉口西80米,"130.893286,44.426697",[],黑龙江省,牡丹江市,东宁市
剪名堂美发,市西江路与健康街交叉口西北40米,"131.119069,44.060248",[],黑龙江省,牡丹江市,东宁市
河南理发店,绥阳镇(青山酒家旁),"130.888431,44.420802",13845322772,黑龙江省,牡丹江市,东宁市
花想容美容美发,市绥阳镇中心学校西北侧,"130.888071,44.425132",[],黑龙江省,牡丹江市,东宁市
佳美发艺,301国道与兴阳街交叉口西南300米,"130.891936,44.424628",[],黑龙江省,牡丹江市,东宁市
美格·剪发·烫染·造型,绥阳林业一小西北1门旁,"130.885644,44.419822",[],黑龙江省,牡丹江市,东宁市
汇鑫发艺,东宁镇东方宾馆斜对面,"131.125509,44.066924",[],黑龙江省,牡丹江市,东宁市
维尔美发艺,彩虹花园南2门旁,"131.122114,44.066451",[],黑龙江省,牡丹江市,东宁市
C+造型,通胜路65号,"131.128367,44.066895",17303638517,黑龙江省,牡丹江市,东宁市
洺序健康染发,正阳小区东南侧70米,"130.889125,44.421075",[],黑龙江省,牡丹江市,东宁市
徐静发艺,老黑山镇老黑山村村民委员会西侧200米,"130.868425,43.740225",[],黑龙江省,牡丹江市,东宁市
七月上美发店,纺织路与河北街交叉口东南100米,"131.120425,44.069125",[],黑龙江省,牡丹江市,东宁市
JUESE造型,天成小区2区,"130.889225,44.425875",[],黑龙江省,牡丹江市,东宁市
春霞美容美发,中国邮政(金厂邮政支局)东侧150米,"130.795075,44.266925",[],黑龙江省,牡丹江市,东宁市
靓丽美容美发,建政街与建国路交叉口西北100米,"131.122875,44.059175",[],黑龙江省,牡丹江市,东宁市
名洋发型,兴阳街与301国道交叉口西南200米,"130.892375,44.425725",[],黑龙江省,牡丹江市,东宁市
美丝美剪,兴阳街与301国道交叉口西260米,"130.891261,44.425928",[],黑龙江省,牡丹江市,东宁市
优尔美烫染剪发吧,西江路与康兴街交叉口东南20米,"131.119725,44.063125",[],黑龙江省,牡丹江市,东宁市
程程美发,三江路与吉庆胡同交叉口南40米,"131.125575,44.066825",[],黑龙江省,牡丹江市,东宁市
初颜美发,汇功世纪城东北2门旁,"131.122875,44.058825",[],黑龙江省,牡丹江市,东宁市
零度造型,西江路与康兴街交叉口东南20米,"131.119729,44.063109",[],黑龙江省,牡丹江市,东宁市
文静美发(东苑一区店),宏源街与东环路交叉口西140米,"131.143348,44.058115",[],黑龙江省,牡丹江市,东宁市
千姿汇发型设计,东宁镇金苑小区5号门市,"131.130676,44.065723",[],黑龙江省,牡丹江市,东宁市
飞飞造型(彩虹花园店),彩虹花园南2门旁,"131.121526,44.066433",[],黑龙江省,牡丹江市,东宁市
玉霞美发,301国道与兴阳街交叉口西南300米,"130.892037,44.424702",[],黑龙江省,牡丹江市,东宁市
艾美莱美发(繁荣小区店),北安路与康兴街交叉口西北60米,"131.121215,44.063866",[],黑龙江省,牡丹江市,东宁市
发之缘美发(北安路店),北安路与康兴街交叉口西北40米,"131.121323,44.063616",[],黑龙江省,牡丹江市,东宁市
鸿运当头发艺(东苑小区五区店),东苑5区西南门旁,"131.138786,44.059418",[],黑龙江省,牡丹江市,东宁市
小迪名剪(福江花园店),健康街与西江路交叉口南180米,"131.119160,44.058373",[],黑龙江省,牡丹江市,东宁市
中老年理发店(亨源商贸城店),东山路10东升路东宁边贸大厦楼下,"131.129438,44.062359",[],黑龙江省,牡丹江市,东宁市
名扬美发,东宁镇北兴小区,"131.132830,44.063312",[],黑龙江省,牡丹江市,东宁市
吉祥发艺(东苑一区店),民益街与东环路交叉口西100米,"131.144325,44.059525",[],黑龙江省,牡丹江市,东宁市
北方发屋,绥阳镇青山酒家对面,"130.886965,44.420180",[],黑龙江省,牡丹江市,东宁市
红贵族专业烫染旗舰店,绥阳镇学府小区B栋115号附近,"130.885605,44.419804",[],黑龙江省,牡丹江市,东宁市
红玲发艺,东宁镇东苑2区3号楼9号门市,"131.141825,44.059425",[],黑龙江省,牡丹江市,东宁市
新东方发艺(幸福小区店),东宁镇药材楼下,"131.129310,44.061769",[],黑龙江省,牡丹江市,东宁市
鑫焱造型,东升路与工联街交叉口南40米,"131.129062,44.061176",[],黑龙江省,牡丹江市,东宁市
大理发店,纺织路与河北街交叉口南80米,"131.120073,44.069304",[],黑龙江省,牡丹江市,东宁市
紫凝美发,兴阳街421附近,"130.887560,44.427277",[],黑龙江省,牡丹江市,东宁市
美慧美发室(繁荣小区店),东宁镇繁荣小区门市,"131.121157,44.063687",[],黑龙江省,牡丹江市,东宁市
小齐美发(兴华三区店),兴华三区二号楼39号车库,"131.118225,44.069559",[],黑龙江省,牡丹江市,东宁市
金玉缘理发店,绥阳林业局西山9号楼,"130.878113,44.422604",[],黑龙江省,牡丹江市,东宁市
威联烫染沙龙,东苑5区西南门旁,"131.139314,44.059301",[],黑龙江省,牡丹江市,东宁市
自然发艺(通盛街店),东宁镇北兴A区8号门市,"131.132761,44.063289",[],黑龙江省,牡丹江市,东宁市
剪艺发型设计室,东宁二中东门南100米,"131.119612,44.062697",[],黑龙江省,牡丹江市,东宁市
海岩理发店,幸福小区东南门旁,"131.130464,44.061421",[],黑龙江省,牡丹江市,东宁市
鑫雨发艺,东兴路与双泉街交叉口东北100米,"131.131966,44.068042",[],黑龙江省,牡丹江市,东宁市
魔方美发烫染,绥阳镇发廊街28门市,"130.891483,44.425858",[],黑龙江省,牡丹江市,东宁市
海燕发型,301国道与兴阳街交叉口西南220米,"130.892008,44.425712",[],黑龙江省,牡丹江市,东宁市
恩典时代(热电小区店),热电小区北1门东70米,"131.114152,44.066506",[],黑龙江省,牡丹江市,东宁市
欧尚发艺(锦绣家园店)(暂停营业),东宁市绥滨小区A栋25号门市,"131.113044,44.066778",0453-3620000,黑龙江省,牡丹江市,东宁市
头头是道造型(暂停营业),纺织路与繁荣街交叉口西北80米,"131.120752,44.065315",[],黑龙江省,牡丹江市,东宁市
绥阳邱岩美容工作室,绥阳镇凤凰路广厦楼214-203号门市,"130.893348,44.425351",18814532931,黑龙江省,牡丹江市,东宁市
纤姿美容工作室,通胜路18号江南湖二期,"131.132725,44.065975",[],黑龙江省,牡丹江市,东宁市
秋姐工作室,天成小区2区,"130.888425,44.425925",[],黑龙江省,牡丹江市,东宁市
丹丹时尚坊(金街商城店),东宁镇金街商城B区39厅,"131.128325,44.065031",[],黑龙江省,牡丹江市,东宁市
小勇新创意发型工作室(永乐巷店),宁安镇幸福里三期,"129.479624,44.349369",15846470451,黑龙江省,牡丹江市,宁安市
楷模造型·接发·烫染(宁安店),东大街天香一号楼楷模造型,"129.471541,44.343604",18604533978,黑龙江省,牡丹江市,宁安市
富贵人发型,宁安镇封闭市场对面,"129.467178,44.345033",13766628133,黑龙江省,牡丹江市,宁安市
鼎豪私人会所,西大街与通江路交叉口南50米,"129.469696,44.343234",0453-7896408,黑龙江省,牡丹江市,宁安市
LG造型(宁安农场),宁安农场胜荣小区3号楼10门市,"129.347967,44.176178",18610484242,黑龙江省,牡丹江市,宁安市
派森造型,东京城镇天福家园门市阿记烧烤城对面,"129.217622,44.116337",13836393201,黑龙江省,牡丹江市,宁安市
深之港造型(宁安店),通江路西世纪商城综合楼017号,"129.470008,44.342769",0453-7932888;0453-8511333;13199381555,黑龙江省,牡丹江市,宁安市
首艺发型工作室(永乐巷店),幸福里·郦园北门旁,"129.477755,44.348717",[],黑龙江省,牡丹江市,宁安市
深港美容美发连锁,团结路与201国道交叉口西南200米,"129.218449,44.118412",[],黑龙江省,牡丹江市,宁安市
金帝美发名店,西大街与文化路交叉口西南40米,"129.466250,44.342646",[],黑龙江省,牡丹江市,宁安市
楷模造型·接发·烫染(鑫街店),环卫路上京金典小区南门2号楼0114门市,"129.471355,44.348466",[],黑龙江省,牡丹江市,宁安市
滚石烫染造型沙龙,中心西街工商局家属楼门市,"129.466065,44.345486",13946357770,黑龙江省,牡丹江市,宁安市
王雨美容美发,宁安镇通江路世纪商城综合楼,"129.469864,44.343363",13946390601,黑龙江省,牡丹江市,宁安市
朝阳印象专业美发沙龙,牡丹江市宁安市中心街与团结路交叉口西南方向286米左右,"129.218341,44.117524",15846468896,黑龙江省,牡丹江市,宁安市
忆初时尚造型(东兴花园店),宁安市东大街北227号东兴花园8号门市,"129.474022,44.344702",13946315348,黑龙江省,牡丹江市,宁安市
亮剪造型(通江路店),通江路87号,"129.470701,44.342279",15945484284,黑龙江省,牡丹江市,宁安市
沐色烫染精品店,瑞合领袖名都西门南侧,"129.471230,44.350531",13946357035;18511068522,黑龙江省,牡丹江市,宁安市
俪人造型,东京城镇团结路金刚山饭店对面,"129.217908,44.116761",18324631293,黑龙江省,牡丹江市,宁安市
名仕专业染烫,中心西街15号封闭市场西侧对面公安局家属楼下门市,"129.466602,44.344936",[],黑龙江省,牡丹江市,宁安市
夜玫瑰发型设计,公安局南楼门市,"129.467725,44.344512",18945325828,黑龙江省,牡丹江市,宁安市
乐草元古贝造型,宁安镇工会胡同,"129.469065,44.343039",13766628672;13946392199,黑龙江省,牡丹江市,宁安市
选择造型(团结路店),团结路金刚山冷面馆旁,"129.217949,44.116803",[],黑龙江省,牡丹江市,宁安市
桂林美发,城区街道邮局北胡同,"129.468819,44.346239",[],黑龙江省,牡丹江市,宁安市
好人缘美发,邮局后身迎春胡同,"129.468405,44.346164",[],黑龙江省,牡丹江市,宁安市
善缘美发,邮局后迎春胡同,"129.468284,44.346152",[],黑龙江省,牡丹江市,宁安市
大彬发艺,东京城团结路大彬发艺,"129.218789,44.117614",[],黑龙江省,牡丹江市,宁安市
天奕烫染造型,古塔西街烟草宾馆西侧塑料厂北楼门市天奕烫染造型,"129.468929,44.340702",15246039222,黑龙江省,牡丹江市,宁安市
宝丽发艺,西关小区典式二号楼,"129.462277,44.341363",15945357900,黑龙江省,牡丹江市,宁安市
笑迎发廊,西关小区油厂楼对过,"129.462475,44.340891",15945748295,黑龙江省,牡丹江市,宁安市
格林造型(鑫宇花园店),鑫宇花园北1门西70米,"129.471601,44.349800",[],黑龙江省,牡丹江市,宁安市
领秀专业烫染形象店(团结路店),东京城林业局金刚山对面,"129.217769,44.116534",18845305886,黑龙江省,牡丹江市,宁安市
丽娟美发工作室,团结路与201国道交叉口西南260米,"129.217634,44.118320",[],黑龙江省,牡丹江市,宁安市
鑫鑫发艺,东京城镇步行街对面,"129.219120,44.118042",13845398333;15214536844,黑龙江省,牡丹江市,宁安市
华贵美发,宁安镇古塔东街77号,"129.476763,44.342420",13089843776,黑龙江省,牡丹江市,宁安市
尚美专业烫染吧旗舰店,东京城镇林兴小区三号楼西数第一个门市,"129.205195,44.114450",18246310875,黑龙江省,牡丹江市,宁安市
靓雅美发(鑫宇花园店),鑫宇花园东南门旁,"129.473568,44.348960",15561931827,黑龙江省,牡丹江市,宁安市
晓美发艺,镜泊东街28号领秀恋恋山城,"129.470671,44.353800",13352537567,黑龙江省,牡丹江市,宁安市
领尚发艺专业染烫(宁安鑫街店),宁安鑫街,"129.469961,44.347400",13199330733,黑龙江省,牡丹江市,宁安市
云冬发制发型工作室,新街路128号福泰家园东门北侧,"129.477303,44.344440",15145377775,黑龙江省,牡丹江市,宁安市
百分百洗浴美发,072县道与012乡道交叉口东北60米,"129.242430,44.328730",0453-7881567,黑龙江省,牡丹江市,宁安市
秀客造型,鑫街与环卫路交叉口东140米,"129.473492,44.348377",13263530970,黑龙江省,牡丹江市,宁安市
东方名剪,鑫园小区东北门东140米,"129.215111,44.113073",[],黑龙江省,牡丹江市,宁安市
晓丽美容美发,兴场路与中心街交叉口西南60米,"129.348555,44.173241",[],黑龙江省,牡丹江市,宁安市
月神美发,通江路与渤海街交叉口南60米,"129.468670,44.346230",[],黑龙江省,牡丹江市,宁安市
沙龙发廊(民安小区店),民安小区,"129.204787,44.115641",[],黑龙江省,牡丹江市,宁安市
金剪子美发纹身(城后西街店),公安局家属楼2号楼门市房,"129.464971,44.344163",[],黑龙江省,牡丹江市,宁安市
雕刻人生烫染品质店(团结路店),东京城镇盛街(步行街)东面,"129.218531,44.118045",[],黑龙江省,牡丹江市,宁安市
晓英发艺(鑫宇花园店),新宇花园3号楼门市,"129.474358,44.349180",13945342666,黑龙江省,牡丹江市,宁安市
墨色美发造型(瑞合新城店),环卫路与北仓东街交叉口北120米,"129.470281,44.356602",[],黑龙江省,牡丹江市,宁安市
明洞发型设计,城后西街与文化路交叉口东80米,"129.467375,44.344175",13845327885,黑龙江省,牡丹江市,宁安市
王子烫染工作室(鑫街朝鲜风情),朝鲜民族风情街2号楼,"129.474106,44.348483",15331860822,黑龙江省,牡丹江市,宁安市
你好漂亮发型印象(领秀恋恋山城店),镜泊东街28号领秀恋恋山城,"129.472111,44.352487",15545035220,黑龙江省,牡丹江市,宁安市
丝雨发型工作室,宁安鑫街,"129.475565,44.348614",15246308611,黑龙江省,牡丹江市,宁安市
匠心烫染工坊(鑫海家园店),城区街道东大街鑫海家园3号楼10号门市,"129.473135,44.344526",13694535376,黑龙江省,牡丹江市,宁安市
尚意造型烫染会所(鑫海家园店),东大街北323号,"129.471890,44.344142",17745315111,黑龙江省,牡丹江市,宁安市
乙桐造型美发美甲美睫,环卫路与市场北头道街交叉口西30米,"129.471164,44.348199",18088733450,黑龙江省,牡丹江市,宁安市
乔艳发艺,渤海镇人民政府西侧,"129.168706,44.121080",[],黑龙江省,牡丹江市,宁安市
最佳剪艺,宁安市矿产局家属楼第二门市,"129.468116,44.340853",15246308918,黑龙江省,牡丹江市,宁安市
韩式明家造型沙龙,文化路与西大街交叉口北40米,"129.466697,44.343300",18745318567,黑龙江省,牡丹江市,宁安市
华剪发型设计,公安局粉楼1号楼2单元旁边门市,"129.464720,44.343806",13766624506,黑龙江省,牡丹江市,宁安市
红霞起源美发(鑫宇花园店),宁安镇鑫宇花园3号楼门市,"129.474245,44.349019",13634535166,黑龙江省,牡丹江市,宁安市
剪艺造型,世纪楼,"129.219141,44.118061",13199331956,黑龙江省,牡丹江市,宁安市
新起点发型设计,东京城镇天福一期南门,"129.216829,44.115996",13664539820,黑龙江省,牡丹江市,宁安市
领航发艺(牡丹江宁安市),宁安镇东大街东兴小区1号楼4门市,"129.474648,44.344894",18545315877,黑龙江省,牡丹江市,宁安市
博妍形象设计(宁安鑫街店),上京金典小区南门东60米,"129.470971,44.348207",18903634855;18904844655,黑龙江省,牡丹江市,宁安市
剪端发型设计工作室,西安路与城后西街交叉口南60米,"129.464274,44.343272",15945712353,黑龙江省,牡丹江市,宁安市
佳丽剪吧,西关路与钟楼西街交叉口西北100米,"129.462404,44.341071",15046393123,黑龙江省,牡丹江市,宁安市
7号美发会馆(领秀恋恋山城店),恋恋山城2号楼门市0116号,"129.472097,44.352467",13845387577,黑龙江省,牡丹江市,宁安市
1+1美容美发,东京城镇林业广场1+1美容美发,"129.209817,44.114655",[],黑龙江省,牡丹江市,宁安市
金名发艺(地中海·阳光店),地中海·阳光南门旁,"129.480248,44.350815",13136878805,黑龙江省,牡丹江市,宁安市
成美私人美发会所(领秀名都店),瑞合领秀名都北门旁,"129.471966,44.351951",[],黑龙江省,牡丹江市,宁安市
奈斯造型,团结路与201国道交叉口西南160米,"129.219387,44.118432",[],黑龙江省,牡丹江市,宁安市
剪爱美发(古塔西街店),古塔西街烟草宾馆西塑料厂门市,"129.468360,44.340605",[],黑龙江省,牡丹江市,宁安市
亨纳斯发型设计工作室,团结路福寿堂药店旁,"129.218798,44.117963",[],黑龙江省,牡丹江市,宁安市
金领染烫造型,宁安镇工会胡同,"129.469029,44.342723",[],黑龙江省,牡丹江市,宁安市
起点美发,团结路与201国道交叉口西南240米,"129.218706,44.117866",[],黑龙江省,牡丹江市,宁安市
添才造型(地中海·阳光店),地中海·阳光西北门西170米,"129.478542,44.352922",[],黑龙江省,牡丹江市,宁安市
潇洒理容,西大街与西安路交叉口东南20米,"129.464909,44.342327",[],黑龙江省,牡丹江市,宁安市
枫度造型(福泰家园店),新街路106号福泰家园,"129.474368,44.344528",18246308183,黑龙江省,牡丹江市,宁安市
米兰美发,王吉生口腔诊所南侧130米,"129.223214,44.119135",[],黑龙江省,牡丹江市,宁安市
博朗美发,东京城镇电业局楼下,"129.223277,44.119098",[],黑龙江省,牡丹江市,宁安市
韩尚美发瘦身,西安路与西大街交叉口北40米,"129.464652,44.342832",[],黑龙江省,牡丹江市,宁安市
小吉星发廊(京诚花园3区店),东京城镇京城花园三区门市,"129.217138,44.118215",13664534314,黑龙江省,牡丹江市,宁安市
发匠美发工作室,东大街以南新街路以西福泰家园3号门市240,"129.474536,44.344669",15946334142,黑龙江省,牡丹江市,宁安市
孟丹形象设计(上京金典小区店),上京金典小区一号楼016号,"129.470093,44.348197",[],黑龙江省,牡丹江市,宁安市
美缘美发工作室,东京城镇林业镜林华庭6号楼北门1号,"129.215725,44.116575",[],黑龙江省,牡丹江市,宁安市
左剪造型时尚烫染旗舰店,东大街北227号东兴花园,"129.474810,44.344945",[],黑龙江省,牡丹江市,宁安市
慕尚发艺,光明小区1号楼门市,"129.467560,44.340688",[],黑龙江省,牡丹江市,宁安市
美华发型设计工作室,西大街妇幼保健院西50米工行家属楼,"129.465257,44.342381",[],黑龙江省,牡丹江市,宁安市
创意美容烫染形象设计,光明小区13号楼4门市,"129.464702,44.341630",[],黑龙江省,牡丹江市,宁安市
国荣理发店,城后东街与通江路交叉口东北80米,"129.470307,44.345139",13298740258,黑龙江省,牡丹江市,宁安市
新美度造型(宁安店),西大街春城2号177门市房新美度造型,"129.463085,44.342423",18945329321,黑龙江省,牡丹江市,宁安市
唯美发艺,渤沙线北侧,"128.974531,44.168966",18745397554,黑龙江省,牡丹江市,宁安市
小艳发屋,中心西街与西关路交叉口东100米,"129.462595,44.344342",15945393917,黑龙江省,牡丹江市,宁安市
紫丁香美发,团结街与西安路交叉口东40米,"129.464161,44.345119",15930596282,黑龙江省,牡丹江市,宁安市
小江发廊,古塔西街与南关路交叉口西80米,"129.468937,44.340998",[],黑龙江省,牡丹江市,宁安市
顶暄美业(地中海·阳光店),地中海·阳光南门西180米,"129.478973,44.350711",[],黑龙江省,牡丹江市,宁安市
黑天鹅美发,东京城林业局第二小学东南门东北150米,"129.217037,44.115882",13664534586,黑龙江省,牡丹江市,宁安市
美时美刻发廊(中心西街店),团结街与文化路交叉口西60米,"129.465045,44.345378",15903639566,黑龙江省,牡丹江市,宁安市
时尚名剪(光明小区店),西大街南88号,"129.465089,44.342353",[],黑龙江省,牡丹江市,宁安市
时光造型,东大街与通江路交叉口东80米,"129.471051,44.343371",[],黑龙江省,牡丹江市,宁安市
梦思美发,世纪楼西南侧,"129.218744,44.117842",[],黑龙江省,牡丹江市,宁安市
经典丝美,团结路与201国道交叉口西南160米,"129.219099,44.118546",[],黑龙江省,牡丹江市,宁安市
春杰美发,东京城镇龙门小区3号楼门市,"129.213332,44.121286",[],黑龙江省,牡丹江市,宁安市
潮帅剪艺,宁安市公安局家属楼一号楼门市,"129.464865,44.343828",18714401485,黑龙江省,牡丹江市,宁安市
醒目理发店,宁安镇镜泊西街65号,"129.464220,44.350706",[],黑龙江省,牡丹江市,宁安市
审美京城美发,团结路与201国道交叉口西南200米,"129.218860,44.118189",[],黑龙江省,牡丹江市,宁安市
鑫红美发(鑫园小区店),东京城镇贮木场楼下,"129.214438,44.113239",[],黑龙江省,牡丹江市,宁安市
春霞美发,兰岗镇(农村信用社对面),"129.415610,44.266071",15246302919,黑龙江省,牡丹江市,宁安市
冉芳发艺,城区街道通江路钟楼东街金色丽园,"129.471186,44.342241",[],黑龙江省,牡丹江市,宁安市
陈默造型,振兴路10号,"129.215021,44.113420",17704530534,黑龙江省,牡丹江市,宁安市
花都美发,世纪楼,"129.219166,44.118097",[],黑龙江省,牡丹江市,宁安市
明悦美发,东京城镇地方电业楼下门市先锋餐厅对过,"129.223122,44.119005",[],黑龙江省,牡丹江市,宁安市
简艺造型(宁安鑫街店),宁安鑫街,"129.470792,44.348094",13634535425,黑龙江省,牡丹江市,宁安市
镜镜发艺,鼓楼东街与通江路交叉口东60米,"129.471328,44.342214",[],黑龙江省,牡丹江市,宁安市
唯美专业美发,烟草5号楼,"129.471207,44.343029",13945355587,黑龙江省,牡丹江市,宁安市
小红烫染工作室,中心东街40号幸福里郦园,"129.476525,44.348075",[],黑龙江省,牡丹江市,宁安市
晓河美发,城后西街与文化路交叉口东40米,"129.466825,44.344125",[],黑龙江省,牡丹江市,宁安市
梵星造型,金泰嘉园,"129.469525,44.351675",[],黑龙江省,牡丹江市,宁安市
妮妮美发,古塔西街与文化路交叉口东40米,"129.468425,44.340725",[],黑龙江省,牡丹江市,宁安市
千之慧·千慧美业(宁安店),东大街与通江路交叉口东40米,"129.470484,44.343448",[],黑龙江省,牡丹江市,宁安市
历霞发艺,文化路与西大街交叉口西北60米,"129.466442,44.343363",[],黑龙江省,牡丹江市,宁安市
爱佳剪艺,古塔西街与文化路交叉口东北20米,"129.468088,44.340798",[],黑龙江省,牡丹江市,宁安市
发之缘造型,镜泊镇人民政府东侧,"128.922249,43.794029",[],黑龙江省,牡丹江市,宁安市
立民理发店,201国道与团结路交叉口东南240米,"129.221935,44.117999",[],黑龙江省,牡丹江市,宁安市
旭日美发,西关路与钟楼西街交叉口西北60米,"129.462377,44.341137",[],黑龙江省,牡丹江市,宁安市
晓光理发,201国道与团结路交叉口东南260米,"129.222750,44.118358",[],黑龙江省,牡丹江市,宁安市
阿东美发工作室,盛荣小区,"129.348054,44.176218",17812111734,黑龙江省,牡丹江市,宁安市
东方靓典美发烫发,宁安镇通江路水务局家属楼西南门市房,"129.470389,44.340422",[],黑龙江省,牡丹江市,宁安市
俪人造型,世纪楼,"129.219187,44.118127",[],黑龙江省,牡丹江市,宁安市
剪约造型(西安路店),中心西街与西安路交叉口东北20米,"129.464152,44.344829",[],黑龙江省,牡丹江市,宁安市
小芹美发,安居小区东北1门东南50米,"129.474885,44.345720",[],黑龙江省,牡丹江市,宁安市
名扬形象设计(领秀恋恋山城店),镜泊东街28号领秀恋恋山城,"129.474009,44.354213",15846468845,黑龙江省,牡丹江市,宁安市
名剪时代发廊,审计局楼下门市,"129.464479,44.344965",[],黑龙江省,牡丹江市,宁安市
时尚发艺,南湖加油站西南侧150米,"128.921438,43.792442",[],黑龙江省,牡丹江市,宁安市
世纪发艺,钟楼西街与安宁胡同交叉口东60米,"129.465827,44.341172",[],黑龙江省,牡丹江市,宁安市
静雅发艺,西大街与西关路交叉口东北20米,"129.462322,44.342210",[],黑龙江省,牡丹江市,宁安市
雨洁发屋(大鸿运楼店),西大街大鸿运楼东1门市,"129.463226,44.342073",[],黑龙江省,牡丹江市,宁安市
冬梅专业发型设计,渤海镇人民政府西北侧120米,"129.168239,44.121903",[],黑龙江省,牡丹江市,宁安市
越雅发屋,福和祥药店西北侧,"129.166474,44.121283",13514596766,黑龙江省,牡丹江市,宁安市
新港湾美发城(月神美容院分店),东京城镇火车站十字路口,"129.223138,44.119027",[],黑龙江省,牡丹江市,宁安市
荣艳纹绣工作室,团结路与百兴街交叉口北120米,"129.216641,44.116088",[],黑龙江省,牡丹江市,宁安市
小旭美妆工作室,城后西街与西安路交叉口东北40米,"129.464590,44.344062",18246305897,黑龙江省,牡丹江市,宁安市
纤韵美学设计,幸福里悦府,"129.481225,44.349625",[],黑龙江省,牡丹江市,宁安市
意境形象设计(华隆店),西七条路长安街108号,"129.600512,44.573344",0453-6570333,黑龙江省,牡丹江市,西安区
董冰造型(西一店),长安街太平路西一条路之间,"129.617796,44.578203",0453-6225456,黑龙江省,牡丹江市,西安区
深港造型(万达店),万达广场1号门2层2001,"129.601996,44.570697",0453-8330888;13945325925,黑龙江省,牡丹江市,西安区
小宇造型(发艺店),新长安小区西南门旁,"129.601377,44.572772",15945331498,黑龙江省,牡丹江市,西安区
GODBOY追溯.造型沙龙(新长安小区店),西六条路新安街西40米263号道北,"129.603952,44.572479",0453-6426556,黑龙江省,牡丹江市,西安区
米兰造型(牡丹江西安区),"西七条路,万达广场后身,第二条商业街里8ー131","129.602722,44.567833",0453-6897778;18745332321,黑龙江省,牡丹江市,西安区
贝曼形象设计,西四条路长安街139号,"129.608646,44.575620",15810514277,黑龙江省,牡丹江市,西安区
名殿造型,西新安街65号,"129.616185,44.576183",0453-6789333;18704533399,黑龙江省,牡丹江市,西安区
首艺造型(牡丹江西安区),西长安街158号,"129.609443,44.575877",0453-8830727;13946360902,黑龙江省,牡丹江市,西安区
慕梵男士理发馆(长安街店),西一长安街西侧50米道北102号,"129.616490,44.578028",13766653337;13836385587,黑龙江省,牡丹江市,西安区
C位美学(新长安小区店),新长安小区东北门西北90米,"129.603440,44.573684",0453-8901888;13766592323,黑龙江省,牡丹江市,西安区
深港美容(七星店),七星街于解放路交叉口深港发艺2楼,"129.614626,44.584165",0453-8557777,黑龙江省,牡丹江市,西安区
美丽车间发型公社(烫染店),西七条路新安街与长安街之间93号,"129.601769,44.572048",18346346690,黑龙江省,牡丹江市,西安区
美丽汇造型(华侨小区店),西安区西一条路230号,"129.616769,44.578522",0453-6619966,黑龙江省,牡丹江市,西安区
首艺造型(万达分店),温春镇西新安街万达广场6号门左侧对面1-3号,"129.600536,44.568678",[],黑龙江省,牡丹江市,西安区
他她造型(华隆1区店),西长安街209号华隆小区一区,"129.602861,44.573836",13945393623,黑龙江省,牡丹江市,西安区
海燕JOVIALITY·疗愈美肤SPA空间,西一条路189号(牡丹街口新玛特后身),"129.616912,44.578997",0453-6923444;13694539227,黑龙江省,牡丹江市,西安区
盛佳发艺(华隆一区店),西六条路与西七条路之间牡丹街346号,"129.601181,44.574313",13504532555,黑龙江省,牡丹江市,西安区
烈焰造型(牡丹江西安区),解放路8号,"129.613497,44.586664",13694683821,黑龙江省,牡丹江市,西安区
视诀国潮男士理发馆·假发·烫染(西一店),长安街与牡丹街之间西一条路道西218号,"129.616573,44.578747",[],黑龙江省,牡丹江市,西安区
第一印象造型(牡丹江西安区),西安区爱民街西三西四之间绿洲春城门市104号,"129.607558,44.580590",13504833155,黑龙江省,牡丹江市,西安区
CK造型(万达店),万达二道街8-116号,"129.603475,44.568049",0453-6999886,黑龙江省,牡丹江市,西安区
萧杨的美发店,西四条路平安街与牡丹街之间,"129.607520,44.577554",18903630688,黑龙江省,牡丹江市,西安区
楷模造型·接发·烫染(万达店),万达华府北区东北1门东南90米,"129.603502,44.568507",0453-6252333,黑龙江省,牡丹江市,西安区
老船长造型,西一条路北小西平安街与平安街之间,"129.614867,44.581154",13766606104,黑龙江省,牡丹江市,西安区
天意造型(商住城小区店),商住城小区东北门旁,"129.616239,44.579000",0453-8123333,黑龙江省,牡丹江市,西安区
小东造型(信大玉花园小区店),解放路七星街与景福街之间74号,"129.614009,44.585275",18845333435,黑龙江省,牡丹江市,西安区
海艺发艺,西安区西三社区西门旁,"129.613375,44.575875",15945380067,黑龙江省,牡丹江市,西安区
金港美发沙龙(解放路店),新宏基大厦东南门旁,"129.616547,44.581571",0453-6948877,黑龙江省,牡丹江市,西安区
大玲造型(西新安小区店),西新安小区,"129.606762,44.573362",15846755132,黑龙江省,牡丹江市,西安区
名姿造型(西一条路店),西一条路259号,"129.618449,44.576204",13766659663,黑龙江省,牡丹江市,西安区
简造型美发(西二社区店),简造型西一条路长安街与新安街之间248号,"129.617201,44.577624",18246357771,黑龙江省,牡丹江市,西安区
树成造型(七星园二区店),西安区解放路35号七星街与景福街之间,"129.614475,44.584921",15945315352,黑龙江省,牡丹江市,西安区
喜来登烫染(滨江分店),西南市街滨江花园小区164号门市巨无霸旁,"129.618095,44.566376",18245309996,黑龙江省,牡丹江市,西安区
新梦想造型,西一条路景福街与七星街之间65号新梦想造型,"129.612903,44.584851",19804631348,黑龙江省,牡丹江市,西安区
怡方造型,西五条路77号,"129.604710,44.576921",13359886626,黑龙江省,牡丹江市,西安区
引领时尚造型烫染店(西二社区店),西一条路与邮政路之间新安街47号,"129.617068,44.576462",13946313188,黑龙江省,牡丹江市,西安区
百分百(华侨南苑小区海浪路),海浪路华侨南苑小区,"129.612070,44.568444",13504839586,黑龙江省,牡丹江市,西安区
海诺发艺(华隆一区店),西牡丹街338号,"129.601921,44.574493",13804828110,黑龙江省,牡丹江市,西安区
风尚美发造型(西七条路店),平安新村西南门旁,"129.600293,44.574523",18645784466,黑龙江省,牡丹江市,西安区
缘分·造型,火炬街道西平安街466号沿江小区2号楼,"129.594407,44.574083",15603637899,黑龙江省,牡丹江市,西安区
纤手造型,解放路景福街与七星街之间纤手造型,"129.613812,44.585514",15174668900,黑龙江省,牡丹江市,西安区
快发10元快剪(万达广场店),沿江街道西新安街358号万达广场B1层比优特超市出口处,"129.599725,44.569925",13945305693,黑龙江省,牡丹江市,西安区
SH·理理美发沙龙,西九条路146号,"129.596269,44.569967",0453-6668896;18249365632,黑龙江省,牡丹江市,西安区
一木造型(新宏基大厦店),平安街47号,"129.614789,44.580766",13845368440;15145388027,黑龙江省,牡丹江市,西安区
达人馆造型(牡丹江西安区),西小太平路28号七星园二区,"129.614637,44.584716",[],黑龙江省,牡丹江市,西安区
彬子发型,水泥街道办市场街21号,"129.498398,44.430180",13766651127,黑龙江省,牡丹江市,西安区
聚美时代美容美发店(西七店),沿江街道西七条路102号,"129.601366,44.571959",[],黑龙江省,牡丹江市,西安区
名发师聚艺堂(新玛特店),西一条路224号附近,"129.616720,44.578595",13351035981,黑龙江省,牡丹江市,西安区
潮流·时代,宁北路宝坻小区十二号楼门市,"129.603079,44.584473",[],黑龙江省,牡丹江市,西安区
程程造型(滨江城市花园店),南市街滨江城市花园院内15号楼137号门市,"129.620210,44.566862",18645319050,黑龙江省,牡丹江市,西安区
逸阁造型(西七条路店),西安区西七条路与西长安街交叉口南80米,"129.601023,44.572524",13303639887,黑龙江省,牡丹江市,西安区
东升设计沙龙·个人工作室(万达店),易航华府小区6号楼122门市,"129.598921,44.569131",15246340508,黑龙江省,牡丹江市,西安区
艺洋发艺(杜鹃园小区店),西二条路118号,"129.611096,44.582236",13804806098,黑龙江省,牡丹江市,西安区
依磊造型西四店,西四条路牡丹街与长安街80号,"129.608390,44.576205",15945342114;15945348084,黑龙江省,牡丹江市,西安区
进磊REGAL美发沙龙,西七条路万达一道天街148号进磊REGAL美发沙龙,"129.602290,44.569412",18845331313,黑龙江省,牡丹江市,西安区
艾发儿修面造型(西一景福店),信大玉花园小区西南门旁,"129.612605,44.585474",17758858359,黑龙江省,牡丹江市,西安区
境象美学馆,西九海浪路观澜国际498号,"129.604985,44.559876",18904849677,黑龙江省,牡丹江市,西安区
国际造型(华隆城市花园店),华隆城市花园东南1门旁,"129.620848,44.568384",13504832745;13555004188,黑龙江省,牡丹江市,西安区
小龙造型(西小二条路店),西小二条路与西新安街交叉口南40米,"129.614012,44.574847",[],黑龙江省,牡丹江市,西安区
东匠造型,西一条路长安街往西15米,"129.616779,44.577830",15946333633,黑龙江省,牡丹江市,西安区
可乐造型,西七条路长安街与牡丹街之间华隆市场西门旁边可乐造型55号,"129.601055,44.573735",15945375193,黑龙江省,牡丹江市,西安区
老船长美容美发(南市街总店),西南市街丹江一区门市87号,"129.617612,44.564724",15945315191,黑龙江省,牡丹江市,西安区
彼岸造型,新立街与西一条路交叉口西40米,"129.618317,44.575359",13614630612,黑龙江省,牡丹江市,西安区
吉祥鸟发型设计,搬运小区,"129.613620,44.581202",[],黑龙江省,牡丹江市,西安区
勃然造型店,长安街西八条路江城美的二区六号楼12号门市,"129.597438,44.572138",0453-6678222;13766663565,黑龙江省,牡丹江市,西安区
慕名造型(西平安街店),西三条路与西四条路之间平安街道北,"129.607495,44.578615",13514586062,黑龙江省,牡丹江市,西安区
阿龙造型工作室(新立街店),西四条路新立街243号,"129.609733,44.572735",13766667323,黑龙江省,牡丹江市,西安区
DV造型(新阳·绿洲春城店),西三条路6号新阳·绿洲春城,"129.607178,44.580469",[],黑龙江省,牡丹江市,西安区
老三造型(水利小区2区店),西长安街471号,"129.591901,44.570433",13514563222,黑龙江省,牡丹江市,西安区
大海造型形象店,西安区西二条路327号,"129.618628,44.572092",13804810249,黑龙江省,牡丹江市,西安区
靖轩造型,牡丹街与长安街之间西小三条路29号,"129.610179,44.576816",18346368991,黑龙江省,牡丹江市,西安区
E+Hair Salon一家美发店,西二条路长安街道南楼104号,"129.613278,44.576755",[],黑龙江省,牡丹江市,西安区
名派造型(京桃园店),景福街227号,"129.610897,44.585203",18645313115,黑龙江省,牡丹江市,西安区
莱丝造型创意会所(南市街店),西二条路南市街路口广发银行对面,"129.619089,44.572111",13845369393,黑龙江省,牡丹江市,西安区
芒果造型(西二条路店),西安区西二条路新立街,"129.617238,44.572807",19904537327,黑龙江省,牡丹江市,西安区
伟华发艺,西安区解放路与日照街路口226号,"129.613125,44.587471",18545397797,黑龙江省,牡丹江市,西安区
名爵造型(西十一条路店),阅江城小区A2号楼101门市,"129.595524,44.555858",13946338589,黑龙江省,牡丹江市,西安区
秘丝造型(信大玉花园小区店),信大玉花园小区西南门旁,"129.612885,44.585021",18604539990,黑龙江省,牡丹江市,西安区
名颜美发(牡丹宝邸店),火炬街道宁北街牡丹宝邸20号楼1楼,"129.601050,44.583704",13766605936,黑龙江省,牡丹江市,西安区
唯美廊时尚造型烫染(扬帆小区店),西牡丹街517号,"129.594692,44.572611",13763605752,黑龙江省,牡丹江市,西安区
爱乐烫染造型(万达华府店),西八西九之间万达华府C区南门14号楼112门市,"129.600153,44.568091",18645348453,黑龙江省,牡丹江市,西安区
时间之间无敏染护小屋(西一条路店),西一条路长安街与新安街之间道东249号,"129.617835,44.577233",13522303515;18600539816,黑龙江省,牡丹江市,西安区
東吉造型,西二条路新安街与新立街之间213号,"129.615569,44.575292",18245334563,黑龙江省,牡丹江市,西安区
九月造型(海浪小区三区店),海浪路239号海浪小区三区,"129.604807,44.561322",18245332578,黑龙江省,牡丹江市,西安区
琳欣剪艺,江滨街道西三条路南市街113号,"129.617110,44.564394",13766661707,黑龙江省,牡丹江市,西安区
伊丽莎白发廊(蓝翎小区店),波斯特购物中心西南门旁,"129.615903,44.582126",[],黑龙江省,牡丹江市,西安区
领秀沙龙(西五条路店),西长安街181号,"129.605798,44.574762",13514561568;15846786688,黑龙江省,牡丹江市,西安区
大华理发店,京桃园,"129.610365,44.585009",[],黑龙江省,牡丹江市,西安区
港都造型(西新安街店),西新安街48号,"129.618444,44.576603",0453-6175111;13104538822,黑龙江省,牡丹江市,西安区
纤丝秀·造型,华侨小区西南门旁,"129.597393,44.574080",15946358069,黑龙江省,牡丹江市,西安区
小秀造型(米兰园二小区店),米兰园二小区东门旁,"129.594098,44.573688",13904845516,黑龙江省,牡丹江市,西安区
八度发型会所,海浪路华侨南苑小区4号楼门市,"129.612176,44.568536",15603631617,黑龙江省,牡丹江市,西安区
花间创意美发salon(华隆二区店),西七西八牡丹街道南416号,"129.598679,44.573532",13115633433,黑龙江省,牡丹江市,西安区
秀发型工作室(七星街),杜鹃园小区西北3门旁,"129.609649,44.582710",13945395862,黑龙江省,牡丹江市,西安区
莎登造型(果品小区店),西四条路166西北方向90米果品小区,"129.610437,44.572681",13836360034,黑龙江省,牡丹江市,西安区
遇见·造型专业店,西四条路新立一道街天威小区对面177号遇见造型,"129.611430,44.571994",18801404566,黑龙江省,牡丹江市,西安区
风度造型美甲(海浪小区店),沿江街道海浪路牡丹城A区4号楼,"129.607010,44.562362",[],黑龙江省,牡丹江市,西安区
尚瘾美发工作室,宁北路西六条路与西七条路之间,"129.597997,44.579470",[],黑龙江省,牡丹江市,西安区
SG TIMES(万达店),SGtimes万达广场2号门二楼,"129.599980,44.570031",0453-6190333,黑龙江省,牡丹江市,西安区
唯依造型(华隆一区店),西长安街209号华隆一区,"129.600919,44.574233",[],黑龙江省,牡丹江市,西安区
永岐造型(江城美地二区店),红立方音乐会所西北门旁,"129.597010,44.572005",13555018477,黑龙江省,牡丹江市,西安区
曼迪经典发艺,西一条路与太平路之间新安街道南20号门市,"129.619507,44.576793",18714444663,黑龙江省,牡丹江市,西安区
阿唐造型工作室,先锋街道新立街公交站(佳和馨居附近),"129.615489,44.574577",13555018812,黑龙江省,牡丹江市,西安区
源宿美发沙龙(江城美地四区店),西七条路与西八条路之间,"129.600255,44.570936",15945311101,黑龙江省,牡丹江市,西安区
名兰理发店,百合园一小区东北门东南210米,"129.613182,44.586676",[],黑龙江省,牡丹江市,西安区
梁子造型,江滨大街与江滨一道街交叉口南40米,"129.616245,44.561226",13766609450,黑龙江省,牡丹江市,西安区
曼巴造型烫染,长安街西九与西十条路之间,"129.594813,44.571475",13836363385,黑龙江省,牡丹江市,西安区
古贝造型,七星街西二条路路口古贝造型,"129.610643,44.582978",13514552629,黑龙江省,牡丹江市,西安区
艺剪坊(新安街店),西一条路新安街南国贸小区37号楼,"129.617320,44.575612",17745388979,黑龙江省,牡丹江市,西安区
大鹏发艺工作室,西二条路兴盛旅店旁,"129.613920,44.577819",[],黑龙江省,牡丹江市,西安区
小文造型烫染旗舰店,西南市街与通江胡同交叉口北100米,"129.618084,44.565286",13504534038,黑龙江省,牡丹江市,西安区
乐草元云朵造型,沿江小区西门旁,"129.594585,44.573406",[],黑龙江省,牡丹江市,西安区
兄弟美发(尚品鸿城店),西牡丹街与301国道交叉口西南120米,"129.587625,44.570004",[],黑龙江省,牡丹江市,西安区
素里SOLA美发造型(万达店),西七条路新安街与长安街之间道东93-A,"129.601708,44.572059",13009888789,黑龙江省,牡丹江市,西安区
名匠发艺(西八条路店),西八条路江城美地-四区,"129.598989,44.571431",[],黑龙江省,牡丹江市,西安区
红晨发型设计,新立街与西二条路交叉口西40米,"129.615342,44.574528",[],黑龙江省,牡丹江市,西安区
美源造型(牡丹宝邸店),宁北街与光华街交叉口西120米,"129.603874,44.586023",15904531070,黑龙江省,牡丹江市,西安区
帅博造型,西牡丹街与西五条路交叉口东40米,"129.606075,44.575825",[],黑龙江省,牡丹江市,西安区
角色发艺,西牡丹街399号,"129.600649,44.574450",13089888936,黑龙江省,牡丹江市,西安区
王宁造型(北龙艺花园店),北龙艺花园东北门旁,"129.617098,44.572644",18954445410,黑龙江省,牡丹江市,西安区
宝来十元快剪,西小一条路与北小西平安街交叉口南20米,"129.613613,44.580780",[],黑龙江省,牡丹江市,西安区
茗艺造型(大安小区店),西二条路西菜园街口土地局家属楼,"129.619658,44.568832",[],黑龙江省,牡丹江市,西安区
嘉乐·造型,西六条路85号,"129.601847,44.576312",[],黑龙江省,牡丹江市,西安区
剪廊造型,西安区解放路七星街与景福街之间65号,"129.614207,44.585428",18944530505,黑龙江省,牡丹江市,西安区
小平升华美发,西一条路长安街与新安街之间239号,"129.617844,44.577349",13514597298,黑龙江省,牡丹江市,西安区
MC造型(佳和馨居小区店),西二条路298号,"129.616209,44.573637",15145353452,黑龙江省,牡丹江市,西安区
狼剪造型(天威小区店),天威小区西北门旁,"129.610821,44.572028",13604606536,黑龙江省,牡丹江市,西安区
3石烫染造型,西安区五中南门对面牡丹城A区5号楼门市3石造型,"129.607252,44.562643",13766606348,黑龙江省,牡丹江市,西安区
拾七造型工作室,西三条路南市街252号,"129.616688,44.564058",[],黑龙江省,牡丹江市,西安区
百度发艺(江城美地一区店),江城美地一区西北门旁,"129.594042,44.570762",18545311196,黑龙江省,牡丹江市,西安区
番禧·hair salon,西二条路新立街口道西,"129.615856,44.574253",[],黑龙江省,牡丹江市,西安区
浩宸形象设计,西小三条路56号,"129.610260,44.576230",15840847453,黑龙江省,牡丹江市,西安区
千垚美业(北龙小区店),北龙小区,"129.619273,44.575654",[],黑龙江省,牡丹江市,西安区
W SALON(商住城小区店),西一条路212号商住城小区,"129.616344,44.579014",[],黑龙江省,牡丹江市,西安区
风尚专业烫·染超市,江滨一区综合4号楼,"129.615915,44.560939",18245301693,黑龙江省,牡丹江市,西安区
名剪造型(华侨南苑小区店),海浪路华侨南苑南门,"129.611976,44.568376",13945322990,黑龙江省,牡丹江市,西安区
鸿森造型,民族八号楼东北门旁,"129.602144,44.575928",[],黑龙江省,牡丹江市,西安区
喜来登发型机构(西四分店),西四条路长安街与西新安街之间东侧,"129.609528,44.575022",13836316303,黑龙江省,牡丹江市,西安区
丹丹造型,西小四条路新立一道街路口东20米,"129.609725,44.571938",13604639562,黑龙江省,牡丹江市,西安区
鼎豪造型工作室,西牡丹街与西一条路交叉口东北80米,"129.617105,44.579649",[],黑龙江省,牡丹江市,西安区
小宇造型(瑞合·西城国际店),西平安街与西十一条路交叉口东北140米,"129.588848,44.573555",[],黑龙江省,牡丹江市,西安区
青青造型(海浪小区三区店),海浪路海浪三区6号楼15号车库,"129.604418,44.562373",[],黑龙江省,牡丹江市,西安区
毫末造型设计,新泰锦绣城35号楼105-1号门市,"129.607194,44.564425",18846711003,黑龙江省,牡丹江市,西安区
金佰爵发艺,江滨三道街与江滨大街交叉口南20米,"129.614708,44.560107",15045326128,黑龙江省,牡丹江市,西安区
精艺美发(七星街店),杜鹃园小区西北3门旁,"129.609927,44.582793",13514590344,黑龙江省,牡丹江市,西安区
剪艺人生(扬帆小区店),扬帆小区东南门旁,"129.593843,44.572339",[],黑龙江省,牡丹江市,西安区
梁匠造型烫染,江滨大街与江滨一道街交叉口江滨综四楼3单元102室,"129.616138,44.561004",13555002276;13904849339,黑龙江省,牡丹江市,西安区
森美造型短发故事店,西一条路与西新安街交叉口北80米,"129.617752,44.577344",[],黑龙江省,牡丹江市,西安区
八方美发厅(北方5区店),北方5区东南1门旁,"129.601225,44.578492",[],黑龙江省,牡丹江市,西安区
蒂依夫人美业,月牙湖街与西南市街交叉口东60米,"129.618564,44.568298",[],黑龙江省,牡丹江市,西安区
金榜发型设计(扬帆小区店),扬帆小区东北1门旁,"129.594257,44.573358",15246328273,黑龙江省,牡丹江市,西安区
宏兴美发厅,温春村村委会南侧,"129.496914,44.436108",[],黑龙江省,牡丹江市,西安区
万千盈发艺(沿江小区店),沿江小区西门旁,"129.594581,44.573489",13946369795,黑龙江省,牡丹江市,西安区
卓绝造型,西四条路1号北方宿舍,"129.607012,44.580021",18753250425,黑龙江省,牡丹江市,西安区
渴望发屋,温春镇水泥市场4号,"129.499151,44.430181",13694633281,黑龙江省,牡丹江市,西安区
徐东形象设计(宏大·逸居时代店),宏大逸居时代院里8号楼112门市,"129.595551,44.579747",18745393711,黑龙江省,牡丹江市,西安区
一佰咖啡·美发沙龙,西一与西小一之间平安街道北,"129.614307,44.580645",13694683862,黑龙江省,牡丹江市,西安区
时间之间无敏染护小屋阿东店,七星街西二条路与西三条路之间北方医院正对面292号,"129.609324,44.582623",15754538205,黑龙江省,牡丹江市,西安区
FLYHair美睫美甲美肌(万达店),新泰锦绣城二期北门,"129.605202,44.567337",13199393068,黑龙江省,牡丹江市,西安区
金环美发,新安街西小四条路高开小区4号楼,"129.609426,44.572536",[],黑龙江省,牡丹江市,西安区
艺阁造型(海浪小区1区店),海浪小区1区西北门东北130米,"129.612765,44.568101",[],黑龙江省,牡丹江市,西安区
首选造型,新立街与西小二条路交叉口东北40米,"129.614820,44.574411",13945367312,黑龙江省,牡丹江市,西安区
容颜造型(北龙小区店),北龙小区,"129.619413,44.575700",13903635681,黑龙江省,牡丹江市,西安区
名发师,西长安街与水道街交叉口西北100米,"129.617928,44.579358",[],黑龙江省,牡丹江市,西安区
聚点造型(丁香园小区店),平安街西九丁香园小区31号楼4单元101,"129.593440,44.574304",18946306665,黑龙江省,牡丹江市,西安区
美廊造型(爱民街店),北方5区东北3门旁,"129.603159,44.579150",13555018868,黑龙江省,牡丹江市,西安区
GL造型(米兰园一小区店),平安街西八条路道南,"129.596536,44.574731",13604634147,黑龙江省,牡丹江市,西安区
乐野国潮·烫染超市,西一条路与西长安街交叉口西北60米,"129.616696,44.578639",[],黑龙江省,牡丹江市,西安区
榜首造型,西长安街与西四条路交叉口东40米,"129.609369,44.575527",18245392989,黑龙江省,牡丹江市,西安区
丰曦造型,西牡丹街与西五条路交叉口东80米,"129.606582,44.576019",13206885687,黑龙江省,牡丹江市,西安区
辛未造型工作室(新泰·锦绣城2期店),海浪路新泰锦绣城二期27号楼102门市,"129.606741,44.565910",[],黑龙江省,牡丹江市,西安区
金尚美发(北龙小区店),北龙小区,"129.619191,44.575628",[],黑龙江省,牡丹江市,西安区
心艺美业(杜鹃园小区南区店),七星街264号,"129.610262,44.582907",15145393520,黑龙江省,牡丹江市,西安区
张府造型,滨江家园北门北70米,"129.619075,44.568275",[],黑龙江省,牡丹江市,西安区
港湾发型工作室,西四条路新立一道街163号,"129.611123,44.572429",18182836161,黑龙江省,牡丹江市,西安区
楷模造型·接发·烫染(新玛特店),西一条路长安街路口203号,"129.617225,44.578575",0453-6264666;18246316556,黑龙江省,牡丹江市,西安区
禾焱·Salon,西三条路长安街与西四条路之间道南140号,"129.609937,44.575800",0453-6195177,黑龙江省,牡丹江市,西安区
梦之意芳香世家美容美发会所,宏大花园西南门南70米,"129.598332,44.577862",[],黑龙江省,牡丹江市,西安区
凯艺造型(解放路店),日照街景福街之间解放路47号,"129.613679,44.586245",[],黑龙江省,牡丹江市,西安区
伊丽莎白造型,西牡丹街与邮政路交叉口西北20米,"129.614975,44.578875",[],黑龙江省,牡丹江市,西安区
剪约造型(七星园二区店),太平路44号,"129.614687,44.584663",[],黑龙江省,牡丹江市,西安区
喜又这是一家理发店,江城美地5区西北门东北230米,"129.595950,44.572858",17164139777,黑龙江省,牡丹江市,西安区
华燕造型,西长安街与西小四条路交叉口东北80米,"129.607825,44.575925",[],黑龙江省,牡丹江市,西安区
卡哇伊烫染造型,牡丹街道牡丹街西四西五之间路南,"129.606818,44.574133",18245300902,黑龙江省,牡丹江市,西安区
西唯造型,江滨大街5号,"129.616265,44.561763",[],黑龙江省,牡丹江市,西安区
舒美造型,玫瑰园小区西北门西70米,"129.594381,44.576402",[],黑龙江省,牡丹江市,西安区
艳艳造型,西小二条路与立新街交叉口西北40米,"129.614930,44.573292",[],黑龙江省,牡丹江市,西安区
发丝缘发艺,华隆2区西北门北50米,"129.598836,44.573917",[],黑龙江省,牡丹江市,西安区
剪色坊发艺(华隆一区店),华隆1区西北门东50米,"129.602161,44.574600",13845375836,黑龙江省,牡丹江市,西安区
指尖舞造型(罗兰斯堡小区店),西四条路东侧新立街与立新街之间,"129.611428,44.572014",15174660516,黑龙江省,牡丹江市,西安区
顺发造型,西四条路与海浪路交叉口东南40米,"129.613431,44.568635",[],黑龙江省,牡丹江市,西安区
阳光美发,邮政路新立街路口国贸北区28号楼1单元,"129.617020,44.574987",[],黑龙江省,牡丹江市,西安区
美格发型工作室(海浪小区3区店),沿江街道海浪路海浪三区五号楼美阁发廊,"129.604627,44.562028",[],黑龙江省,牡丹江市,西安区
我型我秀发艺,海林公路南30米,"129.498784,44.566850",[],黑龙江省,牡丹江市,西安区
赵洋工作室,南小景福街西小太平路183号,"129.614982,44.585200",18645266117,黑龙江省,牡丹江市,西安区
名流发型设计(西二社区店),先锋街道西一条路258号,"129.617266,44.577571",15945331733,黑龙江省,牡丹江市,西安区
高姗造型(平安嘉园小区店),西二条路133号平安嘉园小区,"129.614838,44.579920",[],黑龙江省,牡丹江市,西安区
墨尚纹身工作室,湖北大厦,"129.621087,44.573478",13384632025,黑龙江省,牡丹江市,西安区
M.Nail美甲工作室,万达华府c区南门128号门市,"129.599030,44.567765",17713335944,黑龙江省,牡丹江市,西安区
玖恩国芮皮肤管理工作室,西七条路与西八条路之间道南270号门市,"129.596663,44.578459",15604836777,黑龙江省,牡丹江市,西安区
小美美甲工作室(罗兰新城店),罗兰新城1号楼三单元501室,"129.608206,44.570677",18944602593,黑龙江省,牡丹江市,西安区
水木年华健康管理工作室,西平安街与西九条路交叉口西南40米,"129.593676,44.573883",[],黑龙江省,牡丹江市,西安区
名模发艺(牡丹江海林市),子荣街华联北楼楼下,"129.388251,44.575212",0453-8887567;15734533444,黑龙江省,牡丹江市,海林市
荣华发型设计室(共和小区店),海林镇共和小区东侧,"129.384702,44.572244",0453-8180222;15946353678,黑龙江省,牡丹江市,海林市
她他造型机构(幸福二区店),和平街59号幸福小区二区,"129.392056,44.572812",15945710998,黑龙江省,牡丹江市,海林市
鬼剪旗舰店,幸福路馨怡嘉园2号楼对面,"129.393453,44.576888",15245373899,黑龙江省,牡丹江市,海林市
名街专业剪烫染,新海路与和平街交叉口西南80米,"129.386511,44.572866",13199391228;13766648452,黑龙江省,牡丹江市,海林市
小雨点美发会所,海林镇胜利街第一小学楼下门市,"129.383495,44.571394",13763613595,黑龙江省,牡丹江市,海林市
韩社造型设计室(幸福三区店),幸福小区三区西北门旁,"129.391909,44.571532",[],黑龙江省,牡丹江市,海林市
倾城时尚造型(俊景园店),俊景园3号楼32号门市,"129.388646,44.577132",13045315118,黑龙江省,牡丹江市,海林市
宏宇发型设计,朝阳街与河西路交叉口西90米路北,"129.393241,44.576058",17790653500,黑龙江省,牡丹江市,海林市
顶尚美发(牡丹江海林市),新华街与林海路交叉口南120米,"129.392817,44.579487",15214537787,黑龙江省,牡丹江市,海林市
鑫丽美发工作室,海林镇和平小区一号楼,"129.384225,44.575525",13214637136,黑龙江省,牡丹江市,海林市
小也发艺(奋斗路店),海林市人民银行家属楼17426号楼6门市,"129.386487,44.576078",18945327582,黑龙江省,牡丹江市,海林市
新美丽美发(丽海花园店),海林鑫源服装有限公司南门旁,"129.397700,44.580885",[],黑龙江省,牡丹江市,海林市
琳娜专业烫染(丽海花园店),海烟路468号丽海花园,"129.398874,44.580915",[],黑龙江省,牡丹江市,海林市
8AM美发沙龙,海林镇幸福路规划3号楼,"129.392617,44.572835",[],黑龙江省,牡丹江市,海林市
程超造型(馨怡嘉园店),馨怡家园5号楼门市,"129.393835,44.576707",[],黑龙江省,牡丹江市,海林市
梦柏BO造型,馨怡家园12号楼4门市,"129.393603,44.577588",18645361466,黑龙江省,牡丹江市,海林市
海林市巅峰之秀日韩造型室(幸福小区二区店),幸福二区东门10号门市,"129.392228,44.572729",15331937809,黑龙江省,牡丹江市,海林市
蒙妮坦时尚发型设计,工程公司10号楼,"129.391721,44.580778",13634530433,黑龙江省,牡丹江市,海林市
超群发艺(幸福小区一区店),幸福路与和平街交叉口东南角,"129.391813,44.571975",13946371077,黑龙江省,牡丹江市,海林市
尚艺造型(新华街店),新华街58号金恒小区北门,"129.398488,44.580426",18604539722,黑龙江省,牡丹江市,海林市
锦义缘发艺(鑫林小区店),鑫林小区西门旁,"129.388512,44.583494",[],黑龙江省,牡丹江市,海林市
尚北造型(公园小区店),公园小区西门南220米,"129.399769,44.573979",13206885568,黑龙江省,牡丹江市,海林市
冰涵精剪坊(丽海花园店),海烟路468号丽海花园,"129.397361,44.581691",13946330997,黑龙江省,牡丹江市,海林市
新感觉造型(和平小区南区店),奋斗路96号,"129.385762,44.574242",15945717399,黑龙江省,牡丹江市,海林市
晓英美容美发工作室,友谊路与学子街交叉口北100米,"129.687991,44.762173",13514540888,黑龙江省,牡丹江市,海林市
小不点美发(牡丹江海林市),和平小区北区,"129.384617,44.578391",[],黑龙江省,牡丹江市,海林市
杨达发艺,柴河林业局平安三区8号楼,"129.687682,44.758720",0453-7548772;13136877898,黑龙江省,牡丹江市,海林市
名城·造型(龙城国际花园店),龙城国际花园东门北90米,"129.385252,44.588626",[],黑龙江省,牡丹江市,海林市
引领风潮专业发型设计烫染店,镇政府楼下,"129.384586,44.581009",[],黑龙江省,牡丹江市,海林市
齐园精剪室(九鼎锦绣城店),九鼎锦绣城A区东门南130米,"129.388375,44.585404",[],黑龙江省,牡丹江市,海林市
鑫鑫美发(林苑小区店),林苑社区东门旁,"129.387998,44.581737",[],黑龙江省,牡丹江市,海林市
大天姿专业美发设计,海林林业局新华街林苑三区18号楼2门市,"129.389035,44.580889",[],黑龙江省,牡丹江市,海林市
伊人族时尚烫染,封闭市场西门馨怡家园1号楼122号门市,"129.393615,44.575248",[],黑龙江省,牡丹江市,海林市
容丝发廊(平安小区三区店),希望路与安平街交叉口北60米,"129.688406,44.758104",[],黑龙江省,牡丹江市,海林市
美梦丝发屋,佛山路雨菲蔬菜水果干调对面,"129.072861,44.814320",18745304792,黑龙江省,牡丹江市,海林市
花城美容美发,海林镇胜利街第一小学北门市,"129.384786,44.570990",13945393865,黑龙江省,牡丹江市,海林市
美王发艺,新华街与海烟路交叉口东180米,"129.403003,44.580309",[],黑龙江省,牡丹江市,海林市
维斯发型设计(方兴小区店),奋斗路与雪原街交叉口南100米,"129.384904,44.571663",13946303848,黑龙江省,牡丹江市,海林市
卉美格时尚烫染(白头山三区店),白头山小区三区1-3号楼东北门旁,"129.378742,44.577002",[],黑龙江省,牡丹江市,海林市
领尖造型美食一条街店,休闲广场小区136门市,"129.386325,44.575875",13684533338,黑龙江省,牡丹江市,海林市
婷婷发型设计,友谊路步行街,"129.688307,44.765063",13634539773,黑龙江省,牡丹江市,海林市
丝丝柔发艺,学府美地小区北2门西100米,"129.381382,44.579600",[],黑龙江省,牡丹江市,海林市
未来美发工作室,幸福二区和平街,"129.391819,44.572403",15764638372,黑龙江省,牡丹江市,海林市
明阳发艺(青岛花园步行街店),和平街93正北方向50米青岛花园2期,"129.387449,44.574187",15545037034;18304538585,黑龙江省,牡丹江市,海林市
冰秀发型设计,子荣街28号,"129.397740,44.572971",15946356300,黑龙江省,牡丹江市,海林市
得艺旺型造型工作室,新华街236号牡林公司十号楼4门市,"129.391150,44.580906",13684642224,黑龙江省,牡丹江市,海林市
红蜻蜓发艺(锦绣嘉园店),锦绣嘉园东门南60米,"129.377256,44.571964",[],黑龙江省,牡丹江市,海林市
发尖烫染店,林苑小区南门旁,"129.387307,44.581309",[],黑龙江省,牡丹江市,海林市
美丝特美发,柴河镇南市场繁荣街,"129.686767,44.749188",18204631892,黑龙江省,牡丹江市,海林市
时尚前沿专业烫染名店(华泰购物广场店),华泰购物广场,"129.386231,44.571021",[],黑龙江省,牡丹江市,海林市
美婷造型,青岛花园二期10号楼中心区31委1层03室,"129.389095,44.574055",15245375331,黑龙江省,牡丹江市,海林市
剪爱专业美发工作室,柴河林业局平安一区,"129.687238,44.759293",15946319072;18249301393,黑龙江省,牡丹江市,海林市
印象发型工作室(林业机关小区店),海林市机关小区4号楼461号门市,"129.385154,44.579506",15561959205,黑龙江省,牡丹江市,海林市
潮艺发型工作室,海林林业局黑龙江省海林市林苑二区19号楼,"129.387311,44.580920",[],黑龙江省,牡丹江市,海林市
中意美发,海林镇新海村家属楼,"129.386567,44.573004",0453-7227013,黑龙江省,牡丹江市,海林市
小强发艺(馨怡嘉园店),馨怡嘉园西南门北70米,"129.393825,44.576590",15764639917,黑龙江省,牡丹江市,海林市
茗源造型(尚品家园店),[],"129.399537,44.577095",[],黑龙江省,牡丹江市,海林市
东尼美发会所(和兴瀚城店),海林镇和兴瀚城13号楼10号门市,"129.400571,44.577584",18204634528,黑龙江省,牡丹江市,海林市
千艺美发(锦绣家园小区店),大海林林业局锦绣家园14号楼,"128.927868,44.468716",13614636386,黑龙江省,牡丹江市,海林市
幻美时尚烫染,富裕路与和平街交叉路口,"129.388158,44.573132",18324530120,黑龙江省,牡丹江市,海林市
影星发型设计室(俊景园店),俊景园东侧门市,"129.389178,44.577391",18745307577,黑龙江省,牡丹江市,海林市
丽都美容美发沙龙(友谊路步行街店),友谊路步行街,"129.689596,44.768324",13845379720,黑龙江省,牡丹江市,海林市
名师形象设计,和平街幸福一区60号,"129.390837,44.572341",13946303332,黑龙江省,牡丹江市,海林市
亮点专业烫染(休闲家园店),海林市休闲家园3号楼1单元,"129.387642,44.576094",18245366825,黑龙江省,牡丹江市,海林市
玉环发廊(友谊路步行街店),柴河林业局平安三区15号楼,"129.686889,44.757323",18245364068,黑龙江省,牡丹江市,海林市
鑫丽时美发造型店,长汀镇大海林局和谐家园13号楼4门市,"128.922268,44.473770",13089857865,黑龙江省,牡丹江市,海林市
深港专业美发美甲纹绣,公园小区6号楼1门市,"129.400217,44.574650",0453-7223006,黑龙江省,牡丹江市,海林市
沙宣专业烫染,新海路197号,"129.388096,44.575664",[],黑龙江省,牡丹江市,海林市
新意发艺,佛山路与河堤路交叉口南40米,"129.072125,44.814455",13206871665,黑龙江省,牡丹江市,海林市
盈盈发艺,林兴路与繁荣街交叉口东南340米,"129.685078,44.746896",18045338870,黑龙江省,牡丹江市,海林市
鑫美理烫发店,新海村家属楼楼下,"129.386493,44.572822",[],黑龙江省,牡丹江市,海林市
头发乱了烫染店(胜利街店),胜利街173号,"129.381271,44.572183",[],黑龙江省,牡丹江市,海林市
铭匠发艺(公园小区店),公园小区北区南门旁,"129.400733,44.574664",[],黑龙江省,牡丹江市,海林市
百乐发艺(丽海花园店),丽海花园东1门南330米,"129.400293,44.581524",[],黑龙江省,牡丹江市,海林市
喜林国际发型设计研讨机构,子荣街与新海路交叉口东南80米,"129.388357,44.574648",13359685050,黑龙江省,牡丹江市,海林市
青青发艺(幸福小区一区店),幸福小区一区西北门旁,"129.390469,44.571582",[],黑龙江省,牡丹江市,海林市
漫品美发,三道河子镇迎宾路,"129.778128,45.304318",[],黑龙江省,牡丹江市,海林市
美约造型店,幸福小区三区西北门北200米,"129.392131,44.572903",13504600011,黑龙江省,牡丹江市,海林市
思田造型,和平小区北门思田造型,"129.383870,44.575749",15636390625,黑龙江省,牡丹江市,海林市
禾川形象,新华街89号,"129.399175,44.580775",18645358616,黑龙江省,牡丹江市,海林市
八佰伴美发形象设计(朝阳街店),海林镇银河小区楼下门市,"129.392918,44.576108",[],黑龙江省,牡丹江市,海林市
小宝发型(高丽花园店),子荣街与西河路交叉口西120米,"129.381679,44.576258",[],黑龙江省,牡丹江市,海林市
波仔的店,幸福路43号,"129.391283,44.571169",13945323785,黑龙江省,牡丹江市,海林市
渼树造型,海林镇中心区31委(新天地二期东侧),"129.385606,44.573298",15582405444,黑龙江省,牡丹江市,海林市
经典发型设计(友谊路店),柴河镇百批楼经典发廊,"129.689128,44.768712",18714391745,黑龙江省,牡丹江市,海林市
春吹柳絮烫染机构(富强小区店),富强小区东南门旁,"129.390257,44.571802",[],黑龙江省,牡丹江市,海林市
金玉发型设计,新海路与雪原街交叉口北60米,"129.386474,44.572777",[],黑龙江省,牡丹江市,海林市
晓萍理发店,馨怡家园1号楼门市,"129.394781,44.575463",13836323448,黑龙江省,牡丹江市,海林市
简美造型,安置小区,"129.381267,44.576960",[],黑龙江省,牡丹江市,海林市
天使美发机构,柴河镇友谊家园1号楼,"129.687872,44.764062",15699633848,黑龙江省,牡丹江市,海林市
海林市理丝美容美发会所(和平小区店),和平小区东1门南370米,"129.386412,44.575853",[],黑龙江省,牡丹江市,海林市
新亚发艺,长汀镇一小楼下,"128.913609,44.477754",15246350227,黑龙江省,牡丹江市,海林市
淑利发廊(鑫林小区店),鑫林小区西门旁,"129.388545,44.583476",18845393589,黑龙江省,牡丹江市,海林市
老中青理发店(海浪路店),金水湾小区西南门旁,"129.391533,44.568062",[],黑龙江省,牡丹江市,海林市
可新发型设计室,海林鑫源服装有限公司南门东150米,"129.399209,44.580921",[],黑龙江省,牡丹江市,海林市
雅丝乐时尚烫染(馨怡嘉园店),海林镇馨怡家园二号楼,"129.393860,44.576005",[],黑龙江省,牡丹江市,海林市
王红美发(平安小区三区店),平安小区三区,"129.686919,44.756422",15045326118,黑龙江省,牡丹江市,海林市
周三发艺,佛山路与河堤路交叉口东40米,"129.072426,44.814794",[],黑龙江省,牡丹江市,海林市
审美发型设计(友谊路店),友谊路步行街,"129.689117,44.768665",18745308339,黑龙江省,牡丹江市,海林市
奈丝造型,柴河林业局步行街46号,"129.688237,44.764169",17710162626;19214539598,黑龙江省,牡丹江市,海林市
青雨造型工作室,华林御景B区6号楼新华北区24委1层06室,"129.391480,44.581281",18045357054,黑龙江省,牡丹江市,海林市
吉祥鸟发艺(和兴翰城店),和兴翰城南2门旁,"129.401571,44.577380",[],黑龙江省,牡丹江市,海林市
云尚发型工作室(白头山小区三区店),白头山三区东门旁,"129.379247,44.576579",[],黑龙江省,牡丹江市,海林市
老船长美容美发,友谊街与083县道交叉口西南400米,"129.111375,44.452375",[],黑龙江省,牡丹江市,海林市
阿袁美容美发(友谊路步行街店),柴河镇饮服楼,"129.689403,44.766722",15561957599,黑龙江省,牡丹江市,海林市
标榜美发,阳光丽景小区东侧210米,"128.916741,44.476064",13763613019,黑龙江省,牡丹江市,海林市
时代发廊,山市镇道南村,"129.101700,44.578550",[],黑龙江省,牡丹江市,海林市
华艺美发(金恒城市花园店),金恒城市花园(院内)11号楼,"129.399275,44.578675",[],黑龙江省,牡丹江市,海林市
红玫瑰发艺(共和小区店),海林镇共和小区3号楼14号门市,"129.384580,44.572396",13845333700,黑龙江省,牡丹江市,海林市
金金美发(盛世华城店),海林镇盛世华城一号楼,"129.392618,44.589488",13945336083,黑龙江省,牡丹江市,海林市
超越发廊(林苑小区店),林苑小区,"129.388113,44.582236",[],黑龙江省,牡丹江市,海林市
忆美思发艺(九鼎锦绣城A区店),九鼎锦绣城A区,"129.387303,44.585164",[],黑龙江省,牡丹江市,海林市
名城发艺,富裕路与雪原街交叉口东北60米,"129.388025,44.572416",[],黑龙江省,牡丹江市,海林市
波涛发廊(丽海花园店),海烟路468号丽海花园,"129.396897,44.582105",[],黑龙江省,牡丹江市,海林市
嘉剪烫染发型设计,海林镇团结路广龙供热斜对面,"129.389381,44.578539",[],黑龙江省,牡丹江市,海林市
美蓝造型(白头山小区一区店),白头山小区南门旁,"129.377040,44.573496",18612972353,黑龙江省,牡丹江市,海林市
审美美发,海林镇海林林业局第三中学斜对面,"129.387683,44.580639",[],黑龙江省,牡丹江市,海林市
小雪美发(和平街店),和平小区南区,"129.384659,44.574096",[],黑龙江省,牡丹江市,海林市
小叶发艺,中共长汀镇委员会西南侧60米,"128.913754,44.477939",[],黑龙江省,牡丹江市,海林市
海林狮子座美甲店,休闲家园中心区29委1-1C02,"129.387631,44.576105",[],黑龙江省,牡丹江市,海林市
领秀发型设计,柴河镇柴河林业局林苑二区楼下,"129.689038,44.760988",[],黑龙江省,牡丹江市,海林市
中心发廊,友谊路步行街,"129.688375,44.763825",13208430883,黑龙江省,牡丹江市,海林市
丽施美发,X083山市派出所西侧约60米,"129.101669,44.578550",[],黑龙江省,牡丹江市,海林市
发彩理发,福楼浴池东南侧80米,"129.103290,44.577800",[],黑龙江省,牡丹江市,海林市
情丝专业发型设计室,海烟路468号丽海花园,"129.398075,44.581675",[],黑龙江省,牡丹江市,海林市
鑫点发艺,海浪路与前进街交叉口南420米,"129.392425,44.563725",[],黑龙江省,牡丹江市,海林市
创迎美容美发,030乡道与083县道交叉口西420米,"129.110875,44.452125",[],黑龙江省,牡丹江市,海林市
纤丝发艺,馨怡嘉园二期,"129.394725,44.576575",[],黑龙江省,牡丹江市,海林市
众创美业,和平街与富强路交叉口西20米,"129.390425,44.572525",[],黑龙江省,牡丹江市,海林市
德平美发,海烟路468号丽海花园,"129.398090,44.583330",[],黑龙江省,牡丹江市,海林市
婉美烫染造型,沿河街与025乡道交叉口南480米,"128.922425,44.475075",[],黑龙江省,牡丹江市,海林市
阿振造型,幸福二区中心区21委,"129.391125,44.572571",15945486055,黑龙江省,牡丹江市,海林市
巧莹美发店,和谐家园北侧110米,"128.922425,44.475525",[],黑龙江省,牡丹江市,海林市
2023形象设计,林海路与子荣街交叉口北60米,"129.390025,44.575125",[],黑龙江省,牡丹江市,海林市
红利理发店,馨怡嘉园二期7幢,"129.393882,44.577532",[],黑龙江省,牡丹江市,海林市
神渼美发(幸福小区三区店),幸福小区三区西北门南90米,"129.391725,44.571020",[],黑龙江省,牡丹江市,海林市
新欧美雅美发工作室(白头山小区三区店),白头山三区东门旁,"129.379198,44.576753",[],黑龙江省,牡丹江市,海林市
博丝美造型,新华街与海烟路交叉口东220米,"129.403370,44.580729",[],黑龙江省,牡丹江市,海林市
泊美造型,林海路与朝阳街交叉口东北100米,"129.392094,44.577095",[],黑龙江省,牡丹江市,海林市
领航造型(新华街店),海烟路468号丽海花园,"129.398840,44.580896",[],黑龙江省,牡丹江市,海林市
精剪坊发艺,阳光丽景小区东侧210米,"128.916782,44.476049",[],黑龙江省,牡丹江市,海林市
梨花造型,长汀镇农贸市场,"128.916656,44.476094",18245321970,黑龙江省,牡丹江市,海林市
鑫鑫美发,山市镇道北,"129.100234,44.580283",[],黑龙江省,牡丹江市,海林市
小云美发,海林镇学府美地小区四号楼,"129.380325,44.579325",[],黑龙江省,牡丹江市,海林市
异彩美发(鑫林小区店),鑫林家园12号楼四门,"129.389806,44.582219",[],黑龙江省,牡丹江市,海林市
美神美发(和平街店),海林镇公司11号楼,"129.391613,44.571644",[],黑龙江省,牡丹江市,海林市
友谊发廊,长汀镇,"128.928970,44.466983",13154533015,黑龙江省,牡丹江市,海林市
超群发艺,海林镇交警大队斜对面,"128.914139,44.477842",[],黑龙江省,牡丹江市,海林市
新奇特美容美发(金洲家园小区店),尚品家园1号楼3单元101室,"129.400756,44.570546",15946357100,黑龙江省,牡丹江市,海林市
名丝专业发艺,海林镇人和大酒店对面,"129.387640,44.570400",[],黑龙江省,牡丹江市,海林市
红云美发,劳动局旁粮食局家属楼下门市,"129.386291,44.568573",[],黑龙江省,牡丹江市,海林市
春艺美发(锦绣家园小区店),锦绣家园小区西南门西北170米,"128.926842,44.469795",13614532581,黑龙江省,牡丹江市,海林市
宏伟理发店,大海林林区基层法院北侧110米,"128.915332,44.479338",[],黑龙江省,牡丹江市,海林市
晓波发型设计,海林镇朝阳街173号银河小区门市,"129.392991,44.576111",[],黑龙江省,牡丹江市,海林市
天堂鸟专业发型设计,新华街与团结路交叉口西80米,"129.389094,44.580871",[],黑龙江省,牡丹江市,海林市
小雪美容会馆,新天地家园东门旁,"129.383286,44.572128",[],黑龙江省,牡丹江市,海林市
初欣美甲美睫工作室,和兴瀚城南门东侧1-4号门市,"129.402321,44.577258",15645371123,黑龙江省,牡丹江市,海林市
染指·美甲美睫工作室,子荣街华联北楼名模发艺二楼,"129.387625,44.574375",15051529316;19297522212,黑龙江省,牡丹江市,海林市
晓莲美甲美睫工作室,柴河林业局广场小区,"129.687094,44.762109",15845310886,黑龙江省,牡丹江市,海林市
瑶芳清颜祛痘专家海林店,和平小区北侧7号楼6号门市,"129.385975,44.575442",13351130789,黑龙江省,牡丹江市,海林市
乙文瘦身(青岛花园步行街店),海林镇青岛花园西门2号乙,"129.386314,44.575002",0453-7333377,黑龙江省,牡丹江市,海林市
豆域祛痘(海烟路店),海烟路468号丽海花园,"129.399337,44.582748",[],黑龙江省,牡丹江市,海林市
梦寐美发设计,八面通镇(运东街与发廊街交叉口),"130.529600,44.921087",[],黑龙江省,牡丹江市,穆棱市
0453时尚造型,北三路与红旗街交叉口西100米,"130.527457,44.921294",18673938888,黑龙江省,牡丹江市,穆棱市
零起点美发,八面通镇宇宙广场,"130.531895,44.916557",[],黑龙江省,牡丹江市,穆棱市
绘蓝美发室,红旗街与北三路交叉口北20米,"130.528732,44.921274",0453-8896777;13303637098,黑龙江省,牡丹江市,穆棱市
简艺造型,八面通镇荟萃楼珠宝南侧100米红旗大街供销大楼东侧第三门市(发廊街)北三路与和平大街交叉口东60米,"130.528611,44.921338",13521891941;18045390693,黑龙江省,牡丹江市,穆棱市
昕雨美业,和平雅居步行街A010门市,"130.524576,44.915523",15764635270,黑龙江省,牡丹江市,穆棱市
小燕子美发,八面通镇幸福大街128号门市,"130.538041,44.914023",15945721116;18745378808,黑龙江省,牡丹江市,穆棱市
阿龙造型(富民小区店),八面通北三路,"130.530425,44.920825",13766639699,黑龙江省,牡丹江市,穆棱市
佳人发型设计,八面通镇八面通南一路安居工程,"130.526350,44.916559",[],黑龙江省,牡丹江市,穆棱市
卓越造型(工农街店),工农街与南二路交叉口北100米,"130.531782,44.916280",[],黑龙江省,牡丹江市,穆棱市
云萍美发,平安小区2期西南门旁,"130.528853,44.913430",[],黑龙江省,牡丹江市,穆棱市
穆棱市绿港美容养生馆,下城子镇政府西50米,"130.455458,44.684000",18249346552,黑龙江省,牡丹江市,穆棱市
刘杨烫染工作室,鑫源居西1门旁,"130.530649,44.915649",18645753855,黑龙江省,牡丹江市,穆棱市
美之炫美容美发,穆棱镇中心委政府2号楼,"130.265123,44.521968",[],黑龙江省,牡丹江市,穆棱市
铁蛋理发,穆棱镇301国道与棱河路交叉口东300米,"130.269244,44.521447",13704608788,黑龙江省,牡丹江市,穆棱市
柒染造型,发廊街同楼对面柒染造型,"130.526696,44.921172",15636370627,黑龙江省,牡丹江市,穆棱市
鑫艺造型,人民大街与宾南路交叉口东南120米,"130.457889,44.685383",[],黑龙江省,牡丹江市,穆棱市
飘艺发屋,301国道与山林城路交叉口北20米,"130.261558,44.525172",13694549809;13694649809,黑龙江省,牡丹江市,穆棱市
米格发型设计(中奥花园店),米格美发,"130.523928,44.921502",[],黑龙江省,牡丹江市,穆棱市
金辉造型设计,北三路与红旗街交叉口西80米,"130.527757,44.921271",13763624446,黑龙江省,牡丹江市,穆棱市
名港专业发型设计(鑫源居店),八面通镇计划生育办一号楼,"130.531008,44.917083",13766656351,黑龙江省,牡丹江市,穆棱市
小角色美发店,八面通镇状元名苑小区对面,"130.528778,44.930188",13946373545,黑龙江省,牡丹江市,穆棱市
洋洋发艺(和平雅居店),八面通镇和平雅居A2栋,"130.524419,44.915634",[],黑龙江省,牡丹江市,穆棱市
鑫剪子美发,农拥小区8号楼,"130.529422,44.916491",[],黑龙江省,牡丹江市,穆棱市
奈斯美业,八面通镇祥瑞家园门市,"130.533324,44.925195",[],黑龙江省,牡丹江市,穆棱市
丝美发艺(中高清华城店),和平大街与化北二胡同交叉口西南180米,"130.526311,44.927005",[],黑龙江省,牡丹江市,穆棱市
小军造型(江南名府店),八面通江南名府院内,"130.525599,44.923934",[],黑龙江省,牡丹江市,穆棱市
剪名堂染烫,八面通镇和平大街江南名府东门北侧20米,"130.526181,44.924514",[],黑龙江省,牡丹江市,穆棱市
鼎尖美发(永圣花园店),永圣花园小区东门北50米,"130.529748,44.920851",[],黑龙江省,牡丹江市,穆棱市
我的头发时尚造型,北三路与红旗街交叉口西60米,"130.527997,44.920938",18545368139,黑龙江省,牡丹江市,穆棱市
炫时尚造型(江南名府店),穆稜市江南名府一号楼3号门市,"130.524104,44.923320",18946344123,黑龙江省,牡丹江市,穆棱市
头领美发洗脸吧,尚品嘉园小吃街头领美发洗脸吧,"130.530808,44.918988",15946371936,黑龙江省,牡丹江市,穆棱市
领秀发艺设计,北三路与红旗街交叉口西40米,"130.528254,44.921222",13359539219,黑龙江省,牡丹江市,穆棱市
荟萃发廊,北三路与和平大街交叉口东60米,"130.526847,44.921036",[],黑龙江省,牡丹江市,穆棱市
王遥造型(永圣花园店),永圣花园,"130.528820,44.920925",[],黑龙江省,牡丹江市,穆棱市
穆棱市拥民发艺店,天马烟酒西面K8拥民发艺,"130.531039,44.920130",15999294337,黑龙江省,牡丹江市,穆棱市
金玉美容美发(和平大街店),八面通镇江南名府斜对过,"130.526498,44.923451",13694641681,黑龙江省,牡丹江市,穆棱市
蓝慧发艺(江南名府店),邮电路与和平大街交叉口西60米,"130.525790,44.924266",[],黑龙江省,牡丹江市,穆棱市
爵士发廊,义和人民大街下城子镇政府东北,"130.457458,44.685126",[],黑龙江省,牡丹江市,穆棱市
金威娜发型室,和平大街216号,"130.525799,44.915895",[],黑龙江省,牡丹江市,穆棱市
金艺烫染造型(金碧园2区店),金碧园二区11栋13号门市,"130.523459,44.916939",13555004280,黑龙江省,牡丹江市,穆棱市
思美发艺,人民大街与仁和路交叉口南20米,"130.457361,44.687086",[],黑龙江省,牡丹江市,穆棱市
港都发艺(府南路店),城南路与人民大街交叉口东60米,"130.457917,44.683884",[],黑龙江省,牡丹江市,穆棱市
喜来宣发廊(万事达名苑店),八面通镇团结路职高家属楼1楼门市,"130.539890,44.912237",[],黑龙江省,牡丹江市,穆棱市
曙光美发(惠民家园店),惠民家园西门北60米,"130.528034,44.915356",13555405140,黑龙江省,牡丹江市,穆棱市
鑫越发艺(惠民家园店),南二路与运东街交叉口西20米,"130.528866,44.915519",[],黑龙江省,牡丹江市,穆棱市
竞美发型设计室(富民小区店),北三路发廊街12号,"130.530501,44.921002",19997598198,黑龙江省,牡丹江市,穆棱市
鹏克时尚造型(永圣花园店),八面通镇北三路中段,"130.529555,44.921159",[],黑龙江省,牡丹江市,穆棱市
老狼发型设计室(尚品嘉园店),八面通镇小吃街尚品嘉园东门门市,"130.530848,44.919155",13149539278,黑龙江省,牡丹江市,穆棱市
冰丽美发,运东街与南一路交叉口北80米,"130.529140,44.917081",[],黑龙江省,牡丹江市,穆棱市
岳红发艺设计(富民小区店),富民小区,"130.530060,44.921056",[],黑龙江省,牡丹江市,穆棱市
美杜莎美业,八面通北三路永圣小区3号楼13号门市,"130.528725,44.921275",18724539600,黑龙江省,牡丹江市,穆棱市
Fadstyle时尚风格美发店,北三路与红旗街交叉口,"130.528747,44.921207",18603630070,黑龙江省,牡丹江市,穆棱市
丝爽美发专业发型设计,北三路与红旗街交叉口西北20米,"130.528439,44.921251",[],黑龙江省,牡丹江市,穆棱市
爱佳美发,穆棱镇政府二号楼0127,"130.265162,44.521904",16534537666,黑龙江省,牡丹江市,穆棱市
椿苗造型美发(鑫源居店),农拥街18附近,"130.530973,44.916852",13045329616,黑龙江省,牡丹江市,穆棱市
鑫雨发艺(绿海小区店),"八面通林业局绿海小区C11,9号门市","130.542802,44.930565",13351631989,黑龙江省,牡丹江市,穆棱市
新尔雅美发(吉祥苑店),吉祥苑南门旁,"130.333510,44.594854",13206898886,黑龙江省,牡丹江市,穆棱市
明星美发,中福路与东林街交叉口西南40米,"130.264282,44.521028",[],黑龙江省,牡丹江市,穆棱市
鑫源发艺,人民大街与仁和路交叉口南40米,"130.457359,44.687047",[],黑龙江省,牡丹江市,穆棱市
美美发艺,仁和路与人民大街交叉口西北20米,"130.456999,44.687443",[],黑龙江省,牡丹江市,穆棱市
爱尚美发造型门店,平安街与兴富路交叉口东北20米,"130.334187,44.595680",[],黑龙江省,牡丹江市,穆棱市
爱萍造型,政府路与中心街交叉口北20米,"130.264308,44.523377",[],黑龙江省,牡丹江市,穆棱市
常来发屋,安民路与西岗街交叉口北100米,"130.261355,44.525825",18714416957,黑龙江省,牡丹江市,穆棱市
茗柳美发,南二路与运东街交叉口东40米,"130.529811,44.915730",[],黑龙江省,牡丹江市,穆棱市
丽人美容美发,中心街与进步路交叉口西80米,"130.540655,44.693265",[],黑龙江省,牡丹江市,穆棱市
洪华美容美发(江南名府店),八面通镇和平大街江南名府1栋31号,"130.525440,44.923260",[],黑龙江省,牡丹江市,穆棱市
英姿美发,安民路与西岗街交叉口北40米,"130.261544,44.525200",15046323656,黑龙江省,牡丹江市,穆棱市
火蝴蝶美发造型(状元名苑店),八面通镇和平大街鸣贵宾楼对面,"130.528928,44.930418",[],黑龙江省,牡丹江市,穆棱市
小影造型(百合花园店),八面通镇百合小区1楼门市(宏宇火锅)对面,"130.524274,44.916631",[],黑龙江省,牡丹江市,穆棱市
金龙美发,穆棱镇林业局玉溪桥D-2号楼,"130.268597,44.520538",13946373399,黑龙江省,牡丹江市,穆棱市
贵族造型,穆林二小西南门旁,"130.253646,44.512944",[],黑龙江省,牡丹江市,穆棱市
凯威美发(祥瑞家园店),八面通镇工农街祥瑞家园8栋,"130.533372,44.925803",[],黑龙江省,牡丹江市,穆棱市
莹影发艺(永圣花园店),运东街与北三路交叉口西南20米,"130.529788,44.920941",[],黑龙江省,牡丹江市,穆棱市
朵朵发艺,龙溪家园北门东210米,"130.253762,44.512915",[],黑龙江省,牡丹江市,穆棱市
峰艺美发,鑫源居西1门南50米,"130.530646,44.915623",18249320327,黑龙江省,牡丹江市,穆棱市
福朋美发,八面通镇中心小区门市29号,"130.528008,44.919509",[],黑龙江省,牡丹江市,穆棱市
滚石美发造型,红旗街与北三路交叉口北40米,"130.528569,44.921389",[],黑龙江省,牡丹江市,穆棱市
她与他美发,和兴路与乡府街交叉口东140米,"130.214925,44.114975",[],黑龙江省,牡丹江市,穆棱市
华洋美发,和兴路与乡府街交叉口东120米,"130.214625,44.115325",[],黑龙江省,牡丹江市,穆棱市
云帆发艺,中心街与进步路交叉口南160米,"130.541475,44.691525",[],黑龙江省,牡丹江市,穆棱市
琪琪美业,人民大街与仁和路交叉口西北60米,"130.457075,44.687775",[],黑龙江省,牡丹江市,穆棱市
丝尚发艺,穆棱镇河北星河小区C5,"130.259058,44.509810",[],黑龙江省,牡丹江市,穆棱市
向阳理发店,龙溪家园,"130.252575,44.513125",[],黑龙江省,牡丹江市,穆棱市
大众理发,团结路与文化街交叉口西南20米,"130.536075,44.912175",[],黑龙江省,牡丹江市,穆棱市
新港造型(琥珀新苑店),八面通镇工农街琥珀新苑4号楼,"130.532154,44.910648",[],黑龙江省,牡丹江市,穆棱市
英英发艺,琥珀新苑一期,"130.531125,44.910425",[],黑龙江省,牡丹江市,穆棱市
丽点造型(绿海小区店),兴林街与林福路交叉口南500米,"130.544493,44.930849",[],黑龙江省,牡丹江市,穆棱市
薇尼造型,工农街456号祥瑞家园,"130.533725,44.925595",[],黑龙江省,牡丹江市,穆棱市
主流造型,和平大街518号江南名府,"130.526375,44.924675",[],黑龙江省,牡丹江市,穆棱市
老乡剪吧,和平大街与化北一胡同交叉口东南20米,"130.528875,44.930125",[],黑龙江省,牡丹江市,穆棱市
绮艺造型店,东风路与西环街交叉口西280米,"130.517225,44.922125",[],黑龙江省,牡丹江市,穆棱市
老三美发中心,雷锋路与206省道交叉口西280米,"130.492556,44.926939",[],黑龙江省,牡丹江市,穆棱市
剪廊美发工作室,山林城路与301国道交叉口西北140米,"130.260828,44.526044",13339434879,黑龙江省,牡丹江市,穆棱市
美发,兴源路与兴富路交叉口西260米,"130.331123,44.594425",[],黑龙江省,牡丹江市,穆棱市
米果美容美发,双宁街与和平路交叉口东40米,"130.258591,44.509962",[],黑龙江省,牡丹江市,穆棱市
丝艺美发,铁路街与铁五胡同交叉口南40米,"130.543745,44.915108",[],黑龙江省,牡丹江市,穆棱市
田杰美发,棱河路与东林街交叉口南20米,"130.265901,44.521397",[],黑龙江省,牡丹江市,穆棱市
菲菲美发,农拥街与北三路交叉口东北20米,"130.531354,44.921008",[],黑龙江省,牡丹江市,穆棱市
审美发艺,中心街与进步路交叉口东南40米,"130.541925,44.692775",[],黑龙江省,牡丹江市,穆棱市
金玲发艺(金碧园店),八面通和平大街94号,"130.526614,44.913241",[],黑龙江省,牡丹江市,穆棱市
潇洒发廊,中心街与棱河路交叉口东40米,"130.265572,44.523409",[],黑龙江省,牡丹江市,穆棱市
百姓美发,穆棱镇,"130.267675,44.516625",[],黑龙江省,牡丹江市,穆棱市
下城子大世界发廊,人民大街与宾南路交叉口西北40米,"130.457030,44.686627",[],黑龙江省,牡丹江市,穆棱市
老狼发艺,棱河路与东林街交叉口西北80米,"130.265106,44.522008",[],黑龙江省,牡丹江市,穆棱市
华威美容美发,安民路与山林城路交叉口南80米,"130.260800,44.526070",0453-8955135;15146300029,黑龙江省,牡丹江市,穆棱市
雅丽美发店,八面通镇育新街实验小学南,"130.540041,44.914802",[],黑龙江省,牡丹江市,穆棱市
红叶美容美发会所,人民大街与仁和路交叉口西北60米,"130.457048,44.687821",[],黑龙江省,牡丹江市,穆棱市
玫瑰美发室,长征路与育新街交叉口东40米,"130.539327,44.917722",[],黑龙江省,牡丹江市,穆棱市
粉黛尔美发(和平雅居店),八面通和平雅居步行街19号,"130.524336,44.915549",[],黑龙江省,牡丹江市,穆棱市
艺美丝发艺,八面通镇和平雅居步行街,"130.524729,44.915305",[],黑龙江省,牡丹江市,穆棱市
鸿雁发艺,八面通镇南二路鑫源居二期,"130.531065,44.915618",[],黑龙江省,牡丹江市,穆棱市
新浪潮美发美容养生,穆棱镇机务段对过,"130.260724,44.526241",[],黑龙江省,牡丹江市,穆棱市
红梅美发(百合花园店),百合花园南门西90米,"130.523135,44.916160",[],黑龙江省,牡丹江市,穆棱市
小世界美妆工作室,中心街与育才路交叉口东北40米,"130.544907,44.692901",[],黑龙江省,牡丹江市,穆棱市
魅尚美甲纹刺工作室,穆棱镇鑫河广场,"130.261503,44.525282",13039712280,黑龙江省,牡丹江市,穆棱市
俏佳人生活美容工作室,平安街与兴富路交叉口东北20米,"130.334163,44.595648",[],黑龙江省,牡丹江市,穆棱市
冯冯的店美甲美睫工作室,穆棱林业局河北利民小区德邦快递附近,"130.257723,44.511521",18745379875,黑龙江省,牡丹江市,穆棱市
萌萌美容工作室,中心街与育才路交叉口东80米,"130.545625,44.692425",[],黑龙江省,牡丹江市,穆棱市
欣喜美甲工作室,北三路与红旗街交叉口西北20米,"130.528436,44.921182",[],黑龙江省,牡丹江市,穆棱市
俪馨雅美容工作室,金碧园北门东60米,"130.527228,44.915464",[],黑龙江省,牡丹江市,穆棱市
小翠美容美甲工作室,棱河路与东林街交叉口南80米,"130.266144,44.520892",[],黑龙江省,牡丹江市,穆棱市
楷模造型·护肤造型(阳明店),御景园小区G8号楼109门市,"129.641906,44.591918",[],黑龙江省,牡丹江市,阳明区
小刚造型,江山如画C3-103门市鲜悦来海鲜批发旁边,"129.661328,44.607094",15561971005,黑龙江省,牡丹江市,阳明区
美缘剪烫品质店,华威小区2、3区东区南门东南90米,"129.636819,44.590330",15344630176,黑龙江省,牡丹江市,阳明区
慕北发艺传奇,阳明一路御景园25号楼下门市1003号,"129.641073,44.594191",18204539870,黑龙江省,牡丹江市,阳明区
丝艺造型(绿苑小区三区店),东平安街125号绿苑小区三区,"129.633857,44.586133",13694536428,黑龙江省,牡丹江市,阳明区
米来美容美发(绿苑小区店),东五条路牡丹街与平安街之间,"129.632177,44.584870",18604535615,黑龙江省,牡丹江市,阳明区
丽人发型印象,机车路7号附近,"129.652284,44.604053",13804810581,黑龙江省,牡丹江市,阳明区
明杰造型,东四小区西北门西140米,"129.629726,44.585441",15904539968,黑龙江省,牡丹江市,阳明区
美约美发沙龙(御景园店),御景园8号楼,"129.641984,44.591968",18045305858,黑龙江省,牡丹江市,阳明区
宇梵造型(润泽园小区店),镇江路10号,"129.659994,44.604512",15846785850,黑龙江省,牡丹江市,阳明区
大勇造型(皇都郦景店),皇都郦景B区18号楼103门市大勇造型,"129.666331,44.614672",18845337723,黑龙江省,牡丹江市,阳明区
刘斌造型工作室,东七条路华威二区一号楼门市,"129.637365,44.589725",18745338807,黑龙江省,牡丹江市,阳明区
鑫淼造型,华为一区1号楼101门市,"129.638658,44.587910",13251539517,黑龙江省,牡丹江市,阳明区
焦点创意发型工作室,阳明三路安居小区三号楼,"129.635830,44.595003",18346336800,黑龙江省,牡丹江市,阳明区
首秀美发烫染(安居小区店),光华街61号,"129.636544,44.595543",13845373933;13845733933,黑龙江省,牡丹江市,阳明区
铂柔造型,阳明四条路51号门市,"129.636077,44.593973",18604638535,黑龙江省,牡丹江市,阳明区
兵媛发型设计(金河湾店),前进街道金河湾小区5号楼110门市,"129.662714,44.611774",13845327047,黑龙江省,牡丹江市,阳明区
悦养丝生态染发(阳明三路店),阳明三路84号,"129.638058,44.593051",15204535851,黑龙江省,牡丹江市,阳明区
迪蓝朵美发美睫(皇都郦景C区店),皇都丽景C区150号门市,"129.662289,44.612101",15945367436,黑龙江省,牡丹江市,阳明区
李木子的美发店,平安街东四条路与东五条路之间道北,"129.630097,44.585633",15545304563,黑龙江省,牡丹江市,阳明区
从头开始专业烫染时尚造型(东六条路店),绿苑小区三区东门旁,"129.634821,44.585958",13845302180,黑龙江省,牡丹江市,阳明区
夏威夷美发专业店,东平安街352号,"129.633644,44.586067",13845393229,黑龙江省,牡丹江市,阳明区
得利发艺发型设计,机车路信大市场楼1号门市,"129.652125,44.601875",13214534778,黑龙江省,牡丹江市,阳明区
精剪坊专业烫染店(大树花园店),大树花园小区1号楼门市110号,"129.664448,44.612428",13766591938,黑龙江省,牡丹江市,阳明区
好多年发艺,机车路30附近,"129.651459,44.604712",13845384510,黑龙江省,牡丹江市,阳明区
美神造型,光华街机车路22号,"129.652827,44.602183",13766619955,黑龙江省,牡丹江市,阳明区
飘雅发型室(绿苑小区三区店),绿苑小区三区北门旁,"129.633258,44.585976",13555008461,黑龙江省,牡丹江市,阳明区
晓松造型,东平安街与东五条路交叉口西60米,"129.630646,44.585771",13304534143,黑龙江省,牡丹江市,阳明区
好再来思缘美业,安居小区东南门旁,"129.636046,44.593969",18714443636,黑龙江省,牡丹江市,阳明区
魅力人生发型工作室,光华街与裕民路交叉口西100米,"129.654275,44.601025",[],黑龙江省,牡丹江市,阳明区
思恩美发造型手机维修,东平安街与东六条路交叉口东北160米处春城御园小区3号楼门市431-B室,"129.636725,44.587525",[],黑龙江省,牡丹江市,阳明区
港星发艺,机车东一路与前进二道街交叉口南120米,"129.651089,44.607088",13514549707,黑龙江省,牡丹江市,阳明区
薄伟发屋,机车路蓝鸟生鲜超市对面2号楼,"129.651343,44.604824",[],黑龙江省,牡丹江市,阳明区
艺歌造型(中德·紫金城店),中德·紫金城5栋,"129.645336,44.591101",[],黑龙江省,牡丹江市,阳明区
素色美发沙龙(中德·紫金城店),阳明新路17号,"129.645475,44.591175",[],黑龙江省,牡丹江市,阳明区
敏君造型(大树花园店),大树花园西北2门西南210米,"129.665591,44.613792",13514505548,黑龙江省,牡丹江市,阳明区
小冬造型(安居小区店),安居小区东南门旁,"129.635975,44.594075",[],黑龙江省,牡丹江市,阳明区
名港发型设计(安全路店),铁岭河幸福小区一号楼1号门市,"129.682484,44.593268",[],黑龙江省,牡丹江市,阳明区
佳鑫美容美发,金河湾小区2号楼105室,"129.664413,44.612006",13125932555,黑龙江省,牡丹江市,阳明区
大美美发,阳明二条路与阳明十二道街交叉口西北40米,"129.638215,44.595585",[],黑龙江省,牡丹江市,阳明区
姐妹美发(大树花园店),大树花园2号楼门市,"129.664914,44.612221",[],黑龙江省,牡丹江市,阳明区
轩·造型(润泽园小区店),润泽园42号门市,"129.660215,44.605434",[],黑龙江省,牡丹江市,阳明区
美登高艺术发型,铁岭河市场北门旁,"129.682738,44.593780",15846771602,黑龙江省,牡丹江市,阳明区
姐妹发艺造型,阳明街道机车驾校雅典娜歌厅对面,"129.652217,44.603503",13766597965,黑龙江省,牡丹江市,阳明区
欣感觉专业美发(华威小区2区店),华威小区2、3区东南门旁,"129.639073,44.589163",13704533063,黑龙江省,牡丹江市,阳明区
创艺美发工作室(东七条路店),东七条路华威二区15号楼110门市,"129.636641,44.590483",18346338238;18745338807,黑龙江省,牡丹江市,阳明区
阿雷造型,安康小区,"129.636552,44.593232",[],黑龙江省,牡丹江市,阳明区
海蓝蓝美发(皇都郦景B区店),皇都郦景东南门东60米,"129.664635,44.613938",15804530265,黑龙江省,牡丹江市,阳明区
风剪云专业美发,安居小区西南门东北50米,"129.635725,44.594525",[],黑龙江省,牡丹江市,阳明区
玫瑰园发廊(恒丰苑店),恒丰小区东3门旁,"129.652501,44.598396",[],黑龙江省,牡丹江市,阳明区
淼淼美发店,裕民路67号,"129.657298,44.603005",[],黑龙江省,牡丹江市,阳明区
美格发型设计(御景园店),中房小区北门旁,"129.640428,44.591422",[],黑龙江省,牡丹江市,阳明区
发艺空间烫染店,阳明一路御景园小区26号,"129.641577,44.593822",[],黑龙江省,牡丹江市,阳明区
首艺造型,磨刀石镇委西侧80米,"129.868060,44.563543",[],黑龙江省,牡丹江市,阳明区
致美造型(中德·紫金城店),中德·紫金城,"129.644543,44.591145",[],黑龙江省,牡丹江市,阳明区
新概念美发(安居小区店),阳明三路安居小区4号楼,"129.636951,44.594868",[],黑龙江省,牡丹江市,阳明区
剪艺专业美发(御景园店),阳明三路御景园三号楼下,"129.639629,44.591842",13644538575,黑龙江省,牡丹江市,阳明区
百姓理发,机车西一路恒丰六号楼,"129.651307,44.602518",[],黑龙江省,牡丹江市,阳明区
左右造型(机车西一路店),信大小区2号楼,"129.651731,44.601913",15845301120,黑龙江省,牡丹江市,阳明区
鑫洋洋发廊,前进街道33号楼2单元101室,"129.654567,44.605387",[],黑龙江省,牡丹江市,阳明区
明星发型设计(安全路店),铁岭河市场北门旁,"129.682593,44.593265",[],黑龙江省,牡丹江市,阳明区
综艺发廊,桦林橡胶厂街道桦林镇橡胶厂市场一条街,"129.684993,44.686757",13514583506,黑龙江省,牡丹江市,阳明区
艺玫美发,机车路4-84,"129.651610,44.604550",13624536940,黑龙江省,牡丹江市,阳明区
林美斯美容美发,御景园,"129.640975,44.593625",[],黑龙江省,牡丹江市,阳明区
小不点美发,铁岭街与邮电路交叉口西北60米,"129.686269,44.593001",[],黑龙江省,牡丹江市,阳明区
博奕造型(安居小区店),安居小区,"129.635888,44.594289",[],黑龙江省,牡丹江市,阳明区
蔚蓝造型(盛世华庭店),盛世华庭,"129.644756,44.597716",[],黑龙江省,牡丹江市,阳明区
老中青美发,桦林大街与004乡道交叉口西400米,"129.687434,44.686904",13694685576,黑龙江省,牡丹江市,阳明区
阿伟发型设计(机车路店),机车路6附近,"129.651926,44.603996",[],黑龙江省,牡丹江市,阳明区
发名廊,桦林大街与004乡道交叉口西400米,"129.687706,44.687065",13845397706;13945397786,黑龙江省,牡丹江市,阳明区
发型坊美发店,东平街木材小区7号楼门市556,"129.641911,44.591631",[],黑龙江省,牡丹江市,阳明区
利红美发,机车住宅4-2号楼1单元,"129.649931,44.607144",[],黑龙江省,牡丹江市,阳明区
如意美发,崔恩凤口腔诊所东侧100米,"129.869311,44.564913",[],黑龙江省,牡丹江市,阳明区
玉清美发5元理发,中心路与铁岭街交叉口东北60米,"129.685801,44.593634",[],黑龙江省,牡丹江市,阳明区
齐齐发艺,莲花北路与镇江路交叉口南140米,"129.668625,44.614175",[],黑龙江省,牡丹江市,阳明区
美灵发廊,机车住宅2-12-3-103,"129.654250,44.603935",[],黑龙江省,牡丹江市,阳明区
新世纪美发(华威一区店),丹江路与中通路交叉口西100米,"129.639923,44.587710",[],黑龙江省,牡丹江市,阳明区
百姓快剪店,东平安街与阳明三路交叉口东80米,"129.642838,44.591780",[],黑龙江省,牡丹江市,阳明区
靓点发屋(龙福佳源店),裕民路龙福家园6号102,"129.661278,44.618231",[],黑龙江省,牡丹江市,阳明区
回归发型设计(龙福佳源店),新兴街道裕民路28号龙福佳源,"129.660236,44.617393",[],黑龙江省,牡丹江市,阳明区
飘飘发廊,046乡道与201国道交叉口西北80米,"129.792875,44.819475",[],黑龙江省,牡丹江市,阳明区
金陵秀美发造型,046乡道与201国道交叉口西北100米,"129.792717,44.819605",[],黑龙江省,牡丹江市,阳明区
泓泓发廊,桦橡西街与桦橡科技路交叉口西南300米,"129.670874,44.677438",[],黑龙江省,牡丹江市,阳明区
文轩造型精致复合式店,林口镇邮政路果品道口,"130.273374,45.291321",[],黑龙江省,牡丹江市,林口县
新芳芳美容美发养生SPA会馆,站前大街与明华路交叉口西南20米,"130.264068,45.288612",[],黑龙江省,牡丹江市,林口县
果果造型,山水天域北区14号楼,"130.279132,45.280647",13199353330,黑龙江省,牡丹江市,林口县
剪廊发型工作室,新华路与站前大街交叉口南60米剪廊发型工作室,"130.270203,45.291500",13121715052,黑龙江省,牡丹江市,林口县
剪艺人生(迎宾路店),迎宾路与文政大街交叉口西北220米,"130.273375,45.291341",13351639191;18645784399,黑龙江省,牡丹江市,林口县
世季美发店,林口县世纪鼎城15号楼016门市,"130.265110,45.276291",13836382458;15522615156,黑龙江省,牡丹江市,林口县
梵宇造型(山水天域如意家园店),如意家园一号楼0125室,"130.280346,45.281399",19889931117,黑龙江省,牡丹江市,林口县
铭剪美容美发中心(海洋小区店),文政大街217号海洋小区,"130.273609,45.289201",15145366633,黑龙江省,牡丹江市,林口县
金顶发艺造型(山水天域店),山水天域六号楼中医院道口,"130.279136,45.279956",15946367799,黑龙江省,牡丹江市,林口县
标榜美业,林口县广场3号楼下55,"130.271832,45.289220",[],黑龙江省,牡丹江市,林口县
环宇发艺(金地家园店),金地家园东北门旁,"130.272170,45.288503",[],黑龙江省,牡丹江市,林口县
大春造型,林口镇邮电路老广播局对面,"130.273866,45.290481",[],黑龙江省,牡丹江市,林口县
深港美容美发,林口镇地税局楼下,"130.270102,45.291604",0453-3535166,黑龙江省,牡丹江市,林口县
木北发型设计(海洋小区店),兴林小区4号楼0113,"130.271849,45.290025",[],黑龙江省,牡丹江市,林口县
艺杰造型(新宏基御庭园店),新宏基御庭园6号楼35号门市,"130.269126,45.286917",17554238745,黑龙江省,牡丹江市,林口县
非凡时尚造型(中海新城店),中海新城,"130.280243,45.276082",15046355230,黑龙江省,牡丹江市,林口县
尚艺美发店,泰和全8号楼116室,"130.264542,45.280765",15174676866,黑龙江省,牡丹江市,林口县
甜甜美发(新宏基御庭园店),新宏基6号楼,"130.269129,45.286927",[],黑龙江省,牡丹江市,林口县
亚派美发,悦兴小区西门旁,"130.275991,45.294445",15945363199,黑龙江省,牡丹江市,林口县
山水天域兆红发廊烫染形象店,山水天域5号楼,"130.279622,45.279783",[],黑龙江省,牡丹江市,林口县
阿松烫染形象店(如意家园店),如意家园19号,"130.280075,45.280606",[],黑龙江省,牡丹江市,林口县
喜欢理美发,新鸿基1号楼0110室喜欢理美发,"130.267410,45.287735",15561936961,黑龙江省,牡丹江市,林口县
天佑造型,海洋世纪城14号楼013,"130.272067,45.290101",15945734321,黑龙江省,牡丹江市,林口县
后妃造型,林口县地税局楼下后,"130.270238,45.291453",[],黑龙江省,牡丹江市,林口县
靓丽美发厅照相复印打字(学府家园店),学府家园1号楼,"130.261820,45.278501",15765033444,黑龙江省,牡丹江市,林口县
天阳造型烫染工作室(御林嘉园店),林口镇御林家园4号楼下,"130.277130,45.286157",15145365238,黑龙江省,牡丹江市,林口县
林口林业局二理发店,兴林大街与商业路交叉口西120米,"130.289023,45.356340",[],黑龙江省,牡丹江市,林口县
名流(兴林大街店),古城镇林口林业局32号楼,"130.288459,45.356424",[],黑龙江省,牡丹江市,林口县
你好漂亮发型设计,文政大街新鸿基御庭园2号楼014室龙江银行东侧,"130.268921,45.287913",13114534349,黑龙江省,牡丹江市,林口县
首艺造型(山水天域店),盛林大街30号,"130.278663,45.279519",18145312444,黑龙江省,牡丹江市,林口县
搏莎造型,金沟步行街与站前大街交叉口南20米,"130.272177,45.292831",13946379139,黑龙江省,牡丹江市,林口县
春红美发(新宏基御庭园店),文德街31号,"130.269500,45.286978",[],黑龙江省,牡丹江市,林口县
金萍理容,民主小区南门东北230米,"130.263103,45.286254",[],黑龙江省,牡丹江市,林口县
佳鑫美发,迎宾路与文政大街交叉口西北140米,"130.273775,45.290775",[],黑龙江省,牡丹江市,林口县
花诗林美容美发化妆品店,建堂镇小学教学楼4号,"130.053494,45.681078",[],黑龙江省,牡丹江市,林口县
美约美容美发(林都雅苑小区店),笋岗村55-5栋,"130.261129,45.281777",[],黑龙江省,牡丹江市,林口县
德文剪艺,恒远小区,"130.271225,45.286575",13614537929,黑龙江省,牡丹江市,林口县
梵古造型,[],"130.269004,45.288025",18098886080,黑龙江省,牡丹江市,林口县
头领美发旗舰店,运管小区西北门旁,"130.260538,45.283374",[],黑龙江省,牡丹江市,林口县
洪波发型设计,迎宾路与站前大街交叉口南100米,"130.272591,45.292443",[],黑龙江省,牡丹江市,林口县
海宇发艺,林口镇海宇小区4号楼门市,"130.264266,45.284917",15004536528,黑龙江省,牡丹江市,林口县
珍姐美发(海宇小区店),海宇小区3号楼6号门市,"130.263147,45.284677",15946360679,黑龙江省,牡丹江市,林口县
有间发廊(学府家园店),林口镇学府5号楼,"130.260824,45.278203",15326530606,黑龙江省,牡丹江市,林口县
舒心发艺烫染形象店,恒远一号楼妇幼保健院南50米,"130.270592,45.286737",15045317733,黑龙江省,牡丹江市,林口县
鬼剪高端烫染(林都雅苑店),林都雅苑11号楼018室鬼剪造型,"130.261223,45.281645",13214533876,黑龙江省,牡丹江市,林口县
林口县医院西门头领造型,县医院西门运管道口北头领造型,"130.260453,45.283440",13504636658,黑龙江省,牡丹江市,林口县
佳丽美容美发设计中心,悦兴小区西门东南50米,"130.276590,45.294478",13845328387,黑龙江省,牡丹江市,林口县
奈丝造型(新宏基御庭园店),文政大街332号,"130.267790,45.287823",13115538466,黑龙江省,牡丹江市,林口县
小秀美发(山水天域店),山水天域北区南2门旁,"130.278975,45.279925",[],黑龙江省,牡丹江市,林口县
超群美发,建堂镇,"130.054101,45.680478",13604604131,黑龙江省,牡丹江市,林口县
敏敏发型工作室,站前大街与建华路交叉口北180米,"130.259105,45.286375",18346387779,黑龙江省,牡丹江市,林口县
霞光美容美发,站前大街与新华路交叉口西80米,"130.269181,45.291799",13836336347,黑龙江省,牡丹江市,林口县
英波造型(山水天域店),山水天域2号楼012门市,"130.279127,45.279093",13514533705,黑龙江省,牡丹江市,林口县
太子发型设计(海洋小区店),林口镇广场4号楼,"130.271478,45.290194",[],黑龙江省,牡丹江市,林口县
魅力时尚烫染会馆,文政大街与新华路交叉口东北60米,"130.272194,45.288965",13199399326,黑龙江省,牡丹江市,林口县
帕雅美发工作室,林口县广场3号楼门市249号,"130.272051,45.288945",[],黑龙江省,牡丹江市,林口县
好望角专业美发(德林家园店),邮电路德林楼下,"130.279665,45.278905",[],黑龙江省,牡丹江市,林口县
阿岩剪艺(民主小区店),文政大街408东南方向50米民主小区1号楼,"130.265225,45.287513",[],黑龙江省,牡丹江市,林口县
森焱发型设计,刁翎镇人民政府东南侧180米,"130.002880,45.779425",15636371998,黑龙江省,牡丹江市,林口县
金丽美容美发,林口县火车站西百惠楼下,"130.269408,45.291925",13351837688,黑龙江省,牡丹江市,林口县
金艺美容美发(迎宾路店),山水天域北区7号楼,"130.278749,45.279862",15946362347,黑龙江省,牡丹江市,林口县
赵岩发艺,林口镇恒远家园三号楼门市,"130.271287,45.285808",13946399505,黑龙江省,牡丹江市,林口县
海港美容美发(百合花园店),林口镇百合小区2号楼,"130.270052,45.284544",[],黑龙江省,牡丹江市,林口县
久明造型,向阳路与080县道交叉口西40米,"130.001790,45.780637",13304534927;17713339001,黑龙江省,牡丹江市,林口县
百合发屋(百合花园店),林口镇百合小区三号楼门市,"130.268286,45.283813",[],黑龙江省,牡丹江市,林口县
大凤中老年理发(民主小区店),文政大街民主小区八号楼,"130.263271,45.285934",13039702700,黑龙江省,牡丹江市,林口县
匠人美发(山水天域店),林口镇山水天域8号楼,"130.278601,45.279856",[],黑龙江省,牡丹江市,林口县
丝情发艺(迎宾路店),迎宾路楠山嘉园,"130.279315,45.283780",[],黑龙江省,牡丹江市,林口县
街道理发店,新城家园西侧190米,"130.294922,45.354520",[],黑龙江省,牡丹江市,林口县
丁丁造型美发,站前大街与金沟步行街交叉口南40米,"130.272034,45.292779",[],黑龙江省,牡丹江市,林口县
铭港高端烫染,林口镇金沟商贸街153号,"130.272572,45.292480",[],黑龙江省,牡丹江市,林口县
跃阳美发造型(林都雅苑小区店),林都雅苑5号楼0112号门市,"130.261075,45.282036",[],黑龙江省,牡丹江市,林口县
陶陶美发,林口镇四通路林都雅苑2号楼,"130.261456,45.282561",15245341077,黑龙江省,牡丹江市,林口县
新星红星发型设计,向阳路与站前大街交叉口西北220米,"130.273623,45.296482",18645784988,黑龙江省,牡丹江市,林口县
威潮发艺,060乡道与胜利大街交叉口东180米,"130.258359,45.288004",18845361601,黑龙江省,牡丹江市,林口县
博美发型设计,林口镇枫林晚2号楼负1层,"130.277274,45.293165",13555417444,黑龙江省,牡丹江市,林口县
我型我塑美发(御林嘉园店),黑龙江牡丹江林口县御林家园5号楼,"130.278075,45.286125",13945322131,黑龙江省,牡丹江市,林口县
红玲发廊,明华路与站前大街交叉口南40米,"130.264185,45.288502",15214625985,黑龙江省,牡丹江市,林口县
纯子美容美发,建堂派出所南侧240米,"130.054133,45.680261",[],黑龙江省,牡丹江市,林口县
鑫诺美发,文政街278号鑫子诺美发,"130.270914,45.288389",[],黑龙江省,牡丹江市,林口县
富饶造型,金沟步行街163号,"130.272476,45.292670",15046359321,黑龙江省,牡丹江市,林口县
欣荣美发,中海新城8号楼,"130.279844,45.275597",[],黑龙江省,牡丹江市,林口县
名匠造型,恒远家园1号楼0114门市,"130.270290,45.286624",13206869878,黑龙江省,牡丹江市,林口县
天艺专业美发理发(文政大街店),文政大街与团结路交叉口东北140米,"130.258934,45.283798",[],黑龙江省,牡丹江市,林口县
海洪发艺(民主小区店),民主小区8号楼,"130.262751,45.285595",[],黑龙江省,牡丹江市,林口县
秀华理发,兴林大街与商业路交叉口西120米,"130.289075,45.355675",[],黑龙江省,牡丹江市,林口县
剪成美业,世纪鼎城小区南门旁,"130.264975,45.276375",[],黑龙江省,牡丹江市,林口县
晓娥美发,现代城市广场,"130.268375,45.272925",[],黑龙江省,牡丹江市,林口县
嘉名造型,林都雅苑小区,"130.262125,45.282525",[],黑龙江省,牡丹江市,林口县
星耀美发,新宏基御庭园文政大街南门东120米,"130.269243,45.286918",[],黑龙江省,牡丹江市,林口县
超越美发,育红大街与迎宾路交叉口东北160米,"130.277725,45.288125",[],黑龙江省,牡丹江市,林口县
靓丽发艺,龙爪镇人民政府东南侧210米,"130.152125,45.245825",[],黑龙江省,牡丹江市,林口县
晓凤发艺,建华路与明德街交叉口东260米,"130.264602,45.278897",[],黑龙江省,牡丹江市,林口县
小红美发,文政大街244号金地家园,"130.272175,45.286025",[],黑龙江省,牡丹江市,林口县
汀格造型,平安街与友谊路交叉口西40米,"130.262775,45.283025",[],黑龙江省,牡丹江市,林口县
几禾形象设计工作室,鑫城国际,"130.270531,45.290229",[],黑龙江省,牡丹江市,林口县
爱鑫美发,060乡道与胜利大街交叉口东北180米,"130.258111,45.288516",[],黑龙江省,牡丹江市,林口县
一朵造型,迎春路与文政大街交叉口东南60米,"130.267024,45.287200",[],黑龙江省,牡丹江市,林口县
林口县秀丝轩专业烫染店,泰和泉三期1号楼0119,"130.265267,45.284826",13206881991,黑龙江省,牡丹江市,林口县
莱美形象设计工作室(芙蓉苑小区店),芙蓉苑小区,"130.274098,45.291158",[],黑龙江省,牡丹江市,林口县
老站前理发社(金地家园店),文政大街244号金地家园,"130.271840,45.287560",[],黑龙江省,牡丹江市,林口县
小刚烫染工作室,锦辉花园,"130.268417,45.288403",[],黑龙江省,牡丹江市,林口县
秀客造型,林口镇紫御华府11号楼,"130.264125,45.280225",[],黑龙江省,牡丹江市,林口县
明艳美发工作室,山水天域南区1号楼,"130.279525,45.279175",[],黑龙江省,牡丹江市,林口县
美容美发旗舰店,鑫城国际东门东南70米,"130.270914,45.290232",[],黑龙江省,牡丹江市,林口县
名洋美发造型,林口镇山水天域1号楼,"130.279618,45.279243",[],黑龙江省,牡丹江市,林口县
茗朗美发(园丁小区店),育红大街与前进路交叉口西南40米,"130.264289,45.284541",[],黑龙江省,牡丹江市,林口县
剪吧美容美发店,林都雅苑小区东北门旁,"130.263444,45.281978",[],黑龙江省,牡丹江市,林口县
大双美发,080县道与福祥街交叉口西北60米,"130.002628,45.779349",[],黑龙江省,牡丹江市,林口县
东方理发,站前大街与迎宾路交叉口北260米,"130.272385,45.295703",13945338483;18745367273,黑龙江省,牡丹江市,林口县
金港发艺,新宏基御庭园东南门西90米,"130.267277,45.286805",[],黑龙江省,牡丹江市,林口县
老理发美发店,古城镇供销社楼下,"130.295433,45.354460",[],黑龙江省,牡丹江市,林口县
老字号理发刮脸焗油,向阳路与站前大街交叉口西北220米,"130.273647,45.296542",15046350552;18246330744,黑龙江省,牡丹江市,林口县
净荣美发(泰和泉家园店),林口镇泰和泉小区六号楼下,"130.265170,45.281539",[],黑龙江省,牡丹江市,林口县
美丽汇美发造型,林口镇山水天域2号楼门市,"130.279425,45.279175",[],黑龙江省,牡丹江市,林口县
桃子发艺工作室(民主小区店),新宏基御庭园东南门旁,"130.268425,45.286825",[],黑龙江省,牡丹江市,林口县
金星发艺,古城镇林业局33号楼,"130.288672,45.356399",[],黑龙江省,牡丹江市,林口县
亮点烫染美发沙龙,柳树镇卫生院东南侧140米,"130.018123,44.909959",[],黑龙江省,牡丹江市,林口县
林涛发艺,309省道与江滨路交叉口东北160米,"129.744803,45.681147",[],黑龙江省,牡丹江市,林口县
唯美美发工作室,繁华街西50米,"130.295842,45.355441",[],黑龙江省,牡丹江市,林口县
小冰美甲美睫纹绣工作室,古城镇供销社集资楼0111室,"130.295238,45.354238",13664639627,黑龙江省,牡丹江市,林口县
思梦纹绣工作室,兴林大街与迎宾路交叉路口往东南约200米,"130.288458,45.355663",18845350422,黑龙江省,牡丹江市,林口县
柒禾美甲工作室,金地家园19号楼,"130.274447,45.286355",15331865200,黑龙江省,牡丹江市,林口县
琳霖美容工作室,文政大街244号金地家园,"130.272575,45.286075",[],黑龙江省,牡丹江市,林口县
