名称,地址,经纬度,电话,省份,城市,区县,来源城市
独创发型订制,金泰生活购物广场南门旁,"127.392620,46.083142",0451-57578222;13029858234,黑龙江省,哈尔滨市,巴彦县,哈尔滨市
名人造型(金泰店),金泰超市北门,"127.392837,46.085187",15776233337,黑龙江省,哈尔滨市,巴彦县,哈尔滨市
铭扬造型(北直路店),巴彦镇北直路195号(建设路楼下商服),"127.400053,46.082897",13845158585,黑龙江省,哈尔滨市,巴彦县,哈尔滨市
名人造型(盛隆国际店),西直路与北直路交叉路口东北侧(建设小区东侧),"127.401023,46.083146",15776233337,黑龙江省,哈尔滨市,巴彦县,哈尔滨市
明岩造型专业美发烫染,盛隆国际北门旁,"127.397809,46.087995",17600393522,黑龙江省,哈尔滨市,巴彦县,哈尔滨市
默飞美业(运输小区店),巴彦镇运输公司楼下西直路335号,"127.400852,46.081624",13845173779;13936020222,黑龙江省,哈尔滨市,巴彦县,哈尔滨市
森雅美发沙龙,巴彦镇政府南侧迎宾路54号,"127.406224,46.084352",18246563697,黑龙江省,哈尔滨市,巴彦县,哈尔滨市
佳明美发造型(运输小区店),运输小区西门旁,"127.400918,46.082308",13796045821,黑龙江省,哈尔滨市,巴彦县,哈尔滨市
朗峰造型(建设小区店),巴彦县拥政路115号盛龙国际小区中国邮政储蓄银行西侧,"127.396221,46.085727",13936144229,黑龙江省,哈尔滨市,巴彦县,哈尔滨市
爱尚美造型(福泰花园店),福泰小区南门东230米,"127.400371,46.087862",18945670307,黑龙江省,哈尔滨市,巴彦县,哈尔滨市
流行曲线美发机构(金泰花园店),金泰花园一号楼6号门市,"127.393879,46.082803",15114543353,黑龙江省,哈尔滨市,巴彦县,哈尔滨市
领航造型(拥政路店),金泰华庭南门东80米,"127.391567,46.085827",15045397075,黑龙江省,哈尔滨市,巴彦县,哈尔滨市
匠之人小庄发型私人订制(运输小区店),西直路339号,"127.400958,46.081759",13796151670,黑龙江省,哈尔滨市,巴彦县,哈尔滨市
阿谷造型,兴隆镇人民大街,"127.103692,46.440511",13633612304,黑龙江省,哈尔滨市,巴彦县,哈尔滨市
东田造型专业烫染(西直路店),运输小区西门旁,"127.400904,46.082174",18704653688,黑龙江省,哈尔滨市,巴彦县,哈尔滨市
伟伟专业烫染,北直路183号,"127.399364,46.082823",13936024616,黑龙江省,哈尔滨市,巴彦县,哈尔滨市
古贝造型(人民大街店),兴隆镇人民大街284号,"127.103219,46.440558",15846375437,黑龙江省,哈尔滨市,巴彦县,哈尔滨市
艺十造型,人民大街154号,"127.397449,46.081226",15545258539,黑龙江省,哈尔滨市,巴彦县,哈尔滨市
龙造型专业烫染店,西直路178号,"127.400051,46.077466",13945031117,黑龙江省,哈尔滨市,巴彦县,哈尔滨市
晓丰审美造型(北直路店),北直路与太平路交叉口东20米,"127.403155,46.082488",15561811234,黑龙江省,哈尔滨市,巴彦县,哈尔滨市
宇迪造型,鑫鑫花园一期D栋1层南7号,"127.403527,46.078432",18245178914,黑龙江省,哈尔滨市,巴彦县,哈尔滨市
炫彩烫染,集市东路与人民大街交叉口西南20米,"127.410005,46.080595",13603663240,黑龙江省,哈尔滨市,巴彦县,哈尔滨市
爱时尚形象设计,西直路429号(荣耀官邸对面),"127.401091,46.084829",15945454926,黑龙江省,哈尔滨市,巴彦县,哈尔滨市
金霞发艺(福泰花园店),巴彦镇福泰花园13号楼南车库,"127.397800,46.088214",[],黑龙江省,哈尔滨市,巴彦县,哈尔滨市
星创十元美发,吉庆路68号福泰花园,"127.397460,46.088175",17611320709,黑龙江省,哈尔滨市,巴彦县,哈尔滨市
艺扬美发,人民大街87号龙江新苑,"127.394971,46.081512",[],黑龙江省,哈尔滨市,巴彦县,哈尔滨市
酷美造型,人民大街450号,"127.410059,46.080412",[],黑龙江省,哈尔滨市,巴彦县,哈尔滨市
尖端造型专业烫染店(北直路店),巴彦镇金泰步行街A-4,"127.392998,46.083321",13603658310,黑龙江省,哈尔滨市,巴彦县,哈尔滨市
美天造型(集市路店),集市路223号,"127.406875,46.079579",[],黑龙江省,哈尔滨市,巴彦县,哈尔滨市
剪吧,集市路241号,"127.405363,46.079653",[],黑龙江省,哈尔滨市,巴彦县,哈尔滨市
名人造型,盛隆国际西门南50米,"127.395852,46.086006",[],黑龙江省,哈尔滨市,巴彦县,哈尔滨市
色廊形象设计中心(巴彦商都店),巴彦镇商都北大门,"127.410003,46.080119",15845024783,黑龙江省,哈尔滨市,巴彦县,哈尔滨市
崇尚造型(建设小区店),广场名苑西门东南60米,"127.401311,46.083845",[],黑龙江省,哈尔滨市,巴彦县,哈尔滨市
刘野形象设计室,迎宾路与治安路交叉口西北40米,"127.406257,46.084330",[],黑龙江省,哈尔滨市,巴彦县,哈尔滨市
多美雅美容美发(环保小区店),环保小区,"127.407021,46.082572",[],黑龙江省,哈尔滨市,巴彦县,哈尔滨市
小光造型(馨园小区店),拥政路209号,"127.399916,46.085564",15945055522,黑龙江省,哈尔滨市,巴彦县,哈尔滨市
天艺美发(馨园小区店),馨园小区,"127.400301,46.085541",13644649209,黑龙江省,哈尔滨市,巴彦县,哈尔滨市
弘晟烫染美发沙龙(卫通家园小区店),中心路187号,"127.112014,46.445657",15945956226,黑龙江省,哈尔滨市,巴彦县,哈尔滨市
未来Hair salon,县直机关小区西门南50米,"127.404686,46.085230",13945041314;15846040235,黑龙江省,哈尔滨市,巴彦县,哈尔滨市
吉米造型(幸福人家2期店),迎宾路84号幸福人家,"127.406515,46.088018",[],黑龙江省,哈尔滨市,巴彦县,哈尔滨市
Tt·剪烫染工作室,荣耀官邸,"127.400426,46.085202",[],黑龙江省,哈尔滨市,巴彦县,哈尔滨市
首领国际发型沙龙(兴隆分店),人民大街与人民路交叉口东南40米,"127.103336,46.440433",[],黑龙江省,哈尔滨市,巴彦县,哈尔滨市
Tt时尚烫染,运输小区西门南50米,"127.400973,46.081984",[],黑龙江省,哈尔滨市,巴彦县,哈尔滨市
七月·造型,荣耀综合小区北门西150米,"127.397539,46.082674",15124631544,黑龙江省,哈尔滨市,巴彦县,哈尔滨市
文美发型工作室(馨园小区店),巴彦镇黎明街馨园小区3栋6单元一层2号,"127.399621,46.085529",13703629988,黑龙江省,哈尔滨市,巴彦县,哈尔滨市
艺手遮添美发沙龙,兴隆林业局十三委,"127.133496,46.441639",[],黑龙江省,哈尔滨市,巴彦县,哈尔滨市
娜娜美发,电力集贸小区楼下娜娜美发人民大街449号,"127.412518,46.080783",13604508030,黑龙江省,哈尔滨市,巴彦县,哈尔滨市
匠人美发,西直路149号,"127.400862,46.081743",15776611036,黑龙江省,哈尔滨市,巴彦县,哈尔滨市
潮牌造型(运输小区店),北直路224号,"127.402403,46.082489",0451-57589911,黑龙江省,哈尔滨市,巴彦县,哈尔滨市
默飞烫染连锁店,巴彦镇北直路234号,"127.403460,46.082424",0451-57009898,黑龙江省,哈尔滨市,巴彦县,哈尔滨市
莹莹美发(文治颐园店),巴彦镇文治颐园东商服24号门,"127.408557,46.087020",13717871555;15846041860,黑龙江省,哈尔滨市,巴彦县,哈尔滨市
金铭都美发,人民大街与龙江路交叉口西40米,"127.394978,46.081229",[],黑龙江省,哈尔滨市,巴彦县,哈尔滨市
罗红时尚烫染(金地家园店),石桥路与西直路交汇处,"127.401410,46.079742",13603651588,黑龙江省,哈尔滨市,巴彦县,哈尔滨市
小埕美发工作室,人民大街154号,"127.397447,46.081261",[],黑龙江省,哈尔滨市,巴彦县,哈尔滨市
酷发烫染,集市东路与人民大街交叉口西南40米,"127.409976,46.080410",13100883820,黑龙江省,哈尔滨市,巴彦县,哈尔滨市
靓点美发,希望路与兴林东路交叉口西北60米,"127.133155,46.441585",[],黑龙江省,哈尔滨市,巴彦县,哈尔滨市
名剪专业烫染店,兴隆镇中心路64号,"127.108373,46.441910",13029861146,黑龙江省,哈尔滨市,巴彦县,哈尔滨市
头等大事发型工作室(治安路店),治安路15号文化小区,"127.403625,46.083975",13836040714,黑龙江省,哈尔滨市,巴彦县,哈尔滨市
阿利美业,荣耀综合小区北门西160米,"127.397530,46.082709",15561582005,黑龙江省,哈尔滨市,巴彦县,哈尔滨市
仟美发艺,巴彦镇人民大街9号东门里三十米道北,"127.422853,46.080310",18345740080,黑龙江省,哈尔滨市,巴彦县,哈尔滨市
马尚造型设计工作室,巴彦镇吉庆街劳动局综合楼主体楼首层西数第二门,"127.394434,46.081544",18686804034,黑龙江省,哈尔滨市,巴彦县,哈尔滨市
艺剪坊(迎宾路店),大东方购物中心,"127.111181,46.439256",[],黑龙江省,哈尔滨市,巴彦县,哈尔滨市
鸿妍造型烫染,兴隆镇育德委,"127.103612,46.440526",18846415455,黑龙江省,哈尔滨市,巴彦县,哈尔滨市
名朗发型制作,中心路19号,"127.108825,46.440947",18746489981;18845789966,黑龙江省,哈尔滨市,巴彦县,哈尔滨市
玲姐发艺(文治颐园店),东直路362号文治颐园,"127.406774,46.087177",[],黑龙江省,哈尔滨市,巴彦县,哈尔滨市
风在发端(吉庆路店),巴彦镇福泰花园2号楼,"127.399603,46.087928",[],黑龙江省,哈尔滨市,巴彦县,哈尔滨市
孙家美发馆,兴隆镇得权街,"127.112651,46.442544",[],黑龙江省,哈尔滨市,巴彦县,哈尔滨市
小言造型,运输小区西侧商服361号,"127.400823,46.082203",[],黑龙江省,哈尔滨市,巴彦县,哈尔滨市
冰城烫染发型室,福泰家园,"127.396959,46.088192",15846044036,黑龙江省,哈尔滨市,巴彦县,哈尔滨市
荣耀美发,文化路与人民大街交叉口北40米,"127.397140,46.081640",[],黑龙江省,哈尔滨市,巴彦县,哈尔滨市
卓飞美发专业烫染,巴彦镇兴大对面胡同,"127.409852,46.080514",[],黑龙江省,哈尔滨市,巴彦县,哈尔滨市
Ins Hair形象设计,集市路博雅怡园博雅怡园二期门市,"127.406175,46.079625",[],黑龙江省,哈尔滨市,巴彦县,哈尔滨市
张张美发工作室,馨园小区,"127.399610,46.085541",[],黑龙江省,哈尔滨市,巴彦县,哈尔滨市
名匠造型(馨园小区店),巴彦镇拥证路217号,"127.400000,46.085560",[],黑龙江省,哈尔滨市,巴彦县,哈尔滨市
红艺美发设计(福泰花园店),吉庆路68号福泰花园,"127.397923,46.088199",[],黑龙江省,哈尔滨市,巴彦县,哈尔滨市
烽火美业,吉庆路68号福泰花园,"127.396656,46.088201",[],黑龙江省,哈尔滨市,巴彦县,哈尔滨市
焦点专业烫染美发(绥巴公路店),兴隆镇泰圣浴池旁,"127.108283,46.441691",15046152093,黑龙江省,哈尔滨市,巴彦县,哈尔滨市
卓亚造型,运输小区西门南70米,"127.400874,46.081866",[],黑龙江省,哈尔滨市,巴彦县,哈尔滨市
小凯专业烫染,拥政路333号,"127.407911,46.084992",15245034563,黑龙江省,哈尔滨市,巴彦县,哈尔滨市
美坤美容美发,集市东路与集市路交叉口西南40米,"127.409825,46.078975",[],黑龙江省,哈尔滨市,巴彦县,哈尔滨市
格格梳专业女子烫染,绥巴公路与学府街交叉口西南40米,"127.109057,46.443344",0451-57538474,黑龙江省,哈尔滨市,巴彦县,哈尔滨市
阿志造型(中兴购物广场店),中心路中兴购物广场(东北角),"127.107658,46.441095",15114541671,黑龙江省,哈尔滨市,巴彦县,哈尔滨市
叁時理髮店,巴彦镇中心街欧街综合楼A栋一楼第一号,"127.405344,46.079665",15945453592,黑龙江省,哈尔滨市,巴彦县,哈尔滨市
阿东发型设计室,幸福家园小区西门东北50米,"127.405121,46.082399",19804563456,黑龙江省,哈尔滨市,巴彦县,哈尔滨市
酷贝造型,春林路与民生西路交叉口南20米,"127.124974,46.441739",[],黑龙江省,哈尔滨市,巴彦县,哈尔滨市
拾光造型,人民大街与人民路交叉口西40米,"127.102417,46.440571",[],黑龙江省,哈尔滨市,巴彦县,哈尔滨市
金剪子发型设计(贵宾时尚宾馆店),华星文苑南门东南60米,"127.401536,46.079734",18345734583,黑龙江省,哈尔滨市,巴彦县,哈尔滨市
一豪造型(馨馨花园一期店),集市路248号馨馨花园一期,"127.402120,46.078512",18210322767,黑龙江省,哈尔滨市,巴彦县,哈尔滨市
手艺人美发,兴隆中学西南门旁,"127.108261,46.443735",17545124686,黑龙江省,哈尔滨市,巴彦县,哈尔滨市
格色风专业烫染(中心路店),兴隆镇中心路,"127.108263,46.441650",15114548832,黑龙江省,哈尔滨市,巴彦县,哈尔滨市
名流美容美发(华星文苑店),华星文苑西北门南130米,"127.400738,46.080076",13796133233,黑龙江省,哈尔滨市,巴彦县,哈尔滨市
完美造型(西直路店),油厂家属楼,"127.176659,46.150371",13945046037,黑龙江省,哈尔滨市,巴彦县,哈尔滨市
沙宣造型烫染(华星文苑店),华星文苑南门旁,"127.400910,46.079963",13703632004,黑龙江省,哈尔滨市,巴彦县,哈尔滨市
美芙蓉美发(山后客车站道南),兴隆镇山后客车站点道南,"127.108804,46.440895",15846042932,黑龙江省,哈尔滨市,巴彦县,哈尔滨市
理想烫染(拥政路店),苏城花园北门东北50米,"127.407826,46.084999",15704618339,黑龙江省,哈尔滨市,巴彦县,哈尔滨市
袁伟专业烫染(人民大街步行街店),龙江新苑南门东南100米,"127.394991,46.081273",15545998051,黑龙江省,哈尔滨市,巴彦县,哈尔滨市
首都美发设计会馆(华星文苑店),西直路311号西牌楼南50米道东,"127.400750,46.080370",15945671033,黑龙江省,哈尔滨市,巴彦县,哈尔滨市
小海燕美发,巴彦县客运服务中心南1门旁,"127.396257,46.081249",13945047649,黑龙江省,哈尔滨市,巴彦县,哈尔滨市
禧源美发(中意小区店),北直路399号,"127.412013,46.082373",15663811425,黑龙江省,哈尔滨市,巴彦县,哈尔滨市
美都·造型(馨馨花园一期店),卫建街馨馨花园小区D栋西数1号商服,"127.402165,46.078499",18145575901,黑龙江省,哈尔滨市,巴彦县,哈尔滨市
晓霞专业烫染(西直路),金地家园西2门旁,"127.400746,46.079239",13796222145,黑龙江省,哈尔滨市,巴彦县,哈尔滨市
法兰泥美发纹绣养生会所,巴彦镇古街25号,"127.405842,46.080153",[],黑龙江省,哈尔滨市,巴彦县,哈尔滨市
鹏鸿美容美发,金泰商业街北.D13 号,"127.393142,46.084627",18546232753,黑龙江省,哈尔滨市,巴彦县,哈尔滨市
妃凡造型(人民大街步行街店),人民大街与通圃路交叉口东南40米,"127.413940,46.080417",[],黑龙江省,哈尔滨市,巴彦县,哈尔滨市
印迪娜自然护发馆(太平路店),育新小学东门西北100米,"127.405936,46.084048",[],黑龙江省,哈尔滨市,巴彦县,哈尔滨市
主流发型专业烫染店,兴隆镇人民大街276号,"127.103468,46.440534",[],黑龙江省,哈尔滨市,巴彦县,哈尔滨市
美格发型印象,绥巴公路与人民大街交叉口北120米,"127.108218,46.441376",[],黑龙江省,哈尔滨市,巴彦县,哈尔滨市
金起点发型工作室,[],"127.104821,46.440755",18346134892,黑龙江省,哈尔滨市,巴彦县,哈尔滨市
巅峰秀场(金泰步行街店),巴彦镇金泰儿童街b-6,"127.393002,46.083365",[],黑龙江省,哈尔滨市,巴彦县,哈尔滨市
选择专业美发(华星文苑店),华星文苑西北门南110米,"127.400771,46.080235",[],黑龙江省,哈尔滨市,巴彦县,哈尔滨市
鑫源发艺,人民大街190号,"127.398906,46.081209",[],黑龙江省,哈尔滨市,巴彦县,哈尔滨市
米兰造型,生资小区西南门东160米,"127.102653,46.440597",15045443888,黑龙江省,哈尔滨市,巴彦县,哈尔滨市
靓丽美发(迎宾路店),兴隆镇客运站对面,"127.112112,46.440520",13796158034,黑龙江省,哈尔滨市,巴彦县,哈尔滨市
天鹅美容美发,人民大街与人民路交叉口东180米,"127.105156,46.440451",[],黑龙江省,哈尔滨市,巴彦县,哈尔滨市
姐妹发艺,兴隆镇中心路68号,"127.108339,46.441806",[],黑龙江省,哈尔滨市,巴彦县,哈尔滨市
二伟剪吧(馨馨花园二期店),馨馨花园二期北门西50米,"127.403517,46.078174",13030099560,黑龙江省,哈尔滨市,巴彦县,哈尔滨市
艺尚造型(人民大街店),兴隆镇人民大街304号(老分局道口),"127.109326,46.440779",[],黑龙江省,哈尔滨市,巴彦县,哈尔滨市
首选发型印象(悦和家园店),悦和家园西门旁,"127.400734,46.077950",[],黑龙江省,哈尔滨市,巴彦县,哈尔滨市
金艺美发烫染工作室(华星文苑店),华星文苑西北门南150米,"127.400733,46.079963",[],黑龙江省,哈尔滨市,巴彦县,哈尔滨市
辰熙HairSalon,集市路354号,"127.401255,46.079775",[],黑龙江省,哈尔滨市,巴彦县,哈尔滨市
小磊美发(幸福家园小区店),幸福家园小区西门西150米,"127.403458,46.082447",[],黑龙江省,哈尔滨市,巴彦县,哈尔滨市
古贝美发沙龙(华星文苑店),巴彦镇华星文苑C栋,"127.402574,46.080512",[],黑龙江省,哈尔滨市,巴彦县,哈尔滨市
海艳专业美发(国泰嘉园店),国泰嘉园东门旁,"127.097712,46.439935",18646101015,黑龙江省,哈尔滨市,巴彦县,哈尔滨市
喜理·美发沙龙,北直路与迎宾路交叉口西60米,"127.404391,46.082384",[],黑龙江省,哈尔滨市,巴彦县,哈尔滨市
名仕造型专业烫染(人民大街步行街店),龙江新苑南门东100米,"127.395110,46.081475",[],黑龙江省,哈尔滨市,巴彦县,哈尔滨市
尚丝造型专业烫染(农行小区店),北直路与西直路交叉口西60米,"127.399977,46.082621",[],黑龙江省,哈尔滨市,巴彦县,哈尔滨市
红玉美发室(兴隆镇酒厂小区店),兴隆镇酒厂小区1栋,"127.114209,46.445497",[],黑龙江省,哈尔滨市,巴彦县,哈尔滨市
英雄联盟发型工作室(恒瑞花园店),巴彦镇恒瑞小区2号楼,"127.411159,46.084575",[],黑龙江省,哈尔滨市,巴彦县,哈尔滨市
标榜专业烫染店,古街与人民大街交叉口南60米,"127.406169,46.080453",13836010503,黑龙江省,哈尔滨市,巴彦县,哈尔滨市
兴隆镇哆唻咪风暴造型,兴隆林业局五委B号楼10号门,"127.130406,46.442458",15046705774,黑龙江省,哈尔滨市,巴彦县,哈尔滨市
千姿美发,德祥乡卫生院东北侧50米,"127.191926,46.493969",[],黑龙江省,哈尔滨市,巴彦县,哈尔滨市
小纯美发造型,北直路191号,"127.400125,46.082875",18043461578;18404057000,黑龙江省,哈尔滨市,巴彦县,哈尔滨市
幸运专业美发沙龙,人民大街234号,"127.399996,46.081109",15114618324,黑龙江省,哈尔滨市,巴彦县,哈尔滨市
发友汇十元快剪,东直路323东北方向130米恒瑞花园,"127.408839,46.084858",[],黑龙江省,哈尔滨市,巴彦县,哈尔滨市
十年发型工作室,兴南六路49号,"127.411255,46.084560",15134592518,黑龙江省,哈尔滨市,巴彦县,哈尔滨市
剪多多烫染造型,绥巴公路与人民大街交叉口北80米,"127.108000,46.441062",[],黑龙江省,哈尔滨市,巴彦县,哈尔滨市
春意美发,612乡道与绥巴公路交叉口北220米,"127.236055,46.353742",[],黑龙江省,哈尔滨市,巴彦县,哈尔滨市
商服铭洋美业,巴彦镇华星二楼,"127.405675,46.081175",[],黑龙江省,哈尔滨市,巴彦县,哈尔滨市
君乐发艺,建工路252号,"127.407744,46.076704",[],黑龙江省,哈尔滨市,巴彦县,哈尔滨市
TOP烫染,北直路与西直路交叉口西60米,"127.400075,46.082575",18003650538,黑龙江省,哈尔滨市,巴彦县,哈尔滨市
吾·道美发工作室,华星文苑南门东南60米,"127.401529,46.079718",15546474771,黑龙江省,哈尔滨市,巴彦县,哈尔滨市
莉莉美发,东直路与南直路交叉口西南20米,"127.407663,46.075241",[],黑龙江省,哈尔滨市,巴彦县,哈尔滨市
林娟发艺,兴隆镇中心路59号,"127.109382,46.440768",[],黑龙江省,哈尔滨市,巴彦县,哈尔滨市
昕熙造型,北直路164号,"127.399741,46.082645",15045443391,黑龙江省,哈尔滨市,巴彦县,哈尔滨市
飞浪美发,人民大街341号,"127.103570,46.440527",[],黑龙江省,哈尔滨市,巴彦县,哈尔滨市
新感觉美发,中心大街与振兴路交叉口东南160米,"127.485394,46.359529",[],黑龙江省,哈尔滨市,巴彦县,哈尔滨市
360度美发,盛世嘉园西北门东100米,"127.183673,46.152424",13644581154,黑龙江省,哈尔滨市,巴彦县,哈尔滨市
风尚烫染专业店(兴隆分店),人民大街与人民路交叉口东80米,"127.103835,46.440510",[],黑龙江省,哈尔滨市,巴彦县,哈尔滨市
添予美发工作室,集市路248号馨馨花园一期,"127.403575,46.078434",13091442667,黑龙江省,哈尔滨市,巴彦县,哈尔滨市
老李理发馆,南直路与冰国路交叉口西北100米,"127.178798,46.148933",13945032618,黑龙江省,哈尔滨市,巴彦县,哈尔滨市
鑫鑫美发,龙庙中学西南门南60米,"127.235198,46.352000",[],黑龙江省,哈尔滨市,巴彦县,哈尔滨市
吴氏逆龄时光美业,欧街与步行街交叉口东南20米,"127.404692,46.080372",[],黑龙江省,哈尔滨市,巴彦县,哈尔滨市
炫坊美发工作室,人民大街与迎宾路交叉口东南100米,"127.407200,46.080442",[],黑龙江省,哈尔滨市,巴彦县,哈尔滨市
短发故事(金泰步行街店),金泰生活购物广场南门旁,"127.392556,46.083149",[],黑龙江省,哈尔滨市,巴彦县,哈尔滨市
晓丽美发,迎宾路与绥巴公路交叉口北140米,"127.111730,46.440741",[],黑龙江省,哈尔滨市,巴彦县,哈尔滨市
鑫妍理烫发,兴隆宴席厅对面,"127.098319,46.441600",[],黑龙江省,哈尔滨市,巴彦县,哈尔滨市
金木美容美发(农行小区店),北直路(建设局路南)农行楼下,"127.400078,46.082598",13664573811,黑龙江省,哈尔滨市,巴彦县,哈尔滨市
超越美发,红光乡人民政府西南侧120米,"126.973677,46.426400",[],黑龙江省,哈尔滨市,巴彦县,哈尔滨市
欣怡美发,巴彦镇时代家园,"127.406925,46.078238",[],黑龙江省,哈尔滨市,巴彦县,哈尔滨市
仙姿烫染店,中心大街与平安大街交叉口西北180米,"127.485310,46.359313",13206569345,黑龙江省,哈尔滨市,巴彦县,哈尔滨市
美格美发,西集镇书香门第商服5号门,"127.184246,46.152568",[],黑龙江省,哈尔滨市,巴彦县,哈尔滨市
小毕子发型设计(嘉丰小区店),西集镇嘉丰小区,"127.177778,46.149843",13766948816,黑龙江省,哈尔滨市,巴彦县,哈尔滨市
创艺专业美发烫染,兴隆镇人民大街377号,"127.104785,46.440663",13674654788,黑龙江省,哈尔滨市,巴彦县,哈尔滨市
新奇艺发型设计(建东路店),博雅怡园东1门旁,"127.405768,46.079002",13644646173,黑龙江省,哈尔滨市,巴彦县,哈尔滨市
超美烫染,集市东路与集市路交叉口北40米,"127.409899,46.079649",[],黑龙江省,哈尔滨市,巴彦县,哈尔滨市
丽萍美发室,铁西街运管站楼下,"127.114761,46.443096",[],黑龙江省,哈尔滨市,巴彦县,哈尔滨市
纤手发型,丰乐乡康庄中学校西南门南80米,"127.123375,46.299825",[],黑龙江省,哈尔滨市,巴彦县,哈尔滨市
金港造型(华星文苑店),巴彦县集市路373商服,"127.401579,46.079979",[],黑龙江省,哈尔滨市,巴彦县,哈尔滨市
新艺烫染,巴彦镇兴大对面八珍熟食店胡同,"127.410044,46.080419",[],黑龙江省,哈尔滨市,巴彦县,哈尔滨市
辉仔发型设计室(文治颐园店),幸福人家1期东门南70米,"127.406337,46.086112",[],黑龙江省,哈尔滨市,巴彦县,哈尔滨市
顶剪一族,金源嘉园东门旁,"127.403075,46.088525",[],黑龙江省,哈尔滨市,巴彦县,哈尔滨市
曼哥发艺,福泰小区东门南220米,"127.400825,46.087175",[],黑龙江省,哈尔滨市,巴彦县,哈尔滨市
东旭美发,欧街7号,"127.404712,46.079875",[],黑龙江省,哈尔滨市,巴彦县,哈尔滨市
丝蒂形象设计(恒瑞花园店),东直路383号,"127.408862,46.085297",[],黑龙江省,哈尔滨市,巴彦县,哈尔滨市
黑猫造型,绥巴公路巴彦县龙庙中学,"127.236356,46.352923",15246651171,黑龙江省,哈尔滨市,巴彦县,哈尔滨市
首艺造型(华星文苑店),二百南胡同华兴文苑B栋商服,"127.402538,46.080211",[],黑龙江省,哈尔滨市,巴彦县,哈尔滨市
凤飞专业染烫,巴彦镇西直路315号,"127.400757,46.080371",[],黑龙江省,哈尔滨市,巴彦县,哈尔滨市
明明形象烫染,荣耀综合小区北门西北90米,"127.398313,46.082956",15045440033,黑龙江省,哈尔滨市,巴彦县,哈尔滨市
枫叶美发(人民大街步行街店),人民大街与集市东路交叉口东120米,"127.411758,46.080912",[],黑龙江省,哈尔滨市,巴彦县,哈尔滨市
梅子发艺,广电小区西北门旁,"127.408786,46.083746",15846041355;15846401355,黑龙江省,哈尔滨市,巴彦县,哈尔滨市
四季理烫染工作室,巴彦是馨馨花园二期十二号楼,"127.405241,46.078061",[],黑龙江省,哈尔滨市,巴彦县,哈尔滨市
东尼发艺(电业小区店),电业小区东门旁,"127.400402,46.080394",[],黑龙江省,哈尔滨市,巴彦县,哈尔滨市
金典发艺,611乡道与南直路交叉口东北100米,"127.178938,46.151116",[],黑龙江省,哈尔滨市,巴彦县,哈尔滨市
社区烫染社(福泰花园店),福泰花园北区西南门旁,"127.397167,46.088188",15146015808,黑龙江省,哈尔滨市,巴彦县,哈尔滨市
山河美发,平安大街与中心大街交叉口东160米,"127.488367,46.358319",15114540188,黑龙江省,哈尔滨市,巴彦县,哈尔滨市
鑫派造型,龙江新苑南2门东170米,"127.395004,46.081481",[],黑龙江省,哈尔滨市,巴彦县,哈尔滨市
长虹美发,中国移动(隆瑞店)东侧80米,"127.335748,46.569847",15945954841,黑龙江省,哈尔滨市,巴彦县,哈尔滨市
新月美发沙龙,611乡道与南直路交叉口东140米,"127.179818,46.151019",[],黑龙江省,哈尔滨市,巴彦县,哈尔滨市
红艳美发,商都北大门对面红艳美发,"127.409428,46.080146",[],黑龙江省,哈尔滨市,巴彦县,哈尔滨市
双双美容美发,兴隆镇二院南侧110米,"127.111807,46.448433",15945953946,黑龙江省,哈尔滨市,巴彦县,哈尔滨市
剪剪风烫染流行馆,南直路与集发路交叉口南60米,"127.177162,46.151580",[],黑龙江省,哈尔滨市,巴彦县,哈尔滨市
雅坤美发店,人民大街与文化路交叉口东南50米,"127.098325,46.440559",[],黑龙江省,哈尔滨市,巴彦县,哈尔滨市
东芝美容美发(巴彦商都店),集市路128号巴彦商都F1层,"127.409988,46.079875",[],黑龙江省,哈尔滨市,巴彦县,哈尔滨市
清新美发沙龙,兴隆镇中心路106号,"127.108222,46.443743",[],黑龙江省,哈尔滨市,巴彦县,哈尔滨市
梦娜丝美发美甲,和谐家园东门南80米,"127.399961,46.074810",[],黑龙江省,哈尔滨市,巴彦县,哈尔滨市
爱尚烫染,金盛路与拥政路交叉口西南40米,"127.392696,46.085355",[],黑龙江省,哈尔滨市,巴彦县,哈尔滨市
哆唻咪理发店,保卫路与民生西路交叉口西南60米,"127.126025,46.441575",[],黑龙江省,哈尔滨市,巴彦县,哈尔滨市
逸染造型美发沙龙,集市路248号馨馨花园一期,"127.403125,46.078825",[],黑龙江省,哈尔滨市,巴彦县,哈尔滨市
早晚美甲美睫工作室,育新校北门治安路4号,"127.406006,46.084042",18846418123,黑龙江省,哈尔滨市,巴彦县,哈尔滨市
悦熙美容工作室,金泰商业街B-16,"127.393054,46.083740",18246027783,黑龙江省,哈尔滨市,巴彦县,哈尔滨市
美丽坊美容纹绣工作室,育新小学东门北100米,"127.406010,46.084085",13945046322,黑龙江省,哈尔滨市,巴彦县,哈尔滨市
微微工作室,兴隆镇隆盛宾馆对面,"127.105922,46.439509",15114546772,黑龙江省,哈尔滨市,巴彦县,哈尔滨市
闺中密友美容工作室(华星文苑店),华星文苑A栋一层东数2号,"127.402540,46.080002",[],黑龙江省,哈尔滨市,巴彦县,哈尔滨市
喜乐美甲工作室,古街三号楼一单元一层5号商服,"127.407106,46.080123",15046708145,黑龙江省,哈尔滨市,巴彦县,哈尔滨市
小包包美甲美睫工作室,瑞桥怡园10号楼北24库,"127.396817,46.077383",13766995062,黑龙江省,哈尔滨市,巴彦县,哈尔滨市
秀姐工作室,西集镇永安街西集南苑综合楼首层东数10号,"127.181187,46.151514",[],黑龙江省,哈尔滨市,巴彦县,哈尔滨市
上品工作室,158县道与612乡道交叉口东南220米,"127.121371,46.302012",[],黑龙江省,哈尔滨市,巴彦县,哈尔滨市
杜叔纹身工作室,欧街与步行街交叉口南60米,"127.404704,46.080044",[],黑龙江省,哈尔滨市,巴彦县,哈尔滨市
男士理发馆,中心大街与平安大街交叉口西北120米,"127.485584,46.358873",[],黑龙江省,哈尔滨市,巴彦县,哈尔滨市
小燕美容美发(哈尔滨依兰县),老公安局楼下,"129.561371,46.315834",13936556663,黑龙江省,哈尔滨市,依兰县,哈尔滨市
名仕新感觉发艺,万家园东门西北50米,"129.563489,46.317699",15045290158,黑龙江省,哈尔滨市,依兰县,哈尔滨市
护林韵达中通名仕美发,护林村中学道口,"129.953709,46.015627",[],黑龙江省,哈尔滨市,依兰县,哈尔滨市
小六发艺时尚店(依兰店),万家园南门西南110米,"129.561981,46.316489",0451-57229111,黑龙江省,哈尔滨市,依兰县,哈尔滨市
明达造型品质烫染店(万家园店),万家园东门西200米,"129.562049,46.317421",18646102207,黑龙江省,哈尔滨市,依兰县,哈尔滨市
星冠美业形象设计,普照幼儿学校北1门旁,"129.561850,46.318773",0451-51612088;15845039688,黑龙江省,哈尔滨市,依兰县,哈尔滨市
君亿美业,锦绣花园小区东南门旁,"129.570169,46.324633",18345086686,黑龙江省,哈尔滨市,依兰县,哈尔滨市
美雅美发沙龙(前进街店),依兰镇通江路511号,"129.563903,46.322261",0451-57280790;13274627899,黑龙江省,哈尔滨市,依兰县,哈尔滨市
首艺造型(建设街店),建设街龙泉宾馆洗浴对面,"129.567825,46.313416",[],黑龙江省,哈尔滨市,依兰县,哈尔滨市
新剪与爱发艺(依兰店),健康街494号,"129.567722,46.320439",18246606265,黑龙江省,哈尔滨市,依兰县,哈尔滨市
亿佰分美发(旗舰店),通江路600号,"129.564735,46.319221",13089708123;14784600555,黑龙江省,哈尔滨市,依兰县,哈尔滨市
依兰绅度男士理发馆,通河路西527号,"129.563325,46.323375",15246720876,黑龙江省,哈尔滨市,依兰县,哈尔滨市
千艺造型(水韵紫城二期店),依兰镇水韵紫城二期34号楼门市,"129.567707,46.332385",15114638880,黑龙江省,哈尔滨市,依兰县,哈尔滨市
Y艺朗造型,土地局432号门市,"129.569512,46.320521",13199453543,黑龙江省,哈尔滨市,依兰县,哈尔滨市
森佐造型(水韵紫城二期店),水韵紫城二期24号楼4门市,"129.568749,46.335115",15636048987,黑龙江省,哈尔滨市,依兰县,哈尔滨市
美格造型(光耀巷店),万家园东门西70米,"129.563203,46.317663",15845140713,黑龙江省,哈尔滨市,依兰县,哈尔滨市
拾光·造型,金领华城镇医院对面,"129.570545,46.319499",17648841688,黑龙江省,哈尔滨市,依兰县,哈尔滨市
圣尧美发沙龙(牡丹园店),建设街牡丹家园六号楼东数第一门市,"129.557619,46.312520",18211152876,黑龙江省,哈尔滨市,依兰县,哈尔滨市
南方名剪,老电影院胡同,"129.565412,46.317322",13945196194,黑龙江省,哈尔滨市,依兰县,哈尔滨市
依兰县付丽发艺店,新育红小区北门东北70米,"129.567820,46.314978",13936031369,黑龙江省,哈尔滨市,依兰县,哈尔滨市
觅镜美发沙龙(汇丰花园店),通河街550号汇丰花园,"129.563126,46.323782",18646322207,黑龙江省,哈尔滨市,依兰县,哈尔滨市
丝美剪业(公安小区店),大众街公安小区(五国城路),"129.560880,46.314511",13351815103,黑龙江省,哈尔滨市,依兰县,哈尔滨市
韩流形象设计,欣欣胡同与迎宾巷交叉口北45米,"129.562022,46.313920",15645101987,黑龙江省,哈尔滨市,依兰县,哈尔滨市
新丝路发艺(鬼街店),鬼街西段道南人大综合楼新丝路发艺,"129.561030,46.314547",13244660789;17604510413,黑龙江省,哈尔滨市,依兰县,哈尔滨市
雅诗美发,汇丰公馆二期北门市东数第9门市,"129.562546,46.319813",13694514498,黑龙江省,哈尔滨市,依兰县,哈尔滨市
爵色美发(盛世名城小区店),广播街,"129.559769,46.324746",13796708299,黑龙江省,哈尔滨市,依兰县,哈尔滨市
美丝美剪,健康小区北门北50米,"129.569256,46.320503",15146022566,黑龙江省,哈尔滨市,依兰县,哈尔滨市
万森造型,宏城名居东门市第一中学旁,"129.572094,46.323477",[],黑龙江省,哈尔滨市,依兰县,哈尔滨市
亿伽美发烫染,和润玫瑰园c区大门门市西数第一家亿伽美发烫染,"129.565919,46.331336",[],黑龙江省,哈尔滨市,依兰县,哈尔滨市
潮流发艺,中国移动通信集团依兰分公司西门东南80米,"129.563295,46.325506",15146478812,黑龙江省,哈尔滨市,依兰县,哈尔滨市
领航发艺,水韵紫城二期,"129.569975,46.333475",[],黑龙江省,哈尔滨市,依兰县,哈尔滨市
小辉造型(金鼎尚城店),金鼎尚城3号楼3门市,"129.572410,46.321409",13634511167,黑龙江省,哈尔滨市,依兰县,哈尔滨市
初柒轻奢造型工作室,水韵紫城二期,"129.568975,46.332797",16501233353,黑龙江省,哈尔滨市,依兰县,哈尔滨市
丑小鸭美容美发(中央大街店),中央大街购物中心二楼第二门市,"129.561900,46.315898",13504806066,黑龙江省,哈尔滨市,依兰县,哈尔滨市
富洋美发(牡丹园店),牡丹家园9号楼西第一门市,"129.556220,46.311138",15146470692,黑龙江省,哈尔滨市,依兰县,哈尔滨市
大锁发艺,依兰镇三江招待所对过,"129.564470,46.311977",18845758242,黑龙江省,哈尔滨市,依兰县,哈尔滨市
志伟发艺(大众街店),大众街西属十二门市,"129.560433,46.314479",[],黑龙江省,哈尔滨市,依兰县,哈尔滨市
晨紫美发,中央大街与欣欣胡同交叉口东60米,"129.562499,46.315495",13904640809,黑龙江省,哈尔滨市,依兰县,哈尔滨市
小敏美发烫染吧,依兰镇南华园4号楼,"129.566281,46.311110",15146471321,黑龙江省,哈尔滨市,依兰县,哈尔滨市
名人发型设计(建设街店),老林业局楼下第八药店往西,"129.563913,46.312936",13030063458;18345024060,黑龙江省,哈尔滨市,依兰县,哈尔滨市
小丫发廊(聚鑫源小区店),南花园小区3号楼,"129.561079,46.312456",13634505070,黑龙江省,哈尔滨市,依兰县,哈尔滨市
雅诗美发造型,东顺城路51号,"129.570788,46.317875",13694514498,黑龙江省,哈尔滨市,依兰县,哈尔滨市
鸿艺时尚美发(禾润玫瑰园店),禾润玫瑰园东南门旁,"129.565773,46.331691",15636086668,黑龙江省,哈尔滨市,依兰县,哈尔滨市
阿龙美容美发,人大小区东1门北220米,"129.561672,46.314930",18246609872,黑龙江省,哈尔滨市,依兰县,哈尔滨市
欧美丝域,中央大街与欣欣胡同交叉口西南40米,"129.561371,46.315478",13654603626;13654615765,黑龙江省,哈尔滨市,依兰县,哈尔滨市
鑫升宇发型设计(万家园店),万家园,"129.563715,46.317449",15245717696,黑龙江省,哈尔滨市,依兰县,哈尔滨市
飞扬理容沙龙(运管小区店),运管小区东南门旁,"129.568360,46.316331",15946072650,黑龙江省,哈尔滨市,依兰县,哈尔滨市
鼎点美容美发(汇江开发小区店),阳光名苑南栋楼鼎点美容美发店,"129.562107,46.313409",15114633092,黑龙江省,哈尔滨市,依兰县,哈尔滨市
百分百美发,江山街与依达公路交叉口西北260米,"129.409553,46.173533",15045115275,黑龙江省,哈尔滨市,依兰县,哈尔滨市
伟尚发型(瑞远·南岸店),瑞远南岸二期15号楼一层10号门市,"129.570917,46.333104",[],黑龙江省,哈尔滨市,依兰县,哈尔滨市
丝语造型(水韵紫城二期店),水韵紫城二期,"129.568293,46.333056",18345087261,黑龙江省,哈尔滨市,依兰县,哈尔滨市
至简美容美发店,通江路409号,"129.563719,46.325235",13128678521;15045295158,黑龙江省,哈尔滨市,依兰县,哈尔滨市
天姿美容美发(永通巷店),汇丰公馆楼下多层东数第七门市,"129.560684,46.319000",[],黑龙江省,哈尔滨市,依兰县,哈尔滨市
小强造型,夹信子路与联合巷交叉口西80米,"129.555195,46.316288",[],黑龙江省,哈尔滨市,依兰县,哈尔滨市
夏日美发(民生店),三姓路19号,"129.576636,46.322737",[],黑龙江省,哈尔滨市,依兰县,哈尔滨市
沐野烫染设计,粮食小区,"129.570537,46.316921",15104549307,黑龙江省,哈尔滨市,依兰县,哈尔滨市
赫恩Barber shop,禾润玫瑰园c区东地6门市,"129.567383,46.330262",15245061384,黑龙江省,哈尔滨市,依兰县,哈尔滨市
北方美发(光耀巷),依兰县第三小学南门旁,"129.563106,46.317663",15846036066,黑龙江省,哈尔滨市,依兰县,哈尔滨市
小玲理发店,依兰镇早市对面逸园小区院内,"129.576474,46.320174",18345087647,黑龙江省,哈尔滨市,依兰县,哈尔滨市
枫彩美发(江山街店),达连河镇江南宾馆旁胡同里,"129.413037,46.172397",15045290823,黑龙江省,哈尔滨市,依兰县,哈尔滨市
丽美轩发艺(水韵紫城店),水韵紫城二期,"129.568225,46.333031",13604842913,黑龙江省,哈尔滨市,依兰县,哈尔滨市
尚艺造型(通河街店),空中花园(三百高层)小区1栋17号门市,"129.562485,46.323701",13224500032,黑龙江省,哈尔滨市,依兰县,哈尔滨市
笑笑时尚造型,通江路南花园小区笑笑时尚造型,"129.565902,46.312143",13604814804,黑龙江省,哈尔滨市,依兰县,哈尔滨市
初心造型(新育红小区店),新育红小区北门东北50米,"129.567641,46.314959",13796790215,黑龙江省,哈尔滨市,依兰县,哈尔滨市
剪之艺美发,通江路龙翔小区第五门市,"129.563756,46.325020",15146474440,黑龙江省,哈尔滨市,依兰县,哈尔滨市
依兰县永发聚星美发店(学府明珠店),学府明珠7号楼20号车库,"129.575549,46.312148",13845143680,黑龙江省,哈尔滨市,依兰县,哈尔滨市
知美美发,中央大街与通顺胡同交叉口西80米,"129.560821,46.315925",13045182444,黑龙江省,哈尔滨市,依兰县,哈尔滨市
王丽美发,欣欣胡同与大众街交叉口西北40米,"129.561643,46.315108",13796787355,黑龙江省,哈尔滨市,依兰县,哈尔滨市
华艺美发(建设街),建设街与通江路交叉口东120米,"129.566635,46.313038",13766945003,黑龙江省,哈尔滨市,依兰县,哈尔滨市
悦己造型(水韵紫城二期B区店),水韵紫城二期B区,"129.568926,46.334807",[],黑龙江省,哈尔滨市,依兰县,哈尔滨市
北木造型(广播街店),龙翔小区一号楼1层东数6号门市,"129.563066,46.325487",[],黑龙江省,哈尔滨市,依兰县,哈尔滨市
太平国际发型设计(汇丰公馆店),汇丰公馆南1门旁,"129.561007,46.318984",15146474308,黑龙江省,哈尔滨市,依兰县,哈尔滨市
鑫亿美业,健康街土地局A栋楼一层东数9门市,"129.568958,46.320500",[],黑龙江省,哈尔滨市,依兰县,哈尔滨市
哈佛发艺,粮食小区西南门旁,"129.569556,46.316374",[],黑龙江省,哈尔滨市,依兰县,哈尔滨市
修剪拾光(关岳小区店),汇丰公馆门市一号楼12号门,"129.560120,46.318938",[],黑龙江省,哈尔滨市,依兰县,哈尔滨市
雅典发型设计,新育红小区北门东北130米,"129.568479,46.315049",[],黑龙江省,哈尔滨市,依兰县,哈尔滨市
国威美发店,新育红小区北门东北90米,"129.568050,46.315003",13845091970,黑龙江省,哈尔滨市,依兰县,哈尔滨市
发尖理发馆(教委小区店),教委小区南区西北门旁,"129.566551,46.308456",15146477431,黑龙江省,哈尔滨市,依兰县,哈尔滨市
青丝坊(五国城路店),御景兰亭东北1门南120米,"129.560034,46.310774",[],黑龙江省,哈尔滨市,依兰县,哈尔滨市
金焱发艺,中央大街与文化路交叉口西南80米,"129.567955,46.315816",13936066744,黑龙江省,哈尔滨市,依兰县,哈尔滨市
巅峰之秀美业,巅峰之秀,"129.574088,46.320422",13604842501;18345023424,黑龙江省,哈尔滨市,依兰县,哈尔滨市
森美造型,朝阳新城东区,"129.571556,46.303767",[],黑龙江省,哈尔滨市,依兰县,哈尔滨市
阿敏烫染工作室(依兰县第三小学店),关岳小区北门东110米,"129.561508,46.318413",13836047432,黑龙江省,哈尔滨市,依兰县,哈尔滨市
斗斗发艺,通江路与通河街交叉口西北80米,"129.563721,46.324380",[],黑龙江省,哈尔滨市,依兰县,哈尔滨市
艺洋美容美发中心,通江路909号,"129.564726,46.312374",[],黑龙江省,哈尔滨市,依兰县,哈尔滨市
凯瑞专业美发(三江家园店),三江家园南门旁,"129.576025,46.317025",[],黑龙江省,哈尔滨市,依兰县,哈尔滨市
伊人坊形象定制,万家园南门东60米,"129.563377,46.316694",13136699933,黑龙江省,哈尔滨市,依兰县,哈尔滨市
金标造型(公安小区店),公安小区西门旁,"129.559871,46.314032",[],黑龙江省,哈尔滨市,依兰县,哈尔滨市
小军发型设计,三宝公路西100米,"130.109785,46.115708",13634889495,黑龙江省,哈尔滨市,依兰县,哈尔滨市
泊金女人专业美发,依兰镇少年宫金岛宾馆楼下,"129.564234,46.313675",[],黑龙江省,哈尔滨市,依兰县,哈尔滨市
剪约发型设计(健康街店),健康街与通江路交叉口东180米,"129.566883,46.320431",[],黑龙江省,哈尔滨市,依兰县,哈尔滨市
尚剪美发沙龙,健康街与东顺城路交叉口西200米,"129.567575,46.320446",[],黑龙江省,哈尔滨市,依兰县,哈尔滨市
金帝美发(瑞远·南岸店),瑞远南岸西南门旁,"129.567834,46.330922",18249164597,黑龙江省,哈尔滨市,依兰县,哈尔滨市
华丽美发,中央大街与文化路交叉口西南60米,"129.568035,46.315817",15946075262,黑龙江省,哈尔滨市,依兰县,哈尔滨市
雨航发艺,哈萝公路与四依线交叉口东北200米,"129.556941,46.415182",[],黑龙江省,哈尔滨市,依兰县,哈尔滨市
老五美容美发会所(山水家园店),通江路山水家园商铺,"129.564208,46.330493",18348681829,黑龙江省,哈尔滨市,依兰县,哈尔滨市
丽人造型(华康公寓店),华康公寓西南门旁,"129.562384,46.321831",[],黑龙江省,哈尔滨市,依兰县,哈尔滨市
浩轩美业,润龙小区东北侧100米,"130.110220,46.116213",[],黑龙江省,哈尔滨市,依兰县,哈尔滨市
燕子美发专业女士烫染店,依兰镇富都商务会馆斜对面,"129.562208,46.313853",15561838883,黑龙江省,哈尔滨市,依兰县,哈尔滨市
东格整体形象设计沙龙(汇丰公馆店),依兰镇汇丰公馆楼下7号商铺,"129.561807,46.319019",[],黑龙江省,哈尔滨市,依兰县,哈尔滨市
天鹅美发厅(建设街店),依兰镇建设街100号,"129.567030,46.313332",13654536062,黑龙江省,哈尔滨市,依兰县,哈尔滨市
晶晶理容工作室,依兰镇东顺城路盐业小区门市,"129.570914,46.317599",[],黑龙江省,哈尔滨市,依兰县,哈尔滨市
喜理美发店,山水家园,"129.564231,46.330018",[],黑龙江省,哈尔滨市,依兰县,哈尔滨市
派森染烫护理旗舰店,中央胜境北门东北70米,"129.565988,46.320396",13836080152,黑龙江省,哈尔滨市,依兰县,哈尔滨市
慧勤理发店,碧水星城1号楼北10米,"129.556241,46.315621",13936118698,黑龙江省,哈尔滨市,依兰县,哈尔滨市
鑫魏宇美发,东顺城路与土南巷交叉口北120米,"129.570035,46.322718",[],黑龙江省,哈尔滨市,依兰县,哈尔滨市
梵希造型店,园丁小区1号楼16号门市,"129.566325,46.324198",13694515409,黑龙江省,哈尔滨市,依兰县,哈尔滨市
艾尚美发工作室(江山街店),达连河镇艾尚美发工作室,"129.409538,46.173449",[],黑龙江省,哈尔滨市,依兰县,哈尔滨市
明尚发缘,健康街450号,"129.568741,46.320501",13945034862,黑龙江省,哈尔滨市,依兰县,哈尔滨市
审美发艺专业烫染店,达连河镇矿26号楼四单元,"129.409188,46.173774",[],黑龙江省,哈尔滨市,依兰县,哈尔滨市
元媚添资,三姓路27号金领华府小区4-5号楼1-2层5号门市,"129.575937,46.322240",15084608566,黑龙江省,哈尔滨市,依兰县,哈尔滨市
上禾造型,依兰镇中央大街86号,"129.561050,46.315478",13384509494,黑龙江省,哈尔滨市,依兰县,哈尔滨市
雅佳美发,依兰镇二中下坎新环保局对面,"129.569641,46.322006",[],黑龙江省,哈尔滨市,依兰县,哈尔滨市
佳成美发造型(健康小区店),依兰镇工商局楼下,"129.569958,46.320088",[],黑龙江省,哈尔滨市,依兰县,哈尔滨市
凯雅美发工作室(卫生小区店),健康街610号卫生小区,"129.563019,46.320357",[],黑龙江省,哈尔滨市,依兰县,哈尔滨市
晓庆专业美发设计,达连河镇矿业18号楼,"129.409526,46.173460",[],黑龙江省,哈尔滨市,依兰县,哈尔滨市
玲玲美发厅(五国城路),依兰镇牡丹家园5号楼8门市,"129.559059,46.312013",[],黑龙江省,哈尔滨市,依兰县,哈尔滨市
雅心发艺,瑞远南岸小区2号楼四单元7号库,"129.569667,46.332090",13945631851,黑龙江省,哈尔滨市,依兰县,哈尔滨市
名丝发型定制(水韵紫城二期B区店),水韵紫城二期B区,"129.569158,46.334544",[],黑龙江省,哈尔滨市,依兰县,哈尔滨市
她他美发室,依达公路与江山街交叉口西北150米附近,"129.411149,46.172723",13936352231,黑龙江省,哈尔滨市,依兰县,哈尔滨市
小双美发(公安小区店),公安小区西门旁,"129.559889,46.313906",[],黑龙江省,哈尔滨市,依兰县,哈尔滨市
如霞发艺(富水家园店),中央大街辅路与友谊胡同交叉口西40米,"129.554652,46.314892",13354510521,黑龙江省,哈尔滨市,依兰县,哈尔滨市
千丝万缕造型,中央大街与通顺胡同交叉口东20米,"129.562060,46.315838",[],黑龙江省,哈尔滨市,依兰县,哈尔滨市
旭坤美发屋,依兰县审计局楼下,"129.566904,46.320407",13936113737,黑龙江省,哈尔滨市,依兰县,哈尔滨市
小冬美发,三道公路,"130.111115,46.116201",15146478758,黑龙江省,哈尔滨市,依兰县,哈尔滨市
四海美发(东顺城路店),东顺城路与文卫巷交叉口西南20米,"129.570240,46.319131",[],黑龙江省,哈尔滨市,依兰县,哈尔滨市
一诺造型,中央胜境北门东100米,"129.566363,46.320417",[],黑龙江省,哈尔滨市,依兰县,哈尔滨市
正佳美业(越里吉路店),瑞远南岸北门2号楼1号库,"129.569983,46.332245",[],黑龙江省,哈尔滨市,依兰县,哈尔滨市
红叶时尚美发,光明街与五国城路交叉口东40米,"129.559861,46.316455",13633650906,黑龙江省,哈尔滨市,依兰县,哈尔滨市
新宇美发美甲,嘉宝小区东侧300米,"130.111725,46.117525",[],黑龙江省,哈尔滨市,依兰县,哈尔滨市
概念发型设计(公安小区店),依兰镇鬼街潘家串店斜对面,"129.561340,46.314596",[],黑龙江省,哈尔滨市,依兰县,哈尔滨市
发觉形象设计(公安小区店),公安小区,"129.561559,46.314572",18346277397,黑龙江省,哈尔滨市,依兰县,哈尔滨市
鸿扬美发(学府明珠店),学府明珠,"129.575587,46.311490",[],黑龙江省,哈尔滨市,依兰县,哈尔滨市
永祺美发,欣欣胡同与中央大街交叉口南40米,"129.561633,46.315286",13206677567,黑龙江省,哈尔滨市,依兰县,哈尔滨市
筱蕾美发,水韵紫城二期32号楼,"129.568620,46.333198",15546478920,黑龙江省,哈尔滨市,依兰县,哈尔滨市
创美造型工作室(光明街店),光明街与五国城路交叉口东60米,"129.560054,46.316497",[],黑龙江省,哈尔滨市,依兰县,哈尔滨市
丽君发廊(东顺城路),东顺城路与文卫巷交叉口西南20米,"129.570207,46.319045",[],黑龙江省,哈尔滨市,依兰县,哈尔滨市
才子男髪馆(水韵紫城二期店),水韵紫城二期B区,"129.569091,46.334661",[],黑龙江省,哈尔滨市,依兰县,哈尔滨市
红日美容美发,三道岗镇繁盛市场院里,"130.111529,46.117446",[],黑龙江省,哈尔滨市,依兰县,哈尔滨市
贵夫人美发纹绣(瑞远·南岸店),瑞远·南岸西北1门东100米,"129.570609,46.332786",[],黑龙江省,哈尔滨市,依兰县,哈尔滨市
欧艺形象工作室,健康街456号,"129.568550,46.320438",13274629111,黑龙江省,哈尔滨市,依兰县,哈尔滨市
精剪帝烫染造型,光明街与五国城路交叉口东80米,"129.560328,46.316541",[],黑龙江省,哈尔滨市,依兰县,哈尔滨市
东尼美发,中央胜境北门东北80米,"129.566108,46.320390",[],黑龙江省,哈尔滨市,依兰县,哈尔滨市
翔意造型(简约店),依兰镇关岳小区10号楼,"129.561772,46.317048",[],黑龙江省,哈尔滨市,依兰县,哈尔滨市
雅洁美发(水韵紫城一期店),水韵紫城小区15号楼14号车库,"129.564616,46.334176",13684651876,黑龙江省,哈尔滨市,依兰县,哈尔滨市
丽燕美发,欣欣胡同与大众街交叉口北40米,"129.561659,46.315108",[],黑龙江省,哈尔滨市,依兰县,哈尔滨市
添鑫美发(御景兰亭店),五国城路s133号御景兰亭,"129.558745,46.309646",[],黑龙江省,哈尔滨市,依兰县,哈尔滨市
晓东发艺(三江家园店),依兰镇三江家园10号楼2单元101,"129.575587,46.318398",[],黑龙江省,哈尔滨市,依兰县,哈尔滨市
卉洋美发,建设街与通江路交叉口东140米,"129.566832,46.313040",13845019354,黑龙江省,哈尔滨市,依兰县,哈尔滨市
大众理发店(天晶家园店),依兰镇通江路中广名苑对过计量局北侧,"129.564161,46.329221",13704843992,黑龙江省,哈尔滨市,依兰县,哈尔滨市
艾子专业美发,江山街与建设路交叉口东北420米,"129.410466,46.173569",[],黑龙江省,哈尔滨市,依兰县,哈尔滨市
艳姐十元快剪,关岳小区南1门西南50米,"129.560300,46.316890",[],黑龙江省,哈尔滨市,依兰县,哈尔滨市
美美发廊,哈萝公路与迎集公路交叉口东150米,"129.556312,46.414529",[],黑龙江省,哈尔滨市,依兰县,哈尔滨市
金剪子美发(S514店),514省道与756乡道交叉口西180米,"129.911216,46.317365",[],黑龙江省,哈尔滨市,依兰县,哈尔滨市
天艺美发,依达公路与江山街交叉口东100米,"129.412468,46.171985",[],黑龙江省,哈尔滨市,依兰县,哈尔滨市
蒂妃美业,金领华庭东门旁,"129.568075,46.327475",[],黑龙江省,哈尔滨市,依兰县,哈尔滨市
木熙造型,公安小区,"129.561662,46.314633",[],黑龙江省,哈尔滨市,依兰县,哈尔滨市
剪艺人生,健康小区,"129.568675,46.320125",[],黑龙江省,哈尔滨市,依兰县,哈尔滨市
专业理发,御景兰亭二期,"129.562425,46.308275",[],黑龙江省,哈尔滨市,依兰县,哈尔滨市
梦之缘发型设计工作室,新楼巷与通江路交叉口西60米,"129.563563,46.321835",[],黑龙江省,哈尔滨市,依兰县,哈尔滨市
晓静美发,新大商农贸小区,"129.850025,46.197825",[],黑龙江省,哈尔滨市,依兰县,哈尔滨市
小超美发,清江路与德顺巷交叉口东80米,"129.557125,46.311075",[],黑龙江省,哈尔滨市,依兰县,哈尔滨市
铭恩造型,依兰镇六街十二委龙翔运输公司2号楼一层南3门,"129.563704,46.324983",18845750011,黑龙江省,哈尔滨市,依兰县,哈尔滨市
匠心发艺,园丁金色家园东南门东60米,"129.566671,46.324193",[],黑龙江省,哈尔滨市,依兰县,哈尔滨市
美迹发艺,碧水星城14号楼5号车库,"129.553079,46.315272",[],黑龙江省,哈尔滨市,依兰县,哈尔滨市
金尚发艺,通江路与知北巷交叉口东南20米,"129.564175,46.328975",[],黑龙江省,哈尔滨市,依兰县,哈尔滨市
首艺美发,建设街与排水胡同交叉口东北20米,"129.571442,46.313424",[],黑龙江省,哈尔滨市,依兰县,哈尔滨市
慕丝美发,运通小区西北门旁,"129.571325,46.312875",[],黑龙江省,哈尔滨市,依兰县,哈尔滨市
千丝万缕发艺,健康路386号学府新城,"129.571917,46.320699",[],黑龙江省,哈尔滨市,依兰县,哈尔滨市
零创美发工作室,通江路553号亿达广场,"129.563475,46.321603",[],黑龙江省,哈尔滨市,依兰县,哈尔滨市
艺剪飞扬美发烫染店,依兰县国土资源局开发区分局西北侧190米,"129.413037,46.173483",[],黑龙江省,哈尔滨市,依兰县,哈尔滨市
嘉城发型工作室,瑞远·南岸,"129.571625,46.333125",[],黑龙江省,哈尔滨市,依兰县,哈尔滨市
赫·莎Salon,通江路137号天晶家园,"129.563103,46.333242",[],黑龙江省,哈尔滨市,依兰县,哈尔滨市
艺剪飞扬,江山街与依达公路交叉口西北240米,"129.409497,46.173727",[],黑龙江省,哈尔滨市,依兰县,哈尔滨市
小英美发,依林公路与道护公路交叉口东240米,"129.851515,46.196775",[],黑龙江省,哈尔滨市,依兰县,哈尔滨市
青丝年华发型设计工作室(学府新城店),健康路386号学府新城,"129.571946,46.320702",[],黑龙江省,哈尔滨市,依兰县,哈尔滨市
雅佳美发(瑞远·南岸店),瑞远·南岸西北1门西南130米,"129.568796,46.332148",[],黑龙江省,哈尔滨市,依兰县,哈尔滨市
秀客美发(三江家园店),三江家园东北门旁,"129.577100,46.318161",[],黑龙江省,哈尔滨市,依兰县,哈尔滨市
鼎尚发艺(瑞远·南岸店),瑞远·南岸西北1门旁,"129.569493,46.332492",[],黑龙江省,哈尔滨市,依兰县,哈尔滨市
小瑞美发,三姓路与泵厂北巷交叉口北180米,"129.575122,46.330623",[],黑龙江省,哈尔滨市,依兰县,哈尔滨市
升升造型,中央胜境北门东120米,"129.566513,46.320415",[],黑龙江省,哈尔滨市,依兰县,哈尔滨市
蓝梦发型设计,江山街与建设路交叉口东北420米,"129.410277,46.173591",[],黑龙江省,哈尔滨市,依兰县,哈尔滨市
航欣美发(教委小区南区店),教委小区南区西北门旁,"129.566872,46.308535",[],黑龙江省,哈尔滨市,依兰县,哈尔滨市
雅馨发艺(新育红小区店),新育红小区北门西80米,"129.566718,46.314633",13796761321,黑龙江省,哈尔滨市,依兰县,哈尔滨市
首秀发型工作室,知北巷与通江路交叉口东40米,"129.564441,46.329116",[],黑龙江省,哈尔滨市,依兰县,哈尔滨市
碧云美发(健康小区店),健康小区南门西50米,"129.568864,46.319354",[],黑龙江省,哈尔滨市,依兰县,哈尔滨市
赋予造型(华康公寓店),前进街9号华康公寓,"129.563089,46.322579",[],黑龙江省,哈尔滨市,依兰县,哈尔滨市
新时代美发,中国交通运政东侧70米,"129.411602,46.171905",[],黑龙江省,哈尔滨市,依兰县,哈尔滨市
澳派发型设计,气化厂家属区西南侧80米,"129.419114,46.181626",[],黑龙江省,哈尔滨市,依兰县,哈尔滨市
特美思发艺,达连河镇发廊一条街(水晶宫旁边),"129.412500,46.172337",[],黑龙江省,哈尔滨市,依兰县,哈尔滨市
HD发型工作室(公安小区店),公安小区,"129.561688,46.314593",[],黑龙江省,哈尔滨市,依兰县,哈尔滨市
银梦发型设计,751乡道与依愚公路交叉口西北60米,"130.055981,46.430733",[],黑龙江省,哈尔滨市,依兰县,哈尔滨市
如意专业美发,王丽娟口腔科诊所北侧110米,"129.416121,46.174687",[],黑龙江省,哈尔滨市,依兰县,哈尔滨市
审美发艺烫染造型,宏克利镇宏福小区,"129.850684,46.575755",[],黑龙江省,哈尔滨市,依兰县,哈尔滨市
鹤鸣美发,通江路284号,"129.564216,46.328414",[],黑龙江省,哈尔滨市,依兰县,哈尔滨市
韦龙发型设计,三道岗镇繁盛小区,"130.111926,46.117648",[],黑龙江省,哈尔滨市,依兰县,哈尔滨市
金凤发艺,达连河镇三区家属楼,"129.413233,46.176363",[],黑龙江省,哈尔滨市,依兰县,哈尔滨市
梓璇发艺,依达公路与江山街交叉口东北400米,"129.412879,46.175384",[],黑龙江省,哈尔滨市,依兰县,哈尔滨市
海燕理烫发,江山街与建设路交叉口东北340米,"129.409209,46.173475",[],黑龙江省,哈尔滨市,依兰县,哈尔滨市
红星理发,中央大街与光明街交叉口南50米,"129.561633,46.315228",[],黑龙江省,哈尔滨市,依兰县,哈尔滨市
瑞丝轩发艺,达连河镇煤矿家属楼26号1单元,"129.408707,46.173720",[],黑龙江省,哈尔滨市,依兰县,哈尔滨市
菲菲美发厅(粮食小区店),排水胡同与中央大街交叉口西南40米,"129.570463,46.316128",[],黑龙江省,哈尔滨市,依兰县,哈尔滨市
苗苗美容美体(汇江开发小区店),迎宾巷6号汇江开发小区,"129.562077,46.313539",[],黑龙江省,哈尔滨市,依兰县,哈尔滨市
越越彩妆工作室,依兰县工会楼下东第三门市,"129.565402,46.316736",15084609994,黑龙江省,哈尔滨市,依兰县,哈尔滨市
薪宇美容养生工作室(伍郡兰庭店),伍郡兰庭七号楼十门市薪宇美容工作室,"129.562239,46.325719",15776895776,黑龙江省,哈尔滨市,依兰县,哈尔滨市
玲子美容工作室(水韵紫城二期A区店),三姓路与越里吉路交叉口西北280米,"129.571497,46.336457",13154514789,黑龙江省,哈尔滨市,依兰县,哈尔滨市
冰冰范儿纹绣工作室,迎宾巷与通江路交叉口西40米,"129.564259,46.313687",[],黑龙江省,哈尔滨市,依兰县,哈尔滨市
苗苗美甲美睫工作室,依兰镇电影院胡同晓伟内衣对面,"129.565592,46.317219",[],黑龙江省,哈尔滨市,依兰县,哈尔滨市
唯美美甲美睫工作室,普照幼儿学校北1门旁,"129.561906,46.318974",[],黑龙江省,哈尔滨市,依兰县,哈尔滨市
晨曦美甲美睫工作室,中通三道岗镇东侧100米,"130.112225,46.116549",[],黑龙江省,哈尔滨市,依兰县,哈尔滨市
皮蛋工作室美甲美睫,老林业局办公楼西数第三门市,"129.564061,46.312918",[],黑龙江省,哈尔滨市,依兰县,哈尔滨市
辉姐美容工作室,金领华城,"129.572675,46.319925",[],黑龙江省,哈尔滨市,依兰县,哈尔滨市
山沐造型美甲(金领华城店),金领华城,"129.570578,46.319356",[],黑龙江省,哈尔滨市,依兰县,哈尔滨市
东洋理容设计中心,江山街与依达公路交叉口西北220米,"129.409649,46.173738",[],黑龙江省,哈尔滨市,依兰县,哈尔滨市
通河北木造型专业染烫,通河镇向阳街隆兴小区2号楼一层,"128.752687,45.972094",15764501418,黑龙江省,哈尔滨市,通河县,哈尔滨市
浩铭发型空间(隆兴小区店),通河镇隆兴小区3号楼,"128.752840,45.972437",[],黑龙江省,哈尔滨市,通河县,哈尔滨市
金梦美发厅(哈尔滨供销大楼店),通江大街204号供销大楼F1层,"128.745002,45.980850",[],黑龙江省,哈尔滨市,通河县,哈尔滨市
通河县阿亮美容美发美甲店,阿亮美容美发美甲店通河镇长安街六委烟草小区一期A栋5号商服,"128.749281,45.975950",0451-57485599;15134506763,黑龙江省,哈尔滨市,通河县,哈尔滨市
朗艺发型设计(建设小区店),大世界楼下,"128.747076,45.976601",13654590604;15134505435,黑龙江省,哈尔滨市,通河县,哈尔滨市
发丝缘美发工作室,老干部局家属楼北第二个门市大清华饭店对面,"128.746042,45.979158",15945099882,黑龙江省,哈尔滨市,通河县,哈尔滨市
非凡烫染造型(文盛街),文盛街与铧子山大街交叉口东100米,"128.745761,45.972696",0451-57450034;15134555665,黑龙江省,哈尔滨市,通河县,哈尔滨市
怡人美发,隆达路11号楼1门市,"128.749030,45.982341",15545597273,黑龙江省,哈尔滨市,通河县,哈尔滨市
东升造型,通河镇隆达山大街与喜鹊街交叉路口南侧,"128.750773,45.978679",13796152369,黑龙江省,哈尔滨市,通河县,哈尔滨市
秀阁时尚造型,丁香街与杨树街交叉口西南20米,"128.751956,45.971927",[],黑龙江省,哈尔滨市,通河县,哈尔滨市
千丝俏美发,隆达山大街联社4号门市千丝俏美发,"128.750922,45.978560",18645083722,黑龙江省,哈尔滨市,通河县,哈尔滨市
首秀发型工作室(隆兴小区店),隆兴小区南门三号楼15号门市,"128.753562,45.972626",[],黑龙江省,哈尔滨市,通河县,哈尔滨市
海波发艺(新风大街),通河镇通江大街广电大厦对面,"128.744450,45.982950",15846155458,黑龙江省,哈尔滨市,通河县,哈尔滨市
通河县理享美发店,[],"128.748961,45.977353",17645034256,黑龙江省,哈尔滨市,通河县,哈尔滨市
小峰发艺,石油路与人和大街交叉口东南60米,"128.765701,45.981178",[],黑龙江省,哈尔滨市,通河县,哈尔滨市
大军发型设计室(金穗佳苑店),金慧佳苑,"128.753729,45.974259",15146416781;15546687711,黑龙江省,哈尔滨市,通河县,哈尔滨市
毫末美发(丽景家园店),丽景家园东北门旁,"128.741999,45.977356",13212809985,黑龙江省,哈尔滨市,通河县,哈尔滨市
银艺发型设计(江畔花园三期店),通河镇江畔花园19号楼鑫达酒店对面,"128.747610,45.972251",[],黑龙江省,哈尔滨市,通河县,哈尔滨市
晓钢发型设计(江畔花园三期店),畔花园三期27号楼5门市,"128.745658,45.972666",13115406621,黑龙江省,哈尔滨市,通河县,哈尔滨市
秀客造型(临湖北路店),临湖北路与通江街交叉口东北60米,"129.319443,46.181930",[],黑龙江省,哈尔滨市,通河县,哈尔滨市
春津美容,通河镇老中医院楼下,"128.754991,45.975936",13136645200,黑龙江省,哈尔滨市,通河县,哈尔滨市
梦妮美容院(隆兴小区店),隆兴小区西北1门旁,"128.752947,45.973368",13936355918;15046765122,黑龙江省,哈尔滨市,通河县,哈尔滨市
尊尚发型设计,通河镇生资楼下第15门市(大千市场冬门对面),"128.753698,45.974321",[],黑龙江省,哈尔滨市,通河县,哈尔滨市
60发艺(公安小区店),公安小区西北门东80米,"128.745183,45.976102",15045062212,黑龙江省,哈尔滨市,通河县,哈尔滨市
名媛美发,杨树街与喜鹊街交叉口东南40米,"128.749134,45.978019",[],黑龙江省,哈尔滨市,通河县,哈尔滨市
A·S爱思专业接发烫染,人和大街与兴隆路交叉口西南100米,"128.767475,45.982625",[],黑龙江省,哈尔滨市,通河县,哈尔滨市
宏利美发(隆兴小区店),隆兴小区东南门西110米,"128.752156,45.972407",13936355596,黑龙江省,哈尔滨市,通河县,哈尔滨市
尚艺美发会所(民大嘉园店),通河镇华子山大街民大家园西香坊,"128.743261,45.976349",18249789666,黑龙江省,哈尔滨市,通河县,哈尔滨市
沐晨造型,隆兴小区二号楼16门市,"128.753030,45.972325",15765555882,黑龙江省,哈尔滨市,通河县,哈尔滨市
杨涛烫染(建设小区店),建设小区南门西60米,"128.746489,45.975654",13091888139,黑龙江省,哈尔滨市,通河县,哈尔滨市
人美美发(生资店),通河镇人和大街198号,"128.753639,45.974806",[],黑龙江省,哈尔滨市,通河县,哈尔滨市
哥帝国际女士短发世家,通河县通江街85号,"128.749529,45.973168",13199443535,黑龙江省,哈尔滨市,通河县,哈尔滨市
发源之帝,云燕街与政通大街交叉口西40米,"128.745231,45.980041",[],黑龙江省,哈尔滨市,通河县,哈尔滨市
王帅美发,通河县宾馆高层西数1号门市,"128.748615,45.977253",13936476680,黑龙江省,哈尔滨市,通河县,哈尔滨市
短发故事,通河县短发故事美容美发通河镇长安街六委烟草小区一期A栋5号商服,"128.749326,45.975943",15134506763,黑龙江省,哈尔滨市,通河县,哈尔滨市
阿杰造型设计美发店,云燕街学府名苑5号楼8门市,"128.744386,45.979510",17614604674,黑龙江省,哈尔滨市,通河县,哈尔滨市
鑫一美容美发(隆兴小区店),隆兴小区西北1门旁,"128.752893,45.973355",15636113966,黑龙江省,哈尔滨市,通河县,哈尔滨市
经典美发(喜鹊街店),喜鹊街与杨树街交叉口西南60米,"128.748224,45.978068",15146417517,黑龙江省,哈尔滨市,通河县,哈尔滨市
深港专业烫染,清河林业局通江街深港造型,"129.318312,46.181693",18714703326,黑龙江省,哈尔滨市,通河县,哈尔滨市
详详造型(丽景家园店),丽景家园东南门旁,"128.742029,45.976770",15045492021,黑龙江省,哈尔滨市,通河县,哈尔滨市
洋洋美发,隆达小区二期1栋9号门市,"128.750347,45.976546",[],黑龙江省,哈尔滨市,通河县,哈尔滨市
莱客造型(国税大楼店),通江大街163号国税大楼F1层,"128.748110,45.976068",[],黑龙江省,哈尔滨市,通河县,哈尔滨市
盛世美颜美容美发养生会馆(通河店),丁香街新大千市场隆达路店东南侧约150米,"128.754221,45.973276",[],黑龙江省,哈尔滨市,通河县,哈尔滨市
明媚发艺(公安小区店),公安小区4号楼,"128.743829,45.975776",[],黑龙江省,哈尔滨市,通河县,哈尔滨市
u美造型,通河镇实验小学北侧1号楼门市u,"128.750163,45.976487",[],黑龙江省,哈尔滨市,通河县,哈尔滨市
时尚经典造型(隆兴小区店),通河镇隆兴小区3号楼16门市,"128.753453,45.972597",[],黑龙江省,哈尔滨市,通河县,哈尔滨市
百分百美发室(学府名苑店),通河镇学府名苑六号楼七单元门市,"128.742832,45.979170",13159873977,黑龙江省,哈尔滨市,通河县,哈尔滨市
爱丽斯(通河县实验小学店),隆达小区南门西南60米,"128.752896,45.976993",[],黑龙江省,哈尔滨市,通河县,哈尔滨市
靓丽美发,人和大街542号,"128.763342,45.980896",[],黑龙江省,哈尔滨市,通河县,哈尔滨市
艺梵发艺,城东助残街 20 号门市房,"128.759520,45.979022",17622589888,黑龙江省,哈尔滨市,通河县,哈尔滨市
金梦美发厅(铧子山大街),云燕街18号学府名苑,"128.741960,45.978841",15546022331,黑龙江省,哈尔滨市,通河县,哈尔滨市
剪美发艺,临湖北路与文化路交叉口西南80米,"129.319565,46.182169",[],黑龙江省,哈尔滨市,通河县,哈尔滨市
华丽美发,岔林河大街立邦旁,"128.748533,45.983184",[],黑龙江省,哈尔滨市,通河县,哈尔滨市
双艺理发刮脸,通河镇公寓东南门西90米,"128.750068,45.972864",[],黑龙江省,哈尔滨市,通河县,哈尔滨市
韩尚发艺,通河镇老物价局门市韩尚发艺,"128.754797,45.976616",18345234995,黑龙江省,哈尔滨市,通河县,哈尔滨市
逸名造型,通河县幼儿教育中心2号门旁,"128.749595,45.976768",[],黑龙江省,哈尔滨市,通河县,哈尔滨市
清辉造型美发店,江畔花园三期21号楼12门市,"128.746249,45.971883",[],黑龙江省,哈尔滨市,通河县,哈尔滨市
大桐美发室,万米金街与鸿雁街交叉口南60米,"128.756380,45.977527",17164506000,黑龙江省,哈尔滨市,通河县,哈尔滨市
髪舞台(飞龙街店),园丁楼南门西侧,"128.746155,45.976715",15553666206,黑龙江省,哈尔滨市,通河县,哈尔滨市
世纪美发工作室(江畔花园店),通河镇江畔花园小区18号楼,"128.746372,45.971639",[],黑龙江省,哈尔滨市,通河县,哈尔滨市
木北造型(通江街店),通江街与比乐大街交叉口东60米,"129.315611,46.183961",[],黑龙江省,哈尔滨市,通河县,哈尔滨市
兴旺美发(公安小区店),公安小区西北门旁,"128.744233,45.975876",[],黑龙江省,哈尔滨市,通河县,哈尔滨市
金剪刀烫·染沙龙,一中门市房,"128.746219,45.978506",[],黑龙江省,哈尔滨市,通河县,哈尔滨市
榜中榜发型工作室,清河林业局基建路,"129.319350,46.181989",13251500255,黑龙江省,哈尔滨市,通河县,哈尔滨市
佐雅美容美发会馆(学府名苑店),学府7号楼东3门,"128.744428,45.979937",[],黑龙江省,哈尔滨市,通河县,哈尔滨市
潮·尚美发设计,隆达山大街与百合街交叉口北40米,"128.753825,45.974117",[],黑龙江省,哈尔滨市,通河县,哈尔滨市
领航发型设计(鑫泰小区店),通河镇富强街鑫泰家园1号楼东南门市六门,"128.742830,45.974661",15846150739,黑龙江省,哈尔滨市,通河县,哈尔滨市
玉兰美发屋,平安大街与同发路交叉口西南60米,"128.370028,45.998454",[],黑龙江省,哈尔滨市,通河县,哈尔滨市
发缘帝造型,联社小区西厢房通河饭店北10米,"128.749242,45.977990",18145143222,黑龙江省,哈尔滨市,通河县,哈尔滨市
美洁美发新天地,通河镇交通局家属楼,"128.744367,45.982241",[],黑龙江省,哈尔滨市,通河县,哈尔滨市
小雪理发(弘程时尚购物中心店),鸿雁街与隆达山大街交叉口西南80米,"128.751159,45.976460",[],黑龙江省,哈尔滨市,通河县,哈尔滨市
美尚美发(弘程时尚购物中心店),第二小学助残一条街9号门,"128.751504,45.976585",13351280689,黑龙江省,哈尔滨市,通河县,哈尔滨市
靓颜形象管理店,人和大街264号,"128.755136,45.975589",[],黑龙江省,哈尔滨市,通河县,哈尔滨市
板屋缘美发专业烫染店,隆兴小区7号楼1楼7号门,"128.751864,45.971496",[],黑龙江省,哈尔滨市,通河县,哈尔滨市
流行美发厅(中央大街),中央大街与文化路交叉口东40米,"129.319259,46.183763",[],黑龙江省,哈尔滨市,通河县,哈尔滨市
红尘剪业,通河镇老劳动局楼下,"128.745914,45.974620",[],黑龙江省,哈尔滨市,通河县,哈尔滨市
帝王美发(金穗佳苑店),通河镇隆达路生资门市房,"128.753517,45.974526",[],黑龙江省,哈尔滨市,通河县,哈尔滨市
亿龙专业烫染(金穗佳苑店),隆达山大街与百合街交叉口东北20米,"128.753855,45.973964",[],黑龙江省,哈尔滨市,通河县,哈尔滨市
卓越发型工作室,通河镇园丁公寓南侧,"128.745528,45.976559",13766901853,黑龙江省,哈尔滨市,通河县,哈尔滨市
基建理发店,临湖北路与文化路交叉口东北40米,"129.320483,46.182988",[],黑龙江省,哈尔滨市,通河县,哈尔滨市
明星烫染,通河县丽景二期1栋502号门市,"128.741883,45.978087",[],黑龙江省,哈尔滨市,通河县,哈尔滨市
娇点专业烫染,杜鹃街与杨树街交叉口东北20米,"128.752641,45.971762",[],黑龙江省,哈尔滨市,通河县,哈尔滨市
板寸王美发沙龙(喜鹊街店),应急管理局西南门旁,"128.749541,45.978453",[],黑龙江省,哈尔滨市,通河县,哈尔滨市
洪亮美发,柳树街与人和大街交叉口东南20米,"128.763798,45.980499",[],黑龙江省,哈尔滨市,通河县,哈尔滨市
广辉美发,金色江湾东北门西北130米,"128.759611,45.977464",[],黑龙江省,哈尔滨市,通河县,哈尔滨市
艳霞美发(新大千市场店),新大千市场,"128.753401,45.973853",[],黑龙江省,哈尔滨市,通河县,哈尔滨市
艺想天开专业美发,隆达小区1号楼,"128.752454,45.978024",[],黑龙江省,哈尔滨市,通河县,哈尔滨市
小中天形象设计形象设计,华宾楼公寓(清河购物中心东南),"129.318541,46.181563",[],黑龙江省,哈尔滨市,通河县,哈尔滨市
玉萍理发,通河镇东城口小区3号楼3号门市,"128.764342,45.981985",[],黑龙江省,哈尔滨市,通河县,哈尔滨市
吉田造型(中央大街店),中央大街与广场路交叉口东40米,"129.321071,46.185107",[],黑龙江省,哈尔滨市,通河县,哈尔滨市
古色,通江街与比乐大街交叉口东20米,"129.315246,46.184054",[],黑龙江省,哈尔滨市,通河县,哈尔滨市
人美美容美发,通江大街98附近,"128.752054,45.976446",[],黑龙江省,哈尔滨市,通河县,哈尔滨市
英子美发(红旗小区店),红旗小区东北门旁,"128.748369,45.983587",[],黑龙江省,哈尔滨市,通河县,哈尔滨市
雅芳美发(和平大街),通河镇广电大楼,"128.744982,45.983154",[],黑龙江省,哈尔滨市,通河县,哈尔滨市
晓光烫染,通河县幼儿教育中心2号门旁,"128.749731,45.976963",[],黑龙江省,哈尔滨市,通河县,哈尔滨市
宝桂美发,通河镇正通大街水产大楼,"128.749990,45.972378",[],黑龙江省,哈尔滨市,通河县,哈尔滨市
百惠发廊,中央大街361号,"128.763889,45.980473",[],黑龙江省,哈尔滨市,通河县,哈尔滨市
影后美容美发工作室(盛才雅居店),杨树街与鸿雁街交叉口北40米,"128.750043,45.976671",[],黑龙江省,哈尔滨市,通河县,哈尔滨市
洁美发艺(育才豪庭店),石油路与人和大街交叉口东南160米,"128.766731,45.980516",[],黑龙江省,哈尔滨市,通河县,哈尔滨市
文美发艺高端理疗馆,公安小区东南门东60米,"128.745338,45.975013",[],黑龙江省,哈尔滨市,通河县,哈尔滨市
名流美容美发厅,三站乡哈萝公路,"128.866830,46.020936",[],黑龙江省,哈尔滨市,通河县,哈尔滨市
潮丝造型(水岸名苑1期店),水岸名苑1期,"128.744980,45.969548",[],黑龙江省,哈尔滨市,通河县,哈尔滨市
明朗发艺,石油路与人和大街交叉口东南80米,"128.765927,45.981038",[],黑龙江省,哈尔滨市,通河县,哈尔滨市
盈川发型设计,政通大街与喜鹊街交叉口西北60米,"128.746325,45.978325",[],黑龙江省,哈尔滨市,通河县,哈尔滨市
芊金美发,城东薪区,"128.759525,45.988175",[],黑龙江省,哈尔滨市,通河县,哈尔滨市
风格发艺,喜鹊街与政通大街交叉口西40米,"128.746275,45.978025",[],黑龙江省,哈尔滨市,通河县,哈尔滨市
人造型,富强街一中家属楼16商服,"128.746432,45.978175",[],黑龙江省,哈尔滨市,通河县,哈尔滨市
闫晶美发,平安大街与友谊路交叉口东60米,"128.364775,45.996225",[],黑龙江省,哈尔滨市,通河县,哈尔滨市
潮尚美发发型设计,政通大街与飞龙街交叉口北40米,"128.747383,45.977267",[],黑龙江省,哈尔滨市,通河县,哈尔滨市
焦点美发,隆达山大街与杜鹃街交叉口西北20米,"128.754136,45.972403",[],黑龙江省,哈尔滨市,通河县,哈尔滨市
观感.私人订制,通河镇东兴街三农市场c座北7号门,"128.765933,45.981036",[],黑龙江省,哈尔滨市,通河县,哈尔滨市
荣美发店,通江街与临湖北路交叉口西南20米,"129.318679,46.181453",[],黑龙江省,哈尔滨市,通河县,哈尔滨市
顺艺烫染,政通大街与和平大街交叉口东南40米,"128.744996,45.983075",[],黑龙江省,哈尔滨市,通河县,哈尔滨市
兰兰美业(丁香街店),水岸名苑一期一单元二门市,"128.744675,45.970075",[],黑龙江省,哈尔滨市,通河县,哈尔滨市
小宇名剪(公安小区店),公安小区东南门西南50米,"128.744384,45.975013",[],黑龙江省,哈尔滨市,通河县,哈尔滨市
审美造型,隆达二期3号楼北门市11号商服,"128.749788,45.977300",[],黑龙江省,哈尔滨市,通河县,哈尔滨市
剪艺人生(学府名苑店),学府名苑,"128.744950,45.978771",[],黑龙江省,哈尔滨市,通河县,哈尔滨市
杨毅美发,鸿雁街与杨树街交叉口东20米,"128.750283,45.976395",[],黑龙江省,哈尔滨市,通河县,哈尔滨市
顷美养生美发保健馆(水岸名苑2期店),水岸名苑2期,"128.744703,45.971168",15645199059,黑龙江省,哈尔滨市,通河县,哈尔滨市
理发店,三站镇人民政府东侧120米,"128.863475,46.019685",[],黑龙江省,哈尔滨市,通河县,哈尔滨市
心阳美发厅,比乐大街与曙光路交叉口东北40米,"129.321500,46.189001",[],黑龙江省,哈尔滨市,通河县,哈尔滨市
大众发屋,希望路与平安大街交叉口西南150米,"128.366180,45.996692",[],黑龙江省,哈尔滨市,通河县,哈尔滨市
发源地专业美发沙龙,比乐大街与曙光路交叉口东北100米,"129.321976,46.189254",[],黑龙江省,哈尔滨市,通河县,哈尔滨市
天姿理发店,比乐大街与曙光路交叉口西40米,"129.320513,46.188578",[],黑龙江省,哈尔滨市,通河县,哈尔滨市
阿丽美发(公安小区店),公安小区1号楼门市房,"128.745404,45.975270",[],黑龙江省,哈尔滨市,通河县,哈尔滨市
人艺(金穗佳苑店),金穗佳苑西北门西100米,"128.753444,45.974722",[],黑龙江省,哈尔滨市,通河县,哈尔滨市
比乐发屋专业烫染,比乐大街与森源路交叉口东北100米,"129.312742,46.182223",[],黑龙江省,哈尔滨市,通河县,哈尔滨市
港式发艺,通河镇中央大街95号,"128.750456,45.974992",[],黑龙江省,哈尔滨市,通河县,哈尔滨市
娇凤发廊,文化路与中央大街交叉口东40米,"129.319396,46.183469",[],黑龙江省,哈尔滨市,通河县,哈尔滨市
鑫鹏美发(公安小区店)(暂停营业),公安小区1号楼,"128.745283,45.975259",15046762618,黑龙江省,哈尔滨市,通河县,哈尔滨市
玖玥美学工作室,隆达小区二期1栋12商服,"128.750551,45.976593",13233333860,黑龙江省,哈尔滨市,通河县,哈尔滨市
瑞田工作室,民大嘉园东北门旁,"128.745295,45.976657",[],黑龙江省,哈尔滨市,通河县,哈尔滨市
韩范纹绣工作室,隆兴小区2号楼24号门市红灯笼西屋,"128.752433,45.971847",[],黑龙江省,哈尔滨市,通河县,哈尔滨市
君美发艺,民乐家园东南门东70米,"128.739521,45.977352",[],黑龙江省,哈尔滨市,通河县,哈尔滨市
芊寻美甲工作室,长安街实验小学综合楼一层六号,"128.750741,45.975523",[],黑龙江省,哈尔滨市,通河县,哈尔滨市
名绣美学设计中心,隆兴小区,"128.753615,45.972501",15084627875,黑龙江省,哈尔滨市,通河县,哈尔滨市
魅阁理容会馆(大方侨园店),同安路大方侨园262号,"128.833217,45.841472",13654599058,黑龙江省,哈尔滨市,方正县,哈尔滨市
肥姐发艺(交通大厦店),中央大街167号老客运站综合楼(东市场往东走西走),"128.839462,45.839593",17614516431,黑龙江省,哈尔滨市,方正县,哈尔滨市
无名发造型(龙兴小区店),方正镇团结路224号凯旋门网吧楼下,"128.830932,45.839889",[],黑龙江省,哈尔滨市,方正县,哈尔滨市
头发乱了(同庆小区店),团结路同庆小区16号楼商服北数第5门(1-2层),"128.829716,45.842695",[],黑龙江省,哈尔滨市,方正县,哈尔滨市
潮流前线专业烫染店(龙兴小区店),龙兴小区3号楼(酒厂道北),"128.829190,45.839273",13654621709;13936082818,黑龙江省,哈尔滨市,方正县,哈尔滨市
爱美丽时尚造型(团结路店),方正镇生姿商店南第三门,"128.832616,45.837125",13763408997,黑龙江省,哈尔滨市,方正县,哈尔滨市
东方名剪(大方侨园店),团结路233号大方侨园二期10号楼北数第8门,"128.830871,45.840718",15046727477,黑龙江省,哈尔滨市,方正县,哈尔滨市
发秀轩(大方侨园店),团结路大方侨园,"128.830722,45.841032",[],黑龙江省,哈尔滨市,方正县,哈尔滨市
晨艺发型,同安路403博汇小区南拐角往北2门,"128.831573,45.845389",13265493789,黑龙江省,哈尔滨市,方正县,哈尔滨市
王子造型(松花江街店),松花江街计委公寓楼下第三门市,"128.833748,45.840420",15046725224,黑龙江省,哈尔滨市,方正县,哈尔滨市
美格造型专业烫染(农林路店),方正镇和鑫樱庭1号楼商服9门,"128.838906,45.843874",15046720851,黑龙江省,哈尔滨市,方正县,哈尔滨市
开心发型工作室(大方侨园店),方正镇同安路大方桥园,"128.833108,45.841722",[],黑龙江省,哈尔滨市,方正县,哈尔滨市
尚艺造型(方正店),团结路188号(龙兴小区东门商服),"128.830407,45.840742",13796135118;13796135818,黑龙江省,哈尔滨市,方正县,哈尔滨市
K丝美发,方正镇同安路电影院楼下,"128.836575,45.836501",[],黑龙江省,哈尔滨市,方正县,哈尔滨市
芳芳发艺,方正镇中央大街143号,"128.839631,45.839691",15546495891,黑龙江省,哈尔滨市,方正县,哈尔滨市
铂爵造型(世纪新城店),世纪新城西北门东80米,"128.836081,45.840639",15122094091,黑龙江省,哈尔滨市,方正县,哈尔滨市
宝睿造型(高楞村广场小区店),方正林业局(高楞)广场小区5号楼,"129.256343,46.007688",[],黑龙江省,哈尔滨市,方正县,哈尔滨市
蓝梦造型专业烫染店,同安路423号(博汇小区西侧商服),"128.831318,45.845761",15846828049,黑龙江省,哈尔滨市,方正县,哈尔滨市
英子发艺(团结小区一建住宅楼店),团结路206号,"128.831445,45.839166",15244712300,黑龙江省,哈尔滨市,方正县,哈尔滨市
铭发世家专业剪烫染店,"高楞德坤街,原通江街,商业楼一号","129.254702,46.006527",13945195796,黑龙江省,哈尔滨市,方正县,哈尔滨市
大志发型工作室(水产综合楼店),育才社区水产综合楼一层南数第七门市,"128.828016,45.835537",13763434393,黑龙江省,哈尔滨市,方正县,哈尔滨市
琦丝妙剪理发店,同安路154号,"128.835944,45.837417",13796780932,黑龙江省,哈尔滨市,方正县,哈尔滨市
娟子发艺,方正林业局绿海4号楼,"129.250304,46.006654",[],黑龙江省,哈尔滨市,方正县,哈尔滨市
大华美发厅(通江街店),德坤街与红旗路交叉口东60米,"129.255547,46.006140",[],黑龙江省,哈尔滨市,方正县,哈尔滨市
小宁造型,北一街鑫喜酒店西侧,"128.833141,45.840279",[],黑龙江省,哈尔滨市,方正县,哈尔滨市
简呗烫染,同安路幸福家园11号楼3号门,"128.831618,45.844959",15945091922,黑龙江省,哈尔滨市,方正县,哈尔滨市
方正县佐士美发造型店,团结路长安新城3号楼南数第8门店,"128.831876,45.838499",15244718732;18746477989,黑龙江省,哈尔滨市,方正县,哈尔滨市
博客美发沙龙(团结路店),团结路185号七号宫邸北侧博客美发沙龙,"128.832124,45.838796",0451-57110130,黑龙江省,哈尔滨市,方正县,哈尔滨市
爱唯专业烫染,北一街老工会楼下新禧斜对面,"128.832784,45.839953",18945071345,黑龙江省,哈尔滨市,方正县,哈尔滨市
首艺发型设计,团结小区一建住宅楼东北门旁,"128.831703,45.838770",[],黑龙江省,哈尔滨市,方正县,哈尔滨市
晓秋美发洗浴,同哈公路与方庄路交叉口西60米,"128.668600,45.792959",[],黑龙江省,哈尔滨市,方正县,哈尔滨市
浪潮发型,同安路南一街城建开发中心综合楼一层南数第二屋,"128.837305,45.836130",15776303233,黑龙江省,哈尔滨市,方正县,哈尔滨市
哈哈美容美发(水产综合楼店),红古路120号,"128.827859,45.835919",13603669798;13654624124,黑龙江省,哈尔滨市,方正县,哈尔滨市
春玲发艺(博汇阳光新城店),亮珠河街92号幸福家园,"128.832586,45.845305",13836058812,黑龙江省,哈尔滨市,方正县,哈尔滨市
凯琪美发,天门乡康安小区西数第三门市,"128.673499,45.883110",15146425701,黑龙江省,哈尔滨市,方正县,哈尔滨市
锋尚发型工作室,同安路236号大方乔园门市,"128.833430,45.841020",15663644435,黑龙江省,哈尔滨市,方正县,哈尔滨市
丽娟发艺(龙兴小区店),龙兴小区东南门西270米,"128.827263,45.838758",[],黑龙江省,哈尔滨市,方正县,哈尔滨市
春辉发型设计室(水产综合楼店),方正镇中央大街红谷路水产楼下,"128.827952,45.835716",[],黑龙江省,哈尔滨市,方正县,哈尔滨市
梵古造型(世纪新城店),团结路251号,"128.835775,45.840525",[],黑龙江省,哈尔滨市,方正县,哈尔滨市
艺超发型设计,方正镇红古路156号中韩公寓楼下,"128.827048,45.837317",[],黑龙江省,哈尔滨市,方正县,哈尔滨市
剪艺烫染店,同安路234号教师花园,"128.827558,45.846061",13274606192,黑龙江省,哈尔滨市,方正县,哈尔滨市
印象造型(德坤街店),方正林业局高楞镇绿海小区2号楼门市,"129.248960,46.005883",[],黑龙江省,哈尔滨市,方正县,哈尔滨市
丹雅发艺,方正镇协和医院对过人事局家属楼下,"128.836133,45.849456",[],黑龙江省,哈尔滨市,方正县,哈尔滨市
完美造型(兴盛公寓店),向文巷6号兴盛公寓,"128.827610,45.838527",[],黑龙江省,哈尔滨市,方正县,哈尔滨市
叶子美发造型店,文景小区西北门西70米,"128.840309,45.841698",13504503575;15146037925,黑龙江省,哈尔滨市,方正县,哈尔滨市
发源地美容美发(大方侨园店),同安路252号大方侨园,"128.833848,45.841664",13101519916,黑龙江省,哈尔滨市,方正县,哈尔滨市
他她美烫染,红古路与迎春巷交叉口南60米,"128.827009,45.837392",[],黑龙江省,哈尔滨市,方正县,哈尔滨市
美达发艺(同飞小区店),同安路302号同飞小区,"128.832544,45.842586",13936216366,黑龙江省,哈尔滨市,方正县,哈尔滨市
欣益美发室,方庄路13号,"128.669471,45.792902",13845141668,黑龙江省,哈尔滨市,方正县,哈尔滨市
红蕾雕刻时光发艺工作室,中央大街170号,"128.837927,45.838863",13074588812,黑龙江省,哈尔滨市,方正县,哈尔滨市
小妹发屋,高楞镇商业路新时代购物广场(商业路店),"129.251120,46.006443",15046727067,黑龙江省,哈尔滨市,方正县,哈尔滨市
同飞小区南门酷六发型,蚂蚁河街169号,"128.832225,45.840525",18604618450,黑龙江省,哈尔滨市,方正县,哈尔滨市
明骏理发店,建设街红古路196号,"128.826573,45.838226",18845123478,黑龙江省,哈尔滨市,方正县,哈尔滨市
理享发型工作室,瑞景豪庭二期4栋1门市,"128.837848,45.844671",15244716661,黑龙江省,哈尔滨市,方正县,哈尔滨市
尚枫造型(高楞村广场小区店),文化街与吉岭北路交叉口西60米,"129.256772,46.007819",[],黑龙江省,哈尔滨市,方正县,哈尔滨市
潮派发型工作室,中央大街与运输路交叉口东100米,"128.838752,45.839420",[],黑龙江省,哈尔滨市,方正县,哈尔滨市
露客造型,方正镇南一街原农业发展银行一层西1门,"128.837152,45.836587",18646040525,黑龙江省,哈尔滨市,方正县,哈尔滨市
石磊发艺,方正林业局高楞林业局通江街,"129.250327,46.003423",13836044168,黑龙江省,哈尔滨市,方正县,哈尔滨市
萌萌发艺,方正林业局高楞佳斯特对面,"129.250259,46.007189",[],黑龙江省,哈尔滨市,方正县,哈尔滨市
路人甲美发沙龙(亮珠河街店),龙寓高墅东南门东150米,"128.828842,45.842039",15604805369,黑龙江省,哈尔滨市,方正县,哈尔滨市
从头再来美发店,建设街千秋公司2号住宅楼,"128.831475,45.839275",15084636108,黑龙江省,哈尔滨市,方正县,哈尔滨市
王旭美发(铜鑫小区店),铜鑫小区北门西50米,"128.833808,45.843272",[],黑龙江省,哈尔滨市,方正县,哈尔滨市
丝情发艺(一品华府店),民生银行北侧,"128.837623,45.835724",13694507787,黑龙江省,哈尔滨市,方正县,哈尔滨市
创意名剪发型设计室,方正镇北一街鑫禧大酒店对面,"128.832956,45.839909",[],黑龙江省,哈尔滨市,方正县,哈尔滨市
剪之约造型店,同安路282号,"128.832908,45.842562",15146037925,黑龙江省,哈尔滨市,方正县,哈尔滨市
中意美发,运输路与中央大街交叉口西北120米,"128.836812,45.839823",18746470159,黑龙江省,哈尔滨市,方正县,哈尔滨市
泊美发艺,商业路与德坤街交叉口南220米,"129.251319,46.003751",18246965022,黑龙江省,哈尔滨市,方正县,哈尔滨市
长有发型设计烫染店,方正镇团结路140号,"128.832726,45.836919",[],黑龙江省,哈尔滨市,方正县,哈尔滨市
高美发艺,红古路178号,"128.826313,45.838541",[],黑龙江省,哈尔滨市,方正县,哈尔滨市
再回首发屋(东风小区店),高楞学府嘉园10号楼,"129.261404,46.009011",13766912151,黑龙江省,哈尔滨市,方正县,哈尔滨市
君丝剪,同安路,"128.830401,45.847264",[],黑龙江省,哈尔滨市,方正县,哈尔滨市
洋洋美发厅(学府嘉园小区店),高楞学府嘉园1号楼门市房,"129.261590,46.007333",15244719407,黑龙江省,哈尔滨市,方正县,哈尔滨市
小凤造型,德坤街与工程路交叉口东40米,"129.253521,46.005918",[],黑龙江省,哈尔滨市,方正县,哈尔滨市
秀平理发店,文化街与吉岭北路交叉口西60米,"129.256607,46.007801",15545996126,黑龙江省,哈尔滨市,方正县,哈尔滨市
优咪美发会馆,北一街老公安局家属楼楼下,"128.836010,45.840976",15776389915,黑龙江省,哈尔滨市,方正县,哈尔滨市
曼琪专业烫染店,红古路与中央大街交叉口东南80米,"128.828504,45.835516",[],黑龙江省,哈尔滨市,方正县,哈尔滨市
艳艳美发店,莲花街与奋斗路交叉口西20米,"128.825418,45.833168",[],黑龙江省,哈尔滨市,方正县,哈尔滨市
奇丝美发(侨佳花园店),侨佳花园东北门旁,"128.834275,45.834875",[],黑龙江省,哈尔滨市,方正县,哈尔滨市
银座发艺(方正县方正镇卫生院西),中央大街165号,"128.839422,45.839625",[],黑龙江省,哈尔滨市,方正县,哈尔滨市
木子发型(东风小区店),方正林业局高楞东风小区8号楼一单元,"129.258738,46.008616",15046721994,黑龙江省,哈尔滨市,方正县,哈尔滨市
菊子发艺(东风小区店),方正林业局高楞东风小区10号楼,"129.258560,46.009100",[],黑龙江省,哈尔滨市,方正县,哈尔滨市
艺剪坊理发店,方正林业局高楞东风小区6号楼北侧,"129.258628,46.008157",[],黑龙江省,哈尔滨市,方正县,哈尔滨市
英子发艺,通江街31号,"129.254250,46.006483",[],黑龙江省,哈尔滨市,方正县,哈尔滨市
双凤理发烫发,商业路与德坤街交叉口南220米,"129.251322,46.003778",[],黑龙江省,哈尔滨市,方正县,哈尔滨市
天缘发型设计,商业路与德坤街交叉口南200米,"129.251240,46.004039",[],黑龙江省,哈尔滨市,方正县,哈尔滨市
小薇发艺,商业路松江小区,"129.250495,46.006608",[],黑龙江省,哈尔滨市,方正县,哈尔滨市
金优发艺,一品华府南门旁,"128.839075,45.835225",[],黑龙江省,哈尔滨市,方正县,哈尔滨市
小静发艺,中央大街与农林路交叉口东120米,"128.842522,45.840503",[],黑龙江省,哈尔滨市,方正县,哈尔滨市
苏老四发屋(新工会家属楼店),新工会家属楼,"128.843180,45.842694",[],黑龙江省,哈尔滨市,方正县,哈尔滨市
剪压发艺,中央大街与农林路交叉口西40米,"128.840519,45.839894",[],黑龙江省,哈尔滨市,方正县,哈尔滨市
跃新设计室(同飞小区店),同飞小区东南门西70米,"128.830980,45.841714",[],黑龙江省,哈尔滨市,方正县,哈尔滨市
贺盛理烫发,红古路与迎春巷交叉口南20米,"128.826794,45.837732",[],黑龙江省,哈尔滨市,方正县,哈尔滨市
靓首理发店,龙兴小区西北2门旁,"128.828921,45.840672",[],黑龙江省,哈尔滨市,方正县,哈尔滨市
韩流烫染店,方正镇团结路271号,"128.830010,45.842241",[],黑龙江省,哈尔滨市,方正县,哈尔滨市
帅君理发,团结路与庆丰巷交叉口南100米,"128.827275,45.844925",[],黑龙江省,哈尔滨市,方正县,哈尔滨市
鑫都发廊,文化路与中央大街交叉口西北40米,"128.668910,45.793592",[],黑龙江省,哈尔滨市,方正县,哈尔滨市
李红发艺,中心街与平安巷交叉口西200米,"128.670425,45.882475",[],黑龙江省,哈尔滨市,方正县,哈尔滨市
秀客美容工作室,蚂蚁河街与农林路交叉口西南120米,"128.837595,45.843023",[],黑龙江省,哈尔滨市,方正县,哈尔滨市
时尚纹绣工作室,同安路与蚂蚁河街交叉口东南40米,"128.833677,45.841894",[],黑龙江省,哈尔滨市,方正县,哈尔滨市
祺雅轩理容工作室,方正林业局绿海小区7号楼,"129.250222,46.007073",[],黑龙江省,哈尔滨市,方正县,哈尔滨市
半夏美容工作室,爱建雅居西北门西130米,"128.836775,45.841025",[],黑龙江省,哈尔滨市,方正县,哈尔滨市
欢欢美容美甲工作室,松花江街与团结路交叉口东120米,"128.832755,45.839856",[],黑龙江省,哈尔滨市,方正县,哈尔滨市
工作室,同安路与庆丰巷交叉口东200米,"128.832975,45.846775",[],黑龙江省,哈尔滨市,方正县,哈尔滨市
有姿男士女士洗脸吧(方正店),松花江街111号,"128.832977,45.840256",13104639258,黑龙江省,哈尔滨市,方正县,哈尔滨市
金鹰剪业(广场小区店),木兰镇政府广场西侧,"128.042036,45.949902",15146279009,黑龙江省,哈尔滨市,木兰县,哈尔滨市
名匠Hair salon,通江街与松江街交口,"128.043514,45.944449",13206539218,黑龙江省,哈尔滨市,木兰县,哈尔滨市
感观发型设计,人民路81号,"128.047207,45.949913",13159849751,黑龙江省,哈尔滨市,木兰县,哈尔滨市
原创名剪,木兰镇仿古街牌楼,"128.039331,45.947706",15046753369,黑龙江省,哈尔滨市,木兰县,哈尔滨市
美格发艺,爱民街与中心路交叉口东20米,"128.040773,45.949759",13936371310,黑龙江省,哈尔滨市,木兰县,哈尔滨市
理享形象设计,中心路55号,"128.040739,45.949896",15046190607,黑龙江省,哈尔滨市,木兰县,哈尔滨市
零度造型(金街小区店),木兰镇建设街一委一组8栋1层15号,"128.045878,45.946834",[],黑龙江省,哈尔滨市,木兰县,哈尔滨市
超越美发沙龙,木兰镇振兴大街212号,"128.042215,45.953501",13674507679,黑龙江省,哈尔滨市,木兰县,哈尔滨市
尚艺染烫之都(木兰县司法局家属楼店),木兰大街与民主路交叉口东南40米,"128.036489,45.949029",[],黑龙江省,哈尔滨市,木兰县,哈尔滨市
目夕造型,大贵镇,"127.811929,46.244155",15045590566,黑龙江省,哈尔滨市,木兰县,哈尔滨市
东尼造型(爱民街店),木兰镇广场老广播局对面,"128.041106,45.949682",[],黑龙江省,哈尔滨市,木兰县,哈尔滨市
顶点美发,木兰镇客运站家属楼下南第二门,"128.040951,45.950028",13766998321,黑龙江省,哈尔滨市,木兰县,哈尔滨市
波兰美美容美发,木兰大街与建设路交叉口东80米,"128.049813,45.947703",[],黑龙江省,哈尔滨市,木兰县,哈尔滨市
昕昕烫染名店,木兰东大街公安局家属楼,"128.051407,45.947094",13654609900,黑龙江省,哈尔滨市,木兰县,哈尔滨市
靓点发艺(向阳春小区东),木兰县中医院西门,"128.040003,45.954222",[],黑龙江省,哈尔滨市,木兰县,哈尔滨市
美丝扬发艺,木兰镇蓝艺市场内8号门,"128.052339,45.946961",[],黑龙江省,哈尔滨市,木兰县,哈尔滨市
流行线美发沙龙,通江路160号,"128.042694,45.943501",13703606234;15046752644,黑龙江省,哈尔滨市,木兰县,哈尔滨市
天姿美容美发名店(金街店),金街中段道南建设小区北门旁,"128.046037,45.946545",13796149919,黑龙江省,哈尔滨市,木兰县,哈尔滨市
四季红发型设计店,木兰县奋斗街三委十二组商服,"128.040813,45.950248",13945644676,黑龙江省,哈尔滨市,木兰县,哈尔滨市
首领派瑞沙龙(建设小区店),建设小区西南门西80米,"128.045423,45.945574",15004529499,黑龙江省,哈尔滨市,木兰县,哈尔滨市
标榜造型(建设小区店),建设小区西南门东南50米,"128.046607,45.945425",13836060361,黑龙江省,哈尔滨市,木兰县,哈尔滨市
美丽人生美容美发(建设小区店),金街73号,"128.046997,45.946439",13654684123,黑龙江省,哈尔滨市,木兰县,哈尔滨市
王建瑞鑫剪业(建设小区店),建委小区3号楼东7门市,"128.046643,45.946443",17745614678,黑龙江省,哈尔滨市,木兰县,哈尔滨市
大辉时尚造型(建设小区店),建设小区西南门旁,"128.046430,45.945447",13796767139;15046754565,黑龙江省,哈尔滨市,木兰县,哈尔滨市
美琪名剪,奋斗街三委十七组,"128.041904,45.952416",15045599645,黑龙江省,哈尔滨市,木兰县,哈尔滨市
晶晶发艺朝阳烫染(金街小区店),木兰大街108号正南方向100米金街小区,"128.045482,45.946889",[],黑龙江省,哈尔滨市,木兰县,哈尔滨市
阿琴名发专业烫染,木兰大街交警队家属楼,"128.050742,45.947224",[],黑龙江省,哈尔滨市,木兰县,哈尔滨市
明阳造型,木兰镇人民街一委八组163栋1层1号,"128.051645,45.947376",18946007867,黑龙江省,哈尔滨市,木兰县,哈尔滨市
小佳发屋,市场街金桥,"128.039490,45.947465",13100915801,黑龙江省,哈尔滨市,木兰县,哈尔滨市
慕颜剪业,爱民街与中心路交叉口东80米,"128.041519,45.949640",15146271833,黑龙江省,哈尔滨市,木兰县,哈尔滨市
潘多拉美业,木兰县振兴大街262号,"128.043954,45.953237",[],黑龙江省,哈尔滨市,木兰县,哈尔滨市
丝丝美美容美发厅,木兰大街与生产路交叉口东60米,"128.035374,45.949611",13796178206,黑龙江省,哈尔滨市,木兰县,哈尔滨市
丽杰发型设计(天成园店),天成园东北门旁,"128.044901,45.946681",13503662343,黑龙江省,哈尔滨市,木兰县,哈尔滨市
发源地美容美发(通江路店),和平小区西北门西南70米,"128.043208,45.945016",[],黑龙江省,哈尔滨市,木兰县,哈尔滨市
金鑫美发(金街小区店),木兰大街108号正南方向100米金街小区,"128.045110,45.946936",[],黑龙江省,哈尔滨市,木兰县,哈尔滨市
淑萍美发,金街小区西2门西南90米,"128.045345,45.946592",13199551139,黑龙江省,哈尔滨市,木兰县,哈尔滨市
铜锣湾发型设计,庆木公路与中经路交叉口南180米,"127.872536,46.380156",[],黑龙江省,哈尔滨市,木兰县,哈尔滨市
爱美丽美容美发(东环路店),木兰镇蓝艺市场(东环路)内,"128.053266,45.948030",[],黑龙江省,哈尔滨市,木兰县,哈尔滨市
鑫浩理发,仿古街门口北100米道西鑫浩理发,"128.039671,45.948067",17382865752,黑龙江省,哈尔滨市,木兰县,哈尔滨市
贝加尔美发,木兰大街与人民路交叉口东80米,"128.047775,45.947875",[],黑龙江省,哈尔滨市,木兰县,哈尔滨市
秀阁烫染造型(建设小区店),建设小区西北门西60米,"128.045816,45.946574",[],黑龙江省,哈尔滨市,木兰县,哈尔滨市
梦廊发型设计专业烫染店,木兰大街烟草公司西30米路南,"128.037791,45.948886",13796788859,黑龙江省,哈尔滨市,木兰县,哈尔滨市
卓越发型设计(金街小区店),金街小区西2门西70米,"128.045299,45.946912",[],黑龙江省,哈尔滨市,木兰县,哈尔滨市
飘忆宣造型(金街小区店),木兰大街108号正南方向100米金街小区,"128.045152,45.946931",15545125123,黑龙江省,哈尔滨市,木兰县,哈尔滨市
金美尚发艺,安平街,"128.039887,45.946078",13936636124,黑龙江省,哈尔滨市,木兰县,哈尔滨市
美馨发艺,人民路160号,"128.048025,45.951525",18345971237,黑龙江省,哈尔滨市,木兰县,哈尔滨市
飘丝坊造型,中国邮政西(木兰县大贵镇政府西南),"127.812130,46.244210",[],黑龙江省,哈尔滨市,木兰县,哈尔滨市
创美美发,东兴镇中兴大街三十号,"127.873999,46.378246",13796788810,黑龙江省,哈尔滨市,木兰县,哈尔滨市
私人定制,东兴镇中经路664号,"127.872571,46.381319",13936067350,黑龙江省,哈尔滨市,木兰县,哈尔滨市
波丝湾剪业,东兴镇中经路72号,"127.872571,46.381006",[],黑龙江省,哈尔滨市,木兰县,哈尔滨市
新漂亮名发,哈萝公路与利柳公路交叉口西北500米,"127.729139,46.015619",[],黑龙江省,哈尔滨市,木兰县,哈尔滨市
丽莉风格发型设计,木兰大街与建设路交叉口东60米,"128.049674,45.947718",13206540818,黑龙江省,哈尔滨市,木兰县,哈尔滨市
兰西美容美发,金鑫小区南门旁,"128.032926,45.949952",13613684668,黑龙江省,哈尔滨市,木兰县,哈尔滨市
亿剪美发型室,爱政街与人民路交叉口东40米,"128.047657,45.949140",15945102881,黑龙江省,哈尔滨市,木兰县,哈尔滨市
新丽美美容美发,木兰镇人民路老二派对面,"128.047469,45.950853",15946017198,黑龙江省,哈尔滨市,木兰县,哈尔滨市
佳美发艺(中心路店),仿古街中国信合旁,"128.039662,45.947882",[],黑龙江省,哈尔滨市,木兰县,哈尔滨市
东霞发型设计,中心路与市场街交叉口西北40米,"128.039564,45.947884",[],黑龙江省,哈尔滨市,木兰县,哈尔滨市
筱娟发艺,金鼎佳园1期南门东南50米,"128.031327,45.947491",[],黑龙江省,哈尔滨市,木兰县,哈尔滨市
新丝路剪业,人民路与保健街交叉口北60米,"128.047508,45.950984",[],黑龙江省,哈尔滨市,木兰县,哈尔滨市
心怡发艺,市场街与仿古路交叉口西40米,"128.039300,45.947424",15146058085,黑龙江省,哈尔滨市,木兰县,哈尔滨市
尚剪美发纹绣,中经路与庆木公路交叉口东南320米,"127.874290,46.379214",[],黑龙江省,哈尔滨市,木兰县,哈尔滨市
时尚发型设计,东兴镇二商店,"127.872615,46.381674",15846801066,黑龙江省,哈尔滨市,木兰县,哈尔滨市
掬美发艺,振兴大街,"128.040972,45.953629",[],黑龙江省,哈尔滨市,木兰县,哈尔滨市
思雨发型设计(建设小区店),建设小区西北门旁,"128.046096,45.946538",[],黑龙江省,哈尔滨市,木兰县,哈尔滨市
佳鑫美发,中心路与民主二道街交叉口西北20米,"128.040319,45.950184",[],黑龙江省,哈尔滨市,木兰县,哈尔滨市
蚯蚓造型(东环路店),东环路与保健街交叉口南120米,"128.053703,45.948398",[],黑龙江省,哈尔滨市,木兰县,哈尔滨市
梦寻发艺,卓领华庭东区北门西320米,"128.050180,45.942543",[],黑龙江省,哈尔滨市,木兰县,哈尔滨市
海霞美发(东付路店),东付路与华丰路交叉口东320米,"128.063915,45.945848",[],黑龙江省,哈尔滨市,木兰县,哈尔滨市
名姿美发(东付路店),木兰镇富家屯油漆厂路口路北,"128.065004,45.945599",[],黑龙江省,哈尔滨市,木兰县,哈尔滨市
老中青美发,市场街与中心路交叉口西80米,"128.038915,45.947722",[],黑龙江省,哈尔滨市,木兰县,哈尔滨市
彦彦美发,市场街与中心路交叉口西60米,"128.039216,45.947706",[],黑龙江省,哈尔滨市,木兰县,哈尔滨市
美丽剪业,中心路与市场街交叉口北80米,"128.039712,45.948178",[],黑龙江省,哈尔滨市,木兰县,哈尔滨市
婚庆美发,东兴镇派出所西北侧170米,"127.874129,46.378001",[],黑龙江省,哈尔滨市,木兰县,哈尔滨市
伊之靓美容美发,庆木公路西北30米,"127.874143,46.377975",[],黑龙江省,哈尔滨市,木兰县,哈尔滨市
艺鑫烫染(金街小区店),木兰大街108号正南方向100米金街小区,"128.046193,45.946759",[],黑龙江省,哈尔滨市,木兰县,哈尔滨市
女王纹绣美发,建设小区,"128.046638,45.946488",[],黑龙江省,哈尔滨市,木兰县,哈尔滨市
紫萱剪艺,建设小区西北门东100米,"128.047317,45.946565",[],黑龙江省,哈尔滨市,木兰县,哈尔滨市
尚品美发,东外环与木兰大街交叉口北100米,"128.053291,45.947948",[],黑龙江省,哈尔滨市,木兰县,哈尔滨市
冯雨美发造型烫染店,中经路55号附近,"127.873899,46.378436",[],黑龙江省,哈尔滨市,木兰县,哈尔滨市
七彩美发化妆品,657乡道与满大公路交叉口东60米,"127.727675,46.301525",[],黑龙江省,哈尔滨市,木兰县,哈尔滨市
镁源美发,民主街与民主二道街交叉口西南20米,"128.036066,45.950490",[],黑龙江省,哈尔滨市,木兰县,哈尔滨市
完美理容,木兰镇养路段家属楼楼下,"128.035491,45.949595",[],黑龙江省,哈尔滨市,木兰县,哈尔滨市
掏美发艺,振兴大街与中心路交叉口西40米,"128.041119,45.953621",[],黑龙江省,哈尔滨市,木兰县,哈尔滨市
白鸽美发工作室,中经路与庆木公路交叉口北20米,"127.872469,46.381952",[],黑龙江省,哈尔滨市,木兰县,哈尔滨市
梦丹娜剪业,东兴镇东北村庆木公路宏兴通讯,"127.873488,46.379263",[],黑龙江省,哈尔滨市,木兰县,哈尔滨市
海霞剪业,中经路与庆木公路交叉口东南320米,"127.874305,46.379218",[],黑龙江省,哈尔滨市,木兰县,哈尔滨市
鑫妍美发养生馆,盛世观江名苑北门西50米,"128.040549,45.944561",[],黑龙江省,哈尔滨市,木兰县,哈尔滨市
宇鑫美发屋,木兰镇人民小学对面,"128.048229,45.952353",[],黑龙江省,哈尔滨市,木兰县,哈尔滨市
卓威美发,人民路与爱政街交叉口东北40米,"128.047411,45.949365",[],黑龙江省,哈尔滨市,木兰县,哈尔滨市
Q造型工作室,中心路与民方街交叉口东北40米,"128.041725,45.952825",[],黑龙江省,哈尔滨市,木兰县,哈尔滨市
魅力精典美发工作室,大辉轮胎修理部南侧90米,"127.732887,46.015769",[],黑龙江省,哈尔滨市,木兰县,哈尔滨市
双双发艺,跃进路与跃进五道街交叉口南180米,"128.028963,45.952447",[],黑龙江省,哈尔滨市,木兰县,哈尔滨市
炫简发型设计,木兰大街鸿城大药房东侧,"128.033538,45.949797",[],黑龙江省,哈尔滨市,木兰县,哈尔滨市
丽晶美发,民主路与民主二道街交叉口北40米,"128.036369,45.952047",[],黑龙江省,哈尔滨市,木兰县,哈尔滨市
迷琪发艺,奋斗路与利民街交叉口北20米,"128.044260,45.951690",[],黑龙江省,哈尔滨市,木兰县,哈尔滨市
名辉美发(老电业小区店),老电业小区,"128.044429,45.951022",[],黑龙江省,哈尔滨市,木兰县,哈尔滨市
顶优剪业(暂停营业),人民路与万丰街交叉口西南40米,"128.047699,45.951438",18745825544,黑龙江省,哈尔滨市,木兰县,哈尔滨市
微美睫毛湾湾美睫美甲工作室,仿古街,"128.039475,45.945894",[],黑龙江省,哈尔滨市,木兰县,哈尔滨市
赫本美学工作室(锦绣家园店),安平街176号,"128.035125,45.946575",[],黑龙江省,哈尔滨市,木兰县,哈尔滨市
木兰县小雨美甲美睫工作室,爱民街40号,"128.041874,45.949638",[],黑龙江省,哈尔滨市,木兰县,哈尔滨市
妍金汐男士修面美容馆,建设小区,"128.045612,45.945551",[],黑龙江省,哈尔滨市,木兰县,哈尔滨市
ONE+造型美发美甲,龙城家园高层A栋5单元一楼门市,"127.489085,45.755766",13351115220,黑龙江省,哈尔滨市,宾县,哈尔滨市
奕色烫染会所(宾州东路店),宾州镇东大街192号,"127.495149,45.759904",15764507888,黑龙江省,哈尔滨市,宾县,哈尔滨市
海军造型(公仆路),煤建胡同东-海军造型,"127.486527,45.757188",13804614400,黑龙江省,哈尔滨市,宾县,哈尔滨市
尚艺美发,兴宾大道与财源街交叉口东200米,"127.166930,45.757544",18246168662,黑龙江省,哈尔滨市,宾县,哈尔滨市
东子发型,爱心老年公寓西泽路东南门旁,"127.481850,45.757016",15045452466,黑龙江省,哈尔滨市,宾县,哈尔滨市
领潮造型(荣兴超市店),宾西镇兴宾大道332号领潮造型,"127.166860,45.759734",15546650431,黑龙江省,哈尔滨市,宾县,哈尔滨市
主流发型纹绣纹身,公仆路102号,"127.484787,45.756196",15776260794,黑龙江省,哈尔滨市,宾县,哈尔滨市
风尚国际美容美发,宾州西大街132号,"127.482652,45.757367",19904666004,黑龙江省,哈尔滨市,宾县,哈尔滨市
他她美美容美发,公仆家园西北门旁,"127.482827,45.755858",13936373537,黑龙江省,哈尔滨市,宾县,哈尔滨市
王Sir造型,福盈东路与莱熏路交叉口东南40米,"127.486605,45.756683",15045457757;15846111265,黑龙江省,哈尔滨市,宾县,哈尔滨市
小志造型潮牌店(莱薰路店),莱熏路34号,"127.485695,45.756823",17382882666,黑龙江省,哈尔滨市,宾县,哈尔滨市
发丝缘专业烫染,宾西镇致富路70号发丝缘美发店,"127.161554,45.754951",15134530730;15845128540,黑龙江省,哈尔滨市,宾县,哈尔滨市
大海美容美发会馆(宾西店),宾西镇兴宾大道295号,"127.164104,45.757227",13136696191,黑龙江省,哈尔滨市,宾县,哈尔滨市
美宇造型美发烫染精致店,鑫福家园东北门旁,"127.477223,45.752616",15031766103,黑龙江省,哈尔滨市,宾县,哈尔滨市
卡诗造型(哈同公路店),黑龙江农垦职业学院教学楼A座东北侧180米,"127.192736,45.751287",18345484231,黑龙江省,哈尔滨市,宾县,哈尔滨市
鲤鱼剪吧(迎宾尚城C区店),宾州西路南150米,"127.467487,45.748938",15245043235,黑龙江省,哈尔滨市,宾县,哈尔滨市
娇点专业染烫(成双家园店),宾州西大街268号,"127.476589,45.754527",18646033252,黑龙江省,哈尔滨市,宾县,哈尔滨市
李李造型,宾州西大街187号,"127.479496,45.755621",13251505509,黑龙江省,哈尔滨市,宾县,哈尔滨市
5造型(致富路店),宾西镇小学住宅楼北数第七门,"127.161333,45.755108",18246521884,黑龙江省,哈尔滨市,宾县,哈尔滨市
尚品美发(形象店),宾县国税局斜对面,"127.478137,45.754942",0451-57900222;15845142128,黑龙江省,哈尔滨市,宾县,哈尔滨市
巴沙廊美发沙龙(哈尔滨宾县),宾县人民检察院西侧50米,"127.464851,45.745983",15946399898,黑龙江省,哈尔滨市,宾县,哈尔滨市
雅琪造型(红旗路店),红旗路79号,"127.478432,45.750896",15244777860,黑龙江省,哈尔滨市,宾县,哈尔滨市
小杰·美发,西泽路与北城路交叉口东南40米,"127.480361,45.759776",13603614439,黑龙江省,哈尔滨市,宾县,哈尔滨市
宾县宾州明雪月月红发型工作室,文庙胡同113号,"127.490209,45.757125",13845155664,黑龙江省,哈尔滨市,宾县,哈尔滨市
晓薇发艺(文化北路店),上海花园二区,"127.495431,45.760474",13796143335,黑龙江省,哈尔滨市,宾县,哈尔滨市
沙都发型设计,宾州西大街192号县医院西50米道北,"127.479195,45.755850",13100333000;13384658444,黑龙江省,哈尔滨市,宾县,哈尔滨市
成铭造型,学府小区北门旁,"127.162734,45.753452",13651298794,黑龙江省,哈尔滨市,宾县,哈尔滨市
名将美容美发理容会馆,宾州镇富盈小区门市,"127.484587,45.755856",13936380343,黑龙江省,哈尔滨市,宾县,哈尔滨市
木一北,西大街116号工商银行斜对面,"127.483221,45.757599",[],黑龙江省,哈尔滨市,宾县,哈尔滨市
高峰美发,965乡道与同哈公路交叉口南60米,"127.765207,45.843991",13796234938,黑龙江省,哈尔滨市,宾县,哈尔滨市
鹏先生美发(潮流店),宾州镇宾县红十字会医院红十字医院对面,"127.482831,45.757430",13936481630,黑龙江省,哈尔滨市,宾县,哈尔滨市
美格造型(Y004店),004乡道与宾延路交叉口东100米,"127.844797,45.765387",18045113339,黑龙江省,哈尔滨市,宾县,哈尔滨市
艺轩造型(城隍西路店),天福嘉园7号楼附近,"127.477600,45.757370",13936485568,黑龙江省,哈尔滨市,宾县,哈尔滨市
红艳发艺(鸿福世纪城店),鸿福世纪城2号楼7单元,"127.480370,45.761330",13796234628,黑龙江省,哈尔滨市,宾县,哈尔滨市
艺剪钟情,致富路与学府路交叉口东北160米,"127.161576,45.754924",13895724563,黑龙江省,哈尔滨市,宾县,哈尔滨市
恒汇美业烫染店,建设西路39号,"127.488024,45.756008",15245135966;18345482019,黑龙江省,哈尔滨市,宾县,哈尔滨市
理享造型,融兴小区1期,"127.166487,45.757904",13125987120,黑龙江省,哈尔滨市,宾县,哈尔滨市
苏苏美业(迎宾尚城B区店),迎宾尚城B区南1门西南80米,"127.464527,45.748510",18348671810,黑龙江省,哈尔滨市,宾县,哈尔滨市
鲸喜,宾州西大街302号,"127.476067,45.753977",18546096044,黑龙江省,哈尔滨市,宾县,哈尔滨市
小伍专业染烫(鑫福家园店),鑫福家园东北门旁,"127.477211,45.752584",13664604815,黑龙江省,哈尔滨市,宾县,哈尔滨市
流行空间烫染吧,迎宾尚城C区东北1门旁,"127.467674,45.749316",[],黑龙江省,哈尔滨市,宾县,哈尔滨市
丝丝美发艺,宾西镇荣兴商业街荣兴小区A20号楼,"127.165634,45.757563",[],黑龙江省,哈尔滨市,宾县,哈尔滨市
快手造型,莱熏路与润泽路交叉口西40米,"127.485761,45.756845",[],黑龙江省,哈尔滨市,宾县,哈尔滨市
艺格发型设计,财富东城,"127.163287,45.757603",[],黑龙江省,哈尔滨市,宾县,哈尔滨市
古贝造型潮牌烫染(城隍西路店),城隍西路与大千路交叉口西南20米,"127.478386,45.757733",[],黑龙江省,哈尔滨市,宾县,哈尔滨市
C位造型,城隍西路66号,"127.476396,45.757237",15204615581;19297578520,黑龙江省,哈尔滨市,宾县,哈尔滨市
金玲美发店,天福嘉园2号楼门市,"127.476423,45.755856",13766969158,黑龙江省,哈尔滨市,宾县,哈尔滨市
顶尖一族(北大街),建设西路与宾州南大街交叉口西20米,"127.488305,45.756419",13159845999,黑龙江省,哈尔滨市,宾县,哈尔滨市
金尚美容美发,天福嘉园西北门东北50米,"127.476959,45.757087",18246805755,黑龙江省,哈尔滨市,宾县,哈尔滨市
DL发型设计美甲美睫纹绣店,宾州镇学子路县幼儿园对面和泓商服DL发型设计,"127.448403,45.742948",15084616655,黑龙江省,哈尔滨市,宾县,哈尔滨市
宏艺专业烫染造型(庙胡同综合大市场店),宾州镇建设东路16号庙胡同综合大市场,"127.489983,45.757709",[],黑龙江省,哈尔滨市,宾县,哈尔滨市
名威造型形象设计,中国石化龙滨加油站东侧50米,"127.192983,45.751216",17604503847,黑龙江省,哈尔滨市,宾县,哈尔滨市
宇艺造型,丰收路与迎宾大道交叉口东南60米,"127.479625,45.749875",13263555703,黑龙江省,哈尔滨市,宾县,哈尔滨市
丝漫发型设计,老工业局家属楼一楼,"127.481614,45.751397",13796838100,黑龙江省,哈尔滨市,宾县,哈尔滨市
以法莲造型沙龙,宾州南大街与南康路交叉口东北20米,"127.492103,45.752251",[],黑龙江省,哈尔滨市,宾县,哈尔滨市
阿伟造型,964乡道与西北外环路交叉口东南40米,"127.284266,45.914584",13388000751,黑龙江省,哈尔滨市,宾县,哈尔滨市
春秀理发店,文靖小区,"127.493581,45.757456",[],黑龙江省,哈尔滨市,宾县,哈尔滨市
艺彩造型,西城街水保所楼下艺彩造型,"127.470866,45.750816",18845033114,黑龙江省,哈尔滨市,宾县,哈尔滨市
魔发师专业烫染(莱薰路店),公仆路翰皇旁,"127.486692,45.757136",17036732555,黑龙江省,哈尔滨市,宾县,哈尔滨市
风格造型(大地花园店),大地花园新区六栋42号门市18号门市,"127.486225,45.753501",18845158432,黑龙江省,哈尔滨市,宾县,哈尔滨市
林菲造型,宾西镇致富路112号,"127.161337,45.754100",18646345139,黑龙江省,哈尔滨市,宾县,哈尔滨市
金子发型工作室,上海花园东7门东南140米,"127.495418,45.760506",18304633543,黑龙江省,哈尔滨市,宾县,哈尔滨市
潮牌造型,胜利镇万春街明杰超市北走100米,"128.053647,45.801561",[],黑龙江省,哈尔滨市,宾县,哈尔滨市
晓燕美发美容院(大地花园店),大地花园新区1号楼,"127.485769,45.754495",13766976456,黑龙江省,哈尔滨市,宾县,哈尔滨市
梵尚美发工作室,城隍西路51号,"127.477715,45.757422",18746132061,黑龙江省,哈尔滨市,宾县,哈尔滨市
玉美理发店,西北外环路与964乡道交叉口西南140米,"127.282654,45.914051",18249733979,黑龙江省,哈尔滨市,宾县,哈尔滨市
一号发艺,951乡道,"127.064992,45.912278",[],黑龙江省,哈尔滨市,宾县,哈尔滨市
娜艺迹时尚造型(兴盛小区店),宾西镇兴盛小区A栋,"127.163685,45.751738",[],黑龙江省,哈尔滨市,宾县,哈尔滨市
中心美发,004乡道与常安街交叉口南20米,"127.845128,45.765034",13644518780,黑龙江省,哈尔滨市,宾县,哈尔滨市
立夫染烫造型会馆(天福缘区店),天福缘新区南门东150米,"127.469276,45.750356",13613633754,黑龙江省,哈尔滨市,宾县,哈尔滨市
炫时光美发会所(天福嘉园店),天福嘉园西北门东北70米,"127.477042,45.757124",[],黑龙江省,哈尔滨市,宾县,哈尔滨市
春鸣美发(天福嘉园店),天福嘉园5栋,"127.477444,45.757287",[],黑龙江省,哈尔滨市,宾县,哈尔滨市
情侣发艺,宾西镇本街农行南,"127.161300,45.754886",[],黑龙江省,哈尔滨市,宾县,哈尔滨市
超越烫染发吧(哈市分店),学府小区北1门旁,"127.163934,45.753435",0451-51776654;15045188876,黑龙江省,哈尔滨市,宾县,哈尔滨市
M造型工作室,建设西路109号,"127.485699,45.754674",15776260321,黑龙江省,哈尔滨市,宾县,哈尔滨市
蓝飞发艺美容会所,糖坊镇本街,"127.065722,45.912169",[],黑龙江省,哈尔滨市,宾县,哈尔滨市
秋雨美发,致富路与哈同公路交叉口南160米,"127.161599,45.754992",[],黑龙江省,哈尔滨市,宾县,哈尔滨市
格调美发沙龙,宾州镇红旗路69号,"127.478300,45.751034",18348555608,黑龙江省,哈尔滨市,宾县,哈尔滨市
小帅造型·设计美甲美睫,润泽路21号,"127.485925,45.757375",18088786553,黑龙江省,哈尔滨市,宾县,哈尔滨市
海派造型(大地花园店),宾州镇大地花园新区2号楼,"127.486862,45.754389",15636325258,黑龙江省,哈尔滨市,宾县,哈尔滨市
貂皮改染(鑫福家园店),鑫福家园东北门西北70米,"127.477074,45.752741",[],黑龙江省,哈尔滨市,宾县,哈尔滨市
春亮发型设计(天福缘区店),宾州西大街478号,"127.467250,45.750149",[],黑龙江省,哈尔滨市,宾县,哈尔滨市
首尔造型(莱薰路店),公仆家园西北门东北60米,"127.483363,45.756113",15145155510,黑龙江省,哈尔滨市,宾县,哈尔滨市
得艺旺型美发工作室(宾州东路店),宾州镇文化南路与宾州东大街交叉口西南40米文化综合楼下,"127.495280,45.759615",15589837030,黑龙江省,哈尔滨市,宾县,哈尔滨市
剪约专业染烫(西丰路店),成双家园东厢房南5门市,"127.475634,45.756058",18246804004,黑龙江省,哈尔滨市,宾县,哈尔滨市
洛梵造型,天福嘉园西北门旁,"127.476730,45.756973",18145123918,黑龙江省,哈尔滨市,宾县,哈尔滨市
小郝美发店,通达家园一期3号楼,"127.501980,45.761285",[],黑龙江省,哈尔滨市,宾县,哈尔滨市
卫思理造型(金穗花园店),金穗花园南门东北140米,"127.481617,45.753404",15134559337,黑龙江省,哈尔滨市,宾县,哈尔滨市
新概念造型,宾县水务局西北门旁,"127.472497,45.752040",16536118886,黑龙江省,哈尔滨市,宾县,哈尔滨市
木子造型,和泓山水阳光商服c2-21,"127.449150,45.742696",13030077696,黑龙江省,哈尔滨市,宾县,哈尔滨市
小白造型(成双家园店),宾州西路与红旗路交叉路口东北侧,"127.476449,45.754417",18646510026,黑龙江省,哈尔滨市,宾县,哈尔滨市
剪艺造型(哈尔滨宾县),西泽路31号人防小区,"127.480822,45.759197",15004664437,黑龙江省,哈尔滨市,宾县,哈尔滨市
雅士理发,大千路与城隍西路交叉口南40米,"127.478525,45.757579",15146116617,黑龙江省,哈尔滨市,宾县,哈尔滨市
吉利美发(建设小区西区店),建设小区西区东门旁,"127.494399,45.755246",15945976855,黑龙江省,哈尔滨市,宾县,哈尔滨市
天宇造型(宾西新越小区二区店),宾西镇本街二委新越小区区15号楼17号,"127.165475,45.753825",15104638889,黑龙江省,哈尔滨市,宾县,哈尔滨市
领航造型(建设西路店),建设西路与交通南路交叉口东20米,"127.483232,45.753966",15246631937,黑龙江省,哈尔滨市,宾县,哈尔滨市
雅丝美发(大地花园店),宾州镇大地花园新区六号楼,"127.486778,45.753625",15946399647,黑龙江省,哈尔滨市,宾县,哈尔滨市
老雅士理发,大千路西城食杂旁,"127.479349,45.756883",15146116617,黑龙江省,哈尔滨市,宾县,哈尔滨市
心悦美发,致富路与G221公路交叉口南160米,"127.161588,45.754960",13244584353,黑龙江省,哈尔滨市,宾县,哈尔滨市
创艺美发(宁延公路店),菜籽商店(宁延公路店)西北侧,"127.928407,45.730691",15545123600,黑龙江省,哈尔滨市,宾县,哈尔滨市
尚都烫染,宾州镇建设西路5门,"127.483176,45.754250",18304614466,黑龙江省,哈尔滨市,宾县,哈尔滨市
小涛精致生活造型(宾西新越四区店),宾西新越小区四区7栋,"127.166354,45.752336",[],黑龙江省,哈尔滨市,宾县,哈尔滨市
雯芳美容美发会馆,宾西新村9号楼,"127.166118,45.762193",[],黑龙江省,哈尔滨市,宾县,哈尔滨市
巅峰之秀发型设计,宾州南大街与建设西路交叉口西北40米,"127.488219,45.756523",[],黑龙江省,哈尔滨市,宾县,哈尔滨市
嘉丽美发(致富路店),致富路与学府路交叉口东北80米,"127.161338,45.754093",[],黑龙江省,哈尔滨市,宾县,哈尔滨市
剪约(沈氏大厦店),宾西镇沈氏大厦,"127.159875,45.751623",[],黑龙江省,哈尔滨市,宾县,哈尔滨市
晓娟发艺,宾西镇中心学校(同哈公路南),"127.161413,45.754375",[],黑龙江省,哈尔滨市,宾县,哈尔滨市
银尚造型(宾州西路店),迎宾尚城C区东北门旁,"127.467743,45.749102",[],黑龙江省,哈尔滨市,宾县,哈尔滨市
阳光美发工作室(969乡道店),969乡道与同哈公路交叉口北80米,"127.765501,45.845223",[],黑龙江省,哈尔滨市,宾县,哈尔滨市
海洋美发美发工作室,文化南路与建设东路交叉口东南20米,"127.497026,45.757921",15134538310,黑龙江省,哈尔滨市,宾县,哈尔滨市
明子造型,宾州镇宾县人防小区门口,"127.480582,45.759716",[],黑龙江省,哈尔滨市,宾县,哈尔滨市
小文造型,莱熏路与福盈北路交叉口东60米,"127.484901,45.756258",[],黑龙江省,哈尔滨市,宾县,哈尔滨市
潇洒发廊(文化南路店),文化路口文化综合楼,"127.495770,45.759665",13895818887,黑龙江省,哈尔滨市,宾县,哈尔滨市
名洋烫染吧(庙胡同综合大市场店),建设东路庙胡同综合大市场,"127.490191,45.757163",13836069073,黑龙江省,哈尔滨市,宾县,哈尔滨市
天乐烫染店,成双家园南区南1门东北90米,"127.476268,45.754325",[],黑龙江省,哈尔滨市,宾县,哈尔滨市
凯秀发艺,学府小区北门西150米,"127.161175,45.753589",[],黑龙江省,哈尔滨市,宾县,哈尔滨市
飞扬美发店,宾西镇新越一区二号楼三单元102室,"127.163102,45.755414",[],黑龙江省,哈尔滨市,宾县,哈尔滨市
潮龙发艺(博强家园店),博强家园西南门西90米,"127.448277,45.748531",15134534531,黑龙江省,哈尔滨市,宾县,哈尔滨市
阿龙发艺,胜利中学东南侧240米,"128.053899,45.801001",[],黑龙江省,哈尔滨市,宾县,哈尔滨市
名剪形象设计,同哈公路南50米,"128.053723,45.801444",15846113751;15846113754,黑龙江省,哈尔滨市,宾县,哈尔滨市
奈丝造型,G221公路北30米,"127.192791,45.751271",[],黑龙江省,哈尔滨市,宾县,哈尔滨市
郑士艳美容美发,宁延公路953乡,"127.926556,45.730943",[],黑龙江省,哈尔滨市,宾县,哈尔滨市
首艺发屋,胜利中学东南侧210米,"128.053423,45.800984",[],黑龙江省,哈尔滨市,宾县,哈尔滨市
曙光美发(盛景嘉居小区店),文靖路建设小区c栋,"127.494914,45.756013",13504814556,黑龙江省,哈尔滨市,宾县,哈尔滨市
昱丝恒美,莱熏路56号,"127.484574,45.756466",18946111076,黑龙江省,哈尔滨市,宾县,哈尔滨市
美格发型设计(天福嘉园店),天福嘉园,"127.478084,45.756566",[],黑龙江省,哈尔滨市,宾县,哈尔滨市
美咖造型,文靖南路与建设东路交叉口东南60米,"127.493634,45.756859",[],黑龙江省,哈尔滨市,宾县,哈尔滨市
今喜美业(融兴府邸店),新缘路与迎宾大道交叉口东南180米,"127.473762,45.745889",[],黑龙江省,哈尔滨市,宾县,哈尔滨市
名爵造型(齿轮厂家属楼店),哈尔滨西岗齿轮有限公司东南门东北60米,"127.471528,45.751850",17669784752,黑龙江省,哈尔滨市,宾县,哈尔滨市
毛豆造型,莱熏路(煤建胡同)81号毛豆造型,"127.485173,45.756280",15146429119,黑龙江省,哈尔滨市,宾县,哈尔滨市
发舞台发艺,东升街与兴宾大道交叉口东60米,"127.165903,45.763826",13644516221,黑龙江省,哈尔滨市,宾县,哈尔滨市
云顶美发沙龙店,宾县齿轮厂家属楼B栋,"127.470932,45.751372",17036735999,黑龙江省,哈尔滨市,宾县,哈尔滨市
溢香美发美容院,宾州南路24号中国移动旁,"127.489854,45.756388",[],黑龙江省,哈尔滨市,宾县,哈尔滨市
宾西镇莱米造型,致富路104号,"127.161367,45.754202",15900381227,黑龙江省,哈尔滨市,宾县,哈尔滨市
天姿美发(龙州住宅楼店),文庙胡同天姿理发店58号,"127.489864,45.758219",[],黑龙江省,哈尔滨市,宾县,哈尔滨市
梦想发型机构(大地花园店),宾州镇大地花园新区6号楼第一门,"127.486077,45.753449",18246974491,黑龙江省,哈尔滨市,宾县,哈尔滨市
未来美业,博强家园西南门西50米,"127.448699,45.748496",[],黑龙江省,哈尔滨市,宾县,哈尔滨市
艺名惊人(成双家园店),成双家园南区南1门东北200米,"127.477045,45.754720",[],黑龙江省,哈尔滨市,宾县,哈尔滨市
艺辰美业,宾州东大街与文化南路交叉口西南60米,"127.495409,45.759639",[],黑龙江省,哈尔滨市,宾县,哈尔滨市
娜娜美发,西泽路与城隍西路交叉口西北40米,"127.480725,45.759225",[],黑龙江省,哈尔滨市,宾县,哈尔滨市
超艺美发工作室,宾州镇宾县水保所楼下西,"127.470280,45.750426",[],黑龙江省,哈尔滨市,宾县,哈尔滨市
晓慧美发(宾县农业委员会西北),迎宾尚成B区5号楼门市2,"127.465095,45.748762",[],黑龙江省,哈尔滨市,宾县,哈尔滨市
便民理发(迎宾尚城C区店),宾州镇迎宾尚城C区三栋C-11,"127.467237,45.749440",[],黑龙江省,哈尔滨市,宾县,哈尔滨市
凹凸美容美发,宾西镇中心学校东南门旁,"127.163391,45.753602",17645001920,黑龙江省,哈尔滨市,宾县,哈尔滨市
炫尚发型设计,宾州西大街与吉瑞路交叉口东40米,"127.470295,45.750433",[],黑龙江省,哈尔滨市,宾县,哈尔滨市
东尼造型(宾州西路店),宾县第二小学校东南门东140米,"127.474981,45.753297",[],黑龙江省,哈尔滨市,宾县,哈尔滨市
东阁造型(成双家园店),成双家园南区南1门东北150米,"127.476735,45.754562",[],黑龙江省,哈尔滨市,宾县,哈尔滨市
维达造型,宾州南大街与秀峰路交叉口西南20米,"127.492063,45.751253",[],黑龙江省,哈尔滨市,宾县,哈尔滨市
金浪美发(华兴名苑店),东大街214号华兴名苑2号楼,"127.502765,45.762014",[],黑龙江省,哈尔滨市,宾县,哈尔滨市
天姿美容美发(胜利镇中心卫生院东北),胜利中学东南侧200米,"128.053420,45.801140",[],黑龙江省,哈尔滨市,宾县,哈尔滨市
如意美发(天福缘区店),宾州镇天福园新区D栋2单元,"127.467649,45.750601",[],黑龙江省,哈尔滨市,宾县,哈尔滨市
秀红发艺(天福嘉园店),天福嘉园,"127.477248,45.756182",[],黑龙江省,哈尔滨市,宾县,哈尔滨市
艳艳专业烫染,同哈公路南50米,"128.053508,45.801458",[],黑龙江省,哈尔滨市,宾县,哈尔滨市
红艳发艺,宾州东大街与兴牧路交叉口东20米,"127.495033,45.759585",[],黑龙江省,哈尔滨市,宾县,哈尔滨市
广美发艺(水保家园店),宾州镇水保新楼A1栋109号,"127.471724,45.750270",[],黑龙江省,哈尔滨市,宾县,哈尔滨市
东尼造型(致富路店),宾西镇老农业银行斜对面,"127.162031,45.756033",15045183852,黑龙江省,哈尔滨市,宾县,哈尔滨市
雯芳造型,宾西开发区农行对面,"127.161733,45.755321",13176523603,黑龙江省,哈尔滨市,宾县,哈尔滨市
鑫玉美发店,文靖南路与福义路交叉口东南40米,"127.494537,45.755419",13654620793,黑龙江省,哈尔滨市,宾县,哈尔滨市
豆豆多彩烫染(大地花园店),花卉路与庆丰路交叉口西南40米,"127.486741,45.753632",[],黑龙江省,哈尔滨市,宾县,哈尔滨市
诗合造型,建设小区西南2门西北140米,"127.493287,45.756923",16645151209,黑龙江省,哈尔滨市,宾县,哈尔滨市
北方理发馆,龙洲路与文靖北路交叉口西南20米,"127.492451,45.758136",[],黑龙江省,哈尔滨市,宾县,哈尔滨市
新叶子,财源街与兴宾大道交叉口东180米,"127.166781,45.757544",[],黑龙江省,哈尔滨市,宾县,哈尔滨市
金艺烫染(天福源小区店),宾州镇胜利街4委30组天福源小区,"127.481076,45.758794",[],黑龙江省,哈尔滨市,宾县,哈尔滨市
阿健造型,951乡道与954乡道交叉口东220米,"127.062951,45.911864",19990707890,黑龙江省,哈尔滨市,宾县,哈尔滨市
潇洒名派美发沙龙,胜利中学东南侧230米,"128.053954,45.801119",[],黑龙江省,哈尔滨市,宾县,哈尔滨市
艺剪钟情,糖坊村糖坊屯西南方向80米,"127.066655,45.912326",[],黑龙江省,哈尔滨市,宾县,哈尔滨市
李娜美容美发养生馆,致富路与兴工路交叉口南80米,"127.161038,45.750909",15246639678,黑龙江省,哈尔滨市,宾县,哈尔滨市
芳源美发(龙州住宅楼店),建设东路庙胡同综合大市场,"127.490175,45.757675",[],黑龙江省,哈尔滨市,宾县,哈尔滨市
发源地美容美发(博强家园店),博强家园西南门西80米,"127.448417,45.748539",[],黑龙江省,哈尔滨市,宾县,哈尔滨市
真美发艺,摆渡镇,"128.156924,45.907276",[],黑龙江省,哈尔滨市,宾县,哈尔滨市
彦胖理发,宾州镇仿古一条街,"127.491619,45.752491",[],黑龙江省,哈尔滨市,宾县,哈尔滨市
杨二理发店,交通路5号,"127.482268,45.754139",[],黑龙江省,哈尔滨市,宾县,哈尔滨市
伊雅发艺(助才学生公寓店),宾州镇华泰小区三单元,"127.504177,45.762206",[],黑龙江省,哈尔滨市,宾县,哈尔滨市
孙记理发店(南大街店),宾州镇盐业小区门洞旁,"127.490897,45.754486",[],黑龙江省,哈尔滨市,宾县,哈尔滨市
蓝梦美容美发(宾州东路店),宾州东大街与文化南路交叉口西南40米,"127.495380,45.759636",[],黑龙江省,哈尔滨市,宾县,哈尔滨市
元素美发美甲(迎宾尚城B区店),尚城二道街73号,"127.465420,45.748843",[],黑龙江省,哈尔滨市,宾县,哈尔滨市
大飞造型工作室,宾州西大街87号,"127.482899,45.757114",[],黑龙江省,哈尔滨市,宾县,哈尔滨市
文靖理发,宾县第三小学东门西北100米,"127.492590,45.758194",15945978050,黑龙江省,哈尔滨市,宾县,哈尔滨市
唯美发型设计工作室,宾州镇胜利街人防小区一号楼6号门,"127.480919,45.759460",[],黑龙江省,哈尔滨市,宾县,哈尔滨市
遵超造型(天福缘区店),天福缘新区南门东150米,"127.469286,45.750360",[],黑龙江省,哈尔滨市,宾县,哈尔滨市
华子发型设计连锁,学府路74号建设小区,"127.493654,45.756794",[],黑龙江省,哈尔滨市,宾县,哈尔滨市
领艺造型,宾县二中园丁小区门市东10门,"127.504653,45.762708",[],黑龙江省,哈尔滨市,宾县,哈尔滨市
雅美丝发屋,建设东路庙胡同C栋1楼9号门,"127.490375,45.757492",[],黑龙江省,哈尔滨市,宾县,哈尔滨市
天王美发厅,同哈公路南50米,"127.287253,45.764621",[],黑龙江省,哈尔滨市,宾县,哈尔滨市
阿姚理发,东方北路与风华路交叉口南60米,"127.506131,45.763893",[],黑龙江省,哈尔滨市,宾县,哈尔滨市
金环美发,文化小区北(宾州东路南),"127.495775,45.759631",[],黑龙江省,哈尔滨市,宾县,哈尔滨市
剪王100分烫染(刘宏实力店),文化南路6号(鑫融府快捷宾馆附近),"127.496228,45.759566",[],黑龙江省,哈尔滨市,宾县,哈尔滨市
黎美姿美业,建设西路55号附近,"127.486331,45.754619",18724629611,黑龙江省,哈尔滨市,宾县,哈尔滨市
天姿美发(光明路店),人防小区东北1门旁,"127.479982,45.759853",[],黑龙江省,哈尔滨市,宾县,哈尔滨市
小光发艺(鸿福世纪城店),宾州镇鸿福世纪城三号楼,"127.480124,45.761793",[],黑龙江省,哈尔滨市,宾县,哈尔滨市
首选美发烫染专门店,宾州镇仿古一条街一路顺羊汤馆南屋,"127.492020,45.752357",[],黑龙江省,哈尔滨市,宾县,哈尔滨市
丽人美发厅,居仁中心学校西门旁,"127.286864,45.764320",13945650843,黑龙江省,哈尔滨市,宾县,哈尔滨市
秀美理发(大千路店),乾禧家园北门东北70米,"127.475570,45.759913",[],黑龙江省,哈尔滨市,宾县,哈尔滨市
晓茹美发,红旗小区,"127.478010,45.752272",[],黑龙江省,哈尔滨市,宾县,哈尔滨市
发美发型设计(华兴名苑店),东大街214号华兴名苑,"127.503295,45.762207",[],黑龙江省,哈尔滨市,宾县,哈尔滨市
引尚发艺(人防小区店),西泽路与北城路交叉口东南60米,"127.480488,45.759622",[],黑龙江省,哈尔滨市,宾县,哈尔滨市
华丽理发(文靖小区店),宾县第三小学东南门东70米,"127.493109,45.757522",15145155749,黑龙江省,哈尔滨市,宾县,哈尔滨市
亿刺青纹身工作室,宾州西大街与吉福路交叉口西80米,"127.466417,45.749695",18846769286,黑龙江省,哈尔滨市,宾县,哈尔滨市
组合可心工作室,天福嘉园15号楼,"127.472576,45.755544",15245852179,黑龙江省,哈尔滨市,宾县,哈尔滨市
麦吉丽美肤工作室,迎宾尚城B区南1门东160米,"127.466406,45.749175",18845154882,黑龙江省,哈尔滨市,宾县,哈尔滨市
淇遇美甲工作室,天福家园6号楼西香坊,"127.475676,45.756268",15046006733;15776247773,黑龙江省,哈尔滨市,宾县,哈尔滨市
珊工作室,天福嘉园西北门西60米,"127.476049,45.756655",[],黑龙江省,哈尔滨市,宾县,哈尔滨市
王晶理容工作室(天福嘉园店),天福嘉园1号楼,"127.477647,45.756365",[],黑龙江省,哈尔滨市,宾县,哈尔滨市
红红美甲工作室(通达家园二期店),通达家园二期,"127.500593,45.761124",18846755025,黑龙江省,哈尔滨市,宾县,哈尔滨市
晓红理发(幸福家园店),幸福家园东北1门旁,"127.470490,45.753668",13104051006,黑龙江省,哈尔滨市,宾县,哈尔滨市
顶尖烫染(旗舰店),天顺街11号,"128.334327,45.455461",15084658382,黑龙江省,哈尔滨市,延寿县,哈尔滨市
引领造型遇见时尚立方,南吉盛路45号,"128.334193,45.452949",[],黑龙江省,哈尔滨市,延寿县,哈尔滨市
新古贝美容美发养生会馆(旗舰店),北吉盛路,"128.330139,45.455431",15585580234,黑龙江省,哈尔滨市,延寿县,哈尔滨市
阿莲美发(南吉盛路),南吉盛路74号,"128.335686,45.451453",[],黑龙江省,哈尔滨市,延寿县,哈尔滨市
壹间理发店,西同庆街267号,"128.320763,45.448231",18348601541,黑龙江省,哈尔滨市,延寿县,哈尔滨市
犰麒独领造型,南东风路,"128.338100,45.455185",13100951222,黑龙江省,哈尔滨市,延寿县,哈尔滨市
魅力造型(哈尔滨延寿县),西同庆街244号,"128.318542,45.447940",[],黑龙江省,哈尔滨市,延寿县,哈尔滨市
轩尚造型,天顺街38号,"128.334643,45.455180",[],黑龙江省,哈尔滨市,延寿县,哈尔滨市
鹏客造型(延寿店),南天顺路与文化胡同交叉口西北20米,"128.334545,45.455275",[],黑龙江省,哈尔滨市,延寿县,哈尔滨市
马岩美发,文化胡同与南天顺路交叉口东北20米,"128.334842,45.455250",[],黑龙江省,哈尔滨市,延寿县,哈尔滨市
一剪钟情美发店,延寿镇盛世花园1号楼22号门市,"128.312771,45.446964",18345496269,黑龙江省,哈尔滨市,延寿县,哈尔滨市
阿鑫造型,南天顺路112号,"128.336787,45.453234",15663665233,黑龙江省,哈尔滨市,延寿县,哈尔滨市
小辉2046美发沙龙(哈尔滨延寿县),延寿镇北城西路13号,"128.328062,45.451603",[],黑龙江省,哈尔滨市,延寿县,哈尔滨市
俏佳人发型会馆(西公安街店),西公安街与南城西路交叉口东北80米,"128.330900,45.451404",[],黑龙江省,哈尔滨市,延寿县,哈尔滨市
小E造型(延寿店),北吉盛路与新星胡同交叉口北20米,"128.330728,45.455520",[],黑龙江省,哈尔滨市,延寿县,哈尔滨市
晓娟发艺,北东风路与新民胡同交叉口东南60米,"128.334965,45.457438",[],黑龙江省,哈尔滨市,延寿县,哈尔滨市
曼妙时光(泓泰康城店),延寿镇西新华街10号泓泰康城,"128.334612,45.450787",13703667260,黑龙江省,哈尔滨市,延寿县,哈尔滨市
锦秀发都美发(锦秀丽都店),延寿镇西同庆街88号锦秀丽都9号楼2楼中门,"128.317397,45.447387",[],黑龙江省,哈尔滨市,延寿县,哈尔滨市
小野形象设计,同庆街125号,"128.328313,45.451867",18746389990,黑龙江省,哈尔滨市,延寿县,哈尔滨市
圣莉斯歌美容美业(爱建家园店),黑龙江省哈尔滨市延寿县爱建家园15号楼5号门市圣莉斯歌美容会员服务中心,"128.327754,45.454048",0451-53032226,黑龙江省,哈尔滨市,延寿县,哈尔滨市
世潮造型,东同庆街33-11,"128.333789,45.455482",18501216818,黑龙江省,哈尔滨市,延寿县,哈尔滨市
平价理发,西同庆街与朱家胡同交叉口西南40米,"128.325304,45.449888",[],黑龙江省,哈尔滨市,延寿县,哈尔滨市
顶剪造型美发,东风路与东公安街交叉口东120米,"128.339225,45.455275",13652027456,黑龙江省,哈尔滨市,延寿县,哈尔滨市
喜男优剪(泓泰康城店),鸿泰康城3号楼9号门市,"128.332875,45.450125",[],黑龙江省,哈尔滨市,延寿县,哈尔滨市
王子发型设计,南吉盛路63号,"128.334883,45.452535",13136640696,黑龙江省,哈尔滨市,延寿县,哈尔滨市
尚·世纪造型,西同庆街与南城西路交叉口西南60米,"128.328257,45.451616",[],黑龙江省,哈尔滨市,延寿县,哈尔滨市
剪约美发专业烫染(北吉盛路店),延寿县商场北100米到东,"128.330796,45.455421",18245154906,黑龙江省,哈尔滨市,延寿县,哈尔滨市
摩卡造型(西同庆街店),西同庆街与北城西路交叉口东北60米,"128.328956,45.452604",13199534456;15321032061,黑龙江省,哈尔滨市,延寿县,哈尔滨市
剪个头,延寿镇西城北路爱建家园4号楼3门市,"128.328453,45.454720",13078899345,黑龙江省,哈尔滨市,延寿县,哈尔滨市
李强发艺,南天顺路与文化胡同交叉口西北20米,"128.334590,45.455293",13796226399,黑龙江省,哈尔滨市,延寿县,哈尔滨市
吉吉造型(水韵紫城店),水韵紫城东北2门旁,"128.340437,45.453308",15084659557,黑龙江省,哈尔滨市,延寿县,哈尔滨市
爱尚美美发,盛世花园一号楼十七门市爱尚美美发,"128.312964,45.446868",15046730289,黑龙江省,哈尔滨市,延寿县,哈尔滨市
圣朝烫染吧,延寿镇天顺路8号,"128.334070,45.455461",13796729632,黑龙江省,哈尔滨市,延寿县,哈尔滨市
衡艺美发,嘉悦国际4期北门东120米,"128.311824,45.442672",15776413415,黑龙江省,哈尔滨市,延寿县,哈尔滨市
JULY七月理发馆,延寿镇南吉盛路17号,"128.333266,45.453601",18249714195;18345673682,黑龙江省,哈尔滨市,延寿县,哈尔滨市
恋尚美发,西新华街新华实验小学对面,"128.335397,45.451318",13936078518,黑龙江省,哈尔滨市,延寿县,哈尔滨市
松竹美发(南天顺路店),南天顺路与东公安街交叉口东南100米,"128.336591,45.453813",13503654850,黑龙江省,哈尔滨市,延寿县,哈尔滨市
名姿美发(生资住宅店),生资住宅西南门旁,"128.337326,45.453428",[],黑龙江省,哈尔滨市,延寿县,哈尔滨市
沙宣发艺(建行住宅楼店),建行住宅楼东北门旁,"128.327085,45.458180",13936049308,黑龙江省,哈尔滨市,延寿县,哈尔滨市
桐桐美甲美发(泓泰康城店),泓泰康城2栋商6服,"128.333729,45.450187",13936063544,黑龙江省,哈尔滨市,延寿县,哈尔滨市
小鹤美发工作室(红星小区北区店),延寿镇东红星街网通三号楼,"128.331282,45.458300",13634887887,黑龙江省,哈尔滨市,延寿县,哈尔滨市
海飞丝发艺,东风国际10栋1号商服,"128.343266,45.457857",[],黑龙江省,哈尔滨市,延寿县,哈尔滨市
长城发廊,南东风路老干部局楼下,"128.337141,45.455924",15546520667,黑龙江省,哈尔滨市,延寿县,哈尔滨市
未来美发沙龙,东同庆街36号,"128.333043,45.455346",18945634805,黑龙江省,哈尔滨市,延寿县,哈尔滨市
红唇美发形象设计(红星小区南区店),红星小区南区,"128.330046,45.456143",13144603777,黑龙江省,哈尔滨市,延寿县,哈尔滨市
美丝乐发艺(水韵紫城店),水韵紫城东北1门旁,"128.340179,45.453538",[],黑龙江省,哈尔滨市,延寿县,哈尔滨市
名匠发型设计(南天顺路店),南天顺街工会家属楼,"128.336669,45.453749",[],黑龙江省,哈尔滨市,延寿县,哈尔滨市
东光美发城,西同庆街与南城西路交叉口东北140米,"128.330105,45.452870",[],黑龙江省,哈尔滨市,延寿县,哈尔滨市
文竹美发,西同庆街与友谊胡同交叉口西60米,"128.323600,45.449574",[],黑龙江省,哈尔滨市,延寿县,哈尔滨市
1+1造型(东公安街店),东公安街与南吉盛路交叉口东北40米,"128.334060,45.453404",[],黑龙江省,哈尔滨市,延寿县,哈尔滨市
酷烫一族专业烫染店,西同庆街与南城西路交叉口西南40米,"128.328419,45.451719",15134528072,黑龙江省,哈尔滨市,延寿县,哈尔滨市
鑫潮时尚烫染机构,南天顺街52号,"128.334703,45.454808",13136685938,黑龙江省,哈尔滨市,延寿县,哈尔滨市
尚艺美发造型,延寿镇老客运站南走100米道东,"128.329844,45.451498",13633677477,黑龙江省,哈尔滨市,延寿县,哈尔滨市
首艺造型(东同庆街店),延寿镇东同庆街41号饮食服务楼下,"128.334342,45.455727",13936607265,黑龙江省,哈尔滨市,延寿县,哈尔滨市
城虹理发店,东公安街与南吉盛路交叉口东北40米,"128.333974,45.453399",13212805778,黑龙江省,哈尔滨市,延寿县,哈尔滨市
艳艳发廊,东南环路与延中公路交叉口西80米,"128.778726,45.506587",[],黑龙江省,哈尔滨市,延寿县,哈尔滨市
佳奕美发(小十字街店),东公安街2-1号小十字街百姓大药房道北教育局西,"128.333797,45.453342",18512171514;19244504454,黑龙江省,哈尔滨市,延寿县,哈尔滨市
清风美发,延寿镇明德胡同内计生委东厢房门市,"128.332908,45.450143",[],黑龙江省,哈尔滨市,延寿县,哈尔滨市
小乐美发,南城西路与西同庆街交叉口东南100米,"128.329240,45.451335",13101500909;15046669014,黑龙江省,哈尔滨市,延寿县,哈尔滨市
摩发师烫染精品(西同庆街店),西同庆街149号,"128.327693,45.451243",13804522668,黑龙江省,哈尔滨市,延寿县,哈尔滨市
美玲美发(东新华街),水韵紫城西北门东北50米,"128.339122,45.453620",[],黑龙江省,哈尔滨市,延寿县,哈尔滨市
古骑艺站美发店,南吉盛路67号,"128.334951,45.452428",13936084198,黑龙江省,哈尔滨市,延寿县,哈尔滨市
托尼造型(南天顺路店),南天顺路与文化胡同交叉口西南20米,"128.334603,45.454883",[],黑龙江省,哈尔滨市,延寿县,哈尔滨市
屹辰造型,南吉盛路与东公安街交叉口西北80米,"128.333122,45.453697",[],黑龙江省,哈尔滨市,延寿县,哈尔滨市
小平造型,东同庆街84号,"128.334453,45.455206",[],黑龙江省,哈尔滨市,延寿县,哈尔滨市
金子发艺店,老法院家属楼,"128.337310,45.453178",13936480053,黑龙江省,哈尔滨市,延寿县,哈尔滨市
名流美发创意空间(西同庆街店),延寿镇西同庆街财政局对面,"128.321672,45.448311",[],黑龙江省,哈尔滨市,延寿县,哈尔滨市
红宝石美发厅,延寿镇东风小学东侧东风国际10号楼商服3号门,"128.343360,45.457892",[],黑龙江省,哈尔滨市,延寿县,哈尔滨市
小才剪艺,同庆街217号,"128.322668,45.448506",15699662555,黑龙江省,哈尔滨市,延寿县,哈尔滨市
首选美发沙龙,南吉盛路与新华街交叉口西北60米,"128.335231,45.452125",[],黑龙江省,哈尔滨市,延寿县,哈尔滨市
宏波美发,东新华街160号,"128.339112,45.453933",[],黑龙江省,哈尔滨市,延寿县,哈尔滨市
小峰发艺Hair Salon,延寿镇西同庆街65号,"128.329798,45.452795",15546464702,黑龙江省,哈尔滨市,延寿县,哈尔滨市
小源美发(福都家园店),同庆街152号,"128.338139,45.459815",17346564456,黑龙江省,哈尔滨市,延寿县,哈尔滨市
晓茹美发,南天顺路与东公安街交叉口东南100米,"128.336648,45.453766",[],黑龙江省,哈尔滨市,延寿县,哈尔滨市
时尚名剪(中心大街店),中心大街与宾平公路交叉口东北100米,"128.143986,45.387991",[],黑龙江省,哈尔滨市,延寿县,哈尔滨市
审美造型,青川乡十字街东南第一门市,"128.111185,45.445738",19523268510,黑龙江省,哈尔滨市,延寿县,哈尔滨市
艺阁造型(东公安街店),东公安街与东风路交叉口东北140米,"128.339175,45.456528",[],黑龙江省,哈尔滨市,延寿县,哈尔滨市
时尚造型,延寿镇水韵紫城四期门市,"128.341550,45.453105",[],黑龙江省,哈尔滨市,延寿县,哈尔滨市
西唯造型,南天顺街7号,"128.334179,45.455513",13936607265,黑龙江省,哈尔滨市,延寿县,哈尔滨市
小美美甲美发,延中公路与庆中公路交叉口东南440米,"128.781473,45.503088",[],黑龙江省,哈尔滨市,延寿县,哈尔滨市
尚剪形象设计,财苑新居东北门旁,"128.332644,45.451855",[],黑龙江省,哈尔滨市,延寿县,哈尔滨市
小慧发艺(红星小区北区店),东红星街红星小区一号楼门市24号,"128.330510,45.457778",13766929876,黑龙江省,哈尔滨市,延寿县,哈尔滨市
姜明理发,延寿镇民和商务会馆对面,"128.336484,45.456699",13945028054,黑龙江省,哈尔滨市,延寿县,哈尔滨市
兰馨美发,兴盛路与光明大街交叉口东南240米,"128.715575,45.667275",18555136678,黑龙江省,哈尔滨市,延寿县,哈尔滨市
金珠美发工作室,延寿镇老客运站十字路口北走十五米路东,"128.328112,45.452623",13766974080,黑龙江省,哈尔滨市,延寿县,哈尔滨市
浪仔美发,泓泰康城西北门旁,"128.333075,45.449875",[],黑龙江省,哈尔滨市,延寿县,哈尔滨市
大众理发,水韵紫城东北3门旁,"128.341179,45.452719",[],黑龙江省,哈尔滨市,延寿县,哈尔滨市
红梅美发,环城路与南吉盛路交叉口西南140米,"128.336975,45.448925",[],黑龙江省,哈尔滨市,延寿县,哈尔滨市
小冰造型烫染专业店,北吉盛路与东城北路交叉口东南20米,"128.330391,45.455661",[],黑龙江省,哈尔滨市,延寿县,哈尔滨市
碧月美发,爱建家园东南1门东北120米,"128.329573,45.455381",[],黑龙江省,哈尔滨市,延寿县,哈尔滨市
小龙发型工作室,锦秀丽都,"128.319525,45.447825",[],黑龙江省,哈尔滨市,延寿县,哈尔滨市
发之屋,平安村村民委员会西侧80米,"128.155875,45.364025",[],黑龙江省,哈尔滨市,延寿县,哈尔滨市
理享烫染造型,延中公路30号,"128.330797,45.455159",[],黑龙江省,哈尔滨市,延寿县,哈尔滨市
金波美发,寿山乡政府西北侧160米,"128.446558,45.449017",[],黑龙江省,哈尔滨市,延寿县,哈尔滨市
俊言轩美发沙龙,延寿镇山河小区北楼3号门市,"128.337884,45.449367",[],黑龙江省,哈尔滨市,延寿县,哈尔滨市
王二理发,兴盛路与光明大街交叉口南120米,"128.714648,45.668324",[],黑龙江省,哈尔滨市,延寿县,哈尔滨市
张扬造型烫染工作室,南天顺路与东同庆街交叉口东南40米,"128.334048,45.455437",[],黑龙江省,哈尔滨市,延寿县,哈尔滨市
金卓美发(福山家园店),东同庆街154号福都家园,"128.338322,45.459744",[],黑龙江省,哈尔滨市,延寿县,哈尔滨市
名剪专业烫染,龙友汽车4S店西北侧180米,"128.323094,45.465245",[],黑龙江省,哈尔滨市,延寿县,哈尔滨市
新潮美发(延中公路店),延中公路北侧,"128.598170,45.599089",[],黑龙江省,哈尔滨市,延寿县,哈尔滨市
老七发廊,延中公路与庆中公路交叉口东北60米,"128.779963,45.507332",[],黑龙江省,哈尔滨市,延寿县,哈尔滨市
名杨美发,西同庆街与连庆胡同交叉口西80米,"128.329215,45.452872",[],黑龙江省,哈尔滨市,延寿县,哈尔滨市
金再来,生资住宅西南门西60米,"128.336742,45.453267",[],黑龙江省,哈尔滨市,延寿县,哈尔滨市
碧月美发,延寿镇北城西路爱建家园西南侧约50米,"128.325414,45.454141",[],黑龙江省,哈尔滨市,延寿县,哈尔滨市
赵家理发,小天使幼儿园对面,"128.335981,45.455753",[],黑龙江省,哈尔滨市,延寿县,哈尔滨市
燕子美发(爱建家园店),爱建家园15号楼,"128.327511,45.453881",[],黑龙江省,哈尔滨市,延寿县,哈尔滨市
金秀发廊,延寿镇盛世花园海都洗浴西30米,"128.314333,45.447787",[],黑龙江省,哈尔滨市,延寿县,哈尔滨市
丹丹发艺,东红星街与北天顺路交叉口东北80米,"128.331530,45.458455",[],黑龙江省,哈尔滨市,延寿县,哈尔滨市
鑫雷美发,东风路与东公安街交叉口西北100米,"128.337065,45.456435",[],黑龙江省,哈尔滨市,延寿县,哈尔滨市
金铭发艺,延寿镇人民银行家属楼南民河会馆对面,"128.336787,45.456444",[],黑龙江省,哈尔滨市,延寿县,哈尔滨市
随缘发艺(六团镇中心卫生院东北),203省道西50米,"128.493548,45.578688",[],黑龙江省,哈尔滨市,延寿县,哈尔滨市
金桂美发(网通小区店),延寿镇网通三号楼东1门,"128.331849,45.458675",[],黑龙江省,哈尔滨市,延寿县,哈尔滨市
超越剪业,郭二宝果蔬食品超市(加信镇政府西),"128.715228,45.666602",13904611419,黑龙江省,哈尔滨市,延寿县,哈尔滨市
丽枫发艺,加信镇人民政府西侧180米,"128.715223,45.666445",[],黑龙江省,哈尔滨市,延寿县,哈尔滨市
摩登发廊,财苑新居东北门旁,"128.332907,45.451628",[],黑龙江省,哈尔滨市,延寿县,哈尔滨市
松竹美发,东南环路与庆中公路交叉口东100米,"128.779652,45.507460",[],黑龙江省,哈尔滨市,延寿县,哈尔滨市
天虹发型设计汽车钥匙(公安局家属楼店),尚志大街310号,"127.981846,45.210557",15045199616;18145173066,黑龙江省,哈尔滨市,尚志市,哈尔滨市
巨豪美容美发会馆(二店),仕博府邸3栋1门市,"127.989587,45.213526",0451-53331717,黑龙江省,哈尔滨市,尚志市,哈尔滨市
梦廊美业(仕博府邸店),仕博府邸西北门东70米,"127.988541,45.213262",0451-55747222;0451-56761066,黑龙江省,哈尔滨市,尚志市,哈尔滨市
三毛造型(中央财富广场B座店),尚志市财富广场捷夫珠宝左侧,"127.968028,45.214507",18246578926,黑龙江省,哈尔滨市,尚志市,哈尔滨市
大洋理发店,尚志镇正和御景湾五号楼,"127.974631,45.215946",13796111511,黑龙江省,哈尔滨市,尚志市,哈尔滨市
奥派美业,新闻街35号,"127.965495,45.211909",13766947945,黑龙江省,哈尔滨市,尚志市,哈尔滨市
肖岩美发(哈尔滨尚志市),尚志镇新闻街25号,"127.965576,45.211873",0451-53356988,黑龙江省,哈尔滨市,尚志市,哈尔滨市
大军美发,尚志镇一曼路哈尔滨银行对面,"127.966579,45.214594",13104631909,黑龙江省,哈尔滨市,尚志市,哈尔滨市
丽锦美业(哈尔滨尚志市),邮政胡同与前进街交叉口东北20米,"127.969261,45.212832",15084645645;15146896668,黑龙江省,哈尔滨市,尚志市,哈尔滨市
燕莎美发,尚志镇尚志大街381号,"127.978727,45.211179",13796699670,黑龙江省,哈尔滨市,尚志市,哈尔滨市
亮艺造型(至尊店),新闻街64号,"127.964547,45.211641",13634500031,黑龙江省,哈尔滨市,尚志市,哈尔滨市
佳雨美发(国苑住宅新区店),希小东路与腾飞南一道街交叉口西南40米,"127.981071,45.212510",13763404368;13936555287,黑龙江省,哈尔滨市,尚志市,哈尔滨市
天赐发型设计,亚布力镇绥满公路天和手机卖场北,"128.610337,44.932057",18345495996,黑龙江省,哈尔滨市,尚志市,哈尔滨市
头版头条专业烫染(尚志大街店),东方花园一期北门东60米,"127.995004,45.209251",[],黑龙江省,哈尔滨市,尚志市,哈尔滨市
高氏嘉年华女子美容SPA会所(双桥时尚购物广场店),双桥广场8-9,"127.969646,45.216278",13069703678,黑龙江省,哈尔滨市,尚志市,哈尔滨市
森娜造型(富贵家园店),腾飞路283号,"127.978055,45.214129",15546679729,黑龙江省,哈尔滨市,尚志市,哈尔滨市
梦雅美发,新闻街37号,"127.965229,45.211899",[],黑龙江省,哈尔滨市,尚志市,哈尔滨市
臻美喜理美发沙龙会馆,腾飞大街199号,"127.981940,45.213792",13284619997,黑龙江省,哈尔滨市,尚志市,哈尔滨市
明川美容美发,[],"127.966502,45.215559",18646297800,黑龙江省,哈尔滨市,尚志市,哈尔滨市
主流美发,前进街建委3号楼86号,"127.963402,45.212624",15045197682,黑龙江省,哈尔滨市,尚志市,哈尔滨市
好来屋美发(市场街店),哈尚线东50米,"127.514849,45.276942",13796786006,黑龙江省,哈尔滨市,尚志市,哈尔滨市
文治造型生活馆(一分店),苏杭名都小区,"127.989272,45.215511",[],黑龙江省,哈尔滨市,尚志市,哈尔滨市
大磊发型设计,亚布力镇友谊小区,"128.614025,44.932095",15636181858,黑龙江省,哈尔滨市,尚志市,哈尔滨市
尚选美发,邮局家属楼东门南90米,"127.969095,45.212652",18946108308,黑龙江省,哈尔滨市,尚志市,哈尔滨市
阿刚发艺,大直街与和平路交叉口北180米,"128.609112,44.932322",15114522711,黑龙江省,哈尔滨市,尚志市,哈尔滨市
郎剪造型(逢春街店),亚布力林业局逢春街南商服4号,"128.621544,44.942819",18348633677,黑龙江省,哈尔滨市,尚志市,哈尔滨市
万千秀发,大直街与和平路交叉口东北180米,"128.609942,44.932164",13115304789,黑龙江省,哈尔滨市,尚志市,哈尔滨市
一剪美美发,帽儿山镇新兴街,"127.512540,45.276619",[],黑龙江省,哈尔滨市,尚志市,哈尔滨市
美乐发艺(海兰家园店),希小东路52号,"127.981256,45.213167",15546636987,黑龙江省,哈尔滨市,尚志市,哈尔滨市
西安美容美发中心,迎宾路与通乡路交叉口西60米,"128.386505,44.943070",[],黑龙江省,哈尔滨市,尚志市,哈尔滨市
婷婷美发,农业发展行西侧1门市婷婷美发,"127.983088,45.211177",[],黑龙江省,哈尔滨市,尚志市,哈尔滨市
天乐美发,新都明珠小区西门旁,"127.985944,45.212047",13796694122,黑龙江省,哈尔滨市,尚志市,哈尔滨市
木森造型,海兰家园,"127.981225,45.213025",[],黑龙江省,哈尔滨市,尚志市,哈尔滨市
心选择美发(九福丽城店),尚志镇九福丽城13号楼东1门市,"127.989551,45.218166",15046178335,黑龙江省,哈尔滨市,尚志市,哈尔滨市
大亮造型,尚志大街与步行街交叉口西80米,"127.966081,45.210977",15124666850,黑龙江省,哈尔滨市,尚志市,哈尔滨市
慕尚美业,铁通路与腾飞路交叉口南40米,"127.986946,45.212711",[],黑龙江省,哈尔滨市,尚志市,哈尔滨市
阿芳美容美发,庆阳镇阿芳美容美发,"128.799145,45.367397",15146468733,黑龙江省,哈尔滨市,尚志市,哈尔滨市
小海发型设计,长安路与平安胡同交叉口西60米,"128.396531,44.942168",[],黑龙江省,哈尔滨市,尚志市,哈尔滨市
巴黎欧莱雅美容美发中心,亚布力和平商厦后门,"128.610978,44.932218",15945306675,黑龙江省,哈尔滨市,尚志市,哈尔滨市
一剪美发屋(欧尚风景店),欧尚风景南3门旁,"127.953671,45.210916",[],黑龙江省,哈尔滨市,尚志市,哈尔滨市
大伟理发,北一道街大医院家属楼257号,"127.962021,45.215360",13100848872,黑龙江省,哈尔滨市,尚志市,哈尔滨市
Kz美发沙龙(欧尚风景店),尚志镇尚志大街871号,"127.952648,45.210905",[],黑龙江省,哈尔滨市,尚志市,哈尔滨市
鑫泽造型(正和御景湾北区店),正和御景湾北区,"127.974901,45.216098",[],黑龙江省,哈尔滨市,尚志市,哈尔滨市
顺路男士理发馆,清华苑门市219号,"127.966188,45.223928",18974821924,黑龙江省,哈尔滨市,尚志市,哈尔滨市
杰骏发型设计(学子家园店),尚志镇第五中学北门第12门市,"127.956435,45.228997",13074569327;18746451610,黑龙江省,哈尔滨市,尚志市,哈尔滨市
胜美发艺,绥满路69西北方向40米,"127.990746,45.211760",0451-59888567;15546079885,黑龙江省,哈尔滨市,尚志市,哈尔滨市
乔欣发型工作室(海兰家园店),希小西路海兰家园,"127.979309,45.213190",17276360062,黑龙江省,哈尔滨市,尚志市,哈尔滨市
领先国际美发沙龙,苇河林业局兴林路飞天楼,"128.396252,44.942164",15114525932,黑龙江省,哈尔滨市,尚志市,哈尔滨市
米琳美发(世纪富苑店),沿河委世纪富苑8号楼1层4号门市,"127.989457,45.215397",[],黑龙江省,哈尔滨市,尚志市,哈尔滨市
天赐发艺,北环路与二门诊路交叉口东60米,"128.391479,44.943685",[],黑龙江省,哈尔滨市,尚志市,哈尔滨市
妙丝美发,北一道街166号,"127.967078,45.215721",[],黑龙江省,哈尔滨市,尚志市,哈尔滨市
志鸿造型(正和玉龙湾店),正和玉龙湾西门旁,"127.976415,45.217422",[],黑龙江省,哈尔滨市,尚志市,哈尔滨市
魅丽坊美容美发养生会馆(中央财富广场B座店),中央财富广场B座,"127.968482,45.215009",15946380575;18746456130,黑龙江省,哈尔滨市,尚志市,哈尔滨市
剪夫子美发工作室(尚志市牡丹家园店),腾飞大街206号,"127.982053,45.213266",18510146123,黑龙江省,哈尔滨市,尚志市,哈尔滨市
秋香美发,尚志镇希望小学一号楼,"127.982449,45.211979",13503665584;15045199061,黑龙江省,哈尔滨市,尚志市,哈尔滨市
大众专业美发馆,尚志镇尚志县希小东路25号,"127.981435,45.212409",13504812126,黑龙江省,哈尔滨市,尚志市,哈尔滨市
真美美发纹饰专业店,新闻街33号二楼东户,"127.965296,45.211909",18646132078,黑龙江省,哈尔滨市,尚志市,哈尔滨市
你型我塑美容美发(尚志大街店),尚志大街871号,"127.952086,45.210902",15146891066,黑龙江省,哈尔滨市,尚志市,哈尔滨市
魅美发美甲形象店,腾飞富贵2号楼北一楼5号门市,"127.979162,45.214615",15663803195,黑龙江省,哈尔滨市,尚志市,哈尔滨市
郭阳美发,中心路,"128.381525,44.958375",18646647565,黑龙江省,哈尔滨市,尚志市,哈尔滨市
爱上美发,尚志镇朝中对面,"127.977885,45.211166",13244563211,黑龙江省,哈尔滨市,尚志市,哈尔滨市
小伟发艺(绥满公路店),美食一条街九丰家园四号楼一层4号门,"128.618775,44.930863",13089993789,黑龙江省,哈尔滨市,尚志市,哈尔滨市
尚创发型工作室,欧尚风景A区1号楼2号商铺,"127.957112,45.210768",13045157966,黑龙江省,哈尔滨市,尚志市,哈尔滨市
小二哥美发,向阳路与电业北街交叉口西20米,"127.969501,45.212659",13104016703,黑龙江省,哈尔滨市,尚志市,哈尔滨市
吉米发型工作室(欧尚风景店),尚志大街819号,"127.954743,45.210928",[],黑龙江省,哈尔滨市,尚志市,哈尔滨市
丝语美发,国苑住宅新区西门北100米,"127.979351,45.213060",[],黑龙江省,哈尔滨市,尚志市,哈尔滨市
木易男士理发馆(正和御景湾店),正和御景湾,"127.975126,45.216129",[],黑龙江省,哈尔滨市,尚志市,哈尔滨市
旺角美发(西城华苑店),西城华苑北1门旁,"127.954977,45.210354",[],黑龙江省,哈尔滨市,尚志市,哈尔滨市
筱雪美发,农发行北街与希小东路交叉口东40米,"127.981641,45.212008",15084643699,黑龙江省,哈尔滨市,尚志市,哈尔滨市
李丽发型设计,亚布力镇林政路生态1号楼,"128.614723,44.932649",15545973668;18945643166,黑龙江省,哈尔滨市,尚志市,哈尔滨市
晓莲发艺,尚志镇煤建胡同63号,"127.962978,45.209609",[],黑龙江省,哈尔滨市,尚志市,哈尔滨市
小杨美发,尚志镇赵和1号楼第7门市,"127.981894,45.211997",13936232178;18346252259,黑龙江省,哈尔滨市,尚志市,哈尔滨市
漫森美容美发,明礼路25号,"127.965115,45.211240",13030048651,黑龙江省,哈尔滨市,尚志市,哈尔滨市
小志发型工作室(尚志市泰和尚苑店),中央大街与新建路交叉口西80米,"127.959464,45.213257",13234655331,黑龙江省,哈尔滨市,尚志市,哈尔滨市
超美美容美发,苇河林业局大市场对面九号超美美容美发,"128.395854,44.941705",[],黑龙江省,哈尔滨市,尚志市,哈尔滨市
首艺造型(东一条路店),电力花园小区西门北70米,"127.972207,45.213208",15045643241,黑龙江省,哈尔滨市,尚志市,哈尔滨市
尚志市一木造型,一曼路117号,"127.966035,45.220036",18246861987,黑龙江省,哈尔滨市,尚志市,哈尔滨市
名剪美发,[],"127.968947,45.211731",15590895858,黑龙江省,哈尔滨市,尚志市,哈尔滨市
丽涛造型(世纪富苑店),腾飞大街与水源路交叉口西北60米,"127.989343,45.214219",[],黑龙江省,哈尔滨市,尚志市,哈尔滨市
豪瑞发艺工作室,解放路209号,"127.973760,45.225093",13194512276,黑龙江省,哈尔滨市,尚志市,哈尔滨市
东方卓雅美发沙龙(哈尔滨尚志市),东大直街气象楼250号,"127.984000,45.210405",15663424486,黑龙江省,哈尔滨市,尚志市,哈尔滨市
大春美发造型店,尚志镇一曼路70号,"127.966405,45.216342",[],黑龙江省,哈尔滨市,尚志市,哈尔滨市
辰艺美发,清华园东北1门东南60米,"127.966258,45.223484",[],黑龙江省,哈尔滨市,尚志市,哈尔滨市
剪艺人生美发(新闻街店),新闻街40号,"127.965414,45.211637",15146100196,黑龙江省,哈尔滨市,尚志市,哈尔滨市
丹凤理发,尚志镇新建路体育场门市,"127.959064,45.218399",[],黑龙江省,哈尔滨市,尚志市,哈尔滨市
春发道,尚志大街409号门市,"127.977479,45.210975",13115305585,黑龙江省,哈尔滨市,尚志市,哈尔滨市
新潮发廊,尚志镇前进街(上海滩洗浴斜对面),"127.964442,45.212849",13115504393,黑龙江省,哈尔滨市,尚志市,哈尔滨市
彩颜发艺,苇河镇中心路街里高层楼下,"128.383511,44.957077",[],黑龙江省,哈尔滨市,尚志市,哈尔滨市
环宇美发,一曼路财富公寓25号,"127.967086,45.215498",[],黑龙江省,哈尔滨市,尚志市,哈尔滨市
领越造型,尚志市新闻街42号,"127.965372,45.211647",17018877775,黑龙江省,哈尔滨市,尚志市,哈尔滨市
王晶美发美甲工作室,尚志镇站前路13号王晶美甲,"127.963051,45.209812",17645185964,黑龙江省,哈尔滨市,尚志市,哈尔滨市
创艺美发(哈尔滨尚志市新闻街),新闻街与市场路交叉口东40米,"127.968489,45.211911",15546632880,黑龙江省,哈尔滨市,尚志市,哈尔滨市
尚艺造型(世纪富苑店),世纪富苑16-7号,"127.988643,45.215090",13115610555,黑龙江省,哈尔滨市,尚志市,哈尔滨市
伊丽烫染专业店,大直街国税局楼下,"128.608925,44.930375",13684609969;18246448555,黑龙江省,哈尔滨市,尚志市,哈尔滨市
卓越美发,一曼街北五道街糖酒楼下,"127.965432,45.220378",13100847452,黑龙江省,哈尔滨市,尚志市,哈尔滨市
百分百发型设计室(一曼路店),北五道街与尚志路交叉口西南50米,"127.965598,45.219235",13115504053,黑龙江省,哈尔滨市,尚志市,哈尔滨市
飘一族(幸福家园店),尚志镇幸福家园4号楼,"127.982730,45.214210",18646566307,黑龙江省,哈尔滨市,尚志市,哈尔滨市
名颖美容美发(城市绿景小区店),药材路城市绿景小区20号门市,"127.971634,45.216137",13845033739,黑龙江省,哈尔滨市,尚志市,哈尔滨市
爱尚美美发,一曼路与北二道街交叉口东南40米,"127.966784,45.216237",18246813537,黑龙江省,哈尔滨市,尚志市,哈尔滨市
同美美发纹身,苇河林业局安欣家园四单元,"128.398575,44.941925",13684551051,黑龙江省,哈尔滨市,尚志市,哈尔滨市
娟娟美发(美食街店),亚布力镇九丰花园2号楼小高层,"128.619672,44.931721",[],黑龙江省,哈尔滨市,尚志市,哈尔滨市
艺尚美发造型室(绿波小区店),尚志路绿波小区,"127.955992,45.230511",13796738173,黑龙江省,哈尔滨市,尚志市,哈尔滨市
可岩美发,学府小区东门旁,"127.965608,45.226078",13684551905,黑龙江省,哈尔滨市,尚志市,哈尔滨市
美达发型设计(幸福家园店),腾飞路幸福小区3号楼8门市,"127.981759,45.214293",15846061196,黑龙江省,哈尔滨市,尚志市,哈尔滨市
欣雨美发工作室,亚布力镇联友家电对面,"128.613207,44.931155",15145037123,黑龙江省,哈尔滨市,尚志市,哈尔滨市
星尚造型(北一道街店),尚志镇财富广场2号楼门市现代网吧对面,"127.968360,45.215383",15545470366,黑龙江省,哈尔滨市,尚志市,哈尔滨市
温雅时尚烫染,亚布力镇大直街天源洗浴对面附近,"128.609117,44.932138",15045350386,黑龙江省,哈尔滨市,尚志市,哈尔滨市
神美美发造型,明礼路与尚志大街交叉口西北20米,"127.964827,45.210976",15246609139,黑龙江省,哈尔滨市,尚志市,哈尔滨市
秀客美发专业烫染店,一曼路与中央大街交叉口西北60米,"127.966621,45.214470",[],黑龙江省,哈尔滨市,尚志市,哈尔滨市
丽缘发艺(尚志站铁园小区店),尚志镇铁园小区(铁路货物处对过),"127.960033,45.208779",15146464180,黑龙江省,哈尔滨市,尚志市,哈尔滨市
英英美发(宝兴购物广场店),尚志镇宝兴幸福8号楼六门市,"127.983008,45.214968",[],黑龙江省,哈尔滨市,尚志市,哈尔滨市
名宇美发店,尚志市运输公司楼13号门市,"127.965724,45.210956",15663755465,黑龙江省,哈尔滨市,尚志市,哈尔滨市
金贵人美发沙龙(幸福家园店),尚志镇美食一条街幸福家园3号楼东1,"127.982408,45.214213",[],黑龙江省,哈尔滨市,尚志市,哈尔滨市
鹏智美发,尚志市尚志大街299号,"127.982030,45.211189",18445129597,黑龙江省,哈尔滨市,尚志市,哈尔滨市
设想烫染·造型店,新建路10号正西方向130米尚志市泰和·尚苑9栋,"127.958911,45.213181",18145687628,黑龙江省,哈尔滨市,尚志市,哈尔滨市
美乐精典造型,中央大街253号,"127.963332,45.213674",13936553759,黑龙江省,哈尔滨市,尚志市,哈尔滨市
陈希英美发,尚志镇电力宾馆对面,"127.971482,45.210518",15845035676,黑龙江省,哈尔滨市,尚志市,哈尔滨市
寄红美发(亨达小区店),亨达小区西北门旁,"127.965075,45.216669",18346255342,黑龙江省,哈尔滨市,尚志市,哈尔滨市
哈佛美烫,亚布力镇和平商厦后街,"128.610870,44.932063",15604616103,黑龙江省,哈尔滨市,尚志市,哈尔滨市
平哥发型工作室,尚志大街城建局小区,"127.978565,45.211181",13936069240,黑龙江省,哈尔滨市,尚志市,哈尔滨市
艺念美容美发(世纪富苑店),世纪富苑16号楼,"127.987921,45.214693",13936200718,黑龙江省,哈尔滨市,尚志市,哈尔滨市
金苹果发艺(康安小区店),康安小区东南门旁,"127.968932,45.216788",[],黑龙江省,哈尔滨市,尚志市,哈尔滨市
张雨镇中美容美发,中通快递(尚志黑龙宫镇营业部)北侧80米,"127.900549,45.433507",[],黑龙江省,哈尔滨市,尚志市,哈尔滨市
秀萍理发店,老街基乡康盛家园4单元,"127.972264,44.973746",18346250838,黑龙江省,哈尔滨市,尚志市,哈尔滨市
奇异恩典深圳美业(腾飞商厦店),腾飞南一道街与环保路交叉口东100米,"127.984295,45.212344",[],黑龙江省,哈尔滨市,尚志市,哈尔滨市
阿敏发型工作室,尚五路与木工路交叉口西南180米,"127.965731,45.204497",[],黑龙江省,哈尔滨市,尚志市,哈尔滨市
亨特造型发艺,尚志镇明礼路41号,"127.965110,45.211959",15146100982,黑龙江省,哈尔滨市,尚志市,哈尔滨市
伟伟发型设计(林兴小区店),亚布力林业局林兴小区9号楼林兴路26号,"128.622986,44.944038",15045354277,黑龙江省,哈尔滨市,尚志市,哈尔滨市
名模美发(牡丹家园店),希小东路与腾飞南一道街交叉口东北20米,"127.981464,45.212916",0451-53337878,黑龙江省,哈尔滨市,尚志市,哈尔滨市
誉宏美容美发,前进街65号,"127.964306,45.212801",[],黑龙江省,哈尔滨市,尚志市,哈尔滨市
如意美发(药材路),尚志镇康安小区二区,"127.969928,45.217439",[],黑龙江省,哈尔滨市,尚志市,哈尔滨市
领先潮流港生美发(福悦小区店),福悦小区,"128.381041,44.957281",13845062014,黑龙江省,哈尔滨市,尚志市,哈尔滨市
海玲美发,林政路与通乡路交叉口西南180米,"128.612826,44.932085",18746451330,黑龙江省,哈尔滨市,尚志市,哈尔滨市
晓慧美发驿站(友谊小区店),亚布力镇友谊小区,"128.614110,44.931870",[],黑龙江省,哈尔滨市,尚志市,哈尔滨市
名姿美发(尚志大街店),尚志大街131号,"127.992465,45.210151",[],黑龙江省,哈尔滨市,尚志市,哈尔滨市
施美美发,如意路与兴林路交叉口东南80米,"128.390447,44.940626",[],黑龙江省,哈尔滨市,尚志市,哈尔滨市
剪约美发工作室(学子家园店),学子家园东门北100米,"127.957423,45.228448",15945097340,黑龙江省,哈尔滨市,尚志市,哈尔滨市
彦先生理发馆,尚志镇站前路鸡手王对面,"127.963009,45.210493",[],黑龙江省,哈尔滨市,尚志市,哈尔滨市
美华发艺(明礼路店),明礼路与尚志大街交叉口南40米,"127.965097,45.210338",[],黑龙江省,哈尔滨市,尚志市,哈尔滨市
遇见美发会所,苇河林业局飞天楼三单元,"128.396905,44.942208",15146100520,黑龙江省,哈尔滨市,尚志市,哈尔滨市
宝贝美发工作室,木工路与尚五路交叉口东南20米,"127.967249,45.205633",[],黑龙江省,哈尔滨市,尚志市,哈尔滨市
慧萱发艺,煤建胡同与尚五路交叉口西100米,"127.966797,45.210013",15945095764,黑龙江省,哈尔滨市,尚志市,哈尔滨市
美仑美幻美发设计(富煜家园店),富煜家园西南门旁,"127.947021,45.210832",[],黑龙江省,哈尔滨市,尚志市,哈尔滨市
吉美发型设计室(世纪富苑店),腾飞大街与水源路交叉口北120米,"127.989316,45.214924",15246606480,黑龙江省,哈尔滨市,尚志市,哈尔滨市
朗格美发(西城华苑店),西城华苑北1门西60米,"127.954525,45.210340",[],黑龙江省,哈尔滨市,尚志市,哈尔滨市
剪爱造型(解放路),宝兴果菜批发广场外门市36号,"127.983730,45.215337",15846739593,黑龙江省,哈尔滨市,尚志市,哈尔滨市
凯越名剪,尚志大街建委楼4号楼门市123号,"127.992666,45.210189",[],黑龙江省,哈尔滨市,尚志市,哈尔滨市
张欢沙宣专业美发,[],"128.070796,45.062563",[],黑龙江省,哈尔滨市,尚志市,哈尔滨市
优剪美发店,新闻街与明礼路交叉口东40米,"127.965405,45.211654",[],黑龙江省,哈尔滨市,尚志市,哈尔滨市
西子美发(仕博府邸店),尚志镇世博府邸5号楼2单门市,"127.989261,45.212792",18646566288,黑龙江省,哈尔滨市,尚志市,哈尔滨市
唯美Hair Salon,亚布力林业局林茂小区5号楼二单元一楼唯美美发,"128.622383,44.941395",18746695885,黑龙江省,哈尔滨市,尚志市,哈尔滨市
兴吉造型(育才小区1期店),一曼路与北环街交叉口西北40米,"127.965257,45.221127",15045351569,黑龙江省,哈尔滨市,尚志市,哈尔滨市
欣欣发屋(世纪华苑店),尚志镇世纪花苑4号楼五门,"127.990104,45.213640",15146109929,黑龙江省,哈尔滨市,尚志市,哈尔滨市
美宣造型(烫染形象店),亚布力镇工商街美宣造型,"128.612193,44.929915",18345724691,黑龙江省,哈尔滨市,尚志市,哈尔滨市
小龙发艺空间(世纪富苑店),尚志镇世纪富苑6号楼,"127.990501,45.214870",15124666557,黑龙江省,哈尔滨市,尚志市,哈尔滨市
美白美发店,亮河镇市场,"128.768885,45.163420",[],黑龙江省,哈尔滨市,尚志市,哈尔滨市
北美美发美容院,一面坡铁道北林场家属楼斜对过,"128.078538,45.069176",[],黑龙江省,哈尔滨市,尚志市,哈尔滨市
鑫燕美发,苇河镇人民政府南侧,"128.383755,44.956007",[],黑龙江省,哈尔滨市,尚志市,哈尔滨市
今喜造型(前进街店),尚志市步行街中行那条街西50米,"127.965548,45.212858",17745629118,黑龙江省,哈尔滨市,尚志市,哈尔滨市
名阁美业(新世纪双桥广场2区店),新世纪双桥广场2区东北门西60米,"127.970928,45.214495",[],黑龙江省,哈尔滨市,尚志市,哈尔滨市
尚丝美发,中心路与北一道街交叉口西40米,"127.968304,45.216330",[],黑龙江省,哈尔滨市,尚志市,哈尔滨市
顺心意美发,尚志镇仁义委希望小学综合楼一层商服南数4门,"127.981075,45.211675",15561570939,黑龙江省,哈尔滨市,尚志市,哈尔滨市
梦幻发型设计(西城华苑店),尚志镇西城华苑3号楼,"127.954762,45.210341",15663763789,黑龙江省,哈尔滨市,尚志市,哈尔滨市
享理造型,北环街一门市,"127.965099,45.220739",17545133198,黑龙江省,哈尔滨市,尚志市,哈尔滨市
顶艺·美发工作室,中央大街尚志小学旁边,"127.962553,45.213512",[],黑龙江省,哈尔滨市,尚志市,哈尔滨市
银河美发(福悦小区店),苇河镇福悦小区大医院对面,"128.382364,44.956650",[],黑龙江省,哈尔滨市,尚志市,哈尔滨市
聚星美业美发沙龙,林政路与和平路交叉口西南60米,"128.614916,44.930159",[],黑龙江省,哈尔滨市,尚志市,哈尔滨市
秀丽美发,尚五路与木工路交叉口西40米,"127.966722,45.205699",[],黑龙江省,哈尔滨市,尚志市,哈尔滨市
巷往美发工作室,林政路与和平路交叉口西北180米,"128.613288,44.931730",[],黑龙江省,哈尔滨市,尚志市,哈尔滨市
美约造型(北一道街店),北一道街与中心路交叉口西20米,"127.968468,45.216369",[],黑龙江省,哈尔滨市,尚志市,哈尔滨市
魅莎发艺,苇河林业局阳光家园24号门市,"128.385194,44.941478",[],黑龙江省,哈尔滨市,尚志市,哈尔滨市
温馨发型,庆阳镇,"128.797291,45.367775",13945640928,黑龙江省,哈尔滨市,尚志市,哈尔滨市
恩尚造型(中心路店),中心路与正阳路交叉口东南500米,"128.383769,44.956823",[],黑龙江省,哈尔滨市,尚志市,哈尔滨市
凤坤名妍美发,尚开公路与通达路交叉口西200米,"128.279318,45.258963",[],黑龙江省,哈尔滨市,尚志市,哈尔滨市
佳丽美发,泰和尚苑八号楼15门市,"127.957738,45.213012",13159802413,黑龙江省,哈尔滨市,尚志市,哈尔滨市
名城造型(友谊家园店),友谊家园西南门东70米,"127.981021,45.213857",[],黑龙江省,哈尔滨市,尚志市,哈尔滨市
鸿臣美发(友谊家园店),希小东路与腾飞大街交叉口北160米,"127.981596,45.215078",[],黑龙江省,哈尔滨市,尚志市,哈尔滨市
云香美容美发,中心路与正阳路交叉口南200米,"128.381590,44.959292",[],黑龙江省,哈尔滨市,尚志市,哈尔滨市
博雅美发(亿发小区店),亿发小区,"128.609159,44.932819",[],黑龙江省,哈尔滨市,尚志市,哈尔滨市
添源发艺店,北环街,"127.958729,45.218194",13654519011,黑龙江省,哈尔滨市,尚志市,哈尔滨市
宾坡理发店,尚志大街378号,"127.975899,45.210653",[],黑龙江省,哈尔滨市,尚志市,哈尔滨市
迪烫染沙龙,新闻路12号,"127.969080,45.211709",15146464778,黑龙江省,哈尔滨市,尚志市,哈尔滨市
小伟发艺,林铁路与西直路交叉口东60米,"128.384249,44.941324",18246448453,黑龙江省,哈尔滨市,尚志市,哈尔滨市
丽丽美发(欧尚风景店),欧尚风景南1门旁,"127.956245,45.210954",13039996588,黑龙江省,哈尔滨市,尚志市,哈尔滨市
米琪美发工作室,苇河林业局世纪嘉园二号楼2号门市,"128.398486,44.942947",15146255790,黑龙江省,哈尔滨市,尚志市,哈尔滨市
天赐发型工作室,煤建胡同120号,"127.963096,45.209693",[],黑龙江省,哈尔滨市,尚志市,哈尔滨市
海亿美发,友谊家园北区北1门旁,"127.980381,45.215170",[],黑龙江省,哈尔滨市,尚志市,哈尔滨市
白天鹅发廊,明礼路与新闻胡同交叉口东北20米,"127.965097,45.212087",[],黑龙江省,哈尔滨市,尚志市,哈尔滨市
剪帅发艺(水木清华小区店),北环街与一曼路交叉口东340米,"127.969390,45.222392",15776324491,黑龙江省,哈尔滨市,尚志市,哈尔滨市
首选造型馆,尚志市北一道街177号,"127.965435,45.215847",17382774678,黑龙江省,哈尔滨市,尚志市,哈尔滨市
创美发艺,站前路与煤建胡同交叉口西20米,"127.962622,45.209761",[],黑龙江省,哈尔滨市,尚志市,哈尔滨市
祥晨理发店,林政路与美食街交叉口南120米,"128.615387,44.929575",[],黑龙江省,哈尔滨市,尚志市,哈尔滨市
千艺发型,黑龙省亮河镇,"128.770018,45.161915",13664514855,黑龙江省,哈尔滨市,尚志市,哈尔滨市
洪艳发艺,北环街与新建路交叉口东140米,"127.961098,45.218921",18745799971,黑龙江省,哈尔滨市,尚志市,哈尔滨市
海棠美发(城开园小区店),尚志大街380号,"127.974769,45.210681",15663433615,黑龙江省,哈尔滨市,尚志市,哈尔滨市
东燕美发(地税小区店),地税小区合作路西1门旁,"127.983087,45.211341",[],黑龙江省,哈尔滨市,尚志市,哈尔滨市
丽丝发艺,合作路与小东路交叉口东40米,"127.981775,45.211778",[],黑龙江省,哈尔滨市,尚志市,哈尔滨市
俊贤发型设计,尚志镇尚五路宝泰骨伤医院西南,"127.966476,45.205403",15146462746,黑龙江省,哈尔滨市,尚志市,哈尔滨市
汐妍美容养生工作室,尚志镇铁通公路22号门市,"127.987663,45.212036",18348622995,黑龙江省,哈尔滨市,尚志市,哈尔滨市
兰兰美甲美睫工作室(世纪富苑店),世纪富苑16号楼1号门市,"127.988899,45.215150",15546102190;15645136599,黑龙江省,哈尔滨市,尚志市,哈尔滨市
艾婷美容工作室(世纪富苑店),世纪富苑16栋6门市,"127.988524,45.215106",18946164977,黑龙江省,哈尔滨市,尚志市,哈尔滨市
晓菲美业工作室,希小西路22号,"127.979031,45.213503",18646141606,黑龙江省,哈尔滨市,尚志市,哈尔滨市
意匠刺青工作室,尚志镇向阳北胡同新世纪双桥广场,"127.971197,45.213988",16778091234;18945050771,黑龙江省,哈尔滨市,尚志市,哈尔滨市
艺丞美睫工作室,[],"127.981901,45.211996",15045191929,黑龙江省,哈尔滨市,尚志市,哈尔滨市
美熙澜国际美容美体工作室,农发行北街环保楼家属楼北楼,"127.981611,45.211773",15946388841,黑龙江省,哈尔滨市,尚志市,哈尔滨市
甲如是你美甲美睫工作室,太平委外贸楼南楼东厢房仓储南数三门,"127.982949,45.211451",15846068773,黑龙江省,哈尔滨市,尚志市,哈尔滨市
领航造型(工农街店),供电鸿府南门西南130米,"126.318220,45.366559",18745688886,黑龙江省,哈尔滨市,双城区,哈尔滨市
帝王美业(北街店),北三道街世纪现代城楼下26-31号1-2层,"126.313704,45.369873",0451-53282333;18246827999;18345026887,黑龙江省,哈尔滨市,双城区,哈尔滨市
都市一族美发会馆(文昌大街店),文昌大街247号,"126.322573,45.369171",15246687655,黑龙江省,哈尔滨市,双城区,哈尔滨市
鑫威剪业(鑫马电业家园店),双城市街道管委会体育场鑫马电业家园10号,"126.320606,45.371887",[],黑龙江省,哈尔滨市,双城区,哈尔滨市
大海美发(腾达家园店),文昌大街腾达家园C栋1层9号商铺,"126.315617,45.368636",18904806232,黑龙江省,哈尔滨市,双城区,哈尔滨市
都市一族美发专业烫染店,民宗局小区11号商服,"126.313538,45.379782",[],黑龙江省,哈尔滨市,双城区,哈尔滨市
佳和男士理发馆,[],"126.327431,45.367111",13263617220,黑龙江省,哈尔滨市,双城区,哈尔滨市
屿她专业造型(浩宁新城B区店),浩宁B区1栋19号,"126.322219,45.388933",13603633324,黑龙江省,哈尔滨市,双城区,哈尔滨市
与时未来美发沙龙(中粮锦云世家店),中粮锦云世家北门,"126.326675,45.366875",15545255316,黑龙江省,哈尔滨市,双城区,哈尔滨市
超凡剪业,同仁医院东北门旁,"126.315791,45.363696",17745147779,黑龙江省,哈尔滨市,双城区,哈尔滨市
聚美发艺(解放路店),解放路世纪现代城正门对面聚美发艺15年老店,"126.315771,45.368677",13613652647,黑龙江省,哈尔滨市,双城区,哈尔滨市
金迪美容美发(福瑞家园北区店),福瑞家园北区东南1门旁,"126.308587,45.390336",13234962673,黑龙江省,哈尔滨市,双城区,哈尔滨市
迪美发沙龙(民乐家园店),民乐家园佰富优鲜旁边,"126.330773,45.383322",15045039647,黑龙江省,哈尔滨市,双城区,哈尔滨市
品鑫美业(凤凰城店),迎宾路22号凤凰城,"126.302546,45.387579",0451-53183727,黑龙江省,哈尔滨市,双城区,哈尔滨市
鼎豪美业专业烫染店(金阳大厦店),双城镇景观大道庆客隆对面金马大鞋城楼下,"126.318196,45.369012",18246633237,黑龙江省,哈尔滨市,双城区,哈尔滨市
GS造型工作室吉斯戴欧,金元一品小区金色港湾J21号商服,"126.317640,45.375067",18645949494,黑龙江省,哈尔滨市,双城区,哈尔滨市
待金续理发店,利民小区西南门旁,"126.299565,45.388206",[],黑龙江省,哈尔滨市,双城区,哈尔滨市
然格美发沙龙,文昌大街建委综合楼5号门市然格美发沙龙,"126.317315,45.368013",13100912817,黑龙江省,哈尔滨市,双城区,哈尔滨市
满满美发全息艾灸馆,福泰嘉园北门旁,"126.320936,45.367330",[],黑龙江省,哈尔滨市,双城区,哈尔滨市
左颜右色专业造型,腾达家园c栋一层一号商服,"126.315959,45.368779",13936335643,黑龙江省,哈尔滨市,双城区,哈尔滨市
小宇秀发艺传奇(世纪现代城店),世纪现代城北门东80米,"126.315534,45.370728",0451-51739990;13766933884,黑龙江省,哈尔滨市,双城区,哈尔滨市
阿君造型(迎宾路店),迎宾路162号牧校三号楼阿君造型,"126.299871,45.386902",15124677774,黑龙江省,哈尔滨市,双城区,哈尔滨市
剪爱专业烫染(和平大街店),[],"126.316688,45.362300",13674512066,黑龙江省,哈尔滨市,双城区,哈尔滨市
晓庆美发,正皇旗二期168号商服,"126.323347,45.365977",13644517563,黑龙江省,哈尔滨市,双城区,哈尔滨市
欧巴巴美容美发,富余路与丰收路交叉口东北40米,"126.309917,45.371851",15545333550,黑龙江省,哈尔滨市,双城区,哈尔滨市
沐丝造型,文明街企业总公司综合楼2号门市,"126.309569,45.374099",15636328226;18945660422,黑龙江省,哈尔滨市,双城区,哈尔滨市
名剪发型设计(刘洋),北三道街龙华商住小区一号楼9号商服名剪,"126.313744,45.370227",13694628785,黑龙江省,哈尔滨市,双城区,哈尔滨市
慕西造型,迎宾路与凤凰路交叉口南100米,"126.300986,45.385572",15945108368,黑龙江省,哈尔滨市,双城区,哈尔滨市
赵源美发工作室(世纪现代城店),世纪现代城西北门东60米,"126.315377,45.370673",15114534499,黑龙江省,哈尔滨市,双城区,哈尔滨市
创想造型,丽景人家二期401栋1层11号商服,"126.320110,45.388393",13104009915,黑龙江省,哈尔滨市,双城区,哈尔滨市
金剪刀美发(文昌大街店),街道管委会文昌大街大修厂对过,"126.321821,45.368611",13895824766,黑龙江省,哈尔滨市,双城区,哈尔滨市
慕名美发,承旭街道云城楼13号商服,"126.327265,45.370254",13945128064,黑龙江省,哈尔滨市,双城区,哈尔滨市
小街美发(民宗局住宅小区店),新兴路1号正南方向140米,"126.315520,45.380157",13796177676,黑龙江省,哈尔滨市,双城区,哈尔滨市
阳光美发,双城镇开发区道口鑫晟家园,"126.356864,45.378553",15545455581,黑龙江省,哈尔滨市,双城区,哈尔滨市
久度美发,客运站东交通4号楼6号商服,"126.311345,45.381611",15134631511,黑龙江省,哈尔滨市,双城区,哈尔滨市
酷我剪吧理发店,兆麟中学家属楼南侧70米,"126.351435,45.376762",18246633757,黑龙江省,哈尔滨市,双城区,哈尔滨市
春玉美发店,凤凰路园丁名苑C栋,"126.306179,45.389353",15145180933,黑龙江省,哈尔滨市,双城区,哈尔滨市
爱尚美发,景观名苑小区多层三号楼9号门市,"126.314784,45.370801",15846167819,黑龙江省,哈尔滨市,双城区,哈尔滨市
远途发艺(审计家园店),双城市街道管委会市北街审计家属楼下(如家宾馆斜对面),"126.315040,45.378294",[],黑龙江省,哈尔滨市,双城区,哈尔滨市
爱尚美发工作室(文静路店),周家十字街西,"126.662381,45.460494",13936022285,黑龙江省,哈尔滨市,双城区,哈尔滨市
炫丽美发,福瑞家园南门西50米,"126.307249,45.390038",18104502227,黑龙江省,哈尔滨市,双城区,哈尔滨市
亮剪专业烫染店,亮剪烫染店,"126.197638,45.215488",15046745002,黑龙江省,哈尔滨市,双城区,哈尔滨市
宏玉美发品质店(世纪现代城店),双城区世纪现代城4号楼商服1层5号,"126.314567,45.370423",13674516811,黑龙江省,哈尔滨市,双城区,哈尔滨市
雨辉乐剪美发店,双城市街道管委会东环城丽景人家201栋1单元65号车库,"126.318147,45.387696",13614507020,黑龙江省,哈尔滨市,双城区,哈尔滨市
南希美发店,名门盛景南门旁,"126.310409,45.367600",15546072977,黑龙江省,哈尔滨市,双城区,哈尔滨市
陆昊造型空间,龙华小区1栋11号商服,"126.313788,45.370260",[],黑龙江省,哈尔滨市,双城区,哈尔滨市
明星发艺(盛世家园店),盛世家园东北1门旁,"126.294716,45.392150",[],黑龙江省,哈尔滨市,双城区,哈尔滨市
星·主张Star高端发型定制(世纪现代城店),世纪现代城1栋28号门市,"126.315094,45.368860",13766880509,黑龙江省,哈尔滨市,双城区,哈尔滨市
这是一家美发店,北二道街东200米,"126.315469,45.368638",[],黑龙江省,哈尔滨市,双城区,哈尔滨市
剪客理发店,迎宾路与凤凰路交叉口东南120米,"126.301036,45.385510",[],黑龙江省,哈尔滨市,双城区,哈尔滨市
小鱼美业(景观名苑店),花园大街39号,"126.316794,45.371829",[],黑龙江省,哈尔滨市,双城区,哈尔滨市
冠美发艺(世纪现代城店),简政胡同与优革胡同交叉口南140米,"126.314963,45.370534",[],黑龙江省,哈尔滨市,双城区,哈尔滨市
姿颜阁美发店,园丁名苑南区西北门旁,"126.305674,45.388846",[],黑龙江省,哈尔滨市,双城区,哈尔滨市
臻美·设计,文昌大街建委综合楼商服27号臻美设计,"126.318517,45.368195",18348546784,黑龙江省,哈尔滨市,双城区,哈尔滨市
金顶美发工作室(东南阳光一区店),东南阳光一区,"126.323947,45.366558",15846034192,黑龙江省,哈尔滨市,双城区,哈尔滨市
东方名剪(花园大街店),双城镇花园大街143号建设银行对面,"126.312100,45.370612",[],黑龙江省,哈尔滨市,双城区,哈尔滨市
发迹美业,兴旺路与新华街交叉口东南60米,"126.320597,45.371830",[],黑龙江省,哈尔滨市,双城区,哈尔滨市
睿鑫美发沙龙(学府水岸店),民运胡同33号学府水岸,"126.326675,45.365275",[],黑龙江省,哈尔滨市,双城区,哈尔滨市
红太阳美容美发纹刺会馆,义乌路与裕民街交叉口北260米,"126.669586,45.461590",15846121776,黑龙江省,哈尔滨市,双城区,哈尔滨市
莎莎美发(东街店),双城市街道管委会东街农机家属楼下,"126.324121,45.369513",[],黑龙江省,哈尔滨市,双城区,哈尔滨市
超一美容美发店,北四道街物探队33号门市,"126.312766,45.371273",13199488688,黑龙江省,哈尔滨市,双城区,哈尔滨市
尚剪美发店,世纪现代城4号楼,"126.314081,45.370063",[],黑龙江省,哈尔滨市,双城区,哈尔滨市
名洋烫染,钱江路南50米,"126.507748,45.512232",13703688521,黑龙江省,哈尔滨市,双城区,哈尔滨市
冬歌美业,北环城东路与兴旺路交叉口西60米,"126.316035,45.378599",13603621750,黑龙江省,哈尔滨市,双城区,哈尔滨市
天助发艺,工农街与和平大街交叉口东60米,"126.315671,45.365722",[],黑龙江省,哈尔滨市,双城区,哈尔滨市
雨沙美业(物探队820小区店),物勘队小区西南门西北70米,"126.311424,45.371836",18724654455,黑龙江省,哈尔滨市,双城区,哈尔滨市
感觉造型(金园一品店),金园一品南门东90米,"126.318640,45.374576",15303663393,黑龙江省,哈尔滨市,双城区,哈尔滨市
森景造型,腾达大街地税局综合楼一层30号,"126.305385,45.384357",13503680250,黑龙江省,哈尔滨市,双城区,哈尔滨市
剪域造型(聚缘里店),堡旭大道与纵三路交叉口西60米,"126.338595,45.385779",15146040323,黑龙江省,哈尔滨市,双城区,哈尔滨市
剪约造型(解放街店),世纪现代城南门旁,"126.315373,45.368914",[],黑龙江省,哈尔滨市,双城区,哈尔滨市
耀火美发,奋斗街牧校家属楼3号楼一层南3号商服,"126.300215,45.386454",[],黑龙江省,哈尔滨市,双城区,哈尔滨市
晨虹发艺(利民小区店),迎宾路162号,"126.299598,45.388203",[],黑龙江省,哈尔滨市,双城区,哈尔滨市
教那美发(园丁名苑北区店),园丁名苑北区东南门旁,"126.305686,45.389109",15846108388,黑龙江省,哈尔滨市,双城区,哈尔滨市
阿齐形象设计,双城市街道管委会东门云城家属楼二号商铺,"126.327498,45.370225",[],黑龙江省,哈尔滨市,双城区,哈尔滨市
尚初造型,花园大街与粮食胡同交叉口南60米,"126.309780,45.373793",[],黑龙江省,哈尔滨市,双城区,哈尔滨市
小华美发店,双城镇农委楼14号帝豪西侧,"126.310622,45.386499",[],黑龙江省,哈尔滨市,双城区,哈尔滨市
王潮发艺小涛品质店,世纪现代城北门旁,"126.314803,45.370444",13149613732;15134637054,黑龙江省,哈尔滨市,双城区,哈尔滨市
嫦凤理烫发,繁荣大街25号,"126.669130,45.461519",13674697345,黑龙江省,哈尔滨市,双城区,哈尔滨市
海龙发艺,双城区文昌大街178号,"126.320936,45.368424",18846781982,黑龙江省,哈尔滨市,双城区,哈尔滨市
简发美业,文昌大街与永乐胡同交叉口东北80米,"126.322106,45.369091",[],黑龙江省,哈尔滨市,双城区,哈尔滨市
小光造型(世纪现代城店),北二道街环保局综合楼13号商服,"126.315137,45.368533",13633672972,黑龙江省,哈尔滨市,双城区,哈尔滨市
漂亮宝贝美发沙龙(保利新城店),466乡道北100米,"126.390842,45.545236",[],黑龙江省,哈尔滨市,双城区,哈尔滨市
老登时尚剪吧,双城区疾病预防控制中心西南门旁,"126.308832,45.387525",15776361984,黑龙江省,哈尔滨市,双城区,哈尔滨市
秀阁轻奢设计,迎宾路与凤凰路交叉口西北120米,"126.299562,45.387262",[],黑龙江省,哈尔滨市,双城区,哈尔滨市
领秀美业(花园大街店),龙华商住小区商服一栋一层4号,"126.313577,45.370166",13796119654,黑龙江省,哈尔滨市,双城区,哈尔滨市
沙宣美业(先进街店),生资小区西北门东80米,"126.310174,45.367119",15764515007,黑龙江省,哈尔滨市,双城区,哈尔滨市
名门美业(东南阳光安居品质小区店),安居品质小区15栋6号门市,"126.317873,45.364700",13104050495,黑龙江省,哈尔滨市,双城区,哈尔滨市
三千丝发艺,腾达街发达路农委家属楼,"126.309877,45.386356",[],黑龙江省,哈尔滨市,双城区,哈尔滨市
美迪专业烫染中心,五家镇道北大队楼,"126.388568,45.544273",[],黑龙江省,哈尔滨市,双城区,哈尔滨市
秀之阁美发,民富街学府水岸3期,"126.318004,45.364414",15045471387,黑龙江省,哈尔滨市,双城区,哈尔滨市
梓竹美发,东南阳光二期13栋1层11号商服梓竹美发,"126.318800,45.364986",[],黑龙江省,哈尔滨市,双城区,哈尔滨市
红一族美发沙龙,和平大街与永太胡同交叉口南80米,"126.316337,45.362797",15246648808,黑龙江省,哈尔滨市,双城区,哈尔滨市
出发点理发店,凤凰路南50米附近,"126.304675,45.388636",[],黑龙江省,哈尔滨市,双城区,哈尔滨市
发来美发(盛世家园店),盛世家园东北1门东南70米,"126.294874,45.391944",13904661400,黑龙江省,哈尔滨市,双城区,哈尔滨市
郭祥美发,政府家属楼东侧,"125.986373,45.556561",[],黑龙江省,哈尔滨市,双城区,哈尔滨市
大方发廊(承旭小区店),承旭小区北门旁,"126.328166,45.369461",0451-53979761,黑龙江省,哈尔滨市,双城区,哈尔滨市
宏亮美发,文昌大街321号,"126.324851,45.369568",[],黑龙江省,哈尔滨市,双城区,哈尔滨市
创意发屋(世纪现代城店),双城镇北二道街世纪现代城二楼门市,"126.316279,45.369124",15046743772,黑龙江省,哈尔滨市,双城区,哈尔滨市
铭发航专业烫染造型,保利新城西南门东南180米,"126.390622,45.544524",15504625383,黑龙江省,哈尔滨市,双城区,哈尔滨市
万方发艺,腾达大街工商局综合楼,"126.305812,45.385122",13945116752,黑龙江省,哈尔滨市,双城区,哈尔滨市
洪岩美业(丰润家园店),丰润家园东南门东80米,"126.314287,45.371824",13654665844,黑龙江省,哈尔滨市,双城区,哈尔滨市
小贝发艺,民安大街与光明路交叉口西南100米,"126.314960,45.374094",[],黑龙江省,哈尔滨市,双城区,哈尔滨市
首选造型,承旭街道东南阳光2期16栋1层6号门市,"126.319004,45.366800",[],黑龙江省,哈尔滨市,双城区,哈尔滨市
引力时空发馆,新华街奥运新城南门体育场商服1层三号,"126.318593,45.372318",15114534364,黑龙江省,哈尔滨市,双城区,哈尔滨市
尚理美发美甲纹绣(腾达家园店),承旭街道腾达家园c栋1层14号商服,"126.315315,45.368635",18945089291,黑龙江省,哈尔滨市,双城区,哈尔滨市
商服潮牌美发(民安嘉园店),市街道管委会民安家园门市G2栋1层35号,"126.316213,45.372982",15046799087,黑龙江省,哈尔滨市,双城区,哈尔滨市
阿东造型(哈尔滨双城区),双城镇鑫马教育一层,"126.318929,45.369947",13694625442,黑龙江省,哈尔滨市,双城区,哈尔滨市
喆品造型,文昌大街357号,"126.315199,45.370736",13936543699,黑龙江省,哈尔滨市,双城区,哈尔滨市
钻资美发店,丽景家园,"126.320222,45.388250",[],黑龙江省,哈尔滨市,双城区,哈尔滨市
北遇造型,花园大街教委综合楼楼下底商,"126.309889,45.373457",18346112762,黑龙江省,哈尔滨市,双城区,哈尔滨市
匠人美发,新华书店6号门市,"126.312163,45.381213",13074577937,黑龙江省,哈尔滨市,双城区,哈尔滨市
薇美美发烫染,工农街与和平大街交叉口东60米,"126.315611,45.365702",[],黑龙江省,哈尔滨市,双城区,哈尔滨市
希来造型,世纪现代城南门西190米,"126.314275,45.368425",18724650092,黑龙江省,哈尔滨市,双城区,哈尔滨市
潮前发艺,文昌大街与民乐胡同交叉口西80米,"126.320332,45.368295",[],黑龙江省,哈尔滨市,双城区,哈尔滨市
木浦鑫造型(民安嘉园店),双城镇景观大道民安家园43号商幅北国春火锅隔壁,"126.316432,45.372586",15124677264,黑龙江省,哈尔滨市,双城区,哈尔滨市
怡瑞美发,福泰嘉园北门西60米,"126.320720,45.367378",19289765594,黑龙江省,哈尔滨市,双城区,哈尔滨市
卓品发艺(世纪现代城店),新华街世纪现代城4号楼19号商服,"126.314104,45.370081",18724498486;18845043363,黑龙江省,哈尔滨市,双城区,哈尔滨市
慕酷美发,双城区民乐小区民乐广场B5-8,"126.320543,45.381835",18348515292,黑龙江省,哈尔滨市,双城区,哈尔滨市
锴淇发艺,和平大街与永太胡同交叉口南40米,"126.316219,45.363113",[],黑龙江省,哈尔滨市,双城区,哈尔滨市
郝明美发工作室,新兴路与发达路交叉口西80米,"126.311042,45.381492",[],黑龙江省,哈尔滨市,双城区,哈尔滨市
唯剪美发店,园丁名苑南区西北门西南90米,"126.304920,45.388386",[],黑龙江省,哈尔滨市,双城区,哈尔滨市
畅然美发(世纪现代城店),世纪现代城9栋,"126.315660,45.370751",13604504515,黑龙江省,哈尔滨市,双城区,哈尔滨市
安朵发艺,团结大街与自然胡同交叉口西南160米,"126.305913,45.363576",[],黑龙江省,哈尔滨市,双城区,哈尔滨市
如墨美发(景泰嘉园店),景泰嘉园西北门东80米,"126.308970,45.390171",18945081133,黑龙江省,哈尔滨市,双城区,哈尔滨市
聖焱美业,金融花园18号门市,"126.310650,45.371825",15244739933,黑龙江省,哈尔滨市,双城区,哈尔滨市
红艳美发,世纪现代城北门旁,"126.314803,45.370444",15045849877,黑龙江省,哈尔滨市,双城区,哈尔滨市
李博发艺,真理路学府水岸一期c5号门市,"126.326252,45.366241",15124565556,黑龙江省,哈尔滨市,双城区,哈尔滨市
孟娇美发工作室,希勤满族乡卫生院西北门旁,"126.073370,45.300411",[],黑龙江省,哈尔滨市,双城区,哈尔滨市
格调美发会所,文昌大街与长虹胡同交叉口西140米,"126.323263,45.369361",18246090860,黑龙江省,哈尔滨市,双城区,哈尔滨市
后来美发店,凯旋城,"126.305418,45.391882",15945032417,黑龙江省,哈尔滨市,双城区,哈尔滨市
双城剪品美业店,奋斗街福瑞家园三期6栋1层号商铺,"126.308750,45.390309",13766863550,黑龙江省,哈尔滨市,双城区,哈尔滨市
哈尔滨市双城区小四美发店,民乐小区A12号楼1单元1层4号,"126.317435,45.381510",15776371940,黑龙江省,哈尔滨市,双城区,哈尔滨市
小娴美业(百悦城店),优干胡同24号金街百悦城F1层,"126.315835,45.375129",[],黑龙江省,哈尔滨市,双城区,哈尔滨市
赫莎造型美发美甲美睫Hair salon,九0四综合楼五号商服,"126.309208,45.376593",18104507733,黑龙江省,哈尔滨市,双城区,哈尔滨市
艺凡美发店,利民小区西南门旁,"126.299317,45.388454",13101501301,黑龙江省,哈尔滨市,双城区,哈尔滨市
梅美鑫美发(世纪现代城店),北三道街世纪现代城11号楼30门市,"126.315189,45.370607",13633688720,黑龙江省,哈尔滨市,双城区,哈尔滨市
娜美发艺,迎宾路140号附近,"126.300715,45.382703",18346580369;18724498498,黑龙江省,哈尔滨市,双城区,哈尔滨市
匠心独运美发,凤凰城西南门东南60米,"126.302032,45.385653",15945151123,黑龙江省,哈尔滨市,双城区,哈尔滨市
尚格发型设计,兴旺路与新兴路交叉口东南40米,"126.314809,45.382079",15846367990,黑龙江省,哈尔滨市,双城区,哈尔滨市
理享造型,丽景家园,"126.319705,45.387892",18145582453,黑龙江省,哈尔滨市,双城区,哈尔滨市
美述美发沙龙(民乐D区店),承旭路与新兴路交叉口南220米,"126.320028,45.382063",[],黑龙江省,哈尔滨市,双城区,哈尔滨市
红榜美发(名门盛景店),名门盛景南门旁,"126.310536,45.367634",18345769093,黑龙江省,哈尔滨市,双城区,哈尔滨市
文果美发店,车站街龙门大厦A栋23号,"126.295478,45.395851",15561592577,黑龙江省,哈尔滨市,双城区,哈尔滨市
缘梦美发,育才路,"126.665984,45.460942",18246415977,黑龙江省,哈尔滨市,双城区,哈尔滨市
森梵美业,和平大街50号,"126.315982,45.363616",18746198182,黑龙江省,哈尔滨市,双城区,哈尔滨市
昕黛美发店,双城区老年大学西南门旁,"126.316809,45.363071",15045848289,黑龙江省,哈尔滨市,双城区,哈尔滨市
果海剪业(鑫马电业家园店),鑫马电业家园西2门旁,"126.321054,45.372377",15245708060,黑龙江省,哈尔滨市,双城区,哈尔滨市
选择时尚形象设计,花园大街211号,"126.312047,45.370763",13089983669,黑龙江省,哈尔滨市,双城区,哈尔滨市
梦都美发,双城镇东街云城楼,"126.327481,45.370254",13136659194,黑龙江省,哈尔滨市,双城区,哈尔滨市
夏茉美发,东街云城家属楼15号门市,"126.327011,45.370026",15244739831,黑龙江省,哈尔滨市,双城区,哈尔滨市
梵画美业,钻机厂综合楼1层10号,"126.310334,45.373600",[],黑龙江省,哈尔滨市,双城区,哈尔滨市
明霞美发专业染烫(北环城东路店),双城镇北门双大对面建委5号楼,"126.311561,45.377262",18846928751,黑龙江省,哈尔滨市,双城区,哈尔滨市
丝念美发沙龙(新城区转盘道税务局住宅综合楼店),转盘道东走100米到南丝念美发,"126.305016,45.384250",[],黑龙江省,哈尔滨市,双城区,哈尔滨市
钰都理发(世纪现代城店),世纪现代城东北2门旁,"126.316124,45.370935",[],黑龙江省,哈尔滨市,双城区,哈尔滨市
坤坤发艺(承旭小区店),运输胡同与工农街交叉口东南20米,"126.327508,45.369242",13945656064,黑龙江省,哈尔滨市,双城区,哈尔滨市
红日美发(团结大街),双城区人民医院胡同与光彩路交叉口正南方向65m左右,"126.318675,45.364225",15244731900,黑龙江省,哈尔滨市,双城区,哈尔滨市
蒙蒙美发店,景观名苑东南门旁,"126.316859,45.371245",[],黑龙江省,哈尔滨市,双城区,哈尔滨市
标榜美发店,奋斗街电业局3号楼1层28号商服,"126.307038,45.380176",18249750521,黑龙江省,哈尔滨市,双城区,哈尔滨市
爱业美发店,交通街与健康路交叉口西60米,"126.312354,45.365066",15045845416,黑龙江省,哈尔滨市,双城区,哈尔滨市
美之雅美容美发,恒盛新天地东南1门旁,"126.305388,45.375282",15244629677,黑龙江省,哈尔滨市,双城区,哈尔滨市
靓点美发,金园一品东门北130米,"126.318615,45.375762",[],黑龙江省,哈尔滨市,双城区,哈尔滨市
悦桐造型(东南阳光二区店),东南阳光二区西北3门东50米,"126.320060,45.367079",15124677995,黑龙江省,哈尔滨市,双城区,哈尔滨市
飞扬烫染品质店,同仁医院东北门旁,"126.315745,45.363732",[],黑龙江省,哈尔滨市,双城区,哈尔滨市
卓平理发店,外贸综合楼东南侧50米,"126.304013,45.383000",13614507302,黑龙江省,哈尔滨市,双城区,哈尔滨市
发道美发工作室(世纪现代城店),世纪现代城4栋,"126.314310,45.370188",[],黑龙江省,哈尔滨市,双城区,哈尔滨市
华慕丝美发(景观名苑店),景观名苑多层1号楼5号商服,"126.316301,45.372349",[],黑龙江省,哈尔滨市,双城区,哈尔滨市
雅芝美发,双城镇交通1号楼门市,"126.331307,45.370322",[],黑龙江省,哈尔滨市,双城区,哈尔滨市
奇丝妙剪造型设计,东南阳光二区西北3门东60米,"126.320149,45.367103",[],黑龙江省,哈尔滨市,双城区,哈尔滨市
首品美发店(发达路店),天富名苑西南门旁,"126.306151,45.391808",[],黑龙江省,哈尔滨市,双城区,哈尔滨市
神美发艺,团结大街319号,"126.301246,45.362341",15245706864,黑龙江省,哈尔滨市,双城区,哈尔滨市
纤靓发之美(发达路店),发达路与腾达大街交叉口北140米,"126.309086,45.387151",[],黑龙江省,哈尔滨市,双城区,哈尔滨市
阿龙造型,周家镇中国农业银行,"126.666519,45.460979",[],黑龙江省,哈尔滨市,双城区,哈尔滨市
英樱美发,双城临江乡民强村,"125.985718,45.556315",[],黑龙江省,哈尔滨市,双城区,哈尔滨市
青春美发工作室(鑫舜名人府店),鑫舜名人府西门北50米,"126.388784,45.542577",18246635707,黑龙江省,哈尔滨市,双城区,哈尔滨市
心尚造型,文昌大街与东环城北路交叉口西40米,"126.328714,45.370548",[],黑龙江省,哈尔滨市,双城区,哈尔滨市
指绣美业,世纪现代城东门西南70米,"126.316720,45.369233",13204618882,黑龙江省,哈尔滨市,双城区,哈尔滨市
妙设美发店,财富名苑东南侧120米,"126.304789,45.384743",13604502384,黑龙江省,哈尔滨市,双城区,哈尔滨市
波源发艺店,兴旺路民宗局住宅小区42号,"126.315418,45.380455",[],黑龙江省,哈尔滨市,双城区,哈尔滨市
韩佰理发店,财富名苑东南侧120米,"126.305055,45.384878",13263502212,黑龙江省,哈尔滨市,双城区,哈尔滨市
剪约剪烫染造型(钱江路店),钱江路与双益路交叉口西280米,"126.509316,45.512819",13936322403,黑龙江省,哈尔滨市,双城区,哈尔滨市
俊梅发艺(福瑞家园店),福瑞家园南区南门旁,"126.307852,45.389844",[],黑龙江省,哈尔滨市,双城区,哈尔滨市
维美专业烫染,义乌路与裕民街交叉口北260米,"126.669313,45.461544",13845022236;15846121776,黑龙江省,哈尔滨市,双城区,哈尔滨市
花姐美发(生资小区店),生资小区西北门东70米,"126.310056,45.367083",17519524511,黑龙江省,哈尔滨市,双城区,哈尔滨市
木子美发工作室(民乐家园店),双城区中医医院北侧100米,"126.331028,45.383440",[],黑龙江省,哈尔滨市,双城区,哈尔滨市
出人头地男士理发馆,文昌大街157号,"126.316638,45.371161",[],黑龙江省,哈尔滨市,双城区,哈尔滨市
阿宏美发工作室(世纪现代城店),世纪现代城5号楼-13号门市,"126.316388,45.369149",15326627164;18249036676,黑龙江省,哈尔滨市,双城区,哈尔滨市
唯美造型,黑龙江工商学院(哈南校区)第八公寓2号门右手边,"126.611825,45.520475",18845571212,黑龙江省,哈尔滨市,双城区,哈尔滨市
MAKEhair做个头发,枫桥郡,"126.329275,45.381875",[],黑龙江省,哈尔滨市,双城区,哈尔滨市
小彬造型工作室,水利小区,"126.325475,45.369475",[],黑龙江省,哈尔滨市,双城区,哈尔滨市
日韩都市一族美发会馆(双城市龙华街环保局店),世纪现代城,"126.314558,45.368685",13351008529,黑龙江省,哈尔滨市,双城区,哈尔滨市
Mr.张男士理发馆,景观大道鸿源小区阳光宾馆附近,"126.314359,45.375863",13104606655,黑龙江省,哈尔滨市,双城区,哈尔滨市
领鑫时尚造型,龙升小区B座B栋一层10号商服,"126.310956,45.382972",15663657889,黑龙江省,哈尔滨市,双城区,哈尔滨市
旭婷美发,东旭美术西南门旁,"126.316780,45.363064",[],黑龙江省,哈尔滨市,双城区,哈尔滨市
沐熙美业,钱江路与兴安路交叉口西80米,"126.516925,45.513925",[],黑龙江省,哈尔滨市,双城区,哈尔滨市
辰艾美发店,新兴路与发达路交叉口西100米,"126.310952,45.381483",13384615530,黑龙江省,哈尔滨市,双城区,哈尔滨市
你型我塑(Y005店),艳秋副食品超市东侧,"125.963961,45.392961",18348515171,黑龙江省,哈尔滨市,双城区,哈尔滨市
十一美发美容,世纪现代城,"126.317027,45.369686",[],黑龙江省,哈尔滨市,双城区,哈尔滨市
晓倩美业(双城区粮食局家属楼店),街道管委会南二道街信合银行东侧,"126.316606,45.366360",[],黑龙江省,哈尔滨市,双城区,哈尔滨市
祖儿美发,丹妙小芳诊所有限公司内科诊所西侧,"126.301104,45.382839",[],黑龙江省,哈尔滨市,双城区,哈尔滨市
米君美发,东南阳光二区西门西北60米,"126.318010,45.365985",[],黑龙江省,哈尔滨市,双城区,哈尔滨市
大萌美甲工作室,伯爵公馆正门对面(枫桥郡25栋外-9商服),"126.329457,45.382071",18846426286,黑龙江省,哈尔滨市,双城区,哈尔滨市
爱美工作室(世纪现代城店),-北二道街世纪现代城5号楼负一层5号商服,"126.316147,45.369087",18345753605,黑龙江省,哈尔滨市,双城区,哈尔滨市
喜奈美甲工作室,恒盛新天地院里C2-29号,"126.302392,45.376902",13313618851,黑龙江省,哈尔滨市,双城区,哈尔滨市
娇颜美容美体工作室,新兴路2号,"126.318225,45.387775",[],黑龙江省,哈尔滨市,双城区,哈尔滨市
琪玉美甲工作室,承旭路与腾达大街交叉口东200米,"126.318524,45.387808",15045842400,黑龙江省,哈尔滨市,双城区,哈尔滨市
陶悦美甲美睫工作室,永治街道畜牧局1号楼A栋1层西1号,"126.312902,45.377665",18103636481,黑龙江省,哈尔滨市,双城区,哈尔滨市
Mr.张男士理发馆,洗涤剂家属楼西侧140米,"126.305392,45.384347",[],黑龙江省,哈尔滨市,双城区,哈尔滨市
精艺求精专业美容美发沙龙(新疆大街店),新祥里街1号(新疆大街地铁站1号口步行150米),"126.630707,45.605731",0451-86516606;13904818189,黑龙江省,哈尔滨市,平房区,哈尔滨市
MEGA时尚潮男设计(红旗茂店),红旗茂商场负一层MEGA时尚潮男设计,"126.628467,45.605326",17614262003,黑龙江省,哈尔滨市,平房区,哈尔滨市
你好漂亮美发沙龙,建文街29号,"126.634632,45.601568",15046780766,黑龙江省,哈尔滨市,平房区,哈尔滨市
俊朗形象设计(绿色新城西区店),平盛街道建安头道街副2-3号,"126.659310,45.582945",18814516684,黑龙江省,哈尔滨市,平房区,哈尔滨市
名门润秀美发工作室,新祥里街15号(新疆大街地铁站1号口步行230米),"126.630305,45.606393",17390616905,黑龙江省,哈尔滨市,平房区,哈尔滨市
惟尚美业(秀水名苑一期店),哈南十五路04号,"126.645518,45.581888",18345072218,黑龙江省,哈尔滨市,平房区,哈尔滨市
金孔雀靓发会馆,东升街5-6号,"126.674233,45.590308",0451-87375098;13624601913;13936560900,黑龙江省,哈尔滨市,平房区,哈尔滨市
理念时代(No·001店),建文街95号,"126.626676,45.601182",13091886364,黑龙江省,哈尔滨市,平房区,哈尔滨市
朋克造型,新友街与新月街交叉口东南60米,"126.626868,45.605271",15546450939,黑龙江省,哈尔滨市,平房区,哈尔滨市
晓威发艺(新月街),新疆街道新月街1309楼,"126.630232,45.608313",15845116800,黑龙江省,哈尔滨市,平房区,哈尔滨市
唯艺造型,建安小区东区北门西60米,"126.656180,45.586988",13394600550,黑龙江省,哈尔滨市,平房区,哈尔滨市
银座发型连锁机构(顺达商厦店),新疆大街75号顺达商厦F1层,"126.632741,45.606698",15845116068,黑龙江省,哈尔滨市,平房区,哈尔滨市
小雯造型,新疆街道新月街1303楼,"126.628750,45.607457",[],黑龙江省,哈尔滨市,平房区,哈尔滨市
国良造型,新祥里街61号楼,"126.629634,45.606529",18246555009,黑龙江省,哈尔滨市,平房区,哈尔滨市
美莎莲美业(平房店),兴建家园B区二期750号楼4号商服2层,"126.644058,45.602821",0451-86519069,黑龙江省,哈尔滨市,平房区,哈尔滨市
艾格护肤造型(建平小区店),青年街804楼9-5号,"126.640448,45.601828",18246115382;18346163700,黑龙江省,哈尔滨市,平房区,哈尔滨市
沐森造型美发沙龙,新友街07楼,"126.627159,45.605362",13100808463,黑龙江省,哈尔滨市,平房区,哈尔滨市
大鹏发艺(兴建小区会宾家园店),建文街723楼,"126.646414,45.604805",18345368113,黑龙江省,哈尔滨市,平房区,哈尔滨市
人美专业烫染沙龙,东升家园622楼商服文化宫左侧,"126.673668,45.589655",13845186485,黑龙江省,哈尔滨市,平房区,哈尔滨市
托尼的福,友协街345栋1层8单元099号,"126.635114,45.602911",15776252909,黑龙江省,哈尔滨市,平房区,哈尔滨市
佳美美发(新疆三道街店),阿哩汪汪112号楼,"126.622330,45.607117",[],黑龙江省,哈尔滨市,平房区,哈尔滨市
彩丝造型(绿色新城东区店),绿色新城东区23栋1层建安头道街副21-28号,"126.659853,45.580831",15104505203,黑龙江省,哈尔滨市,平房区,哈尔滨市
小司美发会所(建平小区店),青年街18-5号,"126.640083,45.602481",0451-86550877,黑龙江省,哈尔滨市,平房区,哈尔滨市
发织秀Hair news美发沙龙,友协大街69-1,"126.631191,45.608019",[],黑龙江省,哈尔滨市,平房区,哈尔滨市
壹号美发沙龙,友协大街副178号,"126.631936,45.606653",16601054111,黑龙江省,哈尔滨市,平房区,哈尔滨市
顶尖造型(秀水名苑一期店),秀水名苑1期6号楼3单元,"126.642174,45.582104",15590885508,黑龙江省,哈尔滨市,平房区,哈尔滨市
视点发型设计,友协大街与新祥里街交叉口西200米,"126.629446,45.607212",19969600229,黑龙江省,哈尔滨市,平房区,哈尔滨市
韩文造型,保国大街23-8,"126.669519,45.588191",15045667897,黑龙江省,哈尔滨市,平房区,哈尔滨市
晓峰造型,新祥里街9号(新疆大街地铁站1号口步行190米),"126.630504,45.606065",0451-87105878,黑龙江省,哈尔滨市,平房区,哈尔滨市
慕冉美业假发定制,哈南十五路012号,"126.645591,45.582138",18004516601,黑龙江省,哈尔滨市,平房区,哈尔滨市
首领缪斯造型(平房店),友协大街与新疆大街交叉口西北100米,"126.632024,45.606496",0451-86535639,黑龙江省,哈尔滨市,平房区,哈尔滨市
独品造型专业烫染(卫健街店),卫健街与新国街交叉口南60米,"126.669684,45.586830",15246800046,黑龙江省,哈尔滨市,平房区,哈尔滨市
阿峰造型(东升街店),东升街12-5号,"126.674275,45.590325",0451-87107467,黑龙江省,哈尔滨市,平房区,哈尔滨市
神圣烫染沙龙,新月街28-36号,"126.629287,45.607395",[],黑龙江省,哈尔滨市,平房区,哈尔滨市
阿君理容中心(兴建小区会宾家园店),兴建小区会宾家园722号楼,"126.645923,45.604621",[],黑龙江省,哈尔滨市,平房区,哈尔滨市
慧慧美发设计室(宏博家园店),宏博家园6号楼9门,"126.640339,45.615079",15945199669,黑龙江省,哈尔滨市,平房区,哈尔滨市
超然美发(花园小区店),友协大街43-5正西方向170米花园小区406栋,"126.635704,45.600576",[],黑龙江省,哈尔滨市,平房区,哈尔滨市
顶上美发,哈南十五路016号门市,"126.645636,45.582076",15146294595,黑龙江省,哈尔滨市,平房区,哈尔滨市
名流烫染(友协东三道街店),友协东三道街262楼,"126.639233,45.604503",[],黑龙江省,哈尔滨市,平房区,哈尔滨市
花想容烫染形象会馆(青年街店),青年街4号,"126.641356,45.599778",13804604446,黑龙江省,哈尔滨市,平房区,哈尔滨市
瞧好男士理发馆,新祥里街8-1号61号楼7单元1楼2门(住宅),"126.629985,45.606371",16646570619,黑龙江省,哈尔滨市,平房区,哈尔滨市
心动造型(兴建小区会宾家园店),会宾路16号兴建小区会宾家园730楼1单元101,"126.648510,45.604270",13039978498,黑龙江省,哈尔滨市,平房区,哈尔滨市
湖北美发工作室,新月街与友协大街交叉口西140米,"126.629457,45.608046",[],黑龙江省,哈尔滨市,平房区,哈尔滨市
雅琳发艺(建文小区店),建文小区4号楼,"126.625605,45.601888",15246805162,黑龙江省,哈尔滨市,平房区,哈尔滨市
Y&M品牌美发沙龙(北厂店),友协大街67-5号,"126.632383,45.607208",13274619181,黑龙江省,哈尔滨市,平房区,哈尔滨市
理享造型,建文街724楼2-11号门市理享造型,"126.647354,45.605109",18746166614,黑龙江省,哈尔滨市,平房区,哈尔滨市
纳蓝形象设计(秀水名苑一期店),哈南十五路秀水名苑一期12号楼一单元,"126.644211,45.582646",18245111575,黑龙江省,哈尔滨市,平房区,哈尔滨市
伊可Hair Salon(绿色新城·嘉苑店),绿色新城1栋3单元102室,"126.660154,45.579799",17614509975,黑龙江省,哈尔滨市,平房区,哈尔滨市
阿昌发型设计室(新建小区店),通宾街6-14号,"126.645509,45.601055",15945772633,黑龙江省,哈尔滨市,平房区,哈尔滨市
元素美发沙龙(哈尔滨红旗·Mall购物中心店),新月街与新友街交叉口东180米,"126.628453,45.606481",15545956117,黑龙江省,哈尔滨市,平房区,哈尔滨市
发现造型(友谊家园店),新疆大街135号友谊家园,"126.626627,45.604781",15561549552,黑龙江省,哈尔滨市,平房区,哈尔滨市
M+美发沙龙(万达华府E区店),平房区开发区哈南九路与南第十大道东北侧e4栋商服单元一层17号,"126.617876,45.572385",17036689876,黑龙江省,哈尔滨市,平房区,哈尔滨市
禧欢理美发沙龙,新国街18号18-5-5号,"126.662555,45.585674",18745191857,黑龙江省,哈尔滨市,平房区,哈尔滨市
大鹏发型设计工作室,新疆大街709楼179-3,"126.622577,45.602859",17703664344,黑龙江省,哈尔滨市,平房区,哈尔滨市
魅力人生美发,保利明月时光17-1-102,"126.668935,45.578326",15204697142,黑龙江省,哈尔滨市,平房区,哈尔滨市
名轩造型(秀水店),哈南第二大道秀水名苑二期9号楼1单元101室,"126.641745,45.581482",16268648886,黑龙江省,哈尔滨市,平房区,哈尔滨市
品尚形象设计,新疆街道君策·上河郡都和苑2期,"126.625788,45.600190",13613672994;15046811752,黑龙江省,哈尔滨市,平房区,哈尔滨市
铭仁发艺(兴建小区A区店),兴建小区A区739号楼21-9,"126.644938,45.603790",18745021987,黑龙江省,哈尔滨市,平房区,哈尔滨市
慕尚美发沙龙(专业烫染店),新祥里街61号楼2单元1楼1门,"126.629548,45.606543",18345159828,黑龙江省,哈尔滨市,平房区,哈尔滨市
首艺造型(友协东三道街店),友协东三道街261楼(执法局旁30米),"126.639868,45.604701",13104619992,黑龙江省,哈尔滨市,平房区,哈尔滨市
阿华发型设计室,机装街与新疆大街交叉口南40米,"126.624192,45.602777",18814510509,黑龙江省,哈尔滨市,平房区,哈尔滨市
杰美美容美发·美甲美睫(万达华府F区店),万达华府F2-28号,"126.617996,45.572003",15045847507,黑龙江省,哈尔滨市,平房区,哈尔滨市
young美格(绿色新城店),建安头道街附2号绿色新城西区,"126.658947,45.580897",15204654271,黑龙江省,哈尔滨市,平房区,哈尔滨市
美述沙龙,南九路美述沙龙,"126.631971,45.592966",13674664820,黑龙江省,哈尔滨市,平房区,哈尔滨市
丝艺造型(建文街店),建文街722楼162中学对面,"126.646079,45.604657",15145076520,黑龙江省,哈尔滨市,平房区,哈尔滨市
艺尚造型,东升家园619楼门市,"126.673922,45.590199",15146618592,黑龙江省,哈尔滨市,平房区,哈尔滨市
小辉发廊(兴建小区和平家园店),建文街13-13号,"126.641430,45.604100",15046185187,黑龙江省,哈尔滨市,平房区,哈尔滨市
雪晴美发,友协东四道街341楼2单元1门,"126.636310,45.604875",13613616742,黑龙江省,哈尔滨市,平房区,哈尔滨市
首艺造型(秀水名苑一期店),秀水名苑西门龙滨路81号,"126.635598,45.582754",15945774003,黑龙江省,哈尔滨市,平房区,哈尔滨市
美程造型(万达华府D区店),万达华府D区D9-09,"126.614624,45.571684",18846166561,黑龙江省,哈尔滨市,平房区,哈尔滨市
萌丝造型工作室,224楼萌丝造型,"126.671978,45.589429",15546180048,黑龙江省,哈尔滨市,平房区,哈尔滨市
初心发舍,新祥里街61号楼凤凰医院旁,"126.629941,45.606443",18004602242,黑龙江省,哈尔滨市,平房区,哈尔滨市
好心情美发园(平房店),新平街15号,"126.616975,45.607036",13674673841,黑龙江省,哈尔滨市,平房区,哈尔滨市
阿杰造型(绿地·香堤九里店),绿地·香堤九里东3门旁,"126.640015,45.571185",18245037579,黑龙江省,哈尔滨市,平房区,哈尔滨市
飘丝坊发艺(友协西五道街店),公社大街与公社三道街交叉口东100米,"126.632495,45.604272",13144512622,黑龙江省,哈尔滨市,平房区,哈尔滨市
简呗美发工作室(秀水名苑3期店),秀水名苑三期1-6号商服,"126.652253,45.582061",17645796647,黑龙江省,哈尔滨市,平房区,哈尔滨市
鼎艺发型设计(南城明珠店),普惠大道4号,"126.608014,45.593937",18345722244,黑龙江省,哈尔滨市,平房区,哈尔滨市
双喜美发造型,东升街9号224楼,"126.671685,45.589343",15231734748,黑龙江省,哈尔滨市,平房区,哈尔滨市
艺萍美发工作室,公社大街花园小区420楼,"126.632915,45.599440",15246800994;15746800992,黑龙江省,哈尔滨市,平房区,哈尔滨市
新潮发艺(哈飞家园店),哈飞家园14号楼,"126.652861,45.605297",13604516707,黑龙江省,哈尔滨市,平房区,哈尔滨市
百禾源美发,同心街9号,"126.622902,45.604161",13936491146,黑龙江省,哈尔滨市,平房区,哈尔滨市
小慧发艺,新疆大街同心街413楼,"126.622778,45.604097",15845142186,黑龙江省,哈尔滨市,平房区,哈尔滨市
精雅发型设计室(机电嘉园西区店),联盟大街137号(教师楼),"126.670003,45.580874",13674603557,黑龙江省,哈尔滨市,平房区,哈尔滨市
红祥发屋(哈飞住宅店),友协东头道街13-1,"126.640401,45.599348",13503605337,黑龙江省,哈尔滨市,平房区,哈尔滨市
审美烫染沙龙,新祥里街副11号,"126.630463,45.606170",[],黑龙江省,哈尔滨市,平房区,哈尔滨市
旺角造型(建文小区店),新疆街道洪镜街建文小区,"126.626653,45.602478",18745833748,黑龙江省,哈尔滨市,平房区,哈尔滨市
小时代发屋,友协西五道街与公社大街交叉口东60米,"126.632231,45.603709",15754503988,黑龙江省,哈尔滨市,平房区,哈尔滨市
名仕造型(平房店),C9-03,"126.615479,45.574246",17519482438,黑龙江省,哈尔滨市,平房区,哈尔滨市
他她造型(绿色新城西区店),建安头道街18-11门市,"126.659047,45.581313",15663850456,黑龙江省,哈尔滨市,平房区,哈尔滨市
名剪形象设计(万达华府H区店),哈南第十大道万达华府门市H2-06,"126.618748,45.571894",13206678118,黑龙江省,哈尔滨市,平房区,哈尔滨市
千源造型美发工作室,保国街,"126.668239,45.590053",15046785551,黑龙江省,哈尔滨市,平房区,哈尔滨市
凯丝迪发艺,新祥里街61号楼五单元103室号,"126.629990,45.606441",[],黑龙江省,哈尔滨市,平房区,哈尔滨市
初见烫染工作室,友协大街附67-6号,"126.632460,45.607806",15546109103,黑龙江省,哈尔滨市,平房区,哈尔滨市
千姿彩美发设计(东平小区店),友协东四道街(东平小区)5-9号,"126.636331,45.605122",13703650557,黑龙江省,哈尔滨市,平房区,哈尔滨市
成蝶烫染沙龙,新月街与新友街交叉口东北140米,"126.627689,45.606649",15045107327,黑龙江省,哈尔滨市,平房区,哈尔滨市
睿丽发艺专业烫染,北厂新月街1号2单元1楼,"126.630346,45.608355",13359517116,黑龙江省,哈尔滨市,平房区,哈尔滨市
程成造型(友协商场店),公社大街68号友协商场F1层,"126.630891,45.603518",13946015419,黑龙江省,哈尔滨市,平房区,哈尔滨市
素月造型美发工作室(友谊家园店),新疆大街新谊街15号1层商服,"126.623927,45.604043",15546164805,黑龙江省,哈尔滨市,平房区,哈尔滨市
天泉发廊,新月街28-36号楼34号,"126.629247,45.607533",13845185895,黑龙江省,哈尔滨市,平房区,哈尔滨市
艺剪诚铭(建安小区店),建安花园小区4号楼5-23号,"126.653710,45.585273",18704610373,黑龙江省,哈尔滨市,平房区,哈尔滨市
格美美发造型(新祥里街店),新祥里街61号(新疆大街地铁站1号口步行290米),"126.629691,45.606556",[],黑龙江省,哈尔滨市,平房区,哈尔滨市
湖北理发(兴建小区A区店),兴建家园743楼1单元1室,"126.646014,45.602627",13199575775,黑龙江省,哈尔滨市,平房区,哈尔滨市
琅屿造型(秀水名苑一期店),兴建街道秀水名苑一期15号楼,"126.641785,45.582629",[],黑龙江省,哈尔滨市,平房区,哈尔滨市
鑫轩发艺,保国大街与东升街交叉口东南60米,"126.669594,45.588079",[],黑龙江省,哈尔滨市,平房区,哈尔滨市
大洋洋造型(东升街店),东升街12-1号,"126.674392,45.589909",[],黑龙江省,哈尔滨市,平房区,哈尔滨市
黛草堂植物养发染发服务部(兴建小区和平家园店),兴建街58号兴建小区和平家园,"126.641271,45.604911",13613641639,黑龙江省,哈尔滨市,平房区,哈尔滨市
俏佳人剪业(建安小区店),联盟街道建安街337号,"126.654464,45.587119",13796011477,黑龙江省,哈尔滨市,平房区,哈尔滨市
小凤发型室,东升家园618楼,"126.673871,45.590904",[],黑龙江省,哈尔滨市,平房区,哈尔滨市
一诺美发沙龙(哈南万达店),平房区哈南万达华府E区商铺E3-04(紧邻公园),"126.616416,45.573829",[],黑龙江省,哈尔滨市,平房区,哈尔滨市
金剪发艺(南城首府店),滨河大道南城首府,"126.612423,45.598485",[],黑龙江省,哈尔滨市,平房区,哈尔滨市
这是一家美发店,友协东三道街9-4号,"126.639733,45.604640",[],黑龙江省,哈尔滨市,平房区,哈尔滨市
喜理专业美发沙龙,哈南万达广场H2区-11,"126.618593,45.571852",18745831906,黑龙江省,哈尔滨市,平房区,哈尔滨市
顶尖造型(青年街店),友协东二道街与青年街交叉口西南20米,"126.640738,45.600753",13936498884,黑龙江省,哈尔滨市,平房区,哈尔滨市
双宇发屋,万米小区1407楼,"126.617116,45.606254",[],黑龙江省,哈尔滨市,平房区,哈尔滨市
亮点美发,保国大街与新国街交叉口北20米,"126.669913,45.587879",[],黑龙江省,哈尔滨市,平房区,哈尔滨市
名门造型(建安小区店),建安四道街与滨电路交叉口西北200米,"126.651825,45.585475",[],黑龙江省,哈尔滨市,平房区,哈尔滨市
崇尚发艺(平房村十一道街店),平房村十一道街与平房路交叉口东280米,"126.687671,45.600654",[],黑龙江省,哈尔滨市,平房区,哈尔滨市
地王发廊(东轻家园店),新疆三道街东轻家园116楼,"126.619492,45.606383",[],黑龙江省,哈尔滨市,平房区,哈尔滨市
新华发廊,保国大街25-2,"126.669314,45.588747",[],黑龙江省,哈尔滨市,平房区,哈尔滨市
古贝发艺(东升街店),保国五道街与东升街交叉口北20米,"126.671572,45.589343",[],黑龙江省,哈尔滨市,平房区,哈尔滨市
宏佳美发,保国三道街与东升街交叉口南20米,"126.670569,45.588655",[],黑龙江省,哈尔滨市,平房区,哈尔滨市
晓明发型设计(南城明珠店),普惠大道与新疆西路交叉口西160米,"126.610799,45.593214",[],黑龙江省,哈尔滨市,平房区,哈尔滨市
1997发型工作室,保国二道街与东升街交口176楼,"126.670113,45.588868",18918374612,黑龙江省,哈尔滨市,平房区,哈尔滨市
人美发艺(保国店),保国街192号,"126.670376,45.587633",13604512561,黑龙江省,哈尔滨市,平房区,哈尔滨市
安森造型(香悦蓝天下店),东海路76号,"126.649696,45.605802",15663419855,黑龙江省,哈尔滨市,平房区,哈尔滨市
阿赞美发(旗舰店),新疆大街348路终点车站对面,"126.618805,45.601723",15945117953,黑龙江省,哈尔滨市,平房区,哈尔滨市
小白美发,兴建街道兴建街78号,"126.641878,45.606000",13936494958,黑龙江省,哈尔滨市,平房区,哈尔滨市
潮派造型,建文街321楼78-8号,"126.637496,45.602005",18946189905,黑龙江省,哈尔滨市,平房区,哈尔滨市
随心剪吧,东升街5-20,"126.674233,45.591039",[],黑龙江省,哈尔滨市,平房区,哈尔滨市
尚越形象,洪镜街与机装街交叉口东40米,"126.625813,45.601560",18204516123,黑龙江省,哈尔滨市,平房区,哈尔滨市
金韵理发店,保国大街,"126.669143,45.588663",13703682317,黑龙江省,哈尔滨市,平房区,哈尔滨市
小梅梅美发,新和街18-22车库,"126.619175,45.606575",13674603288,黑龙江省,哈尔滨市,平房区,哈尔滨市
美伦造型(绿地·香堤九里店),绿地·香堤九里东1门旁,"126.641090,45.573228",[],黑龙江省,哈尔滨市,平房区,哈尔滨市
十元美发,联盟大街与集智头道街交叉口南40米,"126.676875,45.592375",[],黑龙江省,哈尔滨市,平房区,哈尔滨市
小贺造型,新祥里小区22号,"126.630033,45.607037",15663667318,黑龙江省,哈尔滨市,平房区,哈尔滨市
豪尚烫染店,新月街与友协大街交叉口西240米,"126.628301,45.607585",[],黑龙江省,哈尔滨市,平房区,哈尔滨市
尚丝造型,哈南九路与普惠大道交叉口南260米,"126.628447,45.588855",[],黑龙江省,哈尔滨市,平房区,哈尔滨市
朝华发艺,东升家园二期东升街624栋二单元副10-6号,"126.674482,45.589308",15146612183,黑龙江省,哈尔滨市,平房区,哈尔滨市
手艺人发型设计,花园小区西北1门旁,"126.632500,45.600838",18245171213,黑龙江省,哈尔滨市,平房区,哈尔滨市
源美美发(保国大街店),保国大街与新国街交叉口西40米,"126.669281,45.587602",13936495535,黑龙江省,哈尔滨市,平房区,哈尔滨市
几禾造型(新友街店),新疆大街副97号北月家园小区1107号楼,"126.626034,45.606619",15245111526,黑龙江省,哈尔滨市,平房区,哈尔滨市
多加达人美发(友谊家园店),新疆大街135号友谊家园,"126.623935,45.604019",18714612334,黑龙江省,哈尔滨市,平房区,哈尔滨市
新雨发艺(万达华府C区店),万达华府C区东2门旁,"126.615198,45.573689",13054284822,黑龙江省,哈尔滨市,平房区,哈尔滨市
万艺美发沙龙,友协街道友协大街建设银行正对面,"126.634898,45.603505",13936686631,黑龙江省,哈尔滨市,平房区,哈尔滨市
超越发型设计(建安四道街店),建安四道街副5-20号,"126.653981,45.585113",13613628779,黑龙江省,哈尔滨市,平房区,哈尔滨市
宏宇发艺(绿地世纪城店),哈南九路与哈南第二大道交叉口东北240米,"126.626987,45.587125",18245052230,黑龙江省,哈尔滨市,平房区,哈尔滨市
拾年理容造型设计,公社大街与友协西头道街交叉口西北100米,"126.632452,45.599879",13936491056,黑龙江省,哈尔滨市,平房区,哈尔滨市
小宇美发沙龙(东实·碧水湾2期店),新伟街道新平街东实·碧水湾2期16号楼,"126.616083,45.607688",18745727515,黑龙江省,哈尔滨市,平房区,哈尔滨市
靓丽发艺(建文小区店),洪镜街附41号,"126.625619,45.601893",15146292983,黑龙江省,哈尔滨市,平房区,哈尔滨市
全美发艺,集智街206楼,"126.673840,45.592593",[],黑龙江省,哈尔滨市,平房区,哈尔滨市
零点美发(宝融福园店),兴建街68号宝融福园吉祥座2单元,"126.641316,45.607027",15945775430,黑龙江省,哈尔滨市,平房区,哈尔滨市
尚艺造型(新建小区店),新建小区762号楼,"126.645050,45.600806",[],黑龙江省,哈尔滨市,平房区,哈尔滨市
精典美发(保国大街店),保国大街25-5,"126.671563,45.587340",[],黑龙江省,哈尔滨市,平房区,哈尔滨市
梦露发廊,保国大街13-1,"126.671786,45.587264",[],黑龙江省,哈尔滨市,平房区,哈尔滨市
蒙恩造型(机电嘉园店),联盟大街123号机电嘉园西区,"126.670221,45.581236",18245043277,黑龙江省,哈尔滨市,平房区,哈尔滨市
小跟班亲子儿童美发乐园,新疆街道新疆大街117号红旗茂商业城A2-7栋,"126.628619,45.606498",15045835789,黑龙江省,哈尔滨市,平房区,哈尔滨市
比酷发型工作室,建安小区东区北2门旁,"126.654497,45.587132",[],黑龙江省,哈尔滨市,平房区,哈尔滨市
美格发型设计,兴建街与建文街交叉口东100米,"126.644485,45.603637",15945118884,黑龙江省,哈尔滨市,平房区,哈尔滨市
晓岩美发,保国三道街与东宁街交叉口东南20米,"126.670033,45.589815",[],黑龙江省,哈尔滨市,平房区,哈尔滨市
超凡剪艺(友协商场店),公社大街68号友协商场F1层,"126.631052,45.603496",[],黑龙江省,哈尔滨市,平房区,哈尔滨市
孙晶理发店,万米二道街与新星街交叉口西40米,"126.613860,45.606629",[],黑龙江省,哈尔滨市,平房区,哈尔滨市
美域美发烫染沙龙,公社大街与建文街交叉口南40米,"126.632050,45.600969",[],黑龙江省,哈尔滨市,平房区,哈尔滨市
美中国造型,友协东三道街与青年街交叉口东北40米,"126.639180,45.604480",[],黑龙江省,哈尔滨市,平房区,哈尔滨市
志尚美发,青年街与友协东二道街交叉口东南60米,"126.641367,45.600568",18245054503,黑龙江省,哈尔滨市,平房区,哈尔滨市
丝尚造型(建安四道街店),建安四道街建安花园小区3号楼一层21号,"126.652394,45.585591",[],黑龙江省,哈尔滨市,平房区,哈尔滨市
瑞敏发艺(宝融福园店),兴建街72-7号宝融福园,"126.640760,45.606353",[],黑龙江省,哈尔滨市,平房区,哈尔滨市
红艺造型,友协街道友协大街副114号405楼一楼,"126.635977,45.600420",15045623882,黑龙江省,哈尔滨市,平房区,哈尔滨市
尚剪发型设计(兴建小区店),兴建小区762楼底商,"126.645074,45.600778",15846634640,黑龙江省,哈尔滨市,平房区,哈尔滨市
本良发艺(新城里小区店),新城里小区西北1门旁,"126.643200,45.599964",[],黑龙江省,哈尔滨市,平房区,哈尔滨市
零点造型(绿色新城西区店),建安头道街附2号绿色新城西区,"126.659101,45.581479",17645181479,黑龙江省,哈尔滨市,平房区,哈尔滨市
佳剪空间,东升家园二期624楼,"126.673975,45.589115",[],黑龙江省,哈尔滨市,平房区,哈尔滨市
九九快剪,友协街道226楼一单元1层095号住宅,"126.639952,45.599903",15046055379,黑龙江省,哈尔滨市,平房区,哈尔滨市
起点造型(香悦蓝天下店),兴建街道东海路20号香悦蓝天下,"126.651436,45.605621",[],黑龙江省,哈尔滨市,平房区,哈尔滨市
容苑美业(中天富城店),新疆大街336号中天富城18号楼,"126.621183,45.598726",[],黑龙江省,哈尔滨市,平房区,哈尔滨市
亚芳美发店(宜居新家园店),宜居新家园6楼底商,"126.626300,45.599933",15804638589,黑龙江省,哈尔滨市,平房区,哈尔滨市
智美美业,万达华府C区,"126.615188,45.575309",15645053446;19969649283,黑龙江省,哈尔滨市,平房区,哈尔滨市
御树堂全方位康复理疗美容美体连锁(南郡豪庭店),建安头道街27号,"126.660375,45.584518",13030021144,黑龙江省,哈尔滨市,平房区,哈尔滨市
小关发艺(建安小区店),联盟街道建安四道街6-28号,"126.652407,45.585542",15046788890,黑龙江省,哈尔滨市,平房区,哈尔滨市
简·法形象设计美发工作室(建平小区店),通建街副38-1号,"126.641867,45.602304",18145156484,黑龙江省,哈尔滨市,平房区,哈尔滨市
妍君发屋,同心街704楼2门1号,"126.621722,45.603428",[],黑龙江省,哈尔滨市,平房区,哈尔滨市
朋客造型 新平街店,新平街14号1409,"126.616730,45.606676",[],黑龙江省,哈尔滨市,平房区,哈尔滨市
金三角专业发型染烫,友协街道友协西五道街哈飞幼儿园南侧约70米,"126.632395,45.603757",[],黑龙江省,哈尔滨市,平房区,哈尔滨市
双龙造型,新平街1405楼,"126.617253,45.605847",[],黑龙江省,哈尔滨市,平房区,哈尔滨市
大志造型(东实·碧水湾2期店),新平街68号,"126.615730,45.608239",[],黑龙江省,哈尔滨市,平房区,哈尔滨市
姗姗美发,保国大街18-3,"126.671757,45.587296",[],黑龙江省,哈尔滨市,平房区,哈尔滨市
啊雷剪吧(东轻家园店),东轻家园120楼,"126.619063,45.606886",[],黑龙江省,哈尔滨市,平房区,哈尔滨市
招财快剪,北月家园1206号楼1层,"126.627946,45.607485",[],黑龙江省,哈尔滨市,平房区,哈尔滨市
当代美发(秀水名苑二期店),当代美发秀水名苑2期21号楼2单元102室,"126.637290,45.582819",15546683096,黑龙江省,哈尔滨市,平房区,哈尔滨市
时尚发艺(建安小区店),健安头道街与友协大街交叉口西南180米,"126.659494,45.585525",13604510164;13936499419,黑龙江省,哈尔滨市,平房区,哈尔滨市
美梳发型工作室,东轻家园119楼13-24号车库,"126.619135,45.607304",[],黑龙江省,哈尔滨市,平房区,哈尔滨市
丝屿造型,G4栋三单元102室,"126.608479,45.593417",[],黑龙江省,哈尔滨市,平房区,哈尔滨市
丝美造型,星耀南城1号楼,"126.611731,45.600498",[],黑龙江省,哈尔滨市,平房区,哈尔滨市
景渡发型工作室,友协东四道街7-21号,"126.635807,45.604967",15204622912,黑龙江省,哈尔滨市,平房区,哈尔滨市
小K造型,万达华府E区,"126.618975,45.573375",[],黑龙江省,哈尔滨市,平房区,哈尔滨市
平房区丝序美容美发,新祥里街副13号,"126.630379,45.606272",13124507535,黑龙江省,哈尔滨市,平房区,哈尔滨市
铭人发艺(绿色新城东区店),南城九路与哈南第二大道交叉口东240米,"126.662052,45.580623",[],黑龙江省,哈尔滨市,平房区,哈尔滨市
引力时空发艺,万达华府D区D9-20,"126.614470,45.571128",13455325583,黑龙江省,哈尔滨市,平房区,哈尔滨市
慕一造型店,哈南五路与滨河大道交叉口东南260米,"126.611556,45.598966",[],黑龙江省,哈尔滨市,平房区,哈尔滨市
剪不剪剪吧(友协东头道街店),友协大街东头道街309楼,"126.638588,45.599240",18845059203,黑龙江省,哈尔滨市,平房区,哈尔滨市
大江发型,万达华府F区F3-06,"126.615554,45.571532",18088706458,黑龙江省,哈尔滨市,平房区,哈尔滨市
小蕊造型,兴建街与建文街交叉口东100米,"126.644403,45.603592",[],黑龙江省,哈尔滨市,平房区,哈尔滨市
小玉美甲美睫工作室(顺达商厦店),新疆大街75号顺达商厦F1层,"126.632839,45.606616",15546462025,黑龙江省,哈尔滨市,平房区,哈尔滨市
哈尔滨市平房区婷婷婚纱美妆工作室(东实·碧水湾2期店),新星街碧水湾小区二期25号楼2单元203,"126.613072,45.606410",13674676179,黑龙江省,哈尔滨市,平房区,哈尔滨市
黄小姐美甲工作室(兴建小区A区店),兴建街与建文街交叉口东100米,"126.644486,45.603651",18745777236,黑龙江省,哈尔滨市,平房区,哈尔滨市
Tina化妆婚纱工作室,哈南第二大道与南城九路交叉口东140米,"126.660751,45.579849",[],黑龙江省,哈尔滨市,平房区,哈尔滨市
靓俪人生美肤养生工作室(绿色新城西区店),南城九路建安头道街副14-5号,"126.658727,45.581893",18745869531,黑龙江省,哈尔滨市,平房区,哈尔滨市
予竹美妆工作室,绿色新城西区12栋,"126.658629,45.580954",18246555928,黑龙江省,哈尔滨市,平房区,哈尔滨市
专业可视采耳爱尼尔美容保健工作室,友协大街326号楼,"126.634933,45.603360",18646375820,黑龙江省,哈尔滨市,平房区,哈尔滨市
康康美容工作室,友协大街与新疆大街交叉口南60米,"126.632835,45.605202",[],黑龙江省,哈尔滨市,平房区,哈尔滨市
秀美理容工作室(中天富城店),新疆大街第366号中天富城,"126.620901,45.599521",13613622786,黑龙江省,哈尔滨市,平房区,哈尔滨市
旭旭美甲美睫工作室(建安小区店),新国街8号1层1号,"126.666757,45.586365",13394611781,黑龙江省,哈尔滨市,平房区,哈尔滨市
甲次方美甲工作室,哈南十五路7号宇光万和城20号楼二单元302室,"126.644565,45.571385",13062679545,黑龙江省,哈尔滨市,平房区,哈尔滨市
若西snow美甲美睫工作室,友协大街副67-6号顺达嘉园二号楼若西美甲美睫工作室,"126.632584,45.607694",17106973208,黑龙江省,哈尔滨市,平房区,哈尔滨市
鼓鼓派美甲工作室,哈南十七路与哈南第八大道交叉口东北220米,"126.646425,45.570275",[],黑龙江省,哈尔滨市,平房区,哈尔滨市
YAM轻奢美发沙龙(万博华庭店),万博华庭南门东50米,"126.987305,45.533027",0451-51724333,黑龙江省,哈尔滨市,阿城区,哈尔滨市
艺尚沙龙,华龙路15号(华龙金城南门旁),"126.974485,45.544654",13936368238,黑龙江省,哈尔滨市,阿城区,哈尔滨市
张辉造型,朝阳小区9号,"126.971982,45.542145",0451-53867771;13104079666,黑龙江省,哈尔滨市,阿城区,哈尔滨市
尚美造型(华龙金城店),华龙金城1号楼7门市,"126.972807,45.544615",13633675875,黑龙江省,哈尔滨市,阿城区,哈尔滨市
阿吉形象设计(华龙金城店),华龙金城2号楼9门,"126.973912,45.544643",18246501345,黑龙江省,哈尔滨市,阿城区,哈尔滨市
MNTV0AHB丝韵美学(蒙妮坦)美发店,高明胡同58号,"126.977550,45.538953",18904606061,黑龙江省,哈尔滨市,阿城区,哈尔滨市
808烫染剪发(交运福安家园店),交运福安家园西1门旁,"126.964651,45.544974",13089999446,黑龙江省,哈尔滨市,阿城区,哈尔滨市
帅仔潮流名剪(阿城区文化中心家属楼店),胜利街文化中心小区2号楼1-8门,"126.972425,45.535242",15045166638;15945944417,黑龙江省,哈尔滨市,阿城区,哈尔滨市
阿四造型(达仁·印象城购物中心),印象城1层,"126.980380,45.537301",0451-53725556;13503673558,黑龙江省,哈尔滨市,阿城区,哈尔滨市
旮旯发型工作室,金城街4委老客运站商服14号,"126.972172,45.539458",13203333732,黑龙江省,哈尔滨市,阿城区,哈尔滨市
金秋发型设计(网吧一条街),锅炉厂住家属楼西门东210米,"126.975233,45.535695",15846309850,黑龙江省,哈尔滨市,阿城区,哈尔滨市
木子烫染剪吧(万米楼店),新华小区1号9-102,"126.973398,45.531250",13199525790,黑龙江省,哈尔滨市,阿城区,哈尔滨市
NICE品质造型(高明小区店),高明胡同1号高明小区,"126.979760,45.539486",16267066999,黑龙江省,哈尔滨市,阿城区,哈尔滨市
金苹果造型(永泰广小区店),永泰广18号楼,"126.966517,45.539250",13936052224;15945942729,黑龙江省,哈尔滨市,阿城区,哈尔滨市
顶头尚丝(河畔丽景店),河畔丽景小区5号楼1门,"126.990675,45.548933",13100839991,黑龙江省,哈尔滨市,阿城区,哈尔滨市
酷吧美容美发会馆(哈尔滨金城步行街店),金城小区3号楼1楼门市,"126.972943,45.539510",15245606355,黑龙江省,哈尔滨市,阿城区,哈尔滨市
静仙形象订制(供销处楼店),牌路大街与柴市路交叉口东南20米,"126.976242,45.532757",15245195985,黑龙江省,哈尔滨市,阿城区,哈尔滨市
卓越美发沙龙,白酒厂北楼,"126.964134,45.537110",13212925508,黑龙江省,哈尔滨市,阿城区,哈尔滨市
宇轩阿鑫造型(印象城店),解放大街甲33号,"126.982224,45.538368",15145095552,黑龙江省,哈尔滨市,阿城区,哈尔滨市
东尼造型(哈尔滨阿城区),金城小区13号,"126.973009,45.539546",[],黑龙江省,哈尔滨市,阿城区,哈尔滨市
港式小姐妹形象定制(小红书),清真广场南侧22号门市,"126.967306,45.535878",15663409437,黑龙江省,哈尔滨市,阿城区,哈尔滨市
你好色彩发型专业店,保安胡同5号,"126.976515,45.537274",13206532569;18348596369,黑龙江省,哈尔滨市,阿城区,哈尔滨市
小郑美发,上京大道149号,"126.968345,45.546934",13503619697;18846129977,黑龙江省,哈尔滨市,阿城区,哈尔滨市
88潮牌造型(高明胡同店),高明小区高明胡同45号88,"126.977400,45.538945",[],黑龙江省,哈尔滨市,阿城区,哈尔滨市
慕白造型,武装部家属楼门市(慕白造型),"126.961850,45.539260",13091717173,黑龙江省,哈尔滨市,阿城区,哈尔滨市
江涞发型设计工作室,金城街北新小区1号楼1层12号商服,"126.968815,45.543771",18745050650,黑龙江省,哈尔滨市,阿城区,哈尔滨市
红日美发(金城小区店),金城小区3号楼,"126.973033,45.539455",[],黑龙江省,哈尔滨市,阿城区,哈尔滨市
女神发艺(金城西街店),金城小区9号楼,"126.972287,45.538943",18686813495,黑龙江省,哈尔滨市,阿城区,哈尔滨市
范斯造型(达仁·印象城购物中心),解放大街与会宁路交口东南交(312-1号)达仁·印象城购物中心1F层,"126.981004,45.537077",[],黑龙江省,哈尔滨市,阿城区,哈尔滨市
东泽造型(保安胡同),保安胡同12号(烟草公司胡同),"126.976657,45.537255",13796755900,黑龙江省,哈尔滨市,阿城区,哈尔滨市
小霞美发(东环大街店),新龙城C3区8号楼,"126.975541,45.523066",15146439787,黑龙江省,哈尔滨市,阿城区,哈尔滨市
红梅发艺(金城路店),金城步行街(牌路大街),"126.972763,45.539777",15145132737;15561566501,黑龙江省,哈尔滨市,阿城区,哈尔滨市
川屿发型设计,金都街嘉园高层住宅楼一层2门,"126.978663,45.532273",13503607410,黑龙江省,哈尔滨市,阿城区,哈尔滨市
MR.孙理发潮流馆(金京壹号官邸店),金涤路与上京大道交叉口东北480米,"126.956696,45.551062",15045487444,黑龙江省,哈尔滨市,阿城区,哈尔滨市
沐丝假发店,庆云小区6号楼1单元101沐丝假发定制店,"126.979515,45.536619",15636076199,黑龙江省,哈尔滨市,阿城区,哈尔滨市
金玫瑰美发工作室,继电器53号楼一单元101室,"127.018330,45.556204",13313660271,黑龙江省,哈尔滨市,阿城区,哈尔滨市
老五发艺(北新三期商服6门),金城街道北新小区三期3号楼商服6门.老五发艺,"126.967624,45.543047",13845001515,黑龙江省,哈尔滨市,阿城区,哈尔滨市
金手指造型(哈尔滨阿城区),阿什河街道金城小区西门,"126.971345,45.539496",15134613522,黑龙江省,哈尔滨市,阿城区,哈尔滨市
泽野烫染,通城街星河国际A栋1层05室,"126.987472,45.538298",15851286065,黑龙江省,哈尔滨市,阿城区,哈尔滨市
哈佛造型(金城西街店),金城7号楼,"126.972537,45.539397",13359997521,黑龙江省,哈尔滨市,阿城区,哈尔滨市
理享发型设计,清真二期兴和家园6号楼4号门市,"126.966564,45.532824",15945794521,黑龙江省,哈尔滨市,阿城区,哈尔滨市
精诚造型,印象城财智公馆体南路11号,"126.980685,45.536373",15145113211,黑龙江省,哈尔滨市,阿城区,哈尔滨市
阿陆造型工作室,和平街金城商业街7号楼一层一号,"126.972334,45.539448",13141222256;17645777976,黑龙江省,哈尔滨市,阿城区,哈尔滨市
艾尚名发,金城步行街(牌路大街),"126.972523,45.539298",18249130282;18746148440,黑龙江省,哈尔滨市,阿城区,哈尔滨市
主导美发美容店,牌路大街408附近,"126.975750,45.542394",18348555447,黑龙江省,哈尔滨市,阿城区,哈尔滨市
慕尚造型,金都大街90号,"126.974322,45.531546",15244645610,黑龙江省,哈尔滨市,阿城区,哈尔滨市
美发沙龙旗舰店,金都大街东关一品4号楼,"126.982276,45.531411",0451-56083888;13664511711,黑龙江省,哈尔滨市,阿城区,哈尔滨市
摩登造型设计工作室,松纺小区南2门西120米,"126.956304,45.551447",15244677802,黑龙江省,哈尔滨市,阿城区,哈尔滨市
萧郎烫染工作室,运输公司南侧商服西3号商铺,"126.971383,45.539443",13206648881;15667480888,黑龙江省,哈尔滨市,阿城区,哈尔滨市
慕名造型(供销处楼店),金都大街37号,"126.977582,45.532538",15246664470,黑龙江省,哈尔滨市,阿城区,哈尔滨市
顶尚名丝美发造型(大街四中家属楼店),金城街道金都大街86号顶尚名丝,"126.974582,45.531607",13045123958,黑龙江省,哈尔滨市,阿城区,哈尔滨市
丽尚专业烫染店(华龙金城店),金城街道华龙金城小区20号楼商服11门,"126.972722,45.544320",18346144448,黑龙江省,哈尔滨市,阿城区,哈尔滨市
千艺名剪(供销处楼店),牌路大街163号千亿名剪,"126.976247,45.532765",15245195835,黑龙江省,哈尔滨市,阿城区,哈尔滨市
神话美发美甲美睫(高明小区店),高明小区17号楼,"126.978983,45.539006",15945126007,黑龙江省,哈尔滨市,阿城区,哈尔滨市
氧发堂天然植物染发(金泉路店),金都街万博豪庭小区6号楼5室,"126.980532,45.530449",17382719419,黑龙江省,哈尔滨市,阿城区,哈尔滨市
美go造型,金城7号楼4门美go造型,"126.972286,45.539664",18345119991,黑龙江省,哈尔滨市,阿城区,哈尔滨市
摩卡私人订制,金城6号楼,"126.972771,45.539440",15846130633,黑龙江省,哈尔滨市,阿城区,哈尔滨市
小超美业,阿什河街道北新三期5号楼13门,"126.966646,45.543087",13936486795,黑龙江省,哈尔滨市,阿城区,哈尔滨市
火凤凰发型设计,女校胡同农机局西侧,"126.970171,45.544100",13766913220;13796122249,黑龙江省,哈尔滨市,阿城区,哈尔滨市
文浩造型,牌路大街与诚信大街交叉口北100米,"126.977014,45.529049",13354507571,黑龙江省,哈尔滨市,阿城区,哈尔滨市
丽莎美发,金城3号楼4门烫发染发美甲美睫,"126.972987,45.540025",15046102634,黑龙江省,哈尔滨市,阿城区,哈尔滨市
辰辰造型(上京广场商住小区店),金城街道上京广场小区B16号1层08室,"126.957595,45.544079",13654555648,黑龙江省,哈尔滨市,阿城区,哈尔滨市
简艺造型,哈尔滨科学技术职业学院东南门北70米,"126.961015,45.540967",18348590628,黑龙江省,哈尔滨市,阿城区,哈尔滨市
金秋美丽坊(阿城店),清真小区5号楼2-106,"126.967727,45.533495",15146438884,黑龙江省,哈尔滨市,阿城区,哈尔滨市
郑氏烫染旗舰店,祥泰小区5号楼4单元101室,"126.971361,45.535720",13199460555,黑龙江省,哈尔滨市,阿城区,哈尔滨市
大勇美发(哈南小区店),通顺长胡同48号,"126.973405,45.533538",13503603155,黑龙江省,哈尔滨市,阿城区,哈尔滨市
丽华美发,河东街市场内,"127.019325,45.555225",18345345922,黑龙江省,哈尔滨市,阿城区,哈尔滨市
炫彩造型(学府小区店),解放大街学府小区一号楼,"126.985346,45.538008",18345349728,黑龙江省,哈尔滨市,阿城区,哈尔滨市
柠檬造型(和平小区店),和平4期6号楼,"126.979230,45.544173",13664500373,黑龙江省,哈尔滨市,阿城区,哈尔滨市
浪波湾美发,上京大道149号,"126.968056,45.547408",15945129521,黑龙江省,哈尔滨市,阿城区,哈尔滨市
木梵美容美发造型,延川大街与北新路交叉口北180米,"126.969356,45.545598",15861217795,黑龙江省,哈尔滨市,阿城区,哈尔滨市
小博发艺,[],"126.968583,45.544217",18603609394,黑龙江省,哈尔滨市,阿城区,哈尔滨市
名威造型(哈尔滨阿城区),体南路44号绿波小区2号楼3门,"126.981689,45.535880",[],黑龙江省,哈尔滨市,阿城区,哈尔滨市
美格发型设计室(龙涤小区店),舍利街道龙涤小区36号楼,"126.940057,45.555546",13100959691;15045481580,黑龙江省,哈尔滨市,阿城区,哈尔滨市
HZ·理髪馆,解放大街238号,"126.965155,45.537931",15545264426,黑龙江省,哈尔滨市,阿城区,哈尔滨市
华美美发(法官之家店),金都街道法官之家2号楼,"126.978216,45.536235",15245192363,黑龙江省,哈尔滨市,阿城区,哈尔滨市
美娜发型设计室(永泰广小区店),永泰广胡同55号,"126.967060,45.539074",[],黑龙江省,哈尔滨市,阿城区,哈尔滨市
恒大美业,延川大街264号,"126.970398,45.530302",[],黑龙江省,哈尔滨市,阿城区,哈尔滨市
红旭专业烫染(礼先胡同),礼先胡同11号,"126.967529,45.535857",13703677804,黑龙江省,哈尔滨市,阿城区,哈尔滨市
小安名发,"牌路大街594号,金港小区3号楼","126.976162,45.548744",15104629551;15546502531,黑龙江省,哈尔滨市,阿城区,哈尔滨市
小权发艺(北新3期店),北新路小权发艺,"126.967593,45.543915",13845001746,黑龙江省,哈尔滨市,阿城区,哈尔滨市
慕尚造型(阿城恒大城北区店),恒大城57号楼111门市,"126.995085,45.533220",[],黑龙江省,哈尔滨市,阿城区,哈尔滨市
佟家理发(万米楼店),万米楼东北门北50米,"126.973319,45.531287",13664514495,黑龙江省,哈尔滨市,阿城区,哈尔滨市
红红美发(金都首府店),金都街道金都首府c栋一层10门,"126.972238,45.529423",13763420718,黑龙江省,哈尔滨市,阿城区,哈尔滨市
李冰发型工作室(和平小区店),金城街道和平小区28号楼,"126.978038,45.543039",15124654089,黑龙江省,哈尔滨市,阿城区,哈尔滨市
高老大理发,立华街与通城路交叉口东南60米,"126.994980,45.550149",[],黑龙江省,哈尔滨市,阿城区,哈尔滨市
时尚发艺(新龙城C2区店),金都街新龙城C2区5号楼,"126.973654,45.523017",13633681965,黑龙江省,哈尔滨市,阿城区,哈尔滨市
超然发艺,金城小区3号楼一楼,"126.972960,45.540059",[],黑龙江省,哈尔滨市,阿城区,哈尔滨市
首艺造型(金京壹号官邸店),金京壹号官邸北门旁,"126.958099,45.551038",15204514428,黑龙江省,哈尔滨市,阿城区,哈尔滨市
昕艺美发,继电四小区,"127.022140,45.556214",[],黑龙江省,哈尔滨市,阿城区,哈尔滨市
尊雅发艺工作室,金城街和平四期13号楼一层15门市,"126.978163,45.544521",18345866803,黑龙江省,哈尔滨市,阿城区,哈尔滨市
阿勇烫染名店,舍利街道龙涤小区57号楼,"126.946193,45.554952",13766916263,黑龙江省,哈尔滨市,阿城区,哈尔滨市
风尚造型,七中胡同与牌路大街交叉口西80米,"126.974948,45.540131",[],黑龙江省,哈尔滨市,阿城区,哈尔滨市
逸简造型,和平小区42栋四单元1楼,"126.981457,45.543051",17745656069,黑龙江省,哈尔滨市,阿城区,哈尔滨市
美御烫染专业店,金城小区四号楼,"126.972500,45.540234",[],黑龙江省,哈尔滨市,阿城区,哈尔滨市
优剪名发,金城西街与延川大街交叉口东60米,"126.971425,45.539425",[],黑龙江省,哈尔滨市,阿城区,哈尔滨市
艺峰造型,金都大街幸福里小区高层1号楼,"126.967588,45.528331",[],黑龙江省,哈尔滨市,阿城区,哈尔滨市
秀水丽人发型设计室,仁寿胡同27号,"126.974925,45.535709",13903661628,黑龙江省,哈尔滨市,阿城区,哈尔滨市
金开源造型(劳动人事家属楼店),金都街道劳动人事家属楼一号楼,"126.972798,45.535495",18746161401,黑龙江省,哈尔滨市,阿城区,哈尔滨市
凯旋发型(绿波东关一品店),东关一品D2号楼2门,"126.983596,45.531885",13936644191,黑龙江省,哈尔滨市,阿城区,哈尔滨市
紫龙藤美发沙龙(高明小区店),高明胡同28号美发一条街紫龙藤美发沙龙,"126.978452,45.538945",13936089741;17766599657,黑龙江省,哈尔滨市,阿城区,哈尔滨市
金美形象设计,金城路与民权大街交叉口南120米,"126.973005,45.539956",[],黑龙江省,哈尔滨市,阿城区,哈尔滨市
尤你发型设计室,金澜路183号,"126.965241,45.535449",[],黑龙江省,哈尔滨市,阿城区,哈尔滨市
波波发艺(阿城区松纺小区店),仁和路与金涤路交叉口东300米,"126.957311,45.551712",13895820570,黑龙江省,哈尔滨市,阿城区,哈尔滨市
丝艺发型会所(高明小区店),高明小区高明胡同24号,"126.978044,45.538964",13936367600,黑龙江省,哈尔滨市,阿城区,哈尔滨市
超美发工作室(永泰广小区店),永泰广小区东门西240米,"126.967075,45.539240",19103603979,黑龙江省,哈尔滨市,阿城区,哈尔滨市
鑫宇发型设计(永泰广小区店),基政路15号,"126.967051,45.539164",[],黑龙江省,哈尔滨市,阿城区,哈尔滨市
小晶美发工作室(高明小区店),高明胡同1号高明小区,"126.979148,45.539907",13074584668;15245134544,黑龙江省,哈尔滨市,阿城区,哈尔滨市
媄人心微雕美业(高明小区店),和平街高明小区美发一条街61号媄人心微雕美业,"126.977174,45.539064",13644502729;18249066411,黑龙江省,哈尔滨市,阿城区,哈尔滨市
非格造型,金都街清真西小区会宁综合一号楼门市21号,"126.965167,45.535917",17766550098,黑龙江省,哈尔滨市,阿城区,哈尔滨市
名廊发艺,延川大街658号,"126.968739,45.545620",13845071377,黑龙江省,哈尔滨市,阿城区,哈尔滨市
新贵族专业烫染美发机构(蜚拉公路店),料甸东四胡同与料甸大街交叉口西50米料甸中心小学附近,"127.060624,45.638973",[],黑龙江省,哈尔滨市,阿城区,哈尔滨市
主流发艺,牌路大街富士隆颐养园80-4,"126.976239,45.529839",18686808525,黑龙江省,哈尔滨市,阿城区,哈尔滨市
杜凯造型,柴市路20号,"126.977528,45.533136",15546004049,黑龙江省,哈尔滨市,阿城区,哈尔滨市
洪波发廊,继电大街与继林路交叉口东360米,"127.023132,45.556423",13936019406,黑龙江省,哈尔滨市,阿城区,哈尔滨市
阿浩发业(玄武小区B区店),"玄武小区,B区五号楼","126.968709,45.553457",[],黑龙江省,哈尔滨市,阿城区,哈尔滨市
研型色造型设计,高明小区14号楼22号,"126.978511,45.538929",[],黑龙江省,哈尔滨市,阿城区,哈尔滨市
喜理发型工作室(地质嘉园店),金都大街50号地质嘉园,"126.976289,45.531297",18088770930,黑龙江省,哈尔滨市,阿城区,哈尔滨市
金英织发(清真寺小区店),清真小区17号楼,"126.966640,45.536836",[],黑龙江省,哈尔滨市,阿城区,哈尔滨市
兰梦绣纤绣美业(达仁·印象城购物中心店),财智公馆七楼718,"126.980125,45.536375",15546389996,黑龙江省,哈尔滨市,阿城区,哈尔滨市
白丁香时尚沙龙(高明小区店),高明胡同1号高明小区3号楼,"126.978237,45.539866",13895847891,黑龙江省,哈尔滨市,阿城区,哈尔滨市
曲晟美发,继电四小区,"127.022118,45.556211",15114699321,黑龙江省,哈尔滨市,阿城区,哈尔滨市
崇尚造型(牌路大街店),牌路大街220号(水晶浴池对面),"126.975350,45.535103",[],黑龙江省,哈尔滨市,阿城区,哈尔滨市
华楣发艺,合胡同20号,"126.977777,45.533570",18345341579,黑龙江省,哈尔滨市,阿城区,哈尔滨市
韩尚绣,七中胡同67号,"126.973903,45.540299",18249443177,黑龙江省,哈尔滨市,阿城区,哈尔滨市
美奇发艺(和平小区店),昌平胡同与牌路大街交叉口东北20米,"126.976163,45.541787",[],黑龙江省,哈尔滨市,阿城区,哈尔滨市
小春发艺(上京广场商住小区店),上京广场商住小区南3门旁,"126.955395,45.544088",18346246194,黑龙江省,哈尔滨市,阿城区,哈尔滨市
蓝燕美发(富氏隆商贸城店),富民隆商贸城(富氏隆商贸城店),"126.974046,45.536909",[],黑龙江省,哈尔滨市,阿城区,哈尔滨市
大海美发室(金上京公馆店),上京大道366号金上京公馆,"126.982652,45.548456",[],黑龙江省,哈尔滨市,阿城区,哈尔滨市
晨曦美发专业烫染,宣化胡同与延川大街交叉口西40米,"126.968992,45.542299",[],黑龙江省,哈尔滨市,阿城区,哈尔滨市
艳萍发艺(东环嘉园B区店),东环嘉园16号楼,"126.989681,45.531291",[],黑龙江省,哈尔滨市,阿城区,哈尔滨市
红樱桃美发(继电大街店),继电器23号大庆楼3单元,"127.020210,45.555935",15245199891,黑龙江省,哈尔滨市,阿城区,哈尔滨市
丝语造型(金都大街店),金都大街88号,"126.974386,45.531559",13359991114,黑龙江省,哈尔滨市,阿城区,哈尔滨市
优尚造型(高明小区店),高明胡同1号高明小区,"126.977743,45.539142",[],黑龙江省,哈尔滨市,阿城区,哈尔滨市
艾尚美业,牌路大街88号,"126.976757,45.529813",[],黑龙江省,哈尔滨市,阿城区,哈尔滨市
阿涛美业(富氏隆店),富民隆商贸城(富氏隆商贸城店),"126.974085,45.536875",[],黑龙江省,哈尔滨市,阿城区,哈尔滨市
泽艺发型工作室(上京广场商住小区店),北新路与金溪路交叉口西60米,"126.960430,45.544144",15104522191,黑龙江省,哈尔滨市,阿城区,哈尔滨市
红人馆发型定制(水产楼店),金都街道杨树道口水产集资楼永红超市出口对门,"126.969876,45.529076",15546624352,黑龙江省,哈尔滨市,阿城区,哈尔滨市
丹丹发屋,蜚克图镇,"127.154599,45.750204",13633605614;15245606045,黑龙江省,哈尔滨市,阿城区,哈尔滨市
伊先生烫染造型,清真寺小区金澜路西门旁,"126.965931,45.537345",[],黑龙江省,哈尔滨市,阿城区,哈尔滨市
沙沙美发,阿城区文化中心二号楼门市房第三门乙,"126.974174,45.535534",15776219356,黑龙江省,哈尔滨市,阿城区,哈尔滨市
东田造型(上京广场店),上京广场c18-1-103门市,"126.960240,45.544147",18846446411,黑龙江省,哈尔滨市,阿城区,哈尔滨市
时代精剪,华龙金城二期17号楼4号门市,"126.976115,45.546784",15545966178,黑龙江省,哈尔滨市,阿城区,哈尔滨市
红梅美发(平新公路),平新公路与哈红公路交叉口南40米,"126.823135,45.623190",[],黑龙江省,哈尔滨市,阿城区,哈尔滨市
慕纱私人定制(和平小区店),金城街和平小区宝吉公寓2号楼一层102室,"126.980282,45.543822",18346234881,黑龙江省,哈尔滨市,阿城区,哈尔滨市
薇儿美造型,继电一小区北侧,"127.023511,45.557593",[],黑龙江省,哈尔滨市,阿城区,哈尔滨市
美尔造型,实验家属楼东北门旁,"126.976176,45.547263",[],黑龙江省,哈尔滨市,阿城区,哈尔滨市
丝野造型美发沙龙,胜利街清真小区29号楼八单元一层125号,"126.965843,45.535079",13263555159,黑龙江省,哈尔滨市,阿城区,哈尔滨市
焦点造型(高明小区店),高明胡同1号高明小区,"126.979243,45.540756",13100802068,黑龙江省,哈尔滨市,阿城区,哈尔滨市
发小美发(体东名城店),通城街道解放大街甲33号,"126.982638,45.537977",15822711314,黑龙江省,哈尔滨市,阿城区,哈尔滨市
艺剪坊发型工作室(北新3期店),北新三期5号楼10门,"126.966873,45.543085",[],黑龙江省,哈尔滨市,阿城区,哈尔滨市
阿冰夫妻美发(糖机天兴综合楼店),糖机天兴综合楼南门旁,"126.992615,45.538372",[],黑龙江省,哈尔滨市,阿城区,哈尔滨市
77造型(阿城恒大城店),金都大街恒大城,"126.996758,45.532284",15945129857,黑龙江省,哈尔滨市,阿城区,哈尔滨市
樱花造型(金都幸福里店),幸福里北门西70米,"126.967300,45.528111",[],黑龙江省,哈尔滨市,阿城区,哈尔滨市
妍妍美发(永泰广小区店),永泰广小区15号楼北门旁,"126.968319,45.540054",15776207737,黑龙江省,哈尔滨市,阿城区,哈尔滨市
铭剪烫染(会宁嘉园店),会宁嘉园,"126.982335,45.543714",15046818919,黑龙江省,哈尔滨市,阿城区,哈尔滨市
沐心造型,金都大街人大小区4号楼沐心造型,"126.978279,45.533035",13503649824,黑龙江省,哈尔滨市,阿城区,哈尔滨市
哥弟造型(绿波华园店),绿波华园34号楼102室,"126.983344,45.535866",15663404114,黑龙江省,哈尔滨市,阿城区,哈尔滨市
爱度美发烫发染发形象设计工作室(清真寺小区店),金城街道清真小区17号楼,"126.966066,45.536882",13224509867,黑龙江省,哈尔滨市,阿城区,哈尔滨市
春华美发,保安胡同与东邻胡同交叉口西40米,"126.977863,45.537169",[],黑龙江省,哈尔滨市,阿城区,哈尔滨市
神奇发艺,清真小区东南门西南60米,"126.969289,45.535661",[],黑龙江省,哈尔滨市,阿城区,哈尔滨市
朝阳木子烫染,民权大街141号,"126.974380,45.541320",13351411550,黑龙江省,哈尔滨市,阿城区,哈尔滨市
慕涵烫染(和平小区店),和平小区25号楼,"126.979228,45.542983",15846136169,黑龙江省,哈尔滨市,阿城区,哈尔滨市
沐萱造型(河畔丽景店),河畔丽景小区高层一号楼门市,"126.990808,45.549361",15776202802,黑龙江省,哈尔滨市,阿城区,哈尔滨市
阿辉形象设计(恒大店),金都大街恒大城,"126.994460,45.532256",15245080687,黑龙江省,哈尔滨市,阿城区,哈尔滨市
今生有约美发工作室(水利和谐家园店),昌玉胡同13号朝阳小区水利局3号楼,"126.973384,45.541658",13234982681,黑龙江省,哈尔滨市,阿城区,哈尔滨市
起点造型,印象城潮街9号呷普火锅斜对面,"126.979985,45.536983",13503602521,黑龙江省,哈尔滨市,阿城区,哈尔滨市
美秀剪烫染(平安小区店),平安小区,"126.963799,45.544189",15245198280,黑龙江省,哈尔滨市,阿城区,哈尔滨市
浪漫剪约烫染工作室,金都街清真西小区会宁综合楼11门金澜路185号,"126.965283,45.535415",15146430958,黑龙江省,哈尔滨市,阿城区,哈尔滨市
晓东剪吧(富民隆商贸城店),智勇胡同富氏隆商贸城,"126.973412,45.537111",13206755340,黑龙江省,哈尔滨市,阿城区,哈尔滨市
新颖美发(三姓胡同),庆云小区法官之家2号楼,"126.977126,45.536228",18348592425,黑龙江省,哈尔滨市,阿城区,哈尔滨市
芊艺美业(和平小区店),和平小区20号楼芊艺美业,"126.977410,45.543559",15146891835,黑龙江省,哈尔滨市,阿城区,哈尔滨市
那三美发(工商街店),医院家属楼东门西北80米,"126.970913,45.533311",13029840327,黑龙江省,哈尔滨市,阿城区,哈尔滨市
优尼可·发型工作室,高明小区17号楼1单元101,"126.979611,45.538936",17614510995,黑龙江省,哈尔滨市,阿城区,哈尔滨市
剪爱发艺(锅炉厂住家属楼店),锅炉厂住家属楼西门东190米,"126.975073,45.535519",13895830451,黑龙江省,哈尔滨市,阿城区,哈尔滨市
名尚造型(北新路店),北新小区G栋18号门市,"126.966281,45.542391",15846339198,黑龙江省,哈尔滨市,阿城区,哈尔滨市
飘丝坊专业烫染,沐风街与长寿路交叉口西340米,"127.155463,45.750135",18545166896,黑龙江省,哈尔滨市,阿城区,哈尔滨市
雅丽美发(新龙城C3区店),新龙城1号门东侧,"126.976789,45.523058",13206754488,黑龙江省,哈尔滨市,阿城区,哈尔滨市
洁美发艺(和平小区店),牌路大街471号,"126.976382,45.544170",13836093166,黑龙江省,哈尔滨市,阿城区,哈尔滨市
吉米思发廊,兴和家园北门北50米,"126.967976,45.533786",13136769853,黑龙江省,哈尔滨市,阿城区,哈尔滨市
芊姿坊美发(庆云小区店),金都街道庆云小区七号楼,"126.978982,45.536149",15546606655,黑龙江省,哈尔滨市,阿城区,哈尔滨市
阿英烫染名店(诚信花园店),诚信花园西北门旁,"126.973830,45.530695",13936025921,黑龙江省,哈尔滨市,阿城区,哈尔滨市
丝柔造型(阳光居嘉园店),牌路大街557号三中华莱士旁边,"126.976641,45.547000",15331800045,黑龙江省,哈尔滨市,阿城区,哈尔滨市
萍萍发屋(源发路店),兴和家园北门西50米,"126.967537,45.533366",15045162762,黑龙江省,哈尔滨市,阿城区,哈尔滨市
丝丝烫染(和平小区店),和平小区28号楼,"126.978167,45.543036",13895837103,黑龙江省,哈尔滨市,阿城区,哈尔滨市
迷你美容美发(会宁路店),会宁路会宁嘉园,"126.981388,45.543806",15084690021,黑龙江省,哈尔滨市,阿城区,哈尔滨市
阿哲发艺,阿城第五中学旁,"126.967054,45.531879",15245132419,黑龙江省,哈尔滨市,阿城区,哈尔滨市
小8美容美发,牌路大街455号,"126.976334,45.543834",18945634687,黑龙江省,哈尔滨市,阿城区,哈尔滨市
丫丫美发,金都大街与延川大街交叉口西60米,"126.970038,45.530923",13684502158,黑龙江省,哈尔滨市,阿城区,哈尔滨市
美格,万米楼东北门东北50米,"126.973647,45.531202",13936102434,黑龙江省,哈尔滨市,阿城区,哈尔滨市
古贝发艺(中环西路店),北新小区-经济适用房西门南180米,"126.964505,45.542198",[],黑龙江省,哈尔滨市,阿城区,哈尔滨市
天美形象工作室,朝阳小区三号楼六门,"126.970995,45.541853",18746166249,黑龙江省,哈尔滨市,阿城区,哈尔滨市
思语美发(糖厂小区店),通城街糖厂6号楼甲33号,"126.982192,45.538354",15546385032,黑龙江省,哈尔滨市,阿城区,哈尔滨市
超美发型设计室,金都街道延川大街哈南小区4号楼,"126.973175,45.533448",13936052787,黑龙江省,哈尔滨市,阿城区,哈尔滨市
丽丽美发(万米楼店),继电器市场西门内左侧第四门,"126.973582,45.531325",13845167551,黑龙江省,哈尔滨市,阿城区,哈尔滨市
丽人发艺(和平小区店),和平四期1号楼一层6门,"126.978637,45.544205",15945945645,黑龙江省,哈尔滨市,阿城区,哈尔滨市
名家发型设计,三姓胡同2号劳动局家属楼,"126.976822,45.536343",15945123559,黑龙江省,哈尔滨市,阿城区,哈尔滨市
氧发堂天然植物染发,河畔丽景,"126.990544,45.548841",[],黑龙江省,哈尔滨市,阿城区,哈尔滨市
玖月美甲美睫纹绣工作室,北新三期5号楼12门门市,"126.966803,45.543094",15045262321,黑龙江省,哈尔滨市,阿城区,哈尔滨市
刘一纹身美甲工作室(文庙社区店),文庙社区,"126.979188,45.533386",15546112283,黑龙江省,哈尔滨市,阿城区,哈尔滨市
天赐纹身工作室,金城西街与延川大街交叉口东160米,"126.972502,45.539568",13199448033,黑龙江省,哈尔滨市,阿城区,哈尔滨市
畅畅绣美工作室(文庙社区店),人大三号楼一单元3门门市(地下车库旁),"126.978483,45.533546",18346220669,黑龙江省,哈尔滨市,阿城区,哈尔滨市
新沐美容护肤工作室(文庙社区店),人大二号楼6门,"126.978521,45.533375",15846505900,黑龙江省,哈尔滨市,阿城区,哈尔滨市
金灿灿美甲美睫工作室,金都街锅炉厂家属楼壹号楼一层四川麻辣烫旁,"126.975454,45.535540",[],黑龙江省,哈尔滨市,阿城区,哈尔滨市
美兮美学工作室,万博豪庭3号楼1层6室,"126.977840,45.530234",18117664066,黑龙江省,哈尔滨市,阿城区,哈尔滨市
简艺人生护肤造型(龙鑫小区店),龙鑫小区北门北60米,"126.960289,45.550888",18515576767,黑龙江省,哈尔滨市,阿城区,哈尔滨市
英明男士理发馆(绿波东关一品店),东关一品D5号楼14门,"126.982887,45.531008",[],黑龙江省,哈尔滨市,阿城区,哈尔滨市
男士理发馆,民权大街139号,"126.974424,45.541325",18249471706,黑龙江省,哈尔滨市,阿城区,哈尔滨市
明阳男士理发馆,金都街道中医养生馆阿城区文化中心家属楼,"126.976163,45.535932",15663418799,黑龙江省,哈尔滨市,阿城区,哈尔滨市
严严名发,五常镇文化路东方海悦水疗会馆对面375号,"127.159153,44.920029",13284608444,黑龙江省,哈尔滨市,五常市,哈尔滨市
88潮牌新丝陆美容美发有限公司(贵都大厦店),通达大街122号(和平酒店旁),"127.161980,44.919043",0451-51697778;15045277088;15245611645,黑龙江省,哈尔滨市,五常市,哈尔滨市
东沐美发(新华嘉园店),新华小区5号楼商铺105号,"127.166011,44.915231",13796172591,黑龙江省,哈尔滨市,五常市,哈尔滨市
徐国名发,通达大街223号,"127.159513,44.919834",0451-53533322;15146124888,黑龙江省,哈尔滨市,五常市,哈尔滨市
顶尖时尚烫染(哈尔滨五常市),五常镇鸿霖小区15号楼,"127.155279,44.927383",13796709901,黑龙江省,哈尔滨市,五常市,哈尔滨市
秋潮专业美容美发设计(水务住宅店),通达大街273号,"127.157386,44.920426",13796648689,黑龙江省,哈尔滨市,五常市,哈尔滨市
五贝子植物染发专家(五常店),通达大街183号(市幼儿园对面),"127.160893,44.919613",13104655059;13504508867,黑龙江省,哈尔滨市,五常市,哈尔滨市
天姿发型设计(通达大街店),五常镇北二道街市幼儿园斜对面,"127.160161,44.919725",13796647350,黑龙江省,哈尔滨市,五常市,哈尔滨市
小野发型设计,五常镇大配件,"127.164047,44.919123",18345319800,黑龙江省,哈尔滨市,五常市,哈尔滨市
晴朗美发(新华嘉园店),五常镇南二道街新华家园6号楼,"127.166460,44.915222",15134604939,黑龙江省,哈尔滨市,五常市,哈尔滨市
阿澜美发烫染店,建设大街124号新华嘉园,"127.166409,44.916172",13206641885,黑龙江省,哈尔滨市,五常市,哈尔滨市
领秀发型工作室(文化路店),五常镇五常县级市文化路387号,"127.159191,44.920288",[],黑龙江省,哈尔滨市,五常市,哈尔滨市
东博美发(机关小区店),凤凰大道189号,"127.228868,44.708673",[],黑龙江省,哈尔滨市,五常市,哈尔滨市
西格玛男士理发馆·Barbershop,文教南区北门金山大街186号西格玛男士理发馆,"127.158894,44.928789",15146123615,黑龙江省,哈尔滨市,五常市,哈尔滨市
小明发型设计总店,五常市市幼儿园斜对面文化小区商铺,"127.159851,44.919739",15244625467,黑龙江省,哈尔滨市,五常市,哈尔滨市
发型阁烫染工作室(福汇山水1期店),五常镇福汇山水一期2号楼,"127.161209,44.932219",[],黑龙江省,哈尔滨市,五常市,哈尔滨市
简序造型HairSalon,雅臣路436号,"127.164713,44.919922",15663410925,黑龙江省,哈尔滨市,五常市,哈尔滨市
角头美发(水务住宅店),五常镇新曙光街人大住宅楼1-2层9号,"127.158419,44.920535",15712918024,黑龙江省,哈尔滨市,五常市,哈尔滨市
一剪钟情专业烫染(诚信北区店),五常镇诚信小区1号楼,"127.157641,44.924185",15945764587;18246425696,黑龙江省,哈尔滨市,五常市,哈尔滨市
29元烫染,文化路79号,"127.158875,44.909575",15045179699;15134607930;15546494249,黑龙江省,哈尔滨市,五常市,哈尔滨市
子厚发型定制,通达大街207号,"127.159936,44.919711",15845117790,黑龙江省,哈尔滨市,五常市,哈尔滨市
那浩美容美发(诚信南区店),五常镇诚信小区14号楼体育街14号东7门,"127.158429,44.922022",13766923442;18746113442,黑龙江省,哈尔滨市,五常市,哈尔滨市
洋洋美业专业烫染会馆,山河客运站西南(217县道西),"127.208195,44.711746",18345327406,黑龙江省,哈尔滨市,五常市,哈尔滨市
发帝形象设计会馆,五常镇老农业局家属楼363号,"127.150243,44.920934",18245188884,黑龙江省,哈尔滨市,五常市,哈尔滨市
名尚造型,通达大街老公安局楼下,"127.152796,44.920573",13120471563,黑龙江省,哈尔滨市,五常市,哈尔滨市
亮仔剪艺坊(文教南区店),学府北街197号,"127.158625,44.926961",18845593586,黑龙江省,哈尔滨市,五常市,哈尔滨市
名仕发艺(哈尔滨五常市),长安小区501,"127.170911,44.921967",13104650166,黑龙江省,哈尔滨市,五常市,哈尔滨市
审美造型(永海大街店),拉林满族镇拉林镇恒远二期,"126.869124,45.235359",15046162767;15645699122,黑龙江省,哈尔滨市,五常市,哈尔滨市
鑫丽发型设计,文化路199号,"127.158956,44.914551",13194508587,黑龙江省,哈尔滨市,五常市,哈尔滨市
轻素栖花里(五常店),五常镇尚义社区亚臣路西冠业商业街22栋1层106号,"127.161669,44.921626",18246054088,黑龙江省,哈尔滨市,五常市,哈尔滨市
英源发艺,体育街16号诚信南区14号楼,"127.158411,44.922085",18348577277,黑龙江省,哈尔滨市,五常市,哈尔滨市
木凡造型,体育街49号木凡造型,"127.157073,44.922335",17310200273,黑龙江省,哈尔滨市,五常市,哈尔滨市
发新设(冠业·国际街区店),冠业·国际街区,"127.163250,44.922635",15846080556,黑龙江省,哈尔滨市,五常市,哈尔滨市
引领时尚,通达大街与二运路交叉口东80米,"127.153013,44.920552",15845014586,黑龙江省,哈尔滨市,五常市,哈尔滨市
金榜美发会馆(诚信南区店),五常镇文化路诚信大街56号诚信小区南区10号楼,"127.156578,44.922174",15945010806,黑龙江省,哈尔滨市,五常市,哈尔滨市
晓娟发型设计,山河大街138号东北100米,"127.215343,44.711030",15764609866,黑龙江省,哈尔滨市,五常市,哈尔滨市
超艺造型(泓霖现代城店),五常镇泓霖小区4号楼,"127.156354,44.925743",18746116770,黑龙江省,哈尔滨市,五常市,哈尔滨市
柒星发型设计(泓霖现代城店),五常镇红旗街泓霖现代城3栋6单元1层102号,"127.155572,44.925473",15776950319,黑龙江省,哈尔滨市,五常市,哈尔滨市
奥龙名发,五常镇通达大街口腔医院旁,"127.147118,44.921479",13251617333,黑龙江省,哈尔滨市,五常市,哈尔滨市
剪约造型(金峰小区店),牛家满族镇致富路24号(卫生院综合楼109室),"126.738950,45.350811",13503648401,黑龙江省,哈尔滨市,五常市,哈尔滨市
风格美发(泓霖现代城南),泓霖现代城4号楼5单元103,"127.155680,44.925747",13796695445,黑龙江省,哈尔滨市,五常市,哈尔滨市
小小美业(林业局分店),凤凰大道204号,"127.228067,44.709545",15545480678,黑龙江省,哈尔滨市,五常市,哈尔滨市
悦目造型(五常店),镇北二道街检察院家属楼悦目造型,"127.160154,44.919431",18545623556,黑龙江省,哈尔滨市,五常市,哈尔滨市
理享·studio(铭奥国际店),铭奥国际五号公建107栋,"127.177202,44.924352",[],黑龙江省,哈尔滨市,五常市,哈尔滨市
大众美发,亚臣路204号市医院北50米路西,"127.163832,44.912997",[],黑龙江省,哈尔滨市,五常市,哈尔滨市
剪爱专业发型烫染会馆(通达大街店),五常镇通达大街380号,"127.146989,44.921050",[],黑龙江省,哈尔滨市,五常市,哈尔滨市
晓芳理容中心,奋斗路与山河大街交叉口西北100米,"127.208129,44.711411",[],黑龙江省,哈尔滨市,五常市,哈尔滨市
金古名发(泓霖现代城店),五常镇鸿霖小区33号楼2门,"127.153563,44.927608",18246074202,黑龙江省,哈尔滨市,五常市,哈尔滨市
东野发艺发型设计(清华嘉园店),清华嘉园西南门旁,"127.157743,44.924455",[],黑龙江省,哈尔滨市,五常市,哈尔滨市
审美造型(山河大街店),山河镇中央大街购物广场建成通信旁,"127.215704,44.711046",15244645618,黑龙江省,哈尔滨市,五常市,哈尔滨市
五常市俊熙曲美容美发,文苑路永利小区商服2号,"127.156262,44.915702",15776966600,黑龙江省,哈尔滨市,五常市,哈尔滨市
理棠美发造型店,成功街福顺家园7栋4单元1层2号,"127.169563,44.925673",[],黑龙江省,哈尔滨市,五常市,哈尔滨市
靓剪发艺(雅臣路店),亚臣路258号,"127.163461,44.914587",[],黑龙江省,哈尔滨市,五常市,哈尔滨市
青丝坊发型设计中心,通达大街191号,"127.160440,44.919661",15045179679,黑龙江省,哈尔滨市,五常市,哈尔滨市
大波浪造型设计,文化路255号龙江银行胡同南10门,"127.159297,44.915956",17545572503,黑龙江省,哈尔滨市,五常市,哈尔滨市
一剪迷发型工作室,太平大街45号,"126.869585,45.238721",[],黑龙江省,哈尔滨市,五常市,哈尔滨市
张扬理发,五常镇通达大街迎宾小区1号楼,"127.162237,44.919332",[],黑龙江省,哈尔滨市,五常市,哈尔滨市
西贝造型(哈尔滨五常市),亚晨路比优特正门院里右侧往里走一号商服,"127.164895,44.921623",18339672789,黑龙江省,哈尔滨市,五常市,哈尔滨市
三毛美发沙龙(检察院家属楼店),通达大街156号,"127.159784,44.919432",13703671222,黑龙江省,哈尔滨市,五常市,哈尔滨市
瑞莉发艺,文化桥东路23号,"127.162596,44.922568",[],黑龙江省,哈尔滨市,五常市,哈尔滨市
小贺专业美发烫染(冠业国际街区店),冠业二期22号楼11门,"127.161345,44.921533",15045360558,黑龙江省,哈尔滨市,五常市,哈尔滨市
石榴daddy儿童美发(开发区小区店),希望大街271号,"127.167094,44.922842",13936535358,黑龙江省,哈尔滨市,五常市,哈尔滨市
韩峰发型设计,文化路173号南三道街丽都宾馆北面第一家,"127.158839,44.913918",[],黑龙江省,哈尔滨市,五常市,哈尔滨市
轨剪剪业,背荫河大街政府楼1号门 邮局西侧轨剪剪业,"127.002436,45.172494",13136679655,黑龙江省,哈尔滨市,五常市,哈尔滨市
超艺专业烫染,铭奥国际1号门旁,"127.172760,44.921983",18346567889,黑龙江省,哈尔滨市,五常市,哈尔滨市
纳斯造型,文化路与农机街交叉口南180米,"127.158886,44.908651",[],黑龙江省,哈尔滨市,五常市,哈尔滨市
尚美造型(金山大街店),天城缘小区西南门旁,"127.170505,44.929588",15244635736,黑龙江省,哈尔滨市,五常市,哈尔滨市
德丽发屋,山林医院西南门西北100米,"127.232773,44.708681",[],黑龙江省,哈尔滨市,五常市,哈尔滨市
赵鹏发艺(富力商业街店),拉林镇富力广场底商,"126.868702,45.236365",17645143732,黑龙江省,哈尔滨市,五常市,哈尔滨市
湖北美发(人和路店),五常镇老客运站人和街130号,"127.167293,44.917168",18246593028,黑龙江省,哈尔滨市,五常市,哈尔滨市
梦丝美造型烫染名店,奋斗路东50米,"127.209135,44.708645",[],黑龙江省,哈尔滨市,五常市,哈尔滨市
羽桐造型(新华小区西区店),文苑路259号,"127.156775,44.923325",17766557707,黑龙江省,哈尔滨市,五常市,哈尔滨市
军强美发,建设大街与雅臣路交叉口东80米,"127.164915,44.917155",[],黑龙江省,哈尔滨市,五常市,哈尔滨市
嫣然美业(运政小区店),通达大街66号,"127.164003,44.918806",13940965131;18348647088,黑龙江省,哈尔滨市,五常市,哈尔滨市
峰一珍Beautiful发型工作室,体育街8号,"127.158659,44.922107",13633652275,黑龙江省,哈尔滨市,五常市,哈尔滨市
芒果美发,龙山小区东北侧,"127.228859,44.708079",14794607200,黑龙江省,哈尔滨市,五常市,哈尔滨市
佳造型,山河镇共和街7委30组,"127.207753,44.715540",15590898662,黑龙江省,哈尔滨市,五常市,哈尔滨市
孙奇发型设计,五常镇北2到街市幼儿园斜对面,"127.160481,44.919675",15945023861,黑龙江省,哈尔滨市,五常市,哈尔滨市
发匠造型,雅臣路交通小区发匠造型,"127.166230,44.924615",[],黑龙江省,哈尔滨市,五常市,哈尔滨市
大志造型,517乡道与康乐街交叉口北440米,"127.617570,44.446031",[],黑龙江省,哈尔滨市,五常市,哈尔滨市
名人美发,山河镇林业局天惠自选东走第二家名人美发,"127.227940,44.710695",[],黑龙江省,哈尔滨市,五常市,哈尔滨市
绮梦发艺(中心小区店),劝业胡同(五常市幼儿园斜南面50米路西),"127.160318,44.918272",13936551228;18646105665,黑龙江省,哈尔滨市,五常市,哈尔滨市
美格造型,致富路与学府街交叉口东南300米,"126.739516,45.352453",13836115637,黑龙江省,哈尔滨市,五常市,哈尔滨市
月月发艺(清华嘉园店),清华嘉园西南门旁,"127.157647,44.924473",15246618403,黑龙江省,哈尔滨市,五常市,哈尔滨市
西米形象工作室(财政小区店),文苑路财政小区,"127.156129,44.919011",[],黑龙江省,哈尔滨市,五常市,哈尔滨市
星缘美发厅(机关小区店),凤凰大道183号,"127.228902,44.708648",13504507378,黑龙江省,哈尔滨市,五常市,哈尔滨市
精艺造型时尚烫染(教育大厦店),五常镇教育大厦楼下,"127.155439,44.922086",15004632355,黑龙江省,哈尔滨市,五常市,哈尔滨市
初心美发沙龙(泓霖现代城店),鸿霖小区36号楼初心美发沙龙,"127.157025,44.927311",13796644906,黑龙江省,哈尔滨市,五常市,哈尔滨市
明哲美发工作室(五常水务住宅店),通达大街与文化路交叉口西40米,"127.158518,44.920586",18345328793,黑龙江省,哈尔滨市,五常市,哈尔滨市
一木美发沙龙,畜牧小区,"127.158493,44.915660",18645188891,黑龙江省,哈尔滨市,五常市,哈尔滨市
东影美容美发(龙华小区店),龙华小区,"127.227559,44.710474",[],黑龙江省,哈尔滨市,五常市,哈尔滨市
铭阳发型设计,市幼儿园胡同道东,"127.160383,44.918595",[],黑龙江省,哈尔滨市,五常市,哈尔滨市
芳香天使美容美发会所,泓霖现代城,"127.154911,44.925429",18348566441,黑龙江省,哈尔滨市,五常市,哈尔滨市
乐乐名发(诚信北区店),五常镇诚信小区一号楼一中对面,"127.157366,44.924085",13100907620,黑龙江省,哈尔滨市,五常市,哈尔滨市
小智烫染机构(诚信南区店),五常市文化路350号诚信南区,"127.158922,44.921179",17703619595,黑龙江省,哈尔滨市,五常市,哈尔滨市
美鑫美业,文苑路与金山大街辅路交叉口南100米,"127.157087,44.928042",18249459993,黑龙江省,哈尔滨市,五常市,哈尔滨市
极简美发,五常镇文苑路泓霖现代城3商服东4门极简美发,"127.156363,44.925472",17545526036,黑龙江省,哈尔滨市,五常市,哈尔滨市
大超私人专属空间美发沙龙五常店D.C,文化路与开发大街交叉口北约100米,"127.158497,44.916160",17072636111,黑龙江省,哈尔滨市,五常市,哈尔滨市
嘉慧发艺工作室,文化桥东街与文化路交叉口东140米,"127.160864,44.922066",[],黑龙江省,哈尔滨市,五常市,哈尔滨市
阿娇发型设计(第三分店),希望大街159号,"127.171327,44.921830",13945644147,黑龙江省,哈尔滨市,五常市,哈尔滨市
晓东造型形象设计(福汇山水1期店),福汇山水1号楼12门晓东造型,"127.163122,44.932294",[],黑龙江省,哈尔滨市,五常市,哈尔滨市
洋洋专业烫染店,翰林名苑东北门东90米,"127.168906,44.922543",[],黑龙江省,哈尔滨市,五常市,哈尔滨市
金韵美发沙龙,福汇山水一期一号楼14门商服,"127.162884,44.932275",[],黑龙江省,哈尔滨市,五常市,哈尔滨市
鑫宸发型设计中心,文化路209号,"127.158884,44.914726",13001278216,黑龙江省,哈尔滨市,五常市,哈尔滨市
顶尚名丝发型工作室(诚信南区店),五常镇文化路诚信大街56号诚信小区南区,"127.157845,44.922088",17645051423,黑龙江省,哈尔滨市,五常市,哈尔滨市
喜理儿童理发馆,文化桥东路17号,"127.162730,44.922658",[],黑龙江省,哈尔滨市,五常市,哈尔滨市
小田发型设计,龙康小区西南门西北350米,"127.231487,44.711205",[],黑龙江省,哈尔滨市,五常市,哈尔滨市
秀发丝雨(朝中家属楼店),五常镇文化桥东路兴业小区8号楼,"127.162507,44.922551",17645015567,黑龙江省,哈尔滨市,五常市,哈尔滨市
审美造型,致富路与学府街交叉口南460米,"126.737944,45.350838",13694615654,黑龙江省,哈尔滨市,五常市,哈尔滨市
风尚专业烫染工作室,希望大街6号(冠业小区六号楼),"127.163586,44.922847",18746460109,黑龙江省,哈尔滨市,五常市,哈尔滨市
阿信美容美发(恒远嘉园1期店),恒远嘉园1期,"126.869551,45.235073",15636081444,黑龙江省,哈尔滨市,五常市,哈尔滨市
成语造型,泓霖现代城24号楼东10门,"127.154390,44.925560",15945017604,黑龙江省,哈尔滨市,五常市,哈尔滨市
美约发型设计,文化路229号,"127.158904,44.915857",13811410222,黑龙江省,哈尔滨市,五常市,哈尔滨市
欧典名发馆,文化路255号,"127.158992,44.916296",13633652066,黑龙江省,哈尔滨市,五常市,哈尔滨市
康婷美容美发店,鸿霖现代城四号楼,"127.156302,44.925743",13804599395,黑龙江省,哈尔滨市,五常市,哈尔滨市
名流美发(东环路店),奋斗路与文化街交叉口南120米,"127.208465,44.712065",[],黑龙江省,哈尔滨市,五常市,哈尔滨市
名简造型,通达大街101号名简造型,"127.163556,44.919119",13184411091,黑龙江省,哈尔滨市,五常市,哈尔滨市
徐威名发(诚信北区店),体育街57号诚信北区徐威名发,"127.157066,44.922375",13796756521,黑龙江省,哈尔滨市,五常市,哈尔滨市
格·调名发馆,152县道与永海大街交叉口南100米,"126.870904,45.235448",15246616062,黑龙江省,哈尔滨市,五常市,哈尔滨市
丝阁造型专业烫染会所,拉林镇顺天府小区189号商服Bobo ktv旁边,"126.868086,45.237535",13206684546,黑龙江省,哈尔滨市,五常市,哈尔滨市
金剪子时尚染烫,荣府家园东1门旁,"127.172257,44.930699",[],黑龙江省,哈尔滨市,五常市,哈尔滨市
初见造型,人和路338号二中西门,"127.170002,44.924092",17611145352,黑龙江省,哈尔滨市,五常市,哈尔滨市
东方艺人美发沙龙,通达大街337号,"127.153386,44.920584",15845042998,黑龙江省,哈尔滨市,五常市,哈尔滨市
于超美发沙龙(泓霖名苑店),五常镇南二道街农行对面,"127.155542,44.915362",15134601599,黑龙江省,哈尔滨市,五常市,哈尔滨市
鑫琪理容中心(机关小区店),山河屯林业局凤凰大道凤凰嘉园5号商都,"127.228734,44.709618",13803649108,黑龙江省,哈尔滨市,五常市,哈尔滨市
F·G潮流馆(恒远一期),恒远嘉园1期,"126.870228,45.235321",13936131284,黑龙江省,哈尔滨市,五常市,哈尔滨市
焦点发型设计,学院街10号,"127.230736,44.707437",15244636520,黑龙江省,哈尔滨市,五常市,哈尔滨市
小华名剪,建设大街491号,"127.165304,44.917077",13836051726,黑龙江省,哈尔滨市,五常市,哈尔滨市
枫悦美容美发,通达大街27号,"127.166854,44.918556",18646288072,黑龙江省,哈尔滨市,五常市,哈尔滨市
姜力头道体验店(五常体育馆店),体育东路五常体育馆,"127.151447,44.924504",15636165877;15663478888,黑龙江省,哈尔滨市,五常市,哈尔滨市
心怡feel剪烫染连锁机构,希望大街524号,"127.155304,44.924395",16555577100,黑龙江省,哈尔滨市,五常市,哈尔滨市
八赫发型会馆,五常镇冠业比优特超市后门电大二期,"127.161475,44.922297",15945999964,黑龙江省,哈尔滨市,五常市,哈尔滨市
流行美专业烫染店,八家子乡街里,"127.051578,45.232519",13633681808,黑龙江省,哈尔滨市,五常市,哈尔滨市
金尊美发,向阳镇金尊美发,"127.427785,44.625287",18249140681,黑龙江省,哈尔滨市,五常市,哈尔滨市
兰斯美业,文化桥东路与希望大街交叉口西南60米,"127.163066,44.922557",15776091523,黑龙江省,哈尔滨市,五常市,哈尔滨市
尚世美发店,诚信小区19号楼南4门,"127.156286,44.922767",13936222595,黑龙江省,哈尔滨市,五常市,哈尔滨市
铭流美发(泓霖现代城店),五常镇泓霖现代城3号楼1单元,"127.156573,44.925468",15774609230,黑龙江省,哈尔滨市,五常市,哈尔滨市
发欣欣造型,盛世花园北区西门旁,"127.147827,44.923113",15246613736,黑龙江省,哈尔滨市,五常市,哈尔滨市
丝尚造型(金泰新区店),金泰新区9号楼4门商服,"127.157406,44.930623",15244640715,黑龙江省,哈尔滨市,五常市,哈尔滨市
赵丹美发,站前路与诚信大街交叉口西北20米,"127.144509,44.923377",[],黑龙江省,哈尔滨市,五常市,哈尔滨市
简艺造型店,龙江银行简艺造型,"127.159280,44.916159",17134455554,黑龙江省,哈尔滨市,五常市,哈尔滨市
创艺造型烫染工作室(盛世花园店),盛世花园一号楼,"127.150030,44.922620",18646116575,黑龙江省,哈尔滨市,五常市,哈尔滨市
不可丝艺美发店,牛家满族镇不可丝艺美发店,"126.738801,45.351206",15134649617,黑龙江省,哈尔滨市,五常市,哈尔滨市
佳美理发中心(富力商业街店),拉林满族镇顺天府大街206号,"126.867340,45.237102",15945765958,黑龙江省,哈尔滨市,五常市,哈尔滨市
人美发廊,山河镇奋斗路166号路东人美发型设计,"127.208410,44.711719",18746460456,黑龙江省,哈尔滨市,五常市,哈尔滨市
小小剪业(恒远嘉园1期店),152县道与永海大街交叉口南100米,"126.871038,45.235473",13199518794,黑龙江省,哈尔滨市,五常市,哈尔滨市
雕刻时光美发沙龙,利民路与龙山街交叉口南180米,"127.230578,44.707427",13633698849,黑龙江省,哈尔滨市,五常市,哈尔滨市
梦园美发(亚臣路),五常镇亚臣路142号,"127.163374,44.913545",13796811161,黑龙江省,哈尔滨市,五常市,哈尔滨市
大威私人订制美发工作室,泓霖名苑东门东北70米,"127.156190,44.916333",18346564447,黑龙江省,哈尔滨市,五常市,哈尔滨市
太子发艺(诚信南区店),五常镇文化路诚信大街56号诚信小区南区,"127.157014,44.922135",15046164182;15734511985;15946067116,黑龙江省,哈尔滨市,五常市,哈尔滨市
一凡Barber理发馆,文教小区南区,"127.157475,44.928075",[],黑龙江省,哈尔滨市,五常市,哈尔滨市
黎明发型工作室,229国道与163县道交叉口东北80米,"127.610348,44.907578",15546112999,黑龙江省,哈尔滨市,五常市,哈尔滨市
云顶美容美发,文化路328号,"127.158754,44.919916",[],黑龙江省,哈尔滨市,五常市,哈尔滨市
慕一美发工作室,五常镇新曙光街清华嘉园1栋1-2层10号,"127.157777,44.924423",15245246451,黑龙江省,哈尔滨市,五常市,哈尔滨市
小丑丫发型设计(荣耀诗阳名苑店),荣耀诗阳名苑2号楼,"127.149672,44.919622",[],黑龙江省,哈尔滨市,五常市,哈尔滨市
独领美发美甲美睫店,葵花大街296号,"127.155488,44.913247",15045172550,黑龙江省,哈尔滨市,五常市,哈尔滨市
羽溪造型,雅臣路406号,"127.164487,44.919298",16604329933,黑龙江省,哈尔滨市,五常市,哈尔滨市
嘉峰美发工作室,人和路与文明路交叉口西北60米,"127.168190,44.920229",18510210449;18514526076,黑龙江省,哈尔滨市,五常市,哈尔滨市
轩轩发型设计(开发区小区店),希望大街225号,"127.168801,44.922566",18246592694,黑龙江省,哈尔滨市,五常市,哈尔滨市
星悦造型(福熙帝景店),福熙帝景东南门旁,"127.172190,44.931325",[],黑龙江省,哈尔滨市,五常市,哈尔滨市
沙卡拉卡美容美发吧,兴隆大街,"126.906525,45.299725",[],黑龙江省,哈尔滨市,五常市,哈尔滨市
王岩发型设计,建设大街与步行街交叉口西北140米,"127.160238,44.917936",13703670078,黑龙江省,哈尔滨市,五常市,哈尔滨市
佰草圃阿娇发型设计连锁,文化路195号,"127.158956,44.914451",13945644147,黑龙江省,哈尔滨市,五常市,哈尔滨市
大雷美发(物价小区西),五常镇冠业小区8号楼南侧,"127.163580,44.921704",[],黑龙江省,哈尔滨市,五常市,哈尔滨市
珊珊造型(福满嘉园店),五常镇福满嘉园一期13号楼东2门,"127.157467,44.908829",15244640991,黑龙江省,哈尔滨市,五常市,哈尔滨市
初心美发(龙华小区店),龙华小区,"127.227267,44.710874",13804594757,黑龙江省,哈尔滨市,五常市,哈尔滨市
小臣发型设计(哈尔滨五常市建设大街步行街店),五常市粮食局家属楼1单元,"127.158521,44.917367",15663487999,黑龙江省,哈尔滨市,五常市,哈尔滨市
小宇美发(诚信南区店),五常镇文化路诚信大街56号诚信小区南区,"127.156733,44.922145",15045178234,黑龙江省,哈尔滨市,五常市,哈尔滨市
梦宇美容美发(金泰东区北区店),金泰东区北区西南门西90米,"127.166451,44.920124",[],黑龙江省,哈尔滨市,五常市,哈尔滨市
新星美发专业店,文化路与葵花大街交叉口南60米,"127.158795,44.912928",13100835556,黑龙江省,哈尔滨市,五常市,哈尔滨市
王子发艺刺青(泓霖现代城店),五常镇鸿霖现代城13号楼,"127.155506,44.927595",[],黑龙江省,哈尔滨市,五常市,哈尔滨市
飞跃美发,背荫河大街与007乡道交叉口西180米,"127.004751,45.171771",0451-55851046,黑龙江省,哈尔滨市,五常市,哈尔滨市
发源缔专业烫染(福熙帝景店),福熙帝景东南门旁,"127.172156,44.931203",18246593501,黑龙江省,哈尔滨市,五常市,哈尔滨市
帝王发型设计,山河镇客运站对面,"127.208199,44.711562",[],黑龙江省,哈尔滨市,五常市,哈尔滨市
斯帝秀美发沙龙,顺天府大街与152县道交叉口西100米,"126.869478,45.238108",[],黑龙江省,哈尔滨市,五常市,哈尔滨市
梦美美发(五常龙江医院东),五常镇南三道街老防疫站楼下,"127.161768,44.913520",15145127295,黑龙江省,哈尔滨市,五常市,哈尔滨市
源源剪吧(开发区小区店),五常镇开发区243号,"127.168165,44.922647",[],黑龙江省,哈尔滨市,五常市,哈尔滨市
颖儿发型设计,金山大街泓霖现代城,"127.154291,44.927668",[],黑龙江省,哈尔滨市,五常市,哈尔滨市
美澳发型设计,五常镇鸿霖现代城8号楼5单元,"127.156183,44.927385",[],黑龙江省,哈尔滨市,五常市,哈尔滨市
永尚专业烫染,拉林满族镇拉林镇福昌楼下,"126.869708,45.238167",[],黑龙江省,哈尔滨市,五常市,哈尔滨市
鸿源发艺,163县道与203省道交叉口西150米,"127.607485,44.906782",[],黑龙江省,哈尔滨市,五常市,哈尔滨市
日兴美发(五常市冠业街区店),冠业街区,"127.164093,44.921344",[],黑龙江省,哈尔滨市,五常市,哈尔滨市
朝代造型(美食一条街店),美食一条街,"126.868845,45.235318",[],黑龙江省,哈尔滨市,五常市,哈尔滨市
守忆人形象店,229国道与163县道交叉口西北180米,"127.608724,44.908715",15945043735,黑龙江省,哈尔滨市,五常市,哈尔滨市
舒心发廊,永海大街与152县道交叉口西南200米,"126.868788,45.235309",[],黑龙江省,哈尔滨市,五常市,哈尔滨市
海英美发设计,五常镇金泰东区C1栋19号,"127.166997,44.920027",[],黑龙江省,哈尔滨市,五常市,哈尔滨市
蓝梦发型设计,516乡道与兴盛大街交叉口北40米,"127.066292,44.874437",[],黑龙江省,哈尔滨市,五常市,哈尔滨市
天利理发,华富裕景北门西120米,"126.872015,45.235176",[],黑龙江省,哈尔滨市,五常市,哈尔滨市
王刚造型(文化路店),五常镇文化路街畜牧局胡同,"127.158176,44.915868",[],黑龙江省,哈尔滨市,五常市,哈尔滨市
剪艺坊,拉林满族镇福昌西侧,"126.869737,45.238013",[],黑龙江省,哈尔滨市,五常市,哈尔滨市
圆梦美发,拉林满族镇拉林镇镇政府楼下,"126.869940,45.238880",[],黑龙江省,哈尔滨市,五常市,哈尔滨市
华美美发沙龙,太平大街(花园名苑对面),"126.869397,45.238457",[],黑龙江省,哈尔滨市,五常市,哈尔滨市
鑫鑫美容美体美发中心,山河镇宣教街凤凰嘉园,"127.229032,44.709773",[],黑龙江省,哈尔滨市,五常市,哈尔滨市
欧艺造型(诚信南区店),体育街30号,"127.157988,44.922076",13763434039,黑龙江省,哈尔滨市,五常市,哈尔滨市
王野发型设计,五常镇成功街三委五组,"127.161369,44.919460",13796172876,黑龙江省,哈尔滨市,五常市,哈尔滨市
TL·与时,阳光二期对面福明嘉园1栋1-2层东9号,"127.153516,44.922441",19530045037,黑龙江省,哈尔滨市,五常市,哈尔滨市
芳芳美发纹刺(建设大街店)一百胡同,龙跃市场3号楼2门,"127.162808,44.917726",13796756779,黑龙江省,哈尔滨市,五常市,哈尔滨市
小小美发美甲,山河镇大十街北客运站对面,"127.208160,44.712009",[],黑龙江省,哈尔滨市,五常市,哈尔滨市
回头率烫染工作室,杜家镇回头率烫染工作室,"127.199439,44.819211",18249025835,黑龙江省,哈尔滨市,五常市,哈尔滨市
尘刺青纹身艺术工作室,文化桥东路冠业二期商服16号楼6门,"127.161542,44.921985",15734515507,黑龙江省,哈尔滨市,五常市,哈尔滨市
美熙纹绣美甲美睫工作室,拉林镇富力广场外侧商服金禅意床上用品东门,"126.867958,45.236388",15146449855,黑龙江省,哈尔滨市,五常市,哈尔滨市
理享小姜名发预约工作室,广场小区八号楼六单元一零一,"127.164390,44.926515",13204602345,黑龙江省,哈尔滨市,五常市,哈尔滨市
涵钰美妆工作室,永海大街152县附近,"126.869326,45.238696",[],黑龙江省,哈尔滨市,五常市,哈尔滨市
彤彤美容工作室,文化桥东路52号,"127.162641,44.922411",17745166869;18746460431,黑龙江省,哈尔滨市,五常市,哈尔滨市
玲玲皮肤管理工作室,文化小区8号门,"127.160086,44.920314",[],黑龙江省,哈尔滨市,五常市,哈尔滨市
朗峰专业美发沙龙(爱建店),安隆街92号,"126.608395,45.761067",0451-84560577;0451-84560677,黑龙江省,哈尔滨市,道里区,哈尔滨市
辰木造型STYLE(中央大街店),东风街副39号辰木造型,"126.616530,45.771937",13654651237,黑龙江省,哈尔滨市,道里区,哈尔滨市
GW造型(银泰城店),群力第二大道780号,"126.538398,45.737750",0451-84810277;18903605952,黑龙江省,哈尔滨市,道里区,哈尔滨市
X Hair Salon张新美业(银泰城悦街),丽江路3906号,"126.540698,45.739571",0451-81107666,黑龙江省,哈尔滨市,道里区,哈尔滨市
DL HOPE明星造型(卓展旗舰店),卓展1期,"126.606667,45.756340",13029847701,黑龙江省,哈尔滨市,道里区,哈尔滨市
巴顿男士理容(群力店),群力第一大道1821号,"126.538636,45.743365",19303666464,黑龙江省,哈尔滨市,道里区,哈尔滨市
朗峰专业美发沙龙(金安店),中央大街1号哈尔滨中央大街,"126.621291,45.771739",0451-87108666,黑龙江省,哈尔滨市,道里区,哈尔滨市
菲绅形象设计,经纬街176号,"126.615883,45.768961",0451-51070179;15045800797,黑龙江省,哈尔滨市,道里区,哈尔滨市
7号公社美发工作室,中医街32号,"126.617148,45.774960",0451-84692770,黑龙江省,哈尔滨市,道里区,哈尔滨市
希芙(玫瑰湾·珑岸店),群力第七大道2889号(玫瑰湾·珑岸),"126.551744,45.720376",0451-57850630;18346111708,黑龙江省,哈尔滨市,道里区,哈尔滨市
喜拓造型(群力店),翠湖新天地7号楼1层07号商铺,"126.537469,45.731885",17161376789,黑龙江省,哈尔滨市,道里区,哈尔滨市
STAR SALON明星沙龙(中央大街店),红霞街副45号,"126.616674,45.774033",0451-84571775,黑龙江省,哈尔滨市,道里区,哈尔滨市
朗峰专业美发沙龙(关东古巷店),关东古巷西北门东180米,"126.566619,45.735000",0451-51666456,黑龙江省,哈尔滨市,道里区,哈尔滨市
宏鑫美发沙龙(河松店),正阳河街道河松街131号,"126.583773,45.749156",13624502599,黑龙江省,哈尔滨市,道里区,哈尔滨市
C位 Salon·烫发染发造型(中央大街店),通江街27-3号,"126.616312,45.770196",13100845588,黑龙江省,哈尔滨市,道里区,哈尔滨市
青燃喜男士理容,群力第一大道保利城二期商服10-4(3501号),"126.530092,45.742215",15636018585,黑龙江省,哈尔滨市,道里区,哈尔滨市
尤司男士国潮理发馆(哈尔滨中央大街曼哈顿店),曼哈顿商厦二期六楼,"126.626147,45.768969",16646196213,黑龙江省,哈尔滨市,道里区,哈尔滨市
潘多拉美发·染发·漂发(河松店),河松街187号河松小区1期,"126.582350,45.748940",[],黑龙江省,哈尔滨市,道里区,哈尔滨市
朗峰专业美发沙龙(银泰城奢享店),群力大道2399号银泰城购物中心B1层,"126.541275,45.736575",0451-83072000,黑龙江省,哈尔滨市,道里区,哈尔滨市
蘭美发沙龙(群力远大店),群力第四大道1457号,"126.556511,45.737629",13091863035,黑龙江省,哈尔滨市,道里区,哈尔滨市
INSI Hair Salon(麦凯乐店),尚志大街75号麦凯乐公寓A座10楼A09室,"126.623259,45.771902",15146631471,黑龙江省,哈尔滨市,道里区,哈尔滨市
阿龙美业(经纬八道街店),经纬八道街副10号,"126.612206,45.769691",0451-82503888;0451-84278747;15645112233,黑龙江省,哈尔滨市,道里区,哈尔滨市
鲍刚造型,河松街14号(锦江绿色家园小区公交站旁),"126.592163,45.748223",0451-84628339;18646077221,黑龙江省,哈尔滨市,道里区,哈尔滨市
MUYE国潮男士·烫发·染发(中央大街店),中央大街222号百盛购物中心中央大街店B1层,"126.616599,45.778848",15245103497,黑龙江省,哈尔滨市,道里区,哈尔滨市
朗峰专业美发沙龙(群力远大店),工农街道群力大道1176号远大购物中心4楼,"126.556718,45.738051",0451-55566690,黑龙江省,哈尔滨市,道里区,哈尔滨市
蒂伊小野造型(爱建滨江写字楼店),爱建路9-3号蒂伊小野造型,"126.603279,45.764678",15114657714,黑龙江省,哈尔滨市,道里区,哈尔滨市
妃格形象设计(韵格店),工农大街453号漫步·巴黎,"126.573892,45.728533",0451-84311373,黑龙江省,哈尔滨市,道里区,哈尔滨市
大小双男士发型美学空间,群力第二大道762号,"126.539381,45.738144",0451-87623236;15663451319,黑龙江省,哈尔滨市,道里区,哈尔滨市
LING·玲美发工作室染发·烫发·漂发(建国南头道街店),建国南头道街34-36,"126.604059,45.750779",13845180668,黑龙江省,哈尔滨市,道里区,哈尔滨市
八英里男士理发馆(爱建店),达道街18号(公路大桥地铁站2号口步行370米),"126.599745,45.756517",18545130051,黑龙江省,哈尔滨市,道里区,哈尔滨市
拂丝造型,高谊街38号(中央大街地铁站3号口步行420米),"126.612770,45.771654",0451-81312333;18545562890,黑龙江省,哈尔滨市,道里区,哈尔滨市
亦色造型(爱建滨江写字楼店),爱建路7-13号,"126.603773,45.765831",0451-87738189;15114595923,黑龙江省,哈尔滨市,道里区,哈尔滨市
MONE美发沙龙(银泰城店),群力大道2399号银泰城购物中心F2层,"126.541471,45.736490",0451-51868789,黑龙江省,哈尔滨市,道里区,哈尔滨市
YORK越克男士专属沙龙(爱建店),上海街96号2楼上海路与紫园路交叉口西北40米,"126.604623,45.760926",0451-84282821;18644082757,黑龙江省,哈尔滨市,道里区,哈尔滨市
AI墨造型(铜锣湾店),群力第五大道518号铜锣湾广场F2层,"126.567775,45.734975",17645546437,黑龙江省,哈尔滨市,道里区,哈尔滨市
美艺发型连锁(群力总店) 漫步巴黎,工农大街493号,"126.572269,45.727433",0451-84307899;18686881456,黑龙江省,哈尔滨市,道里区,哈尔滨市
麦田造型美发沙龙(上海沙龙店),鸿润路113号,"126.601042,45.766407",0451-82971111,黑龙江省,哈尔滨市,道里区,哈尔滨市
短发故事(群力家园K区店),融江路766号,"126.541202,45.711345",15104600489,黑龙江省,哈尔滨市,道里区,哈尔滨市
九号美发沙龙(河梁街店),河梁街9号(公路大桥地铁站3号口步行90米),"126.595144,45.757050",14745723999,黑龙江省,哈尔滨市,道里区,哈尔滨市
菲拉派瑞(群力店),群力第四大道1361号,"126.557748,45.737804",0451-84317860,黑龙江省,哈尔滨市,道里区,哈尔滨市
哈尔滨Ace Hair爱司美发沙龙(明星店),上海街6号海上银座A栋2108室,"126.599163,45.765397",13936334553,黑龙江省,哈尔滨市,道里区,哈尔滨市
MONE(关东古巷王府井百货店),景江东路899号王府井购物中心(关东古巷店)B1层,"126.566992,45.733176",0451-53933339,黑龙江省,哈尔滨市,道里区,哈尔滨市
神剪美发,"河润街92号,中央大街公路大桥地铁站东南30米","126.597410,45.757277",15045066717;15045068845,黑龙江省,哈尔滨市,道里区,哈尔滨市
短发故事(阳光印象店),工农大街144号阳光印象,"126.567001,45.723164",[],黑龙江省,哈尔滨市,道里区,哈尔滨市
瑷尔博士(爱建店),爱琴路42号(公路大桥地铁站1号口步行490米),"126.597970,45.761338",18846762435,黑龙江省,哈尔滨市,道里区,哈尔滨市
SIESTA西斯塔发型设计(富力广场201),友谊西路660富力广场L201室,"126.587081,45.757192",0451-84831777,黑龙江省,哈尔滨市,道里区,哈尔滨市
妃格美发沙龙.烫发.染发(民生尚都店),群力第六大道4100号,"126.515854,45.720356",15045857820,黑龙江省,哈尔滨市,道里区,哈尔滨市
一森发型设计工作室(中海寰宇天下店),群力第六大道与朗江路交汇处19栋1-2层7号商服,"126.534425,45.724875",15145195237,黑龙江省,哈尔滨市,道里区,哈尔滨市
LD美发沙龙,森林街副29号(哈尔滨市卫生学校西北2门旁),"126.626760,45.776392",15045623283,黑龙江省,哈尔滨市,道里区,哈尔滨市
西玛SHIMA美发沙龙,上海街66号麦当劳二楼,"126.603167,45.761900",0451-84282818,黑龙江省,哈尔滨市,道里区,哈尔滨市
3+美发沙龙,森林街5号,"126.629005,45.776842",0451-84613933,黑龙江省,哈尔滨市,道里区,哈尔滨市
斑比宝宝儿童美发乐园(群力王府井店),工农街道景江东路899号王府井购物中心三楼029A,"126.566767,45.732997",18714609883,黑龙江省,哈尔滨市,道里区,哈尔滨市
吴琼哈尔滨接发·染发·天花板(种草店),工农街道群力第四大道1429号远大购物中心商业街1楼B2-24号,"126.556625,45.738125",18249468741,黑龙江省,哈尔滨市,道里区,哈尔滨市
FY STUDIO 美发美甲沙龙,西十一道街9号,"126.622023,45.771479",18546160997,黑龙江省,哈尔滨市,道里区,哈尔滨市
We Hair Salon(卓展店),安隆街106号卓展一期四楼,"126.605075,45.757325",0451-87736878,黑龙江省,哈尔滨市,道里区,哈尔滨市
资生堂专业美发(金安国际购物广场店),中央大街69号金安国纪3楼KN资生堂美发,"126.619996,45.771589",0451-84634488,黑龙江省,哈尔滨市,道里区,哈尔滨市
首迦洗头吧(爱建)店,艺品格调西南门西北60米,"126.598545,45.760982",18045557377,黑龙江省,哈尔滨市,道里区,哈尔滨市
younghair美发沙龙(民生尚都祥园店),群力西区民生尚都c23栋1-4层商品房17号房,"126.521983,45.721762",18348673250,黑龙江省,哈尔滨市,道里区,哈尔滨市
小5造型(安国街),安国街249号,"126.608486,45.756624",13766865207,黑龙江省,哈尔滨市,道里区,哈尔滨市
朵奈丝(中海寰宇天下店),第六大道融江路交叉口中海寰宇天下35栋13门市,"126.541417,45.723519",0451-51917000,黑龙江省,哈尔滨市,道里区,哈尔滨市
概念'S HAIR SALON(哈尔滨群力远大店),群力街道群力第四大道1333号B3栋1层3号,"126.556428,45.737815",15545252917,黑龙江省,哈尔滨市,道里区,哈尔滨市
蓝灯造型通顺街店,通顺街45-2号,"126.598067,45.736803",0451-51035059,黑龙江省,哈尔滨市,道里区,哈尔滨市
MEGA时尚潮男设计(王府井店),景江东路899号王府井商场2F-033,"126.566175,45.732825",[],黑龙江省,哈尔滨市,道里区,哈尔滨市
小野造型(群力王府井店),工农街道景江东路899号王府井购物中心B1层,"126.566890,45.733407",0451-84311598,黑龙江省,哈尔滨市,道里区,哈尔滨市
南风美发,大安街92号1单元1层1号,"126.615657,45.770439",18646095929,黑龙江省,哈尔滨市,道里区,哈尔滨市
天艺美发沙龙(哈尔滨中央大街店),中医街26号,"126.617378,45.775019",15104544454,黑龙江省,哈尔滨市,道里区,哈尔滨市
4K理发馆(群力第七大道店),群力第七大道569号,"126.569252,45.731127",0451-84822222,黑龙江省,哈尔滨市,道里区,哈尔滨市
奕美国际美容美发会所,安隆街51号,"126.607276,45.765183",0451-84211199,黑龙江省,哈尔滨市,道里区,哈尔滨市
短发时光美发沙龙(爱建卓展店),上海街99号卓展二期三楼中影国际影城短发时光美发沙龙,"126.603085,45.760382",0451-81355333,黑龙江省,哈尔滨市,道里区,哈尔滨市
一剪钟情时尚造型(新亭街),新亭街15号,"126.585995,45.738321",0451-84332949,黑龙江省,哈尔滨市,道里区,哈尔滨市
韩美发艺(韩国美发店),爱琴路20号(公路大桥地铁站1号口步行450米),"126.598195,45.760991",0451-87050505,黑龙江省,哈尔滨市,道里区,哈尔滨市
瑞·接发·染发·巴黎画染发(种草店),群力第四大道1429号B区1楼远大购物中心南门B3商业街,"126.556575,45.737825",18249468741,黑龙江省,哈尔滨市,道里区,哈尔滨市
艺简之秀烫染沙龙,安广街130号艺简之秀美发沙龙,"126.609293,45.759556",15244622211,黑龙江省,哈尔滨市,道里区,哈尔滨市
匠子日式剪发,河洲街2-3号,"126.596373,45.759063",13796096399,黑龙江省,哈尔滨市,道里区,哈尔滨市
伊佐高级发型定制,工农大街118-3号,"126.568219,45.724170",0451-84320989,黑龙江省,哈尔滨市,道里区,哈尔滨市
TF·HAIR(上海沙龙店),鸿润路57号,"126.602812,45.766788",0451-84212311;13144504677,黑龙江省,哈尔滨市,道里区,哈尔滨市
红头发·韩国美发会所(招商·贝肯山一期店),元江路552号(招商·贝肯山一期东1门旁),"126.537888,45.743760",13936001262,黑龙江省,哈尔滨市,道里区,哈尔滨市
DD美发(大安街店),大安街102号(中央大街地铁站1号口步行290米),"126.614849,45.770185",13836167709;15145116478,黑龙江省,哈尔滨市,道里区,哈尔滨市
爆米花儿童美发乐园(王府井店),景江东路899号王府井购物中心3F楼020,"126.565725,45.732325",0451-84319555,黑龙江省,哈尔滨市,道里区,哈尔滨市
小贝发型设计(哈尔滨中央大街店),红专街56号(中央大街地铁站1号口步行470米),"126.615982,45.772598",18686895957,黑龙江省,哈尔滨市,道里区,哈尔滨市
Belief BarberShop信念男士理发店,工程街76号(人民广场地铁站1号口步行150米),"126.606713,45.773684",18645067521,黑龙江省,哈尔滨市,道里区,哈尔滨市
尚都美场(工农大街店),工农大街53号(美晨家园东南1门东北140米),"126.580876,45.733012",[],黑龙江省,哈尔滨市,道里区,哈尔滨市
妃格形象设计(汇锦香槟湾店),朗江路1789号(第二大道与朗江路围合处汇锦香槟湾),"126.530478,45.738790",0451-51017869;13101501430,黑龙江省,哈尔滨市,道里区,哈尔滨市
慕媛·美发空间,黑龙江省道里区工厂街27号,"126.630557,45.766785",16645166668;18348554456,黑龙江省,哈尔滨市,道里区,哈尔滨市
格调发型设计(哈尔滨中央大街店),通江街道中医街100号,"126.614459,45.774235",13945676590,黑龙江省,哈尔滨市,道里区,哈尔滨市
章光101(经纬街店),经纬街221号章光101,"126.614242,45.769794",13895774287,黑龙江省,哈尔滨市,道里区,哈尔滨市
秀阁HairSalon,森林街29号(哈尔滨市卫生学校西北2门旁),"126.626757,45.776414",18604602234,黑龙江省,哈尔滨市,道里区,哈尔滨市
三色灯美发沙龙(贝肯山店),融江路4223号,"126.535076,45.743752",[],黑龙江省,哈尔滨市,道里区,哈尔滨市
发现造型(高谊街店),高谊街副41号(中央大街地铁站1号口步行460米),"126.613157,45.771818",15561827757,黑龙江省,哈尔滨市,道里区,哈尔滨市
名朗造型(达道街),达道街52号,"126.594730,45.754781",13836015644,黑龙江省,哈尔滨市,道里区,哈尔滨市
U7 HAIR SALON,尚志大街75号麦凯乐A座25层04室,"126.623418,45.771960",15114601437;19212281583,黑龙江省,哈尔滨市,道里区,哈尔滨市
格格美发烫染造型(松滨里小区店),新阳路471号,"126.602072,45.744588",15104656955;15304635084,黑龙江省,哈尔滨市,道里区,哈尔滨市
Meet遇见你的美(轻奢店),爱琴路44号(爱琴花园1号门东120米),"126.597947,45.761350",15146514445,黑龙江省,哈尔滨市,道里区,哈尔滨市
阿信发艺(海富御景绣园店),群力第七大道2962号,"126.547249,45.719157",13624511145,黑龙江省,哈尔滨市,道里区,哈尔滨市
小糖果儿童美发乐园(银泰城店),群力大道2399号银泰城购物中心F1层,"126.539625,45.735625",15331940383,黑龙江省,哈尔滨市,道里区,哈尔滨市
艺迪造型,建议街10号,"126.604944,45.748948",18245075362,黑龙江省,哈尔滨市,道里区,哈尔滨市
阁妍美容减肥塑形,群力第五大道1898号,"126.555618,45.733671",15004638091,黑龙江省,哈尔滨市,道里区,哈尔滨市
金蔷薇美容美发(紫金城店),新阳路805号紫金城12号楼,"126.598029,45.740536",0451-84655688;15045131888,黑龙江省,哈尔滨市,道里区,哈尔滨市
东方美美容美发(群力店),群力崂山路327号,"126.520597,45.719963",18745756360,黑龙江省,哈尔滨市,道里区,哈尔滨市
YUAN美发沙龙,群力区第六大道A1栋1层102商服,"126.542595,45.722504",13845007461,黑龙江省,哈尔滨市,道里区,哈尔滨市
半遮面美发造型店,安定街129号,"126.608378,45.759144",15663767715,黑龙江省,哈尔滨市,道里区,哈尔滨市
阿山美容美发养生(中央大街地铁站店),经纬六道街8号(中央大街地铁站3号口旁),"126.614934,45.768716",0451-87682768,黑龙江省,哈尔滨市,道里区,哈尔滨市
澳派美发美容(群力家园店),群力街道滇池东路1561号群力家园ES区,"126.544406,45.713553",18088747555,黑龙江省,哈尔滨市,道里区,哈尔滨市
吉米造型·美甲·美睫(群力第五大道店),道里区-群力第五大道1550号商铺(靠近景江西路、尚志幼儿园、好利来蛋糕),"126.560201,45.734329",0451-87617738;13199489878,黑龙江省,哈尔滨市,道里区,哈尔滨市
元素造型(西雅图水岸店),顾新路842号,"126.576488,45.717872",15561806660,黑龙江省,哈尔滨市,道里区,哈尔滨市
思涵造型,工厂街副10号(秀丰果蔬生鲜超市对面),"126.631875,45.766817",13633641637,黑龙江省,哈尔滨市,道里区,哈尔滨市
久违·男士理发馆Barbershop,群力第六大道5461-10号,"126.494975,45.718275",13134515190,黑龙江省,哈尔滨市,道里区,哈尔滨市
壹家男士理发馆(中海寰宇天下店),中海寰宇天下2827号7-15一层,"126.536575,45.723875",18745069354,黑龙江省,哈尔滨市,道里区,哈尔滨市
Wants罔肆美发工作室(商务公寓C座店),群力第四大道1479号商务公寓C座F9层,"126.556178,45.737677",13945724523,黑龙江省,哈尔滨市,道里区,哈尔滨市
东尚美发(河润街店),河润街85号(公路大桥地铁站1号口步行210米),"126.596045,45.760361",[],黑龙江省,哈尔滨市,道里区,哈尔滨市
BLOOM·明星造型(富力江湾店),友谊西路600号富力江湾T2座1309,"126.587625,45.757875",[],黑龙江省,哈尔滨市,道里区,哈尔滨市
漾·YOUNG美发沙龙(卓展购物中心B座店),上海街99号卓展购物中心B座F2,"126.604565,45.758927",0451-86613333,黑龙江省,哈尔滨市,道里区,哈尔滨市
克拉造型,群力第七大道266号,"126.573594,45.732797",13091871235,黑龙江省,哈尔滨市,道里区,哈尔滨市
素沫造型(天薇丽景园店),工农大街248号(中国工商银行旁边),"126.559822,45.718544",17545544484,黑龙江省,哈尔滨市,道里区,哈尔滨市
越克男士理发馆(群力店),远大购物中心步行街c3栋3层1号,"126.557936,45.738058",0451-84345868,黑龙江省,哈尔滨市,道里区,哈尔滨市
sky丝概造型(丽江路店),丽江路1087号,"126.560109,45.718161",18246928102,黑龙江省,哈尔滨市,道里区,哈尔滨市
S.E高级发型定制(恒大国际中心店),群力大道5栋单元3层01号,"126.564919,45.739396",13069713527,黑龙江省,哈尔滨市,道里区,哈尔滨市
董军美发(48店),融江路32-11号,"126.541448,45.724372",15776693376,黑龙江省,哈尔滨市,道里区,哈尔滨市
拾柒美发工作室(爱建店),安丰街94号安正小区,"126.608011,45.767072",15546022289,黑龙江省,哈尔滨市,道里区,哈尔滨市
理Li私人美发工作室,鸿润路41号,"126.603199,45.766745",18604500529,黑龙江省,哈尔滨市,道里区,哈尔滨市
奈选九号美发沙龙,顾新路149号,"126.597897,45.733994",14745723999,黑龙江省,哈尔滨市,道里区,哈尔滨市
环宇造型(银泰城店),群力新区群力第二大道银泰城二期c座,"126.539311,45.737966",13936097219,黑龙江省,哈尔滨市,道里区,哈尔滨市
韩之潮发艺(南方花园店),通顺街46号,"126.594998,45.735813",0451-51713240;13613656768,黑龙江省,哈尔滨市,道里区,哈尔滨市
束言造型(顾新店),顾新路463号,"126.590075,45.727925",0451-84314288,黑龙江省,哈尔滨市,道里区,哈尔滨市
菲灵造型(群力第六大道店),群力第六大道35-4号,"126.540908,45.723155",13214619135,黑龙江省,哈尔滨市,道里区,哈尔滨市
星呈造型·烫染·造型(河清街店),河清街49号(公路大桥地铁站4号口步行190米),"126.594232,45.757858",[],黑龙江省,哈尔滨市,道里区,哈尔滨市
蒂尊美业,安顺街145号(中央大街地铁站3号口步行400米),"126.613575,45.765875",15104637292;15204693808,黑龙江省,哈尔滨市,道里区,哈尔滨市
沙宣VS smile(银泰城)旗舰店,第二大道766号,"126.539167,45.737843",16538663777,黑龙江省,哈尔滨市,道里区,哈尔滨市
菲墨形象沙龙(群力第五大道店),工农街道群力第五大道770号关东古巷1层03A,"126.565225,45.734129",17713318301,黑龙江省,哈尔滨市,道里区,哈尔滨市
OG造型(道里店),买卖街225号,"126.628646,45.776103",17545581847,黑龙江省,哈尔滨市,道里区,哈尔滨市
潮牌造型·形象设计,河洲街9-1号,"126.593823,45.758515",13703618401,黑龙江省,哈尔滨市,道里区,哈尔滨市
坤仕男士理发馆(群力财富中心店),群力第四大道1705号财富MOHO写字楼C座11楼1121号,"126.553106,45.737063",15104540495,黑龙江省,哈尔滨市,道里区,哈尔滨市
伊流小田(金中环广场店),工农街道群力第五大道1159号金中环广场2楼,"126.564720,45.735608",0451-51816655;18004505671,黑龙江省,哈尔滨市,道里区,哈尔滨市
魅造型工作室,哈药路103号,"126.607262,45.750584",13009991250,黑龙江省,哈尔滨市,道里区,哈尔滨市
小凯剪吧(哈尔滨中央大街店),上游街52-1号,"126.616630,45.775867",15046083293;15104551150,黑龙江省,哈尔滨市,道里区,哈尔滨市
One Hair(中海寰宇天下店),中海寰宇商服1-15号,"126.541531,45.723602",17603646882,黑龙江省,哈尔滨市,道里区,哈尔滨市
湖北美发(小职工街店),工农街道小职工街29号楼一单元1楼,"126.579592,45.729910",15504612816,黑龙江省,哈尔滨市,道里区,哈尔滨市
小齐致美·Solomon索罗门形象沙龙(富力广场店),富力中心广场6楼L607商铺观光电梯旁,"126.587675,45.757375",17845135555,黑龙江省,哈尔滨市,道里区,哈尔滨市
枫·新娘造型(恒大国际中心店),恒大国际中心3栋118门市,"126.566975,45.739725",18249010936,黑龙江省,哈尔滨市,道里区,哈尔滨市
拾光造型,群力大道2376号,"126.539568,45.734041",15604662510,黑龙江省,哈尔滨市,道里区,哈尔滨市
尚都形象设计连锁机构(恒祥城店),康安路恒祥城一期12-5,"126.606368,45.735820",13091707234,黑龙江省,哈尔滨市,道里区,哈尔滨市
逍亚造型(经纬街分店),经纬街263号,"126.610483,45.771042",13163447762,黑龙江省,哈尔滨市,道里区,哈尔滨市
那样美氢气纳米水头浴,群力街道群力大道2399号哈尔滨银泰城购物中心二层2044号商铺,"126.540675,45.737525",[],黑龙江省,哈尔滨市,道里区,哈尔滨市
湖北名发(安德街店),安德街138号,"126.610937,45.757881",15146002859,黑龙江省,哈尔滨市,道里区,哈尔滨市
one玖造型(银泰城·悦街店),群力街道元江路841号,"126.538644,45.742113",18646540969,黑龙江省,哈尔滨市,道里区,哈尔滨市
大发师造型工作室(哈尔滨中央大街店),东风街33号(哈尔滨市建账监管中心隔壁),"126.617442,45.772207",0451-87655155;18004666669,黑龙江省,哈尔滨市,道里区,哈尔滨市
莱美护肤造型(海富御景臻园店),群力第七大道2882号,"126.553542,45.720432",13199572734,黑龙江省,哈尔滨市,道里区,哈尔滨市
雨竹发艺,安定街38-1号,"126.611350,45.764529",18246581112,黑龙江省,哈尔滨市,道里区,哈尔滨市
前沿美容美发(安静二胡同店),安静二胡同1-10,"126.614826,45.761386",18814528070,黑龙江省,哈尔滨市,道里区,哈尔滨市
迎运男士理发(中央大街店),友谊路187号一层154号,"126.615679,45.778689",13115652677,黑龙江省,哈尔滨市,道里区,哈尔滨市
高谊街55—1号 峰格造型,高谊街55-1峰格造型,"126.611811,45.773925",13766831428;15046661428,黑龙江省,哈尔滨市,道里区,哈尔滨市
董军美发(16店),恒祥空间3号门西80米,"126.530374,45.723411",13100874492,黑龙江省,哈尔滨市,道里区,哈尔滨市
叁仟男士发型定制,群力街道群力第二大道814号银泰城悦坊二期N034-1号,"126.538139,45.737373",15776760992;15945160560,黑龙江省,哈尔滨市,道里区,哈尔滨市
格朗造型,建国街133号,"126.603185,45.751337",13684655757,黑龙江省,哈尔滨市,道里区,哈尔滨市
小朗男士理发馆barbershop,河润街47号(公路大桥地铁站2号口步行320米),"126.598631,45.757012",13936695122,黑龙江省,哈尔滨市,道里区,哈尔滨市
D1造型(hair salon),第六大道297号宝石花园正门斜对面,"126.560016,45.730372",15244666759,黑龙江省,哈尔滨市,道里区,哈尔滨市
董军美发(第15店),群力第一大道1872号招商·贝肯山三期,"126.536814,45.738023",[],黑龙江省,哈尔滨市,道里区,哈尔滨市
天天烫染(工程东段社区店),高谊街55号(友谊宫地铁站1号口步行480米),"126.611900,45.773784",18545563058,黑龙江省,哈尔滨市,道里区,哈尔滨市
设计者造型(建国街店),建国街273号,"126.597771,45.745490",13644569191;15636000875,黑龙江省,哈尔滨市,道里区,哈尔滨市
元素造型(丽水雅居店),窑地头道街117号元素造型,"126.577041,45.729194",15004596213,黑龙江省,哈尔滨市,道里区,哈尔滨市
MYoungBarbershop美样造型,中央大街1号哈尔滨中央大街,"126.617270,45.773219",13936133406,黑龙江省,哈尔滨市,道里区,哈尔滨市
领艺美发工作室(经纬六道街小区店),经纬六道街9号(中央大街地铁站3号口步行50米),"126.614696,45.768958",18204614017,黑龙江省,哈尔滨市,道里区,哈尔滨市
创艺空间造型(民生尚都怡园店),民生尚都怡园43栋6号商服,"126.518855,45.717419",15663629565,黑龙江省,哈尔滨市,道里区,哈尔滨市
多米造型(哈尔滨道里区),民安街157号,"126.610694,45.745933",18645518575,黑龙江省,哈尔滨市,道里区,哈尔滨市
越克发型设计(中央大街店),尚志街道西五道街37号中央经典雅仕阁,"126.620223,45.774922",[],黑龙江省,哈尔滨市,道里区,哈尔滨市
起点造型(群力第七大道),海富绣园北1门东60米,"126.549175,45.719293",18686764136,黑龙江省,哈尔滨市,道里区,哈尔滨市
美希美发沙龙(天薇丽景店),工农大街230号二楼,"126.560499,45.718968",0451-51015799;13351713093,黑龙江省,哈尔滨市,道里区,哈尔滨市
森希尔美发沙龙,汇锦庄园(群力第五大道地铁站2号口步行440米),"126.547425,45.727525",0451-87615927,黑龙江省,哈尔滨市,道里区,哈尔滨市
沐乐美妆造型工作室,经纬街副229号,"126.612956,45.770253",15561577572,黑龙江省,哈尔滨市,道里区,哈尔滨市
志向发艺,绿城·诚园西北门东70米,"126.532269,45.718662",17645037683,黑龙江省,哈尔滨市,道里区,哈尔滨市
董军美发19店(桐楠格·领誉店),群力家园滇池东路863号A4-9,"126.547702,45.713691",15663846340,黑龙江省,哈尔滨市,道里区,哈尔滨市
约定美发烫染,河阳街35号,"126.600676,45.755828",13936579360;18245111527,黑龙江省,哈尔滨市,道里区,哈尔滨市
九号美发沙龙(中海时代店),群力第六大道4650号,"126.505071,45.718876",14745723999,黑龙江省,哈尔滨市,道里区,哈尔滨市
柠伊发型设计沙龙(福乐湾共乐小区店),福同街53号,"126.611231,45.752465",18246551515,黑龙江省,哈尔滨市,道里区,哈尔滨市
良子发艺,安固街68号,"126.617060,45.758575",13304515331,黑龙江省,哈尔滨市,道里区,哈尔滨市
优客·莅临发型设计(恒祥空间店),群里第六大道恒祥空间二期17栋1单元103,"126.529579,45.723193",13633640618,黑龙江省,哈尔滨市,道里区,哈尔滨市
北奢造型美甲美睫,群力蜀山路392号金地·名悦11号楼,"126.500124,45.716517",15010069567;15601238337,黑龙江省,哈尔滨市,道里区,哈尔滨市
董军美发(12店),群力第一大道1704号,"126.550408,45.744268",13304556700,黑龙江省,哈尔滨市,道里区,哈尔滨市
魔发师美发(机场路店),机场路577-4号,"126.486928,45.669262",0451-84107222;13936138633,黑龙江省,哈尔滨市,道里区,哈尔滨市
小野造型·HOME 12店,群力大道中海紫云官邸,"126.531631,45.730791",15244745552,黑龙江省,哈尔滨市,道里区,哈尔滨市
哈佛设计(买卖街),买卖街218-1号(近五十一中学),"126.628237,45.776280",15046673456,黑龙江省,哈尔滨市,道里区,哈尔滨市
V+造型设计美发美甲,西十道街18号,"126.621948,45.771840",13351018867;15776947430,黑龙江省,哈尔滨市,道里区,哈尔滨市
维美发艺烫染综合店(中央大街店),高谊街106号(友谊宫地铁站1号口步行250米),"126.610319,45.775694",15846576132,黑龙江省,哈尔滨市,道里区,哈尔滨市
开心造型(中医街店),中医街123-1号,"126.607677,45.772490",15945455695,黑龙江省,哈尔滨市,道里区,哈尔滨市
董军美发110店,爱琴路21号(公路大桥地铁站1号口步行460米),"126.598431,45.761191",15145019629,黑龙江省,哈尔滨市,道里区,哈尔滨市
C·S美发沙龙·纹身馆(红专小区店),红专小区西南门旁,"126.615368,45.771936",13766811142,黑龙江省,哈尔滨市,道里区,哈尔滨市
文龙美发会所(河松小区1期店),河松小区河心街13号,"126.581117,45.749117",13836027413;13936674916,黑龙江省,哈尔滨市,道里区,哈尔滨市
黑黄兄弟男士理发店Serialkilla barbershop,湿地MOHO,"126.551976,45.725417",13644618684,黑龙江省,哈尔滨市,道里区,哈尔滨市
理下理发店,安国街212号-1号,"126.609939,45.758192",19845244401,黑龙江省,哈尔滨市,道里区,哈尔滨市
元素造型(禧园店),海富禧园(工农大街地铁站3号口步行230米),"126.555560,45.717466",[],黑龙江省,哈尔滨市,道里区,哈尔滨市
顶尚造型·剪发·烫染(乡政街店),[],"126.593128,45.732965",15204663414,黑龙江省,哈尔滨市,道里区,哈尔滨市
千美艺salon,安顺街副124号,"126.613698,45.765551",18746063459,黑龙江省,哈尔滨市,道里区,哈尔滨市
大连宝贝美发美甲,群力第五大道1608号,"126.559431,45.734144",18042677676,黑龙江省,哈尔滨市,道里区,哈尔滨市
潮人街美发沙龙(群力第六大道中海寰宇天下店),群力第六大道2477号5号楼14门市,"126.538457,45.723694",13351282005,黑龙江省,哈尔滨市,道里区,哈尔滨市
艺淇男士理发馆,第五大道恒祥空间5号楼3单元102,"126.532842,45.726309",18646356876,黑龙江省,哈尔滨市,道里区,哈尔滨市
悦朗发艺工作室,乡里街115号三栋五单元一层4号,"126.588814,45.734256",19917584810,黑龙江省,哈尔滨市,道里区,哈尔滨市
画阁造型(迎宾小区店),城乡路263号,"126.579328,45.725500",18245173881,黑龙江省,哈尔滨市,道里区,哈尔滨市
晨彩发艺(新阳路店),安信街11-1号,"126.611212,45.755346",15004658589;15636702233,黑龙江省,哈尔滨市,道里区,哈尔滨市
卡迩男士理发馆,元江路501号,"126.539197,45.740808",[],黑龙江省,哈尔滨市,道里区,哈尔滨市
東娜造型,安升街176号(安升小区南门东南80米),"126.609708,45.762010",18645058615,黑龙江省,哈尔滨市,道里区,哈尔滨市
木野造型(达江小区店),安阳路74号,"126.585303,45.739945",0451-51878242;13029993192,黑龙江省,哈尔滨市,道里区,哈尔滨市
Lemon6 Pilates普拉提工作室(哈尔滨银泰城购物中心店),群力大道2399号银泰城购物中心F2层,"126.541462,45.736484",19846014198,黑龙江省,哈尔滨市,道里区,哈尔滨市
喜里化妆工作室,群力第六大道355-25号4单元1层2号,"126.560493,45.730610",15636322996,黑龙江省,哈尔滨市,道里区,哈尔滨市
叁柒社·刺青艺术工作室·原创设计师名店,麦凯乐国际公寓A座25层b10号,"126.623375,45.771925",18686869740,黑龙江省,哈尔滨市,道里区,哈尔滨市
Aura-Tan Studio美黑工作室,群力第四大道399号汇智广场西楼四层IFPro健身房内,"126.569160,45.739415",17645037877,黑龙江省,哈尔滨市,道里区,哈尔滨市
斯米造型,天合小区6栋,"126.594025,45.731675",15545016646,黑龙江省,哈尔滨市,道里区,哈尔滨市
素沫造型(桐楠格·领誉店),四方台大道616号桐楠格·领誉,"126.549663,45.715912",15104594063,黑龙江省,哈尔滨市,道里区,哈尔滨市
喜见 Hair Salon,上游街41号(友谊宫地铁站2号口步行340米),"126.614027,45.775413",15246784942,黑龙江省,哈尔滨市,道里区,哈尔滨市
董军美发(29店),群力第一大道1868号,"126.537084,45.742487",[],黑龙江省,哈尔滨市,道里区,哈尔滨市
慕尚美发沙龙(艺品枫景店),爱建路42号慕尚美发沙龙,"126.599775,45.760275",0451-87635762;13314615315,黑龙江省,哈尔滨市,道里区,哈尔滨市
董军美发22店,群力第一大道1777号,"126.543069,45.743957",16663669570;18945115772,黑龙江省,哈尔滨市,道里区,哈尔滨市
笨剪Hair,安国街279号,"126.608064,45.756279",18645119207,黑龙江省,哈尔滨市,道里区,哈尔滨市
鑫星轩造型美发店,新阳街道安固街62号,"126.617195,45.759006",15942859994,黑龙江省,哈尔滨市,道里区,哈尔滨市
聚美造型(保利天悦店),群力第六大道保利天悦二栋10号门市,"126.503090,45.718581",18245070459,黑龙江省,哈尔滨市,道里区,哈尔滨市
视觉国际美发(工农店),工农大街158号,"126.564983,45.721865",0451-84377525;13115319234,黑龙江省,哈尔滨市,道里区,哈尔滨市
锋尚造型(海富御景绣园店),群力阳江路69号,"126.546661,45.718480",18745765791,黑龙江省,哈尔滨市,道里区,哈尔滨市
九沐造型美发沙龙,抚顺街235号,"126.619216,45.755789",17736541112,黑龙江省,哈尔滨市,道里区,哈尔滨市
ML漫萝美发(招商·贝肯山一期店),元江路682号,"126.537693,45.744499",15636811189,黑龙江省,哈尔滨市,道里区,哈尔滨市
董军美发25店,群力第一大道1390号,"126.555574,45.744997",15146005428,黑龙江省,哈尔滨市,道里区,哈尔滨市
东起儿童亲子美发(群力银泰悦坊店),群力第二大道银泰城悦坊3号门二楼东起美发,"126.538585,45.737791",18245105590,黑龙江省,哈尔滨市,道里区,哈尔滨市
LMS美容美体养生,高谊街73号(友谊宫地铁站1号口步行300米),"126.610893,45.775307",13945092219,黑龙江省,哈尔滨市,道里区,哈尔滨市
Ray光线艺术美发沙龙(恒大帝景店),恒大帝景北1门西190米,"126.528181,45.722132",13091728835;13091728935,黑龙江省,哈尔滨市,道里区,哈尔滨市
伊格造型专业美发,安阳路77号,"126.583511,45.739361",[],黑龙江省,哈尔滨市,道里区,哈尔滨市
芮拉美发美甲造型(汇励99城市公园店),安隆街85号芮拉美发店,"126.607127,45.760795",13339303849,黑龙江省,哈尔滨市,道里区,哈尔滨市
钟意发型设计,群力街道丽江路2586号,"126.545282,45.728695",13125987897,黑龙江省,哈尔滨市,道里区,哈尔滨市
丝语美发店,道理霞曼街95号,"126.615321,45.769545",13796610139,黑龙江省,哈尔滨市,道里区,哈尔滨市
发之道造型(哈尔滨中央大街店),中央大街西15道街66号,"126.621019,45.767784",18249093469,黑龙江省,哈尔滨市,道里区,哈尔滨市
黑猫美发工作室(顾乡大街店),顾乡大街49号,"126.590141,45.738898",[],黑龙江省,哈尔滨市,道里区,哈尔滨市
阿山美容美发养生(银泰城·悦街店),丽江路4176号银泰城·悦街F1层,"126.539074,45.741515",15546462888,黑龙江省,哈尔滨市,道里区,哈尔滨市
爱尚美发型设计(安化街店),安平街40号,"126.619043,45.760110",13704812173,黑龙江省,哈尔滨市,道里区,哈尔滨市
娜娜美发,崂山路269号,"126.521490,45.716928",15776475113,黑龙江省,哈尔滨市,道里区,哈尔滨市
绝对美发,城乡路迎宾小区116栋,"126.579674,45.726611",15765531917,黑龙江省,哈尔滨市,道里区,哈尔滨市
主角美发工作室,建国街副48号,"126.605492,45.753143",18345105996,黑龙江省,哈尔滨市,道里区,哈尔滨市
晨晖发型工作室(河山街店),河山街73号,"126.582881,45.749340",15004545670,黑龙江省,哈尔滨市,道里区,哈尔滨市
哈尔滨市道里区黄氏维唯织发美发店,西十五道街46号,"126.621475,45.767806",0451-84636736;13664572337,黑龙江省,哈尔滨市,道里区,哈尔滨市
奥幻·美发造型,海富康城西区东南3门东北90米,"126.581461,45.737966",15245018006,黑龙江省,哈尔滨市,道里区,哈尔滨市
上上理容发型设计,透笼街副13-1,"126.631140,45.770631",0451-84560102,黑龙江省,哈尔滨市,道里区,哈尔滨市
芊语造型,乡政街167号3门芊语造型,"126.590418,45.735052",13796087343,黑龙江省,哈尔滨市,道里区,哈尔滨市
九维美发(漫步·巴黎店),景江东路215号漫步·巴黎,"126.572431,45.727668",[],黑龙江省,哈尔滨市,道里区,哈尔滨市
台湾精剪(哈尔滨印象城店),友谊路187号哈尔滨印象城C座F3层,"126.615405,45.778342",18545143983,黑龙江省,哈尔滨市,道里区,哈尔滨市
炎军美发造型(新天地家园店),安阳路180号新天地家园,"126.584169,45.737962",15046080546,黑龙江省,哈尔滨市,道里区,哈尔滨市
鲸鱼美发造型店,安升街91-1号鲸鱼美发,"126.611766,45.761405",[],黑龙江省,哈尔滨市,道里区,哈尔滨市
上野造型(经纬十一道街店),经纬十一道街26号,"126.607300,45.769802",13936444022,黑龙江省,哈尔滨市,道里区,哈尔滨市
青丝舞美发烫染坊,建国街道哈药路277号2单元,"126.602902,45.752808",13199569593,黑龙江省,哈尔滨市,道里区,哈尔滨市
木沙潮牌烫染(安宁小区店),安宁街98号安宁小区,"126.613628,45.763376",13351788801,黑龙江省,哈尔滨市,道里区,哈尔滨市
我的理发店,群力第六大道335-25号1-1-1,"126.560905,45.730899",15845008003,黑龙江省,哈尔滨市,道里区,哈尔滨市
丽久发型设计(安康小区店),安顺街副161-6号,"126.612301,45.766412",13945014007,黑龙江省,哈尔滨市,道里区,哈尔滨市
董军美发55店,康泰嘉园商住小区20号楼5号商服,"126.536615,45.713453",17603695919,黑龙江省,哈尔滨市,道里区,哈尔滨市
辉煌丝恋旗舰店,建议街28-1号,"126.603895,45.749418",[],黑龙江省,哈尔滨市,道里区,哈尔滨市
好运来美发沙龙,经纬街254-1号,"126.611510,45.770386",13904656634,黑龙江省,哈尔滨市,道里区,哈尔滨市
名爵烫染(安国小区店),安定街附2-2号,"126.613478,45.766656",13263515682,黑龙江省,哈尔滨市,道里区,哈尔滨市
壹加壹美容美发(河政花园住宅小区店),河政街21号(河松街地铁站1号口步行480米),"126.593161,45.752271",0451-84803268;18946162057,黑龙江省,哈尔滨市,道里区,哈尔滨市
天公作美专业烫染造型(迎宾小区1区店),城乡路迎宾小区107栋5单元101室,"126.579134,45.726592",18246040641,黑龙江省,哈尔滨市,道里区,哈尔滨市
春天湖北美发,大民兴街12-2号,"126.617895,45.749902",13212932520,黑龙江省,哈尔滨市,道里区,哈尔滨市
鸿尚护肤造型,星光耀广场朗江路1066-3号,"126.530836,45.733176",[],黑龙江省,哈尔滨市,道里区,哈尔滨市
魔方烫染连锁店,松苍街54号(河松街地铁站2号口步行380米),"126.593777,45.745663",13936481535,黑龙江省,哈尔滨市,道里区,哈尔滨市
弥尚造型,顾新路恒大御府,"126.597259,45.731921",15765509552,黑龙江省,哈尔滨市,道里区,哈尔滨市
小勇美发机构,经纬三道街20-1号,"126.619744,45.767070",13936133459,黑龙江省,哈尔滨市,道里区,哈尔滨市
壹间美发店,天薇丽景园工农大街238号,"126.560033,45.718869",15146891621,黑龙江省,哈尔滨市,道里区,哈尔滨市
小月月Hair Salon(远大购物中心群力店),群力远大商业街B2-19(1-2层),"126.556112,45.737910",15245089804,黑龙江省,哈尔滨市,道里区,哈尔滨市
尚上造型美发店(松树街店),松林街与松柏街交叉口东北40米,"126.597626,45.746729",15546163825,黑龙江省,哈尔滨市,道里区,哈尔滨市
星期五美发纹绣美甲美睫,安红街73号,"126.616320,45.751077",[],黑龙江省,哈尔滨市,道里区,哈尔滨市
俊朗发艺,安顺街副70-1号,"126.617878,45.763953",15146611923,黑龙江省,哈尔滨市,道里区,哈尔滨市
盛美美发,安顺街176号,"126.610490,45.766967",15104692779,黑龙江省,哈尔滨市,道里区,哈尔滨市
鑫之慧美发(安国小区店),安定街8号(地铁站3号口步行290米),"126.613286,45.766492",18345142668,黑龙江省,哈尔滨市,道里区,哈尔滨市
六里Hair life,红专街副48号红专小区,"126.616822,45.772790",[],黑龙江省,哈尔滨市,道里区,哈尔滨市
董军美发(21店),第七大道2914号,"126.550677,45.719488",16645669762,黑龙江省,哈尔滨市,道里区,哈尔滨市
湖北晓锋发艺,康安路47-2号,"126.604546,45.737440",13030037558,黑龙江省,哈尔滨市,道里区,哈尔滨市
简美美发,尚志大街24号(尚志大街地铁站3号口步行130米),"126.624838,45.764654",18686834706,黑龙江省,哈尔滨市,道里区,哈尔滨市
尚秀造型,抚顺街219号,"126.619546,45.756210",15504662398,黑龙江省,哈尔滨市,道里区,哈尔滨市
喜简发型工作室,乡政街80号,"126.594538,45.731107",15776451764,黑龙江省,哈尔滨市,道里区,哈尔滨市
璇之逅假发补发连锁(群力财富中心店),群力第四大道远大购物西侧群力财富中心C座1405室,"126.553200,45.737327",13278404888,黑龙江省,哈尔滨市,道里区,哈尔滨市
艾林色造美容美发设计,建国北4道街121号,"126.598435,45.749806",15546222952;18104512031,黑龙江省,哈尔滨市,道里区,哈尔滨市
董军美发(大润发商业街店),四方台506-7,"126.550614,45.714835",[],黑龙江省,哈尔滨市,道里区,哈尔滨市
宇翼美发店,友谊路1号,"126.627171,45.780500",13069898119,黑龙江省,哈尔滨市,道里区,哈尔滨市
军斌专业美发(安平小区店),安平街47-a5,"126.618364,45.759422",15846570938,黑龙江省,哈尔滨市,道里区,哈尔滨市
K沙龙·私人美发工作室(哈尔滨银泰城购物中心店),群力大道2399号银泰城购物中心,"126.540975,45.737225",[],黑龙江省,哈尔滨市,道里区,哈尔滨市
品形美发艺术沙龙,安静街道安顺街128号,"126.613693,45.765553",13704504312,黑龙江省,哈尔滨市,道里区,哈尔滨市
晓岩美发,安定街89号,"126.609522,45.761170",13946117856,黑龙江省,哈尔滨市,道里区,哈尔滨市
美格发艺工作室(安宁街店),安康街90号,"126.609593,45.764868",[],黑龙江省,哈尔滨市,道里区,哈尔滨市
美辰造型美发店,安顺街附108号,"126.614794,45.765070",18845728072,黑龙江省,哈尔滨市,道里区,哈尔滨市
鑫慧美发,工厂街146号(尚志大街地铁站3号口步行140米),"126.623426,45.765038",13703627982,黑龙江省,哈尔滨市,道里区,哈尔滨市
福尚妍初专业烫染店,中医街103-5号,"126.611445,45.773511",18103637799,黑龙江省,哈尔滨市,道里区,哈尔滨市
立新造型(经纬八道街店),经纬八道街11号,"126.611857,45.769753",[],黑龙江省,哈尔滨市,道里区,哈尔滨市
菲沐造型,顾新路恒大御府商业街S-9-114号菲沐造型工作室,"126.597017,45.731655",15046190283,黑龙江省,哈尔滨市,道里区,哈尔滨市
三宝美发,顾乡三道街11号(三宝美发),"126.586716,45.738779",18245133125,黑龙江省,哈尔滨市,道里区,哈尔滨市
2026造型(哈尔滨中央大街店),大安街90号中央大街地铁站1号口步行200米,"126.616213,45.770570",17603655017,黑龙江省,哈尔滨市,道里区,哈尔滨市
沐白男士理发馆(爱建卓展店),安发街83号,"126.610595,45.757510",[],黑龙江省,哈尔滨市,道里区,哈尔滨市
澜乐barbershop男士理发馆(通顺街小区店),通顺街69号,"126.595337,45.736171",18556655535,黑龙江省,哈尔滨市,道里区,哈尔滨市
友间SaLon理发店(安松街店),安松街副59号,"126.611866,45.763066",18246111182,黑龙江省,哈尔滨市,道里区,哈尔滨市
艾梵造型(汇锦香槟湾店),朗江路汇锦香槟湾1559号门市,"126.530909,45.737364",13664604042,黑龙江省,哈尔滨市,道里区,哈尔滨市
喜理男士理发馆Barbershop,元江路471号,"126.539263,45.740692",19523229356,黑龙江省,哈尔滨市,道里区,哈尔滨市
翎峰造型.专业染烫,安定街126号翎峰造型·专业染烫,"126.608822,45.759169",18646338438,黑龙江省,哈尔滨市,道里区,哈尔滨市
造化·男士理发·脏辫(经纬六道街小区店),经纬七道街60号,"126.613073,45.768405",18745710250,黑龙江省,哈尔滨市,道里区,哈尔滨市
佲剪世家男士理发馆(哈尔滨一店),群力第七大道2889号,"126.551955,45.720468",18346111708,黑龙江省,哈尔滨市,道里区,哈尔滨市
行运美发店(银泰城悦街店),元江路641-1,"126.538990,45.741528",18646258508,黑龙江省,哈尔滨市,道里区,哈尔滨市
查理男士理容barbershop,融江路3973号,"126.535710,45.741300",15603607756,黑龙江省,哈尔滨市,道里区,哈尔滨市
韩尚形象设计,工农大街118号,"126.568351,45.724187",[],黑龙江省,哈尔滨市,道里区,哈尔滨市
朔途男士理发馆Barbershop,安隆街70号,"126.608530,45.763207",15246519329,黑龙江省,哈尔滨市,道里区,哈尔滨市
首佳理发(康安小区西区店),康安小区西区西南门旁,"126.589117,45.740218",13945078898;15546654134,黑龙江省,哈尔滨市,道里区,哈尔滨市
意尚美发(民生尚都和园店),12栋3单元101,"126.514052,45.722596",13163670905,黑龙江省,哈尔滨市,道里区,哈尔滨市
初见·造型,工农大街27号1层13号,"126.581453,45.733463",18348509562,黑龙江省,哈尔滨市,道里区,哈尔滨市
1983男士理发店,群力第四大道399号恒大国际中心7栋04号,"126.565493,45.738744",13125958884,黑龙江省,哈尔滨市,道里区,哈尔滨市
G.S美发形象设计,安化街4-1号,"126.621105,45.762773",18346153332,黑龙江省,哈尔滨市,道里区,哈尔滨市
惠勇专业美发,康安二道街副11号,"126.593893,45.740006",13904638371,黑龙江省,哈尔滨市,道里区,哈尔滨市
W-Hair理发馆(恒祥空间店),群力第六大道恒祥空间16号楼底商恒大帝景停车口对面,"126.528263,45.722902",13074501109;18745015401,黑龙江省,哈尔滨市,道里区,哈尔滨市
好相男士理发工作室,工农街道远大商务公寓A座809室,"126.553707,45.737911",18246105904,黑龙江省,哈尔滨市,道里区,哈尔滨市
红波发艺,新发镇胜利村集资楼四栋五单元102,"126.520010,45.686754",18645028276,黑龙江省,哈尔滨市,道里区,哈尔滨市
头领Hair Salon(康安小区西区店),顾乡大街39-1号,"126.590961,45.739511",0451-82030444;13029991028,黑龙江省,哈尔滨市,道里区,哈尔滨市
吉慧美发,河鼓街3-2号(公路大桥地铁站3号口步行450米),"126.593340,45.755116",13039993231,黑龙江省,哈尔滨市,道里区,哈尔滨市
新爽美发,安广街49号,"126.614365,45.758338",13633684560,黑龙江省,哈尔滨市,道里区,哈尔滨市
优剪美发,新华街118号,"126.589428,45.737196",15344517512,黑龙江省,哈尔滨市,道里区,哈尔滨市
小高美发(顾乡南头道街店),顾乡南头道街6号,"126.590669,45.738158",13234955271,黑龙江省,哈尔滨市,道里区,哈尔滨市
优剪快剪美业连锁,四方台大道616号桐楠格·领誉,"126.551313,45.715166",[],黑龙江省,哈尔滨市,道里区,哈尔滨市
洛吉男士修面理容馆,麦凯乐公寓A座13B01室,"126.623180,45.771954",18646155592,黑龙江省,哈尔滨市,道里区,哈尔滨市
木林男士理发馆,工农大街311号新城小区,"126.562294,45.721837",[],黑龙江省,哈尔滨市,道里区,哈尔滨市
承仁专业男士理发(天合街店),故乡天合骏景小区天合街4号,"126.594865,45.733122",15049792976,黑龙江省,哈尔滨市,道里区,哈尔滨市
金涛美发(康泰嘉园店),滇池东路2169号康泰嘉园,"126.537785,45.714101",[],黑龙江省,哈尔滨市,道里区,哈尔滨市
歡喜理发馆JOY BARBERSHOP(麦凯乐店),尚志大街75号麦凯乐公寓A座25a03,"126.623439,45.771966",13945157279,黑龙江省,哈尔滨市,道里区,哈尔滨市
XDF美发,安化街160号新湖康桥,"126.616745,45.753908",[],黑龙江省,哈尔滨市,道里区,哈尔滨市
七零肆男士理容工作室,农街道群力远大商务公寓A座704,"126.553998,45.738028",17614613021,黑龙江省,哈尔滨市,道里区,哈尔滨市
逸美补发假发定制补发定制(哈尔滨店),群力第四大道1705号8层4号,"126.553222,45.737227",18840033672,黑龙江省,哈尔滨市,道里区,哈尔滨市
理发店,经纬街霞曼接口霞曼街107号,"126.615332,45.769516",17545580043,黑龙江省,哈尔滨市,道里区,哈尔滨市
BARBERSHOP大佬男士理容馆(哈尔滨印象城店),中央大街232号1层164商铺,"126.615890,45.779262",13212810393,黑龙江省,哈尔滨市,道里区,哈尔滨市
本朴男士理发馆,东风街副98号(中央大街地铁站1号口步行410米),"126.613726,45.770984",[],黑龙江省,哈尔滨市,道里区,哈尔滨市
阿一楠造型(凯德广场店),通顺街58号,"126.594741,45.735305",15045853577,黑龙江省,哈尔滨市,道里区,哈尔滨市
丑小鸭造型,抚顺街207号丑小鸭造型,"126.619674,45.756337",13836138550,黑龙江省,哈尔滨市,道里区,哈尔滨市
雪香发艺工作室,北安街164-2号(近经纬六道街公交站台),"126.614214,45.767033",18745080241,黑龙江省,哈尔滨市,道里区,哈尔滨市
长江发型设计馆,504号欧洲新城小区白金汉a座,"126.606311,45.742544",[],黑龙江省,哈尔滨市,道里区,哈尔滨市
和润美发造型店,河江街52号4单元1层1号(住宅),"126.600283,45.754861",13704501712,黑龙江省,哈尔滨市,道里区,哈尔滨市
渼琳造型(恒祥城1期店),康安路2号恒祥城1期5号楼,"126.606225,45.734225",[],黑龙江省,哈尔滨市,道里区,哈尔滨市
MAGI轻奢美发沙龙(银泰城·悦街店),群力元江路491号,"126.539334,45.740773",18145148585,黑龙江省,哈尔滨市,道里区,哈尔滨市
金都发型(中央大街店),通江街道中医街附84号,"126.614996,45.774360",18704668657,黑龙江省,哈尔滨市,道里区,哈尔滨市
木溪发型(恒大悦府店),顾新路396号恒大悦府,"126.590477,45.727258",[],黑龙江省,哈尔滨市,道里区,哈尔滨市
民生造型(铜锣湾广场店),群力第五大道518号铜锣湾广场一层106号民生造型,"126.567317,45.734280",[],黑龙江省,哈尔滨市,道里区,哈尔滨市
F.V造型(恒祥城店),康安路12-4号恒祥城一期12号楼,"126.606566,45.735772",[],黑龙江省,哈尔滨市,道里区,哈尔滨市
引领造型(康泰家园店),滇池东路2169号康泰嘉园,"126.539182,45.715003",15124535866;18724619745,黑龙江省,哈尔滨市,道里区,哈尔滨市
阿江造型(四方台大道店),四方台大道192号工农大街丽江路交口中兴城2号楼7门市,"126.557667,45.717247",13936317221;13936469246,黑龙江省,哈尔滨市,道里区,哈尔滨市
卓越艺剪(安宁小区店),安德街30号,"126.613695,45.762997",15948994499,黑龙江省,哈尔滨市,道里区,哈尔滨市
亿+美发超市,安阳路129号1层,"126.581705,45.737983",15776760122,黑龙江省,哈尔滨市,道里区,哈尔滨市
完美选择发型设计(新城小区店),工农大街新城小区103栋32号,"126.562316,45.721845",[],黑龙江省,哈尔滨市,道里区,哈尔滨市
tt造型(绿地中央广场店),绿地中央广场,"126.537127,45.705934",[],黑龙江省,哈尔滨市,道里区,哈尔滨市
小明时尚造型(安红街店),安红街111号,"126.614451,45.752165",15045809208,黑龙江省,哈尔滨市,道里区,哈尔滨市
壹柒造型,安丰街41号(中央大街地铁站3号口步行420米),"126.612335,45.765207",17745615324,黑龙江省,哈尔滨市,道里区,哈尔滨市
铭派发型设计(和谐家园店),和谐家园,"126.594999,45.758431",15245075355,黑龙江省,哈尔滨市,道里区,哈尔滨市
剪艺轻奢坊,钢铁街17号,"126.594734,45.744114",15590990670,黑龙江省,哈尔滨市,道里区,哈尔滨市
英子织发美发染烫造型(安红街店),安红街187号,"126.610094,45.754492",15004502949,黑龙江省,哈尔滨市,道里区,哈尔滨市
常来造型(群力家园店),东湖路1825号群力家园c9-4,"126.545429,45.709374",15645040156,黑龙江省,哈尔滨市,道里区,哈尔滨市
龙小六造型,地德里街38号,"126.623352,45.756643",15045027817,黑龙江省,哈尔滨市,道里区,哈尔滨市
理享·Hair Salon(翡翠店),工农大街114-3号,"126.569944,45.725183",13136647225,黑龙江省,哈尔滨市,道里区,哈尔滨市
一号形象设计工作室(财智公馆店),河山街62号,"126.583116,45.749430",18245078336,黑龙江省,哈尔滨市,道里区,哈尔滨市
便民理发店,共乐街道新阳胡同8号楼2单元104室,"126.602228,45.739672",13613628457,黑龙江省,哈尔滨市,道里区,哈尔滨市
轩轩造型(恒大雅苑二期店),恒大雅苑二期4号楼一单元102号,"126.516991,45.712917",13391964567,黑龙江省,哈尔滨市,道里区,哈尔滨市
鼎尖发艺(聚贤花园店),民安街211-9号,"126.608900,45.744127",15776220551,黑龙江省,哈尔滨市,道里区,哈尔滨市
阿刚造型(鑫都丽水雅居店),小职工街31号九单元,"126.578833,45.730332",18745007118,黑龙江省,哈尔滨市,道里区,哈尔滨市
尚都美场(报达文化嘉园店),窑地头道街报达文化家园12号楼2门市,"126.577777,45.728059",13796616618;17645165799,黑龙江省,哈尔滨市,道里区,哈尔滨市
顺与造型工作室,安国街156号,"126.610954,45.760194",[],黑龙江省,哈尔滨市,道里区,哈尔滨市
隆妍形象设计,群力第五大道1739号恒盛豪庭门市,"126.557386,45.734561",18045157356,黑龙江省,哈尔滨市,道里区,哈尔滨市
亿人风彩美发连锁机构(通达街店),通达街247号,"126.610558,45.744230",18746023932,黑龙江省,哈尔滨市,道里区,哈尔滨市
思旭造型,滇池东路753号,"126.549224,45.713713",[],黑龙江省,哈尔滨市,道里区,哈尔滨市
美丽风尚(安化街店),安化街75号安化北段社区85号,"126.618455,45.757547",[],黑龙江省,哈尔滨市,道里区,哈尔滨市
秀之缘美容美体美发,安达街与安固街交叉口东20米,"126.618265,45.760985",13936587071,黑龙江省,哈尔滨市,道里区,哈尔滨市
E造型(河松小区3期店),河松小区3期西北门东190米,"126.586552,45.748955",[],黑龙江省,哈尔滨市,道里区,哈尔滨市
骰子帝国barber shop,工农街道群力第四大道1333号远大商务公寓B座914室,"126.554863,45.738058",17645022904,黑龙江省,哈尔滨市,道里区,哈尔滨市
肆禧发型(工农大街店),工农大街68号鑫都丽水雅居,"126.578626,45.730816",[],黑龙江省,哈尔滨市,道里区,哈尔滨市
领衔时尚剪吧(河松小区1期店),河松小区105栋和106栋中间河松小学校门口,"126.579234,45.749907",13766885613,黑龙江省,哈尔滨市,道里区,哈尔滨市
亮·发型(远大购物中心群力店),群力第四大道1579号和泰广场F1层,"126.555214,45.737896",18704660509,黑龙江省,哈尔滨市,道里区,哈尔滨市
沐锦造型,安达街41号,"126.616310,45.761384",19526772919,黑龙江省,哈尔滨市,道里区,哈尔滨市
春丽美发,安祥街11-5号,"126.617211,45.756354",13904802235,黑龙江省,哈尔滨市,道里区,哈尔滨市
芳芳发廊,机场路与园兴路交叉口东北120米,"126.352532,45.639932",[],黑龙江省,哈尔滨市,道里区,哈尔滨市
格调发型连锁(达江小区店),顾乡四道街36号,"126.585619,45.738752",13263676661,黑龙江省,哈尔滨市,道里区,哈尔滨市
广庆美发造型,顾乡二道街33号,"126.587319,45.738002",15045061214,黑龙江省,哈尔滨市,道里区,哈尔滨市
沐阳造型(阳明小区家属区店),小建河街24号,"126.606584,45.752288",[],黑龙江省,哈尔滨市,道里区,哈尔滨市
欣欣烫染(民安小区店),大民兴街118号民安小区40栋6单元楼下,"126.615649,45.747569",13204516675,黑龙江省,哈尔滨市,道里区,哈尔滨市
迷尔发艺(河松小区2期店),松发街39号,"126.579308,45.746416",15124555734,黑龙江省,哈尔滨市,道里区,哈尔滨市
北美造型店,抚顺街305号,"126.617095,45.753006",[],黑龙江省,哈尔滨市,道里区,哈尔滨市
名人发型设计(工程街店),[],"126.601693,45.768941",13796027079,黑龙江省,哈尔滨市,道里区,哈尔滨市
由里专注男士发型设计,兴江南路9号,"126.567078,45.721123",13351618557,黑龙江省,哈尔滨市,道里区,哈尔滨市
大卫造型(欧洲新城佛罗伦萨雕塑花园店),新阳路欧洲新城小区巴塞罗纳C座四单元102门市,"126.605163,45.742445",13413035678,黑龙江省,哈尔滨市,道里区,哈尔滨市
星创造型,百合名苑东北门东南120米,"126.589049,45.735516",[],黑龙江省,哈尔滨市,道里区,哈尔滨市
开新便民美发,安发街47号吉星商住,"126.614681,45.756804",[],黑龙江省,哈尔滨市,道里区,哈尔滨市
ONE SALON(香坊万达店),民航路1-1号,"126.674666,45.741787",17603671268,黑龙江省,哈尔滨市,香坊区,哈尔滨市
INSI Hair Salon(香坊店),民航路11-1号,"126.674000,45.740521",17614509975,黑龙江省,哈尔滨市,香坊区,哈尔滨市
伊流小田HAIR SALON(三辅社区店),菜艺街24-2号,"126.683602,45.731922",13936188255,黑龙江省,哈尔滨市,香坊区,哈尔滨市
奈丝造型沙龙(乐松凯旋睦邻总店),哈平路哈平四道街2-8栋4号,"126.645999,45.718493",0451-82102948,黑龙江省,哈尔滨市,香坊区,哈尔滨市
情侣美业(电塔家园店),旭升街60号,"126.668762,45.711922",0451-86062323;13351003697,黑龙江省,哈尔滨市,香坊区,哈尔滨市
尤司男士国潮理发馆(哈尔滨乐松店),哈平路哈平四道街动源四道街2-8栋1层11号,"126.646123,45.718706",[],黑龙江省,哈尔滨市,香坊区,哈尔滨市
妃格形象设计(海格店),松海路30号,"126.682407,45.699269",0451-82911433,黑龙江省,哈尔滨市,香坊区,哈尔滨市
MEGA时尚潮男设计(凯旋店),哈平路2号凯旋新生活购物广场四楼,"126.646417,45.719990",0451-82151412,黑龙江省,哈尔滨市,香坊区,哈尔滨市
MUYE国潮男士·烫发·染发(乐松店),哈安街8号,"126.649664,45.718012",15636133616,黑龙江省,哈尔滨市,香坊区,哈尔滨市
吕鑫美发沙龙(幸福店),哈平路街道哈平路15号,"126.646881,45.718138",0451-82132118,黑龙江省,哈尔滨市,香坊区,哈尔滨市
INSI Hair Salon(乐松凯旋店),哈平路街道哈平路5号凯旋广场A座2801室,"126.646328,45.720211",13359875523;18145173689,黑龙江省,哈尔滨市,香坊区,哈尔滨市
秦先生的理发店,文景街3号,"126.647183,45.732324",13351996750,黑龙江省,哈尔滨市,香坊区,哈尔滨市
东尼造型(幸福路店),幸福路154号,"126.649686,45.717169",18504512140,黑龙江省,哈尔滨市,香坊区,哈尔滨市
私人定制美发沙龙(香顺街店),香顺街92-6号,"126.675569,45.731999",15245067896,黑龙江省,哈尔滨市,香坊区,哈尔滨市
高桥良剪,哈平路街道哈平路8号凯旋广场A座1705室,"126.646662,45.719905",13945674729,黑龙江省,哈尔滨市,香坊区,哈尔滨市
真沙廊美发沙龙(农大店),木材街47-1号,"126.725556,45.734143",18604602274,黑龙江省,哈尔滨市,香坊区,哈尔滨市
小龙·美业·烫染(哈平路乐松店),睦邻一期6-1门市,"126.645794,45.719522",13945075067,黑龙江省,哈尔滨市,香坊区,哈尔滨市
金子美业(凯旋广场东区店),哈平路街道哈平路2-6号凯旋新生活购物广场三楼,"126.646357,45.720189",17335780744,黑龙江省,哈尔滨市,香坊区,哈尔滨市
M先生美发沙龙(熙云府店),埠南路S1栋商服单元1层107号(华润置地·熙云府北1门东50米),"126.702577,45.720295",13945676884,黑龙江省,哈尔滨市,香坊区,哈尔滨市
Hi理好美发店,木材东街36-16号城东新居A区5栋1号,"126.726907,45.734197",17545592807,黑龙江省,哈尔滨市,香坊区,哈尔滨市
短发故事(幸福路店),幸福家园H栋5号门市,"126.648153,45.717176",[],黑龙江省,哈尔滨市,香坊区,哈尔滨市
乐唯发型,安埠街286号(安埠小区2期东南1门东南60米),"126.696570,45.728510",0451-57711586;17610468090,黑龙江省,哈尔滨市,香坊区,哈尔滨市
小齐发型Star-Salon(永泰城店),永昌路61号,"126.762417,45.715702",13125985582,黑龙江省,哈尔滨市,香坊区,哈尔滨市
古龙发艺(旭升街店),锅炉厂旭升街三力名居18号,"126.665885,45.707936",18245030175,黑龙江省,哈尔滨市,香坊区,哈尔滨市
缔三形象设计(万科智慧未来城店),进乡街副173-13号万科智慧未来城A区,"126.714375,45.692225",[],黑龙江省,哈尔滨市,香坊区,哈尔滨市
金剪子发艺(哈尔滨香坊区),永泰城三期永昌路91号,"126.761587,45.716023",0451-87235286;15245035406,黑龙江省,哈尔滨市,香坊区,哈尔滨市
头号主角美发(城东新居B区店),木材街城东新居b区2号楼,"126.725865,45.733066",15546119393,黑龙江省,哈尔滨市,香坊区,哈尔滨市
沐剪发艺,哈平路龙创睦邻一期1-12号门市,"126.645764,45.718091",13946142025,黑龙江省,哈尔滨市,香坊区,哈尔滨市
木派造型(增福店),轴承名苑北1门西80米,"126.693558,45.725701",18603616575,黑龙江省,哈尔滨市,香坊区,哈尔滨市
云美业(友缘小区店),幸福路100号友缘小区2号楼2号门市,"126.651257,45.716000",0451-82107088;0451-82112245;13684574948,黑龙江省,哈尔滨市,香坊区,哈尔滨市
领域形象设计室(延福街店),延福街112号,"126.699611,45.727123",13936445507,黑龙江省,哈尔滨市,香坊区,哈尔滨市
英仔美发,哈平路8号凯旋广场A栋1单元33楼06室,"126.646669,45.719901",15004544904,黑龙江省,哈尔滨市,香坊区,哈尔滨市
韩潮美发美甲,衡山路3-1号(省医院地铁站2号口步行90米),"126.677025,45.737881",18604601321,黑龙江省,哈尔滨市,香坊区,哈尔滨市
盘古发型·染发·烫发(安通街店),安通街24号(冬奥家园门对面),"126.689303,45.708612",13936444423,黑龙江省,哈尔滨市,香坊区,哈尔滨市
美格造型(果园街店),通天街道果园街154号,"126.704993,45.731789",15246634433,黑龙江省,哈尔滨市,香坊区,哈尔滨市
Meet遇见发型创造(铁路文政新区店),文治三道街36号,"126.645074,45.730155",15204671314,黑龙江省,哈尔滨市,香坊区,哈尔滨市
88潮牌美发连锁(释美艺术店),司徒街82-3号88,"126.679022,45.731694",15846800376,黑龙江省,哈尔滨市,香坊区,哈尔滨市
山屿形象设计,延福街98号,"126.700312,45.727287",19845487397,黑龙江省,哈尔滨市,香坊区,哈尔滨市
金迪烫染(三辅小区南区店),三辅街92-2号,"126.679803,45.732477",13115552095,黑龙江省,哈尔滨市,香坊区,哈尔滨市
星国际美发,农林街与文治三道街交叉口东2米,"126.642499,45.726106",13633682524,黑龙江省,哈尔滨市,香坊区,哈尔滨市
天淇美发沙龙,哈平路街道龙创睦邻7-8商铺,"126.646324,45.719347",18611660610,黑龙江省,哈尔滨市,香坊区,哈尔滨市
奥丽娜美容美发工作室(苏顺社区店),延福街159-11号,"126.699310,45.728086",13664503879,黑龙江省,哈尔滨市,香坊区,哈尔滨市
态度造型专业烫染(立汇·美罗湾二期店),拥军路76号立汇美罗湾b18栋,"126.689635,45.688590",13836130296,黑龙江省,哈尔滨市,香坊区,哈尔滨市
有漾 UYoung hair salon,化工路4号,"126.732789,45.729015",19586027189,黑龙江省,哈尔滨市,香坊区,哈尔滨市
大龙造型,六顺街道三辅三道街56-33,"126.685181,45.736067",13199328456,黑龙江省,哈尔滨市,香坊区,哈尔滨市
伊铭发艺(公滨小区店),新成街道珠江路0428号,"126.712463,45.733952",18245166118,黑龙江省,哈尔滨市,香坊区,哈尔滨市
伍木国潮男士理发馆,龙创睦邻小区二期4号楼02号商铺(哈平六道街),"126.641602,45.717603",13069639101,黑龙江省,哈尔滨市,香坊区,哈尔滨市
梵西形象设计(香坊金域悦府店),万科金域悦府一号地19-05,"126.684672,45.691940",13030099465,黑龙江省,哈尔滨市,香坊区,哈尔滨市
漫·美发沙龙,司徒街101号(省医院地铁站1号口步行110米),"126.677502,45.736286",18745197628,黑龙江省,哈尔滨市,香坊区,哈尔滨市
轻奢美发沙龙,汉水路120号闽江小学对面,"126.700913,45.744169",13100975592,黑龙江省,哈尔滨市,香坊区,哈尔滨市
壹视觉专业美发沙龙(中山名苑店),香安街90号中山路与香安街口(省医院对面),"126.675927,45.728857",13936577347;15546119876,黑龙江省,哈尔滨市,香坊区,哈尔滨市
春之潮美容染烫沙龙,民航路副6-4号(省医院地铁站2号口步行390米),"126.675199,45.739375",0451-88880997;15045096695,黑龙江省,哈尔滨市,香坊区,哈尔滨市
沐尚造型(乐松购物广场店),三大动力路8号乐松广场4F层,"126.648525,45.719675",[],黑龙江省,哈尔滨市,香坊区,哈尔滨市
壹柒1Seven·漂发·染发·烫发(凯旋广场店),哈平路2号壹柒美发沙龙凯旋新生活购物广场二层,"126.646768,45.720348",13895722554,黑龙江省,哈尔滨市,香坊区,哈尔滨市
嘉尔男士发型,启智路36号四季芳洲,"126.633418,45.705230",17645451484,黑龙江省,哈尔滨市,香坊区,哈尔滨市
爆米花儿童美发乐园(乐松店),三大动力路8号乐松广场4F层,"126.649325,45.719225",[],黑龙江省,哈尔滨市,香坊区,哈尔滨市
简一造型,军立街112号,"126.690915,45.692786",18346121020,黑龙江省,哈尔滨市,香坊区,哈尔滨市
古造型美业沙龙(三合园小区店),三合路433-1号,"126.657242,45.698415",13895770657,黑龙江省,哈尔滨市,香坊区,哈尔滨市
凡森专业美发沙龙(永泰城店),永泰城永兴路32号,"126.765241,45.716448",13204620989,黑龙江省,哈尔滨市,香坊区,哈尔滨市
乔治V-CLUB发型连锁机构,香坊区永泰城永昌路41号,"126.763053,45.715601",0451-87236441,黑龙江省,哈尔滨市,香坊区,哈尔滨市
靓点发艺美容,香滨路22号,"126.669100,45.730125",13897584586,黑龙江省,哈尔滨市,香坊区,哈尔滨市
一辰造型(汇龙拾光里店),化轴路与农场街交叉口东220米,"126.699308,45.721078",15303660515,黑龙江省,哈尔滨市,香坊区,哈尔滨市
AE造型(289店),民生路126-1号,"126.658005,45.736304",[],黑龙江省,哈尔滨市,香坊区,哈尔滨市
小杰造型工作室(香坊店),汇雄时代七号楼32楼3202,"126.689819,45.725143",15046097606,黑龙江省,哈尔滨市,香坊区,哈尔滨市
艾尚形象设计(香坊店),恒大御景湾一期8栋110号,"126.680776,45.701604",15245134401,黑龙江省,哈尔滨市,香坊区,哈尔滨市
你好色彩·美甲·美睫(乐松店),哈平路街道哈平路8号凯旋广场A栋1305室,"126.646611,45.719901",17600998885,黑龙江省,哈尔滨市,香坊区,哈尔滨市
Tata热发型(林大店),农林街16号农林小区,"126.644806,45.724476",[],黑龙江省,哈尔滨市,香坊区,哈尔滨市
阿龙华专业造型(香木小区店),香顺街22号,"126.678505,45.724942",13654651244,黑龙江省,哈尔滨市,香坊区,哈尔滨市
氧发堂植物染发,民生三道街35-2号,"126.651884,45.735923",0451-51531616,黑龙江省,哈尔滨市,香坊区,哈尔滨市
美丽盼烫染连锁(黑龙江省政府司法厅家属楼店),民生路街道民生东七道街19-2号,"126.665972,45.732879",13766885726,黑龙江省,哈尔滨市,香坊区,哈尔滨市
独品造型,升永街96号(公滨路地铁站3A口步行490米),"126.694632,45.728651",15145105439,黑龙江省,哈尔滨市,香坊区,哈尔滨市
漾婕美业,通天街130号1层,"126.700410,45.728569",13351802817,黑龙江省,哈尔滨市,香坊区,哈尔滨市
柒月造型(四季印像B区店),文景街41号,"126.648575,45.733946",18522110438,黑龙江省,哈尔滨市,香坊区,哈尔滨市
明星·瑞拉形象设计(东北农业大学南区公寓店),东北农业大学离退休工作处南门旁,"126.723534,45.736548",18004615444,黑龙江省,哈尔滨市,香坊区,哈尔滨市
古龙发艺(旭升南街店),香坊大街街道锅炉厂旭升南街122号,"126.660897,45.696131",18545522027,黑龙江省,哈尔滨市,香坊区,哈尔滨市
浪潮发秀(珠江俊景店),珠江路副0341-3号,"126.711270,45.734365",18246856148,黑龙江省,哈尔滨市,香坊区,哈尔滨市
素然美容美发会所(龙创睦邻二期店),龙创睦邻南区南门东南220米,"126.644123,45.716670",13936623910;18646370811,黑龙江省,哈尔滨市,香坊区,哈尔滨市
明朗美发沙龙,哈平路31号,"126.646278,45.717497",18246146665,黑龙江省,哈尔滨市,香坊区,哈尔滨市
时尚美发美肤沙龙(香坊店),和平路41号,"126.650775,45.723775",13936623910;13946185998;18646370811,黑龙江省,哈尔滨市,香坊区,哈尔滨市
MEISHANG美尚美容·美发(公滨小区店),清华街35号,"126.712027,45.733858",13704845859,黑龙江省,哈尔滨市,香坊区,哈尔滨市
米奇尔专业美发沙龙(安埠街店),安埠街298-5号,"126.695705,45.728368",18646123394,黑龙江省,哈尔滨市,香坊区,哈尔滨市
吉米造型,香坊区哈尔滨哈东万达一期三号楼6号门市88/1吉米造型,"126.762267,45.715241",15636574456,黑龙江省,哈尔滨市,香坊区,哈尔滨市
好心情造型(小徐店),新联草街19-20号附近,"126.675018,45.706474",15004682740,黑龙江省,哈尔滨市,香坊区,哈尔滨市
爱业美容美发(大庆副路店),大庆辅路副30号,"126.669817,45.712357",[],黑龙江省,哈尔滨市,香坊区,哈尔滨市
越克发型设计,龙创睦邻二期北门东80米,"126.644402,45.717741",[],黑龙江省,哈尔滨市,香坊区,哈尔滨市
青丝秀造型,松景路102号恒大御景湾小区F3栋1-2层12号,"126.680053,45.702662",13104587021,黑龙江省,哈尔滨市,香坊区,哈尔滨市
大海造型,哈平路远大都市绿洲二期20栋,"126.645693,45.703770",13603655597,黑龙江省,哈尔滨市,香坊区,哈尔滨市
阿泽发型工作室,汉水路167号阿泽发型工作室,"126.701968,45.744209",15104658333,黑龙江省,哈尔滨市,香坊区,哈尔滨市
颜艺术造型,司徒街114号,"126.677683,45.734998",15645677300,黑龙江省,哈尔滨市,香坊区,哈尔滨市
新时代发型沙龙(分店),菜艺街47-1号,"126.684247,45.731862",0451-55622233;13604886947,黑龙江省,哈尔滨市,香坊区,哈尔滨市
点点发艺(四史街店),六顺街道四史街50号,"126.679870,45.733351",18245082356,黑龙江省,哈尔滨市,香坊区,哈尔滨市
短发故事(城东新居D区店),团结街28号,"126.725174,45.731669",18145622321;18246047800,黑龙江省,哈尔滨市,香坊区,哈尔滨市
楠哲烫染,哈平路街道凯旋广场西区C栋动源三道街9号门市,"126.644917,45.720090",15124552370,黑龙江省,哈尔滨市,香坊区,哈尔滨市
雨薇发型设计(香木小区店),香坊大街香顺街8号,"126.678620,45.724647",13766826577;18204607555,黑龙江省,哈尔滨市,香坊区,哈尔滨市
艺剪美容美发会馆(海富·山水文园南区店),旭升南街174号,"126.661352,45.693552",15546182616,黑龙江省,哈尔滨市,香坊区,哈尔滨市
领航国际美容美发会馆(东方玫瑰园店),军立街56号,"126.693913,45.694384",13766877724,黑龙江省,哈尔滨市,香坊区,哈尔滨市
东辉造型,[],"126.644442,45.730081",13644570674,黑龙江省,哈尔滨市,香坊区,哈尔滨市
莹鑫造型美发店,通天街道果园街140号建德小区19栋,"126.704746,45.730962",18045170278,黑龙江省,哈尔滨市,香坊区,哈尔滨市
商服东尚美发(万象上东店),民生路120号万象上东F座,"126.661860,45.733505",0451-87733777;15145084346,黑龙江省,哈尔滨市,香坊区,哈尔滨市
尚美造型(文和家园店),民生路街道文瑞街2号,"126.654404,45.738331",14745169037,黑龙江省,哈尔滨市,香坊区,哈尔滨市
墨辰形象设计(立汇·美罗湾三期店),军立街立汇美罗湾三期正门口C10栋1层7号,"126.689198,45.691888",15154279623;17645042351,黑龙江省,哈尔滨市,香坊区,哈尔滨市
尚格造型·美发沙龙(香坊区),三辅街副106号,"126.678227,45.732112",16603646464,黑龙江省,哈尔滨市,香坊区,哈尔滨市
红阳形象烫染(顺水小区店),新地街102号,"126.688677,45.733531",13613615970,黑龙江省,哈尔滨市,香坊区,哈尔滨市
盘古造型(哈平路店),哈平路街道哈平路远大都市绿洲保健路25号,"126.645281,45.703307",15145083211,黑龙江省,哈尔滨市,香坊区,哈尔滨市
梵古造型(六顺街店),六顺街道六顺街3号,"126.684241,45.736153",13703609764,黑龙江省,哈尔滨市,香坊区,哈尔滨市
阿刚烫染(巴黎广场西区店),和平路15-2号巴黎广场西区,"126.651207,45.721681",[],黑龙江省,哈尔滨市,香坊区,哈尔滨市
三木烫染美发造型工作室,和兴路45-1号,"126.642811,45.723929",18646078131,黑龙江省,哈尔滨市,香坊区,哈尔滨市
领秀造型(旗舰店),军民街102-4号立汇美罗湾一期,"126.694634,45.689039",17604660610,黑龙江省,哈尔滨市,香坊区,哈尔滨市
A迪形象工作室(城东新居B区店),木材街39号,"126.725407,45.733437",13059023776,黑龙江省,哈尔滨市,香坊区,哈尔滨市
明星烫染造型(春江家园一期店),乐园街72号春江家园一期,"126.652790,45.717430",13945133317,黑龙江省,哈尔滨市,香坊区,哈尔滨市
艺丝道造型(哈量新区店),民生路街道文化街1410号哈量新区34栋29号,"126.652199,45.736271",18003608973,黑龙江省,哈尔滨市,香坊区,哈尔滨市
茗朗美发,和祥路8号,"126.665074,45.730018",0451-87970858,黑龙江省,哈尔滨市,香坊区,哈尔滨市
OT star salon,恒大御景湾一期,"126.681202,45.702069",18500486282,黑龙江省,哈尔滨市,香坊区,哈尔滨市
优咪美发沙龙工作室(汇雄时代店),红旗大街香坊大街交口汇雄时代F15层11门,"126.689850,45.725120",13633634324,黑龙江省,哈尔滨市,香坊区,哈尔滨市
长毛怪理发店(乐松购物广场店),哈平路街道三大动力路8号乐松广场三楼,"126.648842,45.719319",13946183360,黑龙江省,哈尔滨市,香坊区,哈尔滨市
手艺人(果园街店),果园街33-8号,"126.705056,45.727690",13946089949,黑龙江省,哈尔滨市,香坊区,哈尔滨市
有时美业YOURS BEAUTY,哈平路睦邻1号楼7号商服,"126.645566,45.717882",18745723133,黑龙江省,哈尔滨市,香坊区,哈尔滨市
波美场造型(海富·山水文园南区店),旭升南街208-2-7号,"126.661412,45.691099",18745777247,黑龙江省,哈尔滨市,香坊区,哈尔滨市
凯撒造型(香江月店),菜艺街81号,"126.683869,45.732620",15045090155,黑龙江省,哈尔滨市,香坊区,哈尔滨市
喜理形象设计(置信·澜悦东方店),松海路澜悦东方亮写字楼一层门市114,"126.675992,45.700119",17745195626;18345018179,黑龙江省,哈尔滨市,香坊区,哈尔滨市
创格造型,东北林业大学科技楼西南门东280米,"126.643410,45.723662",15846567438,黑龙江省,哈尔滨市,香坊区,哈尔滨市
张强头领美发,成高子镇成高子大街45号,"126.838387,45.702291",[],黑龙江省,哈尔滨市,香坊区,哈尔滨市
依诺造型(万科智慧未来城店),万科智慧未来城一期临街右侧A13-5门市,"126.714820,45.692601",15145020909,黑龙江省,哈尔滨市,香坊区,哈尔滨市
艺生美业烫染工作室(永泰城3期店),香福路53号永泰城三期永昌路1号12号楼2单元102,"126.765027,45.715259",18704666510;18946115560,黑龙江省,哈尔滨市,香坊区,哈尔滨市
越公馆潮牌造型(城东新居店),木材东街38-3号,"126.727204,45.734413",13115518708,黑龙江省,哈尔滨市,香坊区,哈尔滨市
佳艺美发沙龙(安埠小区南区店),安埠小区(114栋17号)佳艺美发沙龙咸宜街6873路终点站,"126.696333,45.724841",13206660516,黑龙江省,哈尔滨市,香坊区,哈尔滨市
Surprise惊喜美发沙龙(星光家属小区店),大庆副路22-2号,"126.670521,45.712111",16720035999,黑龙江省,哈尔滨市,香坊区,哈尔滨市
理享专业烫染,松景路恒大御景湾二期底商F6栋105号房,"126.680459,45.702943",18646172249,黑龙江省,哈尔滨市,香坊区,哈尔滨市
小野造型,民生路街道民生三道街17号悦达民生国际A区商服14号1-2层,"126.653075,45.737425",[],黑龙江省,哈尔滨市,香坊区,哈尔滨市
晓波发艺,司徒亍副40号,"126.680926,45.726456",0451-55660806,黑龙江省,哈尔滨市,香坊区,哈尔滨市
卓简美发沙龙(乐松广场店),鸿福街22号,"126.647665,45.716805",17604514888,黑龙江省,哈尔滨市,香坊区,哈尔滨市
大湿美发(恒大御景湾一期店),松海路保健路松兰街菅草街恒大御景湾一号楼底商121,"126.679971,45.700632",13352510419,黑龙江省,哈尔滨市,香坊区,哈尔滨市
阿力形象设计中心,万象上东F栋,"126.662608,45.733674",18346172581,黑龙江省,哈尔滨市,香坊区,哈尔滨市
赛尚S.SALON(安居社区店),幸福镇公滨路德强学校院内安居社区20号楼一门,"126.739120,45.720264",15645662366,黑龙江省,哈尔滨市,香坊区,哈尔滨市
小波造型(民香小区店),民生路40号民生东六道街15号,"126.668019,45.732404",15846629640,黑龙江省,哈尔滨市,香坊区,哈尔滨市
艾伦造型(司徒街店),司徒街22号,"126.681673,45.724749",15244625083,黑龙江省,哈尔滨市,香坊区,哈尔滨市
武艺发型设计(城东新居A区店),木材街55-9城东新居A1号楼5号商服,"126.726136,45.734777",15663803359,黑龙江省,哈尔滨市,香坊区,哈尔滨市
潇洒美发沙龙专业烫染(民吉街店),永吉小区民吉街29号,"126.694025,45.731925",13945003452,黑龙江省,哈尔滨市,香坊区,哈尔滨市
沐楠造型(家园新城店),果园街20号家园新城,"126.704907,45.724945",15545345121,黑龙江省,哈尔滨市,香坊区,哈尔滨市
正佳美容美发养生会馆(龙府家园店),王兆街道哈市香坊区王兆街49-3号,"126.637628,45.730152",0451-82112888;0451-89687155,黑龙江省,哈尔滨市,香坊区,哈尔滨市
众美发型工作室(四史街),四史街42号,"126.680413,45.733469",13903664399,黑龙江省,哈尔滨市,香坊区,哈尔滨市
约瑟发艺,东北林业大学校内家属楼18栋一单元,"126.637019,45.719011",18503664370,黑龙江省,哈尔滨市,香坊区,哈尔滨市
爱上专业美发(香坊店),小北屯小区8栋1层2号,"126.670702,45.731486",13069885269;18204503215,黑龙江省,哈尔滨市,香坊区,哈尔滨市
奥姿造型,珠江路099号(珠江路地铁站4号口步行270米),"126.697020,45.736266",18610373545,黑龙江省,哈尔滨市,香坊区,哈尔滨市
妃格美业(乐松店),三大动力路37号乐松广场住宅,"126.649610,45.717887",[],黑龙江省,哈尔滨市,香坊区,哈尔滨市
艺彩造型,农林街16号农林小区,"126.646289,45.723847",15004656920,黑龙江省,哈尔滨市,香坊区,哈尔滨市
哈尼造型(顺水小区店),六顺街道新地街64号,"126.689235,45.733435",15776771888,黑龙江省,哈尔滨市,香坊区,哈尔滨市
阿楠造型(融创城二期店),融创城二期西北门东南100米,"126.698395,45.678796",[],黑龙江省,哈尔滨市,香坊区,哈尔滨市
楽一Hair Salon(乐松店),哈平路街道乐松小区4号楼驿站旁,"126.648052,45.718620",13717724176,黑龙江省,哈尔滨市,香坊区,哈尔滨市
国辉美容美发会馆(远大都市绿洲1期店),哈平路远大都市绿洲一期12栋2号门市,"126.647399,45.701275",18245027501;18646011857,黑龙江省,哈尔滨市,香坊区,哈尔滨市
佳剪尘除艺术造型,安埠街249号,"126.697432,45.729032",18346194093,黑龙江省,哈尔滨市,香坊区,哈尔滨市
非剪不可(哈尔滨香坊区),新中街5-9号,"126.703891,45.739991",18245109593,黑龙江省,哈尔滨市,香坊区,哈尔滨市
韩喜造型,珠江路0322号(南直路地铁站3号口步行150米),"126.707145,45.734623",15244668847,黑龙江省,哈尔滨市,香坊区,哈尔滨市
维度美容美发形象设计(海富·山水文园北区店),三合路481号(山水文园一期底商),"126.657185,45.696418",15114512214,黑龙江省,哈尔滨市,香坊区,哈尔滨市
小杰美发(果园星城店),安埠街131号,"126.702569,45.729336",13836106830,黑龙江省,哈尔滨市,香坊区,哈尔滨市
土木造型,和平路街道香滨路10-2号,"126.668613,45.729511",13796658833,黑龙江省,哈尔滨市,香坊区,哈尔滨市
唐人造型(六顺街店),六顺街118-1号,"126.678979,45.734772",13766883622,黑龙江省,哈尔滨市,香坊区,哈尔滨市
789专业烫染(珠江俊景店),珠江路0335号朝一中后身,"126.710305,45.734510",[],黑龙江省,哈尔滨市,香坊区,哈尔滨市
海洋发艺(司徒街店),司徒街118-1号,"126.677573,45.735010",18045107716,黑龙江省,哈尔滨市,香坊区,哈尔滨市
DH发型设计,安埠街254号,"126.697399,45.728629",18646572599,黑龙江省,哈尔滨市,香坊区,哈尔滨市
奇技剪业(东电里小区店),红旗大街副48-20号,"126.688513,45.726804",18745105153,黑龙江省,哈尔滨市,香坊区,哈尔滨市
小七.造型(中润旭升小区店),旭升街125号,"126.671183,45.714168",13240331200,黑龙江省,哈尔滨市,香坊区,哈尔滨市
阿楠造型(三辅街店),三辅花园小区北区南门西南90米,"126.679501,45.732483",18646633987,黑龙江省,哈尔滨市,香坊区,哈尔滨市
小亮美发形象设计(汇龙·十九街区店),军民街19-8-5号,"126.694372,45.686765",13214616100,黑龙江省,哈尔滨市,香坊区,哈尔滨市
名爵发型设计(安埠小区二期店),安埠小区2期东南门旁,"126.696572,45.728844",15145071121,黑龙江省,哈尔滨市,香坊区,哈尔滨市
好来亿美业(铁路文政新区店),铁路文政新区23栋9号,"126.644028,45.730871",[],黑龙江省,哈尔滨市,香坊区,哈尔滨市
匠人美发沙龙(三辅店),三辅街184号,"126.670966,45.730634",15774612444,黑龙江省,哈尔滨市,香坊区,哈尔滨市
尚美造型(珑瑞小区西区店),香坊大街162-9号,"126.679281,45.723513",15244624052,黑龙江省,哈尔滨市,香坊区,哈尔滨市
丝梵美发工作室(新松未来ONE店),新松未来ONE4号楼门市,"126.768552,45.743373",17107071000;17645177973,黑龙江省,哈尔滨市,香坊区,哈尔滨市
董军美发125店(和祥路店),和祥路126号(中北春城三期5号门),"126.659715,45.730251",[],黑龙江省,哈尔滨市,香坊区,哈尔滨市
太古美容美发工作室(哈轴职工建北小区南区店),香坊大街街道建北街14-2号,"126.695782,45.736452",13329311081,黑龙江省,哈尔滨市,香坊区,哈尔滨市
迦美美容美发洗脸吧(城东新居C区店),木材东街51号城东新居C区1栋,"126.727564,45.733145",[],黑龙江省,哈尔滨市,香坊区,哈尔滨市
Vision-造型接发专业店,凯旋广场东区,"126.646010,45.719785",[],黑龙江省,哈尔滨市,香坊区,哈尔滨市
一梦发艺(招商·诺丁山二期店),招商诺丁山二期北1门旁,"126.710411,45.689432",15145100953,黑龙江省,哈尔滨市,香坊区,哈尔滨市
轻丝美发,四史街55-4号(省医院地铁站1号口步行470米),"126.678124,45.733130",13624608156,黑龙江省,哈尔滨市,香坊区,哈尔滨市
佳慧造型(香江月店),菜艺街79号,"126.682498,45.734395",18645080583,黑龙江省,哈尔滨市,香坊区,哈尔滨市
沙轩造型(菜艺街店),菜艺街8号,"126.684890,45.728835",[],黑龙江省,哈尔滨市,香坊区,哈尔滨市
玖久美发,香顺街83-3#,"126.677175,45.734375",13045327286,黑龙江省,哈尔滨市,香坊区,哈尔滨市
叁月造型美发店,万科智慧未来城S2-5商服,"126.715220,45.693042",15846628663,黑龙江省,哈尔滨市,香坊区,哈尔滨市
奈思造型(中润旭升小区店),旭升街119号,"126.671029,45.713971",18346539816,黑龙江省,哈尔滨市,香坊区,哈尔滨市
小影秀发沙龙,旭升街111号,"126.671072,45.714034",0451-87966653;15204668133,黑龙江省,哈尔滨市,香坊区,哈尔滨市
华羽造型(香康小区南区店),公滨路591-2号(香康小区南区南门西90米),"126.672498,45.725842",[],黑龙江省,哈尔滨市,香坊区,哈尔滨市
知己发型,汇智五洲城五期20栋k01门市,"126.783265,45.748385",17611141513,黑龙江省,哈尔滨市,香坊区,哈尔滨市
喜理HAIR SALON,通天街80号(与延福街交叉口),"126.700679,45.727123",18646541005,黑龙江省,哈尔滨市,香坊区,哈尔滨市
拾理造型,果园街129号,"126.704645,45.730515",13946113807,黑龙江省,哈尔滨市,香坊区,哈尔滨市
爱美丽美发中心,红旗大街259号博大公寓3楼301室,"126.695670,45.743414",15636095085,黑龙江省,哈尔滨市,香坊区,哈尔滨市
华慕丝美发(金瑞林城3期店),金瑞林城三期S2-7商服,"126.692749,45.705748",13644519337,黑龙江省,哈尔滨市,香坊区,哈尔滨市
嘉鑫造型,通天街132号,"126.700316,45.728576",13936943987,黑龙江省,哈尔滨市,香坊区,哈尔滨市
小亮造型(白毛小区店),香坊区轴承街26号,"126.686554,45.721971",15776654735,黑龙江省,哈尔滨市,香坊区,哈尔滨市
10元精剪(民生路比优特),民生国际B区,"126.654054,45.737212",[],黑龙江省,哈尔滨市,香坊区,哈尔滨市
金金波发型设计工作室(文治家园店),文治二道街1-11号,"126.644815,45.727454",18845722638,黑龙江省,哈尔滨市,香坊区,哈尔滨市
聚星造型,军民街立汇美罗湾一期A10栋12号,"126.694038,45.688414",[],黑龙江省,哈尔滨市,香坊区,哈尔滨市
洋宇美发(珠江香城西区北院店),珠江香城西区北院南1门西50米,"126.697538,45.736175",17171789456,黑龙江省,哈尔滨市,香坊区,哈尔滨市
HI理好理发店,万科智慧未来城B区,"126.715517,45.692428",18201649964,黑龙江省,哈尔滨市,香坊区,哈尔滨市
国色天香GS造型美发美甲美睫美容(果园星城A区店),安埠街133号,"126.702574,45.729188",13613631565,黑龙江省,哈尔滨市,香坊区,哈尔滨市
红头绳发室(安埠示范小区店),咸宜街59号,"126.696987,45.725132",18246053531,黑龙江省,哈尔滨市,香坊区,哈尔滨市
丝梵美发沙龙(华润紫云府店),松景路1-9紫云府1期,"126.682117,45.701794",17758829977,黑龙江省,哈尔滨市,香坊区,哈尔滨市
炫尚烫染,电教街与电机街交叉口东南20米,"126.655582,45.712268",13604811227;15046001662,黑龙江省,哈尔滨市,香坊区,哈尔滨市
鹏派时尚造型(中北春城3期店),香滨路4号中北春城3期55号楼,"126.659389,45.729766",17122275999,黑龙江省,哈尔滨市,香坊区,哈尔滨市
琳雅轩形象设计,57-4(湘江路地铁站3号口步行330米),"126.697785,45.740718",15124661051,黑龙江省,哈尔滨市,香坊区,哈尔滨市
小杰发型设计(哈量分厂小区店),哈量分厂小区西门东北190米,"126.646602,45.717943",18345068424,黑龙江省,哈尔滨市,香坊区,哈尔滨市
指舞云端美发店,文景二道街62号,"126.650512,45.732527",15846522272,黑龙江省,哈尔滨市,香坊区,哈尔滨市
东泽造型烫染(香中小区店),中山路15号香中小区,"126.677547,45.723953",18646010715,黑龙江省,哈尔滨市,香坊区,哈尔滨市
方格子造型设计(果园星城B区店),安埠街120号,"126.701919,45.729014",15104695344,黑龙江省,哈尔滨市,香坊区,哈尔滨市
龙鑫美发美甲店,哈安街14号,"126.649744,45.718093",13766816570,黑龙江省,哈尔滨市,香坊区,哈尔滨市
美秀阁专业烫染,王兆街道65号龙鑫家园2号楼,"126.638899,45.732096",13836196361,黑龙江省,哈尔滨市,香坊区,哈尔滨市
晨艺美发(海富·山水文园南区店),香遂路57号晨艺美发,"126.659628,45.690244",13384529407,黑龙江省,哈尔滨市,香坊区,哈尔滨市
宇航形象设计,六顺街道香滨路55号,"126.670925,45.731825",15776625704,黑龙江省,哈尔滨市,香坊区,哈尔滨市
十元快剪(万达广场店),香福路52号万达广场(哈尔滨哈东店),"126.760760,45.717125",15998674080,黑龙江省,哈尔滨市,香坊区,哈尔滨市
木村造型(大庆副路店),大庆副路122号木村造型,"126.654219,45.717616",13895708244,黑龙江省,哈尔滨市,香坊区,哈尔滨市
丝艺造型(城东新居B区店),木材街城东新居b区4号七栋门市,"126.725649,45.732393",18045064905,黑龙江省,哈尔滨市,香坊区,哈尔滨市
志明造型,安埠小区二期(公滨路地铁站3A口步行490米),"126.694935,45.728792",0451-55550017;15245016679,黑龙江省,哈尔滨市,香坊区,哈尔滨市
小超烫染美发工作室,和兴路37号,"126.643527,45.723618",18745051233,黑龙江省,哈尔滨市,香坊区,哈尔滨市
亦艺造型,珠江路0125号,"126.698161,45.736148",13045199614,黑龙江省,哈尔滨市,香坊区,哈尔滨市
唯茵造型(祥和家园店),军立街与进乡街交叉口东北100米,"126.696684,45.696070",13936282308,黑龙江省,哈尔滨市,香坊区,哈尔滨市
发彩美业(联草小区店),新联草街132-134号,"126.673534,45.707181",0451-87965588;15045070119;15603660033,黑龙江省,哈尔滨市,香坊区,哈尔滨市
唐诗美业,永昌路96号,"126.762070,45.715509",18182807275,黑龙江省,哈尔滨市,香坊区,哈尔滨市
首艺烫染美甲美睫(三合园小区南区店),三合园小区-南区西门旁,"126.657168,45.698849",13074512805;13895772081,黑龙江省,哈尔滨市,香坊区,哈尔滨市
One M美发沙龙,民生三道街与文景二道街交叉口东北60米,"126.649525,45.734454",17645170735,黑龙江省,哈尔滨市,香坊区,哈尔滨市
伊丽剪吧(建成家园店),泰山路66-1号,"126.702858,45.740239",[],黑龙江省,哈尔滨市,香坊区,哈尔滨市
薇瑜伽·普拉提工作室,安乐街道体育街15号运动员公寓一单元0402室,"126.652008,45.723896",17645129293,黑龙江省,哈尔滨市,香坊区,哈尔滨市
臻妍美容工作室,凯旋广场东区,"126.646010,45.719785",[],黑龙江省,哈尔滨市,香坊区,哈尔滨市
小媛姐美甲美睫工作室,恒大时代广场一期15栋二单元101,"126.749013,45.718545",18045081018,黑龙江省,哈尔滨市,香坊区,哈尔滨市
悦禾美妆工作室(珠江名府店),珠江路027号(2号线3地铁口出口),"126.690884,45.737215",15145033678,黑龙江省,哈尔滨市,香坊区,哈尔滨市
丝宇专业美发(果园小区店),果园街23-7号,"126.705206,45.726363",[],黑龙江省,哈尔滨市,香坊区,哈尔滨市
新艺专业烫染店,民航路24号新艺专业烫染,"126.672937,45.739481",13039991824;13039993971,黑龙江省,哈尔滨市,香坊区,哈尔滨市
婷婷美发工作室(果园星城D区店),安埠街86号,"126.705611,45.729188",18745807766,黑龙江省,哈尔滨市,香坊区,哈尔滨市
湖北美发(司徒街店),司徒街94号(省医院地铁站1号口步行430米),"126.678374,45.733350",13633666545,黑龙江省,哈尔滨市,香坊区,哈尔滨市
季风专业美发(华润紫云府店),通乡街道松海路星河路紫云府一期正门2-3号门市,"126.681048,45.701333",13244562726,黑龙江省,哈尔滨市,香坊区,哈尔滨市
雅致美发,三辅街141号,"126.671714,45.731111",13684614729,黑龙江省,哈尔滨市,香坊区,哈尔滨市
方虹美发,星光二新街20-1,"126.674998,45.705586",[],黑龙江省,哈尔滨市,香坊区,哈尔滨市
颜之有理,农林街38号,"126.644240,45.725340",18686717616,黑龙江省,哈尔滨市,香坊区,哈尔滨市
铭轩造型(菜艺小区店),六顺街25号,"126.683661,45.736028",15146004204,黑龙江省,哈尔滨市,香坊区,哈尔滨市
真沙廊美发沙龙(远创店),公滨路95-5号远创越府16栋24商服,"126.731943,45.729028",13009847175,黑龙江省,哈尔滨市,香坊区,哈尔滨市
玖艺美发沙龙(新松·茂樾山1期店),新松茂樾山一期7号楼1层5号,"126.765198,45.743390",18646382567,黑龙江省,哈尔滨市,香坊区,哈尔滨市
艺廊美发(万象上东店),万象上东C栋1-2层,"126.660735,45.734497",13703640182,黑龙江省,哈尔滨市,香坊区,哈尔滨市
领航品牌烫染造型店(三合路店),三合路355-6号,"126.658733,45.701791",13054262369,黑龙江省,哈尔滨市,香坊区,哈尔滨市
阿森发型设计(苏顺社区店),通天街124号,"126.700346,45.728408",13613604137,黑龙江省,哈尔滨市,香坊区,哈尔滨市
秋秋美容美发(顺水小区店),顺水街27号(公滨路地铁站1号口步行420米),"126.688420,45.732777",18045378887,黑龙江省,哈尔滨市,香坊区,哈尔滨市
洋洋发吧,五叙街附37-8(省医院地铁站1号口步行440米),"126.677327,45.733833",13199560231,黑龙江省,哈尔滨市,香坊区,哈尔滨市
文文美发烫染(果园星城B区店),安埠街198号,"126.699412,45.728898",18724519491,黑龙江省,哈尔滨市,香坊区,哈尔滨市
乐乐美发店,远香街与西骑兵街交叉口北40米,"126.670757,45.728283",[],黑龙江省,哈尔滨市,香坊区,哈尔滨市
嘉男形象设计,新松璟荟祥府E区,"126.763436,45.736722",17096372345,黑龙江省,哈尔滨市,香坊区,哈尔滨市
海燕美发沙龙(星光街店),新联草街100一5号,"126.673300,45.708320",13836015235;19845023237,黑龙江省,哈尔滨市,香坊区,哈尔滨市
时尚美发,尚东辉煌城22号楼3单元103,"126.764513,45.756421",16645181707,黑龙江省,哈尔滨市,香坊区,哈尔滨市
尚艺造型(金香中路店),金香北路会展城上城四期14号门市,"126.773365,45.750767",13206586603,黑龙江省,哈尔滨市,香坊区,哈尔滨市
大S美发沙龙(东北林业大学店),东北林业大学36栋1单元101室,"126.638740,45.718123",13796074369,黑龙江省,哈尔滨市,香坊区,哈尔滨市
海慕美发沙龙,安埠街374-1号海慕美发沙龙,"126.692849,45.727765",15246566792,黑龙江省,哈尔滨市,香坊区,哈尔滨市
鑫雨美发(民生路店),民生路街道民生路233号,"126.655825,45.737556",13936565552,黑龙江省,哈尔滨市,香坊区,哈尔滨市
派森美发沙龙(恒大时代广场1期店),恒大时代广场一期s2-14号门市,"126.752482,45.719026",13766829232,黑龙江省,哈尔滨市,香坊区,哈尔滨市
大权剪业(三辅街店),三辅街126号,"126.677169,45.731924",15245176733,黑龙江省,哈尔滨市,香坊区,哈尔滨市
木美造型(民生东六道街店),民生东六道街17号,"126.667625,45.732325",13946145233,黑龙江省,哈尔滨市,香坊区,哈尔滨市
湖北真真美发,六顺街139-1号,"126.677149,45.734673",[],黑龙江省,哈尔滨市,香坊区,哈尔滨市
鸿飞美容美发(格兰云天A区店),进乡街120号格兰云天a区8号楼,"126.692927,45.697105",18646515712,黑龙江省,哈尔滨市,香坊区,哈尔滨市
指艺造型(哈轴职工建北小区北区店),赣水路201-11号,"126.694843,45.739517",18646589316,黑龙江省,哈尔滨市,香坊区,哈尔滨市
剪亿美发造型店,香坊区果园街134号,"126.704735,45.730997",15104673348,黑龙江省,哈尔滨市,香坊区,哈尔滨市
TAOXI·桃喜美容美发(海富·山水文园南区店),绥化路海富山水文园D-13号楼,"126.661711,45.691232",13009717708;13263673717,黑龙江省,哈尔滨市,香坊区,哈尔滨市
小伟美发(建德小区店),通天街道公滨路242-5号建德小区,"126.705420,45.732039",13804511561,黑龙江省,哈尔滨市,香坊区,哈尔滨市
铭匠美发沙龙(安埠小区二期店),[],"126.696378,45.728737",0451-55185254;18644041033,黑龙江省,哈尔滨市,香坊区,哈尔滨市
弘易发艺工作室,进乡街46-1号,"126.678975,45.708672",17804629927,黑龙江省,哈尔滨市,香坊区,哈尔滨市
美涛造型(总店),大庆副路附88-2,"126.659078,45.715947",13796099171,黑龙江省,哈尔滨市,香坊区,哈尔滨市
丽丝莲美发,旭升街34-4号,"126.667935,45.710771",15046075409,黑龙江省,哈尔滨市,香坊区,哈尔滨市
萱妍理容(汇龙·十九街区店),军民街19-5-21号汇龙·十九街区,"126.694707,45.687643",13124511968,黑龙江省,哈尔滨市,香坊区,哈尔滨市
招金美发,永昌路84号商铺,"126.762755,45.715300",15655544450,黑龙江省,哈尔滨市,香坊区,哈尔滨市
康师傅美发(会展城上城1期店),实验长江路会展城上城1期2号楼中街103康师傅美发,"126.774472,45.749643",[],黑龙江省,哈尔滨市,香坊区,哈尔滨市
巴洛艺发型工作室(香林名苑店),香林街36号,"126.680824,45.696846",15114503692,黑龙江省,哈尔滨市,香坊区,哈尔滨市
Yz美发沙龙,农场街20号,"126.696000,45.720375",15145093734,黑龙江省,哈尔滨市,香坊区,哈尔滨市
高禹烫染,农林头道街10-3号,"126.647146,45.722969",18686778490,黑龙江省,哈尔滨市,香坊区,哈尔滨市
丽尚造型,种子宝宝幼儿园东北门旁,"126.667646,45.730577",18345090806,黑龙江省,哈尔滨市,香坊区,哈尔滨市
新风尚形象设计(中北春城3期店),和祥路100号中北春城三期48号楼门市,"126.660450,45.728673",13101555536,黑龙江省,哈尔滨市,香坊区,哈尔滨市
新澎客造型,赣水路215号,"126.697936,45.739110",13766914318,黑龙江省,哈尔滨市,香坊区,哈尔滨市
幕梵造型(苏顺社区店),苏顺社区东北门旁,"126.700312,45.728570",18724504564,黑龙江省,哈尔滨市,香坊区,哈尔滨市
闪电形象设计(农大店),农业大学南门,"126.726139,45.735347",18145637823,黑龙江省,哈尔滨市,香坊区,哈尔滨市
旺剪理发厅(会展城上城2期店),会展城上城二期七号楼一单元103,"126.773715,45.748167",15114594080,黑龙江省,哈尔滨市,香坊区,哈尔滨市
顶范美发店,军民街道19-2-1号,"126.694729,45.687273",17545538217,黑龙江省,哈尔滨市,香坊区,哈尔滨市
小龙发型(友缘小区店),幸福路友缘小区二号楼一单元101,"126.650808,45.716229",[],黑龙江省,哈尔滨市,香坊区,哈尔滨市
小齐发型(城东新居A区店),城东新居A区,"126.726278,45.734863",[],黑龙江省,哈尔滨市,香坊区,哈尔滨市
尚瘾美发屋(安居社区店),幸福镇公滨路安居社区20栋3号门市,"126.739170,45.720055",15663687965,黑龙江省,哈尔滨市,香坊区,哈尔滨市
吉曜造型,五叙街35号楼3栋2单元1楼1号,"126.679732,45.734294",17277162250,黑龙江省,哈尔滨市,香坊区,哈尔滨市
唯美印象美发(第五分店),星华街19-2号(省政府地铁站2号口步行370米),"126.663382,45.739958",13946101928,黑龙江省,哈尔滨市,香坊区,哈尔滨市
优尚造型美发美甲形象店(旭升街店),旭升街副2-1号(地铁站口步行350米),"126.664248,45.705488",15124535543,黑龙江省,哈尔滨市,香坊区,哈尔滨市
龙美美容美发(香茗小区店),香茗二道街40号(公滨路地铁站1号口步行220米),"126.688708,45.731054",13329582617,黑龙江省,哈尔滨市,香坊区,哈尔滨市
龙恩专业烫染,香顺街28-6号,"126.678201,45.725693",13100880037,黑龙江省,哈尔滨市,香坊区,哈尔滨市
湖北可心烫染(正对小区店),安埠街336号,"126.694176,45.728099",13836026195;18745696637,黑龙江省,哈尔滨市,香坊区,哈尔滨市
湖北慧子美发(安埠小区北区店),咸宜街35号,"126.698131,45.725198",15145091722,黑龙江省,哈尔滨市,香坊区,哈尔滨市
湖北美发专业纹绣,安通街101号,"126.692158,45.708569",15046658500,黑龙江省,哈尔滨市,香坊区,哈尔滨市
蓝月亮理容(幸福家园店),哈平路27号幸福家园,"126.648444,45.717591",0451-82139664;15846506101,黑龙江省,哈尔滨市,香坊区,哈尔滨市
思诺美容美发(哈南之星店),哈平路哈南之星,"126.650923,45.658140",18644065299,黑龙江省,哈尔滨市,香坊区,哈尔滨市
轩奇烫染造型(哈量新区店),民生三道街26号康泰新药店旁边,"126.652873,45.736529",18246157798,黑龙江省,哈尔滨市,香坊区,哈尔滨市
玲珑美发设计(哈量1区店),民生路街道民生头道街10号155栋,"126.658541,45.740038",[],黑龙江省,哈尔滨市,香坊区,哈尔滨市
阿飞造型(龙茂小区店),哈平路149-10号(肿瘤医院地铁站3号口旁),"126.644089,45.699281",17603642862,黑龙江省,哈尔滨市,香坊区,哈尔滨市
张朋美业(凯旋广场东区店),哈平路街道动源街13-6,"126.644943,45.720185",13946161689,黑龙江省,哈尔滨市,香坊区,哈尔滨市
小云美发(福泰名苑店),福泰名苑1号楼1单元17-6,"126.701202,45.694326",[],黑龙江省,哈尔滨市,香坊区,哈尔滨市
果园美发,果园街与公滨路交叉口南100米,"126.704824,45.731309",[],黑龙江省,哈尔滨市,香坊区,哈尔滨市
丽丽发艺(和平二道街店),和平二道街80-1,"126.655883,45.740444",[],黑龙江省,哈尔滨市,香坊区,哈尔滨市
百万男士理发馆,永兴路108号永泰城,"126.763075,45.716896",[],黑龙江省,哈尔滨市,香坊区,哈尔滨市
洪侠美发,文化街101-8,"126.651584,45.740535",[],黑龙江省,哈尔滨市,香坊区,哈尔滨市
珠江发艺,香化街32号(南直路地铁站1号口步行200米),"126.702926,45.734984",[],黑龙江省,哈尔滨市,香坊区,哈尔滨市
蜗牛男士理发Barber Shop,安埠街207号,"126.698933,45.729129",18145505021,黑龙江省,哈尔滨市,香坊区,哈尔滨市
经纪湖北美发(通站街店),通站街61-11号,"126.681104,45.722761",[],黑龙江省,哈尔滨市,香坊区,哈尔滨市
男士理发馆,按摩西南侧,"126.751712,45.739683",[],黑龙江省,哈尔滨市,香坊区,哈尔滨市
蓝调美发(香滨明苑店),香通街25号香滨明苑,"126.696748,45.732160",[],黑龙江省,哈尔滨市,香坊区,哈尔滨市
魔发师剪吧,王兆三道街18-1号,"126.636260,45.728096",18845621444,黑龙江省,哈尔滨市,香坊区,哈尔滨市
梦思发艺,果园街与公滨路交叉口南60米,"126.705391,45.731734",[],黑龙江省,哈尔滨市,香坊区,哈尔滨市
小磊造型旭东店,旭东街4-6号小磊造型旭东店,"126.663231,45.705238",0451-57718782;15846007326,黑龙江省,哈尔滨市,香坊区,哈尔滨市
冬美发造型,哈市香坊区和兴路41-1号,"126.642983,45.723900",13946115811,黑龙江省,哈尔滨市,香坊区,哈尔滨市
艺格造型(宏城好人家店),电碳路23号宏城好人家,"126.733194,45.716959",18143016201,黑龙江省,哈尔滨市,香坊区,哈尔滨市
思美雅形象设计(安通家园店),通乡街道安通18道街金瑞林城3期28栋,"126.692076,45.705830",[],黑龙江省,哈尔滨市,香坊区,哈尔滨市
新印象美发,红旗大街1号罗马公元,"126.694977,45.720011",[],黑龙江省,哈尔滨市,香坊区,哈尔滨市
蒂凡尼·造型(城东新居店),木材街47-4号,"126.725566,45.734604",0451-87236628,黑龙江省,哈尔滨市,香坊区,哈尔滨市
喜理形象设计(新松·茂樾山店),新松茂樾山一期29-5-4号楼1单元04号,"126.763165,45.744910",15546497367,黑龙江省,哈尔滨市,香坊区,哈尔滨市
发型者美发工作室(铁路文政新区店),文治头道街45号,"126.643973,45.730248",18704503020,黑龙江省,哈尔滨市,香坊区,哈尔滨市
芊艺造型,果园街141号(南直路地铁站3号口步行380米),"126.705210,45.731091",15114522273,黑龙江省,哈尔滨市,香坊区,哈尔滨市
起点发艺(香山小区店),香坊大街香山小区,"126.674346,45.723293",[],黑龙江省,哈尔滨市,香坊区,哈尔滨市
丝艺美发(香安名苑店),中山路15号香安名苑,"126.676267,45.729335",[],黑龙江省,哈尔滨市,香坊区,哈尔滨市
Luna造型(万科智慧未来城B区店),进乡街万科智慧未来城二期小区S4栋104门市,"126.714849,45.691915",[],黑龙江省,哈尔滨市,香坊区,哈尔滨市
塞尚造型(建成家园店),泰山路建成家园522号,"126.701208,45.740560",13241486810,黑龙江省,哈尔滨市,香坊区,哈尔滨市
浩鑫美业沙龙(南郡新城1期店),松海路南郡·新城(旭升街地铁站4号口步行250米),"126.660045,45.701952",15776801120,黑龙江省,哈尔滨市,香坊区,哈尔滨市
美约造型(招商·诺丁山二期店),招商·诺丁山二期东北门东南90米,"126.711666,45.688524",[],黑龙江省,哈尔滨市,香坊区,哈尔滨市
日升剪业(电塔二道街店),旭升街154号日升家园,"126.670311,45.715897",15114669692,黑龙江省,哈尔滨市,香坊区,哈尔滨市
艺超造型,进乡街20号明珠家园,"126.675425,45.710525",[],黑龙江省,哈尔滨市,香坊区,哈尔滨市
天使造型专业烫染(铁路文政新区店),文政新区23栋2单元,"126.644186,45.730797",[],黑龙江省,哈尔滨市,香坊区,哈尔滨市
鑫朝个人形象设计(龙跃金水湾店),农场街18号龙跃金水湾,"126.697128,45.720940",[],黑龙江省,哈尔滨市,香坊区,哈尔滨市
凤凰剪业(哈电东升家园店),旭升街102号哈电东升家园,"126.670438,45.714003",[],黑龙江省,哈尔滨市,香坊区,哈尔滨市
名剪造型专业染烫店(石化所店),中民街46号2单元1层1号,"126.667373,45.736333",18646378725,黑龙江省,哈尔滨市,香坊区,哈尔滨市
初衷造型HAIR SALON(会展城上城星御店),会展城上城4期B2110门市,"126.773105,45.750746",17645144437;18545848758,黑龙江省,哈尔滨市,香坊区,哈尔滨市
阿浩发型,民生路71号,"126.667011,45.733656",15046693412,黑龙江省,哈尔滨市,香坊区,哈尔滨市
初莹造型(永泰城店),永兴路116号,"126.762260,45.717305",18249022347,黑龙江省,哈尔滨市,香坊区,哈尔滨市
慕尚造型(新松·茂樾山2期店),新松·茂樾山2期西北门南210米,"126.766909,45.744421",[],黑龙江省,哈尔滨市,香坊区,哈尔滨市
朗峰专业美发沙龙(花园店),建设街48号(博物馆地铁站3A口步行350米),"126.647645,45.757364",0451-87811122,黑龙江省,哈尔滨市,南岗区,哈尔滨市
MEGA时尚潮男设计(凯德店),学府路副1-5号二层,"126.610456,45.719430",15776252727,黑龙江省,哈尔滨市,南岗区,哈尔滨市
M ONE美发沙龙(汉水路店),汉水路385号,"126.677693,45.746327",0451-55170344,黑龙江省,哈尔滨市,南岗区,哈尔滨市
Z.X HAIR SALON张新美业(会展店),黄河路105号107号(黄河绿园小区A区东南1门旁),"126.694196,45.755626",0451-82388868,黑龙江省,哈尔滨市,南岗区,哈尔滨市
锐澳形象(比乐街店),比乐街222-2号(果戈里大街与交口),"126.656492,45.753328",0451-82650925;15604800071,黑龙江省,哈尔滨市,南岗区,哈尔滨市
妃格美发沙龙·烫发·染发(学府凯德店),自兴街33号,"126.607036,45.719833",17545540410,黑龙江省,哈尔滨市,南岗区,哈尔滨市
朗峰专业美发沙龙(哈西店),和谐大道382号,"126.591079,45.699274",0451-88326661,黑龙江省,哈尔滨市,南岗区,哈尔滨市
立欧造型新首选店,阿什河街79号,"126.645122,45.762354",0451-53635323;18646118068,黑龙江省,哈尔滨市,南岗区,哈尔滨市
张扬造型(信恒花园店),黄河路186-14号,"126.692994,45.754944",0451-87722755,黑龙江省,哈尔滨市,南岗区,哈尔滨市
小野造型(汉水路店),汉水路421号,"126.674769,45.746053",0451-82367916,黑龙江省,哈尔滨市,南岗区,哈尔滨市
锋尚美业,学府路副1-13号(学府地地铁站出入口步行400米),"126.610232,45.719214",15104534151,黑龙江省,哈尔滨市,南岗区,哈尔滨市
M·BARBER SHOP尚美男士理容(开发区店),嵩山路105-3号,"126.688495,45.757357",0451-51027113;13644602127,黑龙江省,哈尔滨市,南岗区,哈尔滨市
朗峰专业美发沙龙(会展店),红旗大街258-2号,"126.695017,45.756471",0451-84285151,黑龙江省,哈尔滨市,南岗区,哈尔滨市
爱米沙龙(宣庆店),芦家街道宣庆街,"126.674421,45.756026",0451-82325819,黑龙江省,哈尔滨市,南岗区,哈尔滨市
澳派美容美发连锁机构(泰山店),泰山路231号,"126.703845,45.748992",0451-87222611,黑龙江省,哈尔滨市,南岗区,哈尔滨市
小野造型(红博会展购物广场店),新春街道红旗大街301号红博会展购物广场金座负一层,"126.699907,45.755765",0451-82273951,黑龙江省,哈尔滨市,南岗区,哈尔滨市
小齐发型Star-Salon(工大店),贵新街84号,"126.627917,45.740447",0451-87281884;16645027900,黑龙江省,哈尔滨市,南岗区,哈尔滨市
集美形象设计(吉星商住城店),黄河路73-9号,"126.690153,45.755065",18145169111,黑龙江省,哈尔滨市,南岗区,哈尔滨市
朗峰专业美发沙龙(凯德店),清华大街63号福顺尚都1号,"126.608089,45.720364",0451-55512299,黑龙江省,哈尔滨市,南岗区,哈尔滨市
INSI Hair Salon(学府凯德店),自兴街44号中央红小月亮2楼,"126.605559,45.719083",13351106289,黑龙江省,哈尔滨市,南岗区,哈尔滨市
ONE SALON(西城红场店),哈西大街299号西城红场B座24楼22-26室,"126.593499,45.703292",17645099573,黑龙江省,哈尔滨市,南岗区,哈尔滨市
MEGA时尚潮男设计(万达广场店),中兴大道166号苏宁易购广场四层,"126.586231,45.700185",13936485047,黑龙江省,哈尔滨市,南岗区,哈尔滨市
喜拓国际造型(会展店),泰山路与华鸿路19号(冬奥村东区东南门西70米),"126.703989,45.748116",18945633965,黑龙江省,哈尔滨市,南岗区,哈尔滨市
银星精致发型(哈西万达店),兴达路9号,"126.589703,45.699963",17107000008,黑龙江省,哈尔滨市,南岗区,哈尔滨市
董军美发(万达SOHO店),中兴大道117号,"126.592056,45.701176",19804517603,黑龙江省,哈尔滨市,南岗区,哈尔滨市
德德理美式烫发俱乐部Dedebarbershop,中和街65号,"126.656307,45.754520",15590889333,黑龙江省,哈尔滨市,南岗区,哈尔滨市
妃格形象设计(美格店),自兴街34号保利·清华颐园,"126.605678,45.719326",0451-86610696,黑龙江省,哈尔滨市,南岗区,哈尔滨市
伊贝美假发补发定制,哈西街道西宁南路3号金爵万象二期A栋1507室,"126.583949,45.698699",18100447373,黑龙江省,哈尔滨市,南岗区,哈尔滨市
OUR STYLE(哈西臻选店),兴达路40号,"126.588937,45.699593",0451-51171995,黑龙江省,哈尔滨市,南岗区,哈尔滨市
蓝灯美发造型(宣庆店),宣庆街14-8号(中级人民法院斜对面),"126.673976,45.751041",0451-51821656,黑龙江省,哈尔滨市,南岗区,哈尔滨市
INSI Hair Salon(西城红场店),哈西街道哈西大街229号西城红场A座1510室,"126.593935,45.702810",13251503766;17614652021;18745066745,黑龙江省,哈尔滨市,南岗区,哈尔滨市
MEGA时尚潮男设计(金爵万象店),哈西大街金爵万象商业广场负一,"126.582958,45.699104",18646043103,黑龙江省,哈尔滨市,南岗区,哈尔滨市
妃格美发沙龙·烫发·染发·漂发(哈西万达店),中兴大道168号万达广场哈尔滨哈西店3F层,"126.585875,45.700275",13204650890,黑龙江省,哈尔滨市,南岗区,哈尔滨市
哈剪邦美发沙龙店,黄河路115-27号泰海花园小区,"126.702708,45.758979",13019728688,黑龙江省,哈尔滨市,南岗区,哈尔滨市
小轶发艺(秋林公司店),阿什河街65-1号(哈尔滨润暄服装设计有限公司西南门旁),"126.645891,45.761892",0451-53629119,黑龙江省,哈尔滨市,南岗区,哈尔滨市
F.V造型(万达广场店),中兴大道168号万达广场(哈尔滨哈西店)1F层(3号门附近),"126.588152,45.699836",0451-86670077,黑龙江省,哈尔滨市,南岗区,哈尔滨市
尤司男士国潮理发馆(哈尔滨哈西万达店),兴达路18号(万达广场哈尔滨哈西店出入口旁),"126.589757,45.699842",[],黑龙江省,哈尔滨市,南岗区,哈尔滨市
KK-造型(会展中心店),红旗大街270号民防商务酒店一楼大厅,"126.694225,45.758443",15004543060,黑龙江省,哈尔滨市,南岗区,哈尔滨市
妃格形象设计(艺格店),征仪路363号(征仪路地铁站4号口步行120米),"126.634338,45.697880",0451-86619958,黑龙江省,哈尔滨市,南岗区,哈尔滨市
星芮美发沙龙,王岗镇哈西大街552号五叶草主题酒店旁边,"126.596601,45.698294",18545883593,黑龙江省,哈尔滨市,南岗区,哈尔滨市
能听懂话的理发馆,清滨胡同三号,"126.616262,45.731119",15776240357,黑龙江省,哈尔滨市,南岗区,哈尔滨市
Amy艾米造型(学府甄选店),学府四道街216号二楼,"126.619627,45.704532",15545522639,黑龙江省,哈尔滨市,南岗区,哈尔滨市
型色沙龙Color Salon烫发·染发(哈尔滨哈西大街店),哈西大街608号(哈西大街地铁站1号口步行90米),"126.596975,45.696125",15045076879;15304648985,黑龙江省,哈尔滨市,南岗区,哈尔滨市
MUYE时尚潮男设计(学府店),雄师家园北门西160米,"126.610625,45.703775",0451-86630622,黑龙江省,哈尔滨市,南岗区,哈尔滨市
美艺发型连锁(邮政店),邮政街33-3号,"126.646595,45.764279",0451-53628078,黑龙江省,哈尔滨市,南岗区,哈尔滨市
劲田靓姿造型(耀景小区店),公司街32-4号,"126.641227,45.749435",13836142309,黑龙江省,哈尔滨市,南岗区,哈尔滨市
澳派形象设计(宣庆街店),宣庆街36-2号,"126.674265,45.754574",0451-83071988,黑龙江省,哈尔滨市,南岗区,哈尔滨市
船长男士发型设计(西城红场C座店),西城红场c座9楼-17-18室,"126.592765,45.702615",15645563445;18545510913,黑龙江省,哈尔滨市,南岗区,哈尔滨市
FG Barber Shop男士理发馆(宣西小区店),宣庆街74号,"126.674658,45.758488",15767403333,黑龙江省,哈尔滨市,南岗区,哈尔滨市
八英里男士理发馆(哈西店),哈西街道哈西大街299号西城红场创意港A座3103室,"126.593983,45.702800",18945029811,黑龙江省,哈尔滨市,南岗区,哈尔滨市
HOME形象设计沙龙(中兴大道店),中兴大道48号,"126.611175,45.703875",15104596432,黑龙江省,哈尔滨市,南岗区,哈尔滨市
Rs·颜色馆·染发·漂发·接发(西城红场店),哈西街道西城红场b座19楼08-09室,"126.593481,45.703478",13375488743;17744584727,黑龙江省,哈尔滨市,南岗区,哈尔滨市
尚姿品牌发型设计连锁机构(汉水店),先锋路街道城区红旗大街汉水路251号尚资美发,"126.696504,45.745018",0451-87000168,黑龙江省,哈尔滨市,南岗区,哈尔滨市
丝冉美发沙龙(鲁商·悦未来店),鲁商悦未来4-3号,"126.630180,45.685692",0451-51521121,黑龙江省,哈尔滨市,南岗区,哈尔滨市
妃格形象设计,中兴左街2-1-11号(汇龙北纬45度3号门旁),"126.575356,45.694516",15350099991,黑龙江省,哈尔滨市,南岗区,哈尔滨市
爆米花儿童美发乐园(红博中央公园店),红旗大街339号红博中央公园B2层,"126.698831,45.757530",0451-85998689,黑龙江省,哈尔滨市,南岗区,哈尔滨市
澳派护肤造型(鲁商店),保健路街道健平路167号鲁商凤凰城,"126.630880,45.685210",0451-51523253;17604661662,黑龙江省,哈尔滨市,南岗区,哈尔滨市
尚美男士理容(哈西店),王岗大街587-8号,"126.578033,45.695316",0451-86641566,黑龙江省,哈尔滨市,南岗区,哈尔滨市
向往造型(汇龙北纬45度店),王岗大街587-2号,"126.575890,45.694781",13263626677,黑龙江省,哈尔滨市,南岗区,哈尔滨市
艺伽发型设计沙龙(闽江小区二期东区店),闽江小区二期华鸿路62号,"126.703895,45.747943",18645148660,黑龙江省,哈尔滨市,南岗区,哈尔滨市
妃格形象设计(尚格店),哈尔滨大街67号,"126.591584,45.714649",13904817443,黑龙江省,哈尔滨市,南岗区,哈尔滨市
MUYE时尚潮男设计(凯德店),凯德广场侧身福顺商都2栋1层455号,"126.608469,45.720222",15567001863,黑龙江省,哈尔滨市,南岗区,哈尔滨市
76号·美发沙龙(哈西店),哈西大街534号,"126.596324,45.698464",15545140572,黑龙江省,哈尔滨市,南岗区,哈尔滨市
小野造型(西城红场生活港店),哈西大街299号西城红场生活港2层,"126.591918,45.702716",0451-51501889,黑龙江省,哈尔滨市,南岗区,哈尔滨市
维意ShowHair发型工作室(哈西西城红场店),哈西街道哈西大街299号西城红场A座1209室,"126.593826,45.703067",13936505075,黑龙江省,哈尔滨市,南岗区,哈尔滨市
澳派形象设计(邮政店),邮政街108-2号,"126.647924,45.764819",0451-53621779,黑龙江省,哈尔滨市,南岗区,哈尔滨市
Party Hair·头发派对(中央公园店),红博中央公园潮界B1层瑞幸咖啡对面,"126.699295,45.757216",0451-85998609,黑龙江省,哈尔滨市,南岗区,哈尔滨市
乔木造型Salon(保利·清华颐园店),自兴街82号,"126.604858,45.718109",15663265335,黑龙江省,哈尔滨市,南岗区,哈尔滨市
润泽HAIR SALON,南兴街117-39,"126.587233,45.699224",15146431976,黑龙江省,哈尔滨市,南岗区,哈尔滨市
百格造型(革新街店),革新街101号,"126.656713,45.750441",18345103738,黑龙江省,哈尔滨市,南岗区,哈尔滨市
NS奈斯造型(独家蛋白烫),桥南街4-22号,"126.627493,45.739420",0451-53621773;16743073666,黑龙江省,哈尔滨市,南岗区,哈尔滨市
浪汐剪业(黑龙江大学家属楼店),学府路74号A区16栋(黑大院内),"126.616549,45.710380",15244602842,黑龙江省,哈尔滨市,南岗区,哈尔滨市
ONE SALON(秋林公司店),东大直街319号秋林公司商场三楼57号商铺,"126.645896,45.760898",17645099573,黑龙江省,哈尔滨市,南岗区,哈尔滨市
Party Hair·头发派对(黄河路店),黄河路115-27号泰海花园小区,"126.704177,45.756809",13624619597,黑龙江省,哈尔滨市,南岗区,哈尔滨市
妃格形象设计(哈尔滨大街),哈尔滨大街659号,"126.587645,45.693541",0451-86619949,黑龙江省,哈尔滨市,南岗区,哈尔滨市
聚艺造型(西城红场生活港店),西城红场c塔10层13-15号,"126.592861,45.702656",15663806927,黑龙江省,哈尔滨市,南岗区,哈尔滨市
假发定制·极客侠全国连锁(江南国际大厦店),江南国际大厦24层2408房间,"126.643771,45.761969",4008258876,黑龙江省,哈尔滨市,南岗区,哈尔滨市
禾川美容美发沙龙(闽江小区二期西区店),闽江路121号(闽江小区北区西南1门旁),"126.702698,45.747195",18204680602,黑龙江省,哈尔滨市,南岗区,哈尔滨市
尚姿品牌发型设计连锁(泰山店),泰山路169号,"126.703264,45.746657",0451-55178084,黑龙江省,哈尔滨市,南岗区,哈尔滨市
造小婉美发沙龙(哈西万达店),哈西万达四楼(凯盛源广场地铁站1号口步行80米),"126.586275,45.700325",13251505922,黑龙江省,哈尔滨市,南岗区,哈尔滨市
Meet·缪斯造型(学府路凯德广场店),学府路1-1号凯德广场·学府5F层,"126.609544,45.721487",0451-51060193;15145011118,黑龙江省,哈尔滨市,南岗区,哈尔滨市
AE造型(红博会展购物广场店),红旗大街301号红博商业会展购物广场商场所属新女装Z-4,"126.699525,45.755025",[],黑龙江省,哈尔滨市,南岗区,哈尔滨市
斑比宝宝儿童美发乐园(凯德店),学府凯德三层36号斑比宝宝儿童美发,"126.608883,45.721193",17884084608,黑龙江省,哈尔滨市,南岗区,哈尔滨市
FENDI-TWO发艺(征仪路店),征仪路272号,"126.632768,45.704430",0451-51068314,黑龙江省,哈尔滨市,南岗区,哈尔滨市
浪潮美发2店,学府东四道街252号,"126.618602,45.704435",15046053421,黑龙江省,哈尔滨市,南岗区,哈尔滨市
精艺求精专业美发沙龙·漂发·染发(哈西万达店),万隆路60号(万达华府-东区北门西100米),"126.591190,45.700198",0451-88131222,黑龙江省,哈尔滨市,南岗区,哈尔滨市
爱尚造型短发主题沙龙(国民街店),国民街29-3号(博物馆地铁站3A口步行410米),"126.647578,45.756376",0451-82308885;19526337713,黑龙江省,哈尔滨市,南岗区,哈尔滨市
My Mart美发工作室(西城红场生活港店),哈西街道哈西大街299号西城红场创意港B座1楼,"126.593825,45.702725",[],黑龙江省,哈尔滨市,南岗区,哈尔滨市
巴顿男士理发馆(会展店),渭水路58号,"126.705795,45.749812",18745003444,黑龙江省,哈尔滨市,南岗区,哈尔滨市
凡艺美发护肤沙龙(北辰国际店),赣水路197-3号,"126.693002,45.739914",0451-51942113;13936194845,黑龙江省,哈尔滨市,南岗区,哈尔滨市
妃格形象设计(中海雍景熙岸店),哈尔滨大街907号,"126.597190,45.685952",0451-51197007;18697057700,黑龙江省,哈尔滨市,南岗区,哈尔滨市
Vs沙宣造型(万达广场店),哈西街道兴达路37号哈西万达广场金街D2-77号,"126.588850,45.699964",13029877723,黑龙江省,哈尔滨市,南岗区,哈尔滨市
迦法美发沙龙(中植方洲苑店),嵩山路106号,"126.686827,45.761563",0451-51828763,黑龙江省,哈尔滨市,南岗区,哈尔滨市
菲琳美发美甲沙龙(远大购物中心店),果戈里大街378号远大购物中心3楼(近荣市街),"126.643570,45.760999",0451-53624113,黑龙江省,哈尔滨市,南岗区,哈尔滨市
金公子造型(黄河路店),先锋路街道黄河路188-1号信恒花园1号楼二单元203室,"126.694829,45.755082",0451-55612999;0451-57815678,黑龙江省,哈尔滨市,南岗区,哈尔滨市
MY·SHINE闪耀染发烫发接发(哈西红场店),哈西大街299号西城红场生活港 B座16楼,"126.593025,45.703025",13674610315,黑龙江省,哈尔滨市,南岗区,哈尔滨市
妃格形象设计(悦格店),建兴路80号1层08商服(鲁商·凤凰城西1门旁),"126.629797,45.683054",18324503382,黑龙江省,哈尔滨市,南岗区,哈尔滨市
希幔发型工作室,香山路27号,"126.692488,45.754210",17614631224,黑龙江省,哈尔滨市,南岗区,哈尔滨市
MY·style沐颜造型(松雷商业大厦店),东大直街329号松雷商业7楼,"126.643766,45.759242",0451-53628832,黑龙江省,哈尔滨市,南岗区,哈尔滨市
壹美发型工作室,先锋路街道香山路42号(黄河绿园小区东南2门西200米),"126.691960,45.755445",15045096782,黑龙江省,哈尔滨市,南岗区,哈尔滨市
AE造型(166店),光明街4号4单元1层3号,"126.649497,45.756012",[],黑龙江省,哈尔滨市,南岗区,哈尔滨市
蓝灯造型(平公店),平公街5号,"126.673329,45.757145",0451-83013053;13936465276,黑龙江省,哈尔滨市,南岗区,哈尔滨市
爆米花儿童美发乐园(西城红场店),哈西大街299号西城红场生活港F3层,"126.591137,45.702662",[],黑龙江省,哈尔滨市,南岗区,哈尔滨市
MONE时尚沙龙(金爵万象商业广场店),哈西街道中兴左街2号金爵万象商业广场F2层,"126.583194,45.699047",18646353521,黑龙江省,哈尔滨市,南岗区,哈尔滨市
束言造型(哈特店),曲线街道铁路街248号宏桥居4栋,"126.623467,45.743552",19528319961,黑龙江省,哈尔滨市,南岗区,哈尔滨市
2032发型工作室·烫发·染发(黑大店),学府路学府路74-32号,"126.619995,45.710750",18845992014,黑龙江省,哈尔滨市,南岗区,哈尔滨市
理享美发空间(金爵万象商业广场店),哈西街道中兴左街2号金爵万象商业广场5楼,"126.582825,45.699175",18644056659,黑龙江省,哈尔滨市,南岗区,哈尔滨市
澳派形象设计(人和旗舰店),奋斗街道人和街36-12,"126.660516,45.759437",0451-55096333;0451-82794068,黑龙江省,哈尔滨市,南岗区,哈尔滨市
AE造型(137号店),平公街5-5号,"126.672989,45.757160",[],黑龙江省,哈尔滨市,南岗区,哈尔滨市
芭莎廊造型(辽河路),辽河路246-6号鼎新集资6号楼3单元(鼎新小区南门南50米),"126.683380,45.763139",15104678397;15204677487,黑龙江省,哈尔滨市,南岗区,哈尔滨市
HappyColour快乐.色彩(红博会展购物广场店),红旗大街301号红博会展购物广场F1层,"126.699112,45.754391",0451-82273996;15904617909;18646006731,黑龙江省,哈尔滨市,南岗区,哈尔滨市
首选发艺(马家街店),马家街166号院,"126.650663,45.758598",0451-53660876;0451-83392299;15204621885,黑龙江省,哈尔滨市,南岗区,哈尔滨市
束言造型(金域蓝城店),哈尔滨大街47号,"126.592025,45.715075",18182802505,黑龙江省,哈尔滨市,南岗区,哈尔滨市
叁门先生男士理发馆,上和置地广场金座(烟厂地铁站3号口步行160米),"126.656625,45.768375",13512651669,黑龙江省,哈尔滨市,南岗区,哈尔滨市
大宇时尚造型(星源国际店),绥阳路星源国际B栋军工院内5号门市,"126.670729,45.772707",15004639834;15636009463,黑龙江省,哈尔滨市,南岗区,哈尔滨市
奈斯造型hair salon,和兴三道街34号,"126.621238,45.726376",15114677708,黑龙江省,哈尔滨市,南岗区,哈尔滨市
妃格形象设计(服装城店),哈西街道中兴大道64号,"126.610560,45.703908",0451-86630622;18249032432,黑龙江省,哈尔滨市,南岗区,哈尔滨市
新鑫雪美发(铁岭社区店),铁岭街40号(医大一院地铁站3号口步行260米),"126.653489,45.764382",0451-82556876,黑龙江省,哈尔滨市,南岗区,哈尔滨市
哈尔滨 好美专业接发店,哈西大街299号西城红场A座12楼1203室,"126.593761,45.702921",15046135611;15546458251,黑龙江省,哈尔滨市,南岗区,哈尔滨市
S·ting²淞汀·烫发·漂发·染发沙龙(西城红场店),西城红场创意港A座20层,"126.593996,45.702732",18100444839,黑龙江省,哈尔滨市,南岗区,哈尔滨市
派头美发沙龙,中兴大道555号东辉明珠园,"126.584974,45.702528",18745059429,黑龙江省,哈尔滨市,南岗区,哈尔滨市
凯博造型(艺汇家文化商业广场店),红旗大街240号艺汇家城市广场F4层,"126.694755,45.753087",13936680586,黑龙江省,哈尔滨市,南岗区,哈尔滨市
极美造型,光芒街85-11号,"126.653249,45.754390",13836008791,黑龙江省,哈尔滨市,南岗区,哈尔滨市
阿宇的店,辽河路234号,"126.684893,45.763392",17745115288,黑龙江省,哈尔滨市,南岗区,哈尔滨市
全盛造型,永河街31-7号,"126.653578,45.755070",15504578531,黑龙江省,哈尔滨市,南岗区,哈尔滨市
东升美业沙龙,王岗大街18-2东升美业沙龙,"126.568119,45.704453",13664619011;15204677224,黑龙江省,哈尔滨市,南岗区,哈尔滨市
秋雨发型设计(下夹树街店),下夹树街29-3号,"126.629971,45.753092",13796636960,黑龙江省,哈尔滨市,南岗区,哈尔滨市
沐北·造型(辽河店),辽河路257号(中植方洲苑北区东南门旁),"126.681375,45.763225",0451-55591991,黑龙江省,哈尔滨市,南岗区,哈尔滨市
XY兮颜美发沙龙,平公街26号,"126.672791,45.757111",15776696936,黑龙江省,哈尔滨市,南岗区,哈尔滨市
D12hairsalon(凯德店),凯德广场侧身福顺尚都2号楼1层商服,"126.608405,45.720287",18045006085,黑龙江省,哈尔滨市,南岗区,哈尔滨市
靓伊生补发(哈尔滨店),东大直街146号上和置地7楼713,"126.656980,45.768696",4008339676,黑龙江省,哈尔滨市,南岗区,哈尔滨市
束言造型(哈西店),哈尔滨大街923号,"126.597514,45.685588",0451-86611712,黑龙江省,哈尔滨市,南岗区,哈尔滨市
艺时·潮男发型设计(学府店),和兴路街道学府路1号蓝钻公寓701室,"126.609878,45.720083",18646581957,黑龙江省,哈尔滨市,南岗区,哈尔滨市
WAKEN·银星·烫染(哈西万达华宅西门店),西宁南路64号,"126.585519,45.698364",0451-87301892,黑龙江省,哈尔滨市,南岗区,哈尔滨市
杨门男士理发店,中兴左街金地峯范2期二楼商服134号杨门男士理发店,"126.572522,45.691447",18246133121,黑龙江省,哈尔滨市,南岗区,哈尔滨市
Mr.Chen陈先生美发美容沙龙(泰海花园小区店),泰山北路35号,"126.703020,45.758318",18645059831;19604513888,黑龙江省,哈尔滨市,南岗区,哈尔滨市
锦理美发沙龙,中兴左街25号华润凯旋门,"126.580075,45.698575",13199445315,黑龙江省,哈尔滨市,南岗区,哈尔滨市
M+IDEAL专业设计烫染,[],"126.607584,45.717805",15545562522,黑龙江省,哈尔滨市,南岗区,哈尔滨市
Y+hair独立工作室,哈西街道中兴大道162号万达SOHO A座1楼,"126.591095,45.700921",13263542801,黑龙江省,哈尔滨市,南岗区,哈尔滨市
百格造型哈西店,科学大道与南兴街交角以北地段9栋1层S04号,"126.573103,45.692276",13796050447,黑龙江省,哈尔滨市,南岗区,哈尔滨市
芬迪发艺(和谐家园店),征仪路272号,"126.632830,45.704452",0451-51068314,黑龙江省,哈尔滨市,南岗区,哈尔滨市
花田造型·染发·烫发·漂发(哈西万达店),哈西街道中兴大道164号万达SOHO公寓B座1层13号,"126.591231,45.700998",18795041117,黑龙江省,哈尔滨市,南岗区,哈尔滨市
唯天美发沙龙(家合城店),王岗镇家合城,"126.551735,45.672821",13304848915,黑龙江省,哈尔滨市,南岗区,哈尔滨市
聚艺造型,花园街241-1号,"126.653913,45.763498",13313688528,黑龙江省,哈尔滨市,南岗区,哈尔滨市
预约Hair Salon,黄河路139号,"126.707847,45.757306",18945103799,黑龙江省,哈尔滨市,南岗区,哈尔滨市
风采造型(福顺尚都店),学府路1号福顺尚都1栋1层商铺,"126.607745,45.720466",[],黑龙江省,哈尔滨市,南岗区,哈尔滨市
2069美发造型,赣水路与红旗大街辅路交叉口西北60米,"126.692877,45.739919",16645297000,黑龙江省,哈尔滨市,南岗区,哈尔滨市
丝来秀假发店,比乐街173号,"126.654342,45.752084",18745737839,黑龙江省,哈尔滨市,南岗区,哈尔滨市
朗奥形象会所(汉水路店),汉水路426号朗奥形象,"126.677525,45.745987",0451-82728877;15636161581,黑龙江省,哈尔滨市,南岗区,哈尔滨市
鑫禧发型设计,花园街副90号,"126.661358,45.769499",13613607553,黑龙江省,哈尔滨市,南岗区,哈尔滨市
小齐发型Star-Salon(延兴路店),延兴东路13号,"126.625578,45.718659",0451-51025886,黑龙江省,哈尔滨市,南岗区,哈尔滨市
梵琪造型尊御店,爱达尊御西南门东南70米,"126.586126,45.709294",13904504319,黑龙江省,哈尔滨市,南岗区,哈尔滨市
AE造型(119店),中兴大道164号万达SOHOB座一楼120室,"126.590991,45.700923",[],黑龙江省,哈尔滨市,南岗区,哈尔滨市
M3hair奢享沙龙,中兴大道162号B2栋1层9号,"126.591982,45.701161",0451-86615455;15799915336,黑龙江省,哈尔滨市,南岗区,哈尔滨市
丝路造型(淮河路店),红旗住宅新区淮河路240号,"126.699014,45.762412",13089981398,黑龙江省,哈尔滨市,南岗区,哈尔滨市
小齐时尚造型(西典家园B区店),西兴街12号,"126.595725,45.706284",15945996933,黑龙江省,哈尔滨市,南岗区,哈尔滨市
理棠专业发型设计,清滨路23-7号(和兴路地铁站3号口步行270米),"126.618088,45.732602",15069401006,黑龙江省,哈尔滨市,南岗区,哈尔滨市
美西美品质造型(海河店),海河路25号,"126.676248,45.757134",18724622335,黑龙江省,哈尔滨市,南岗区,哈尔滨市
壹叁伍造型烫染工作室(和谐家园店),征仪路与学府四交叉口杨国福麻辣烫旁边282号,"126.632941,45.704192",15663897680,黑龙江省,哈尔滨市,南岗区,哈尔滨市
恩佐烫染造型,征仪路377号(征仪路地铁站3号口步行240米),"126.635733,45.698033",18645527883,黑龙江省,哈尔滨市,南岗区,哈尔滨市
华夏美业(黑山街69号院店),黑山街67-9号,"126.659673,45.753978",13946022570,黑龙江省,哈尔滨市,南岗区,哈尔滨市
精选国际美发连锁机构(革新店),革新街44号,"126.662144,45.753340",[],黑龙江省,哈尔滨市,南岗区,哈尔滨市
style名艺造型(龙福家园店),马端街89号,"126.671082,45.763532",15246667654,黑龙江省,哈尔滨市,南岗区,哈尔滨市
东岩造型(复华小区总店),繁荣街98号,"126.637447,45.744638",18724593376,黑龙江省,哈尔滨市,南岗区,哈尔滨市
muQing发型,花园街361号与建设交口附近,"126.646933,45.757533",0451-51099666,黑龙江省,哈尔滨市,南岗区,哈尔滨市
立涛美发化妆店,芦家街3-19号,"126.673729,45.755924",13613614901;18745727979,黑龙江省,哈尔滨市,南岗区,哈尔滨市
秀客造型工作室(苗圃小区B区店),汉兴街56号苗圃小区B2栋2单元101,"126.628362,45.733268",17614653861,黑龙江省,哈尔滨市,南岗区,哈尔滨市
朵奈丝美发美肤连锁沙龙(宜家店),哈西大街463号,"126.596626,45.692642",0451-86297990,黑龙江省,哈尔滨市,南岗区,哈尔滨市
唐风采·高端假发定制(哈尔滨店),东大直街146号上和置地广场金座1813室,"126.656609,45.768558",15145089996;18646182807,黑龙江省,哈尔滨市,南岗区,哈尔滨市
齿轮男士理发馆barbershop,哈西街道中兴大道162号万达SOHOA座3层2号,"126.591325,45.700475",19845091157,黑龙江省,哈尔滨市,南岗区,哈尔滨市
AE造型388店,会展家园小区东区,"126.715786,45.746705",[],黑龙江省,哈尔滨市,南岗区,哈尔滨市
肯迪男士专属沙龙,"西城红场创意港B座,9层,908号","126.593710,45.703323",13136650137,黑龙江省,哈尔滨市,南岗区,哈尔滨市
东造型美发沙龙(尚都购物广场店),建设街142号一层103号,"126.641739,45.760242",18545536655,黑龙江省,哈尔滨市,南岗区,哈尔滨市
禧理发型设计,南兴街117-24,"126.587398,45.698933",[],黑龙江省,哈尔滨市,南岗区,哈尔滨市
沐楠造型(西典家园E区店),西兴街33号,"126.596004,45.706679",15246773034,黑龙江省,哈尔滨市,南岗区,哈尔滨市
春美发美肤沙龙,嵩山路62-18号,"126.689456,45.751274",0451-82323374;13845158997,黑龙江省,哈尔滨市,南岗区,哈尔滨市
视觉造型(人和街店),人和街2-1号,"126.663244,45.761917",0451-51021018,黑龙江省,哈尔滨市,南岗区,哈尔滨市
SOUL SALON(万达广场哈尔滨哈西店),哈西街道中兴大道168号万达广场(哈尔滨哈西店)负1层,"126.588768,45.700922",15546671237,黑龙江省,哈尔滨市,南岗区,哈尔滨市
派头美发沙龙(哈西万达店),万隆路52号,"126.591445,45.700220",15204614333,黑龙江省,哈尔滨市,南岗区,哈尔滨市
嘉尔男士发型(凯德店),学府路1号福顺尚都18栋A05号,"126.609266,45.720308",0451-86622215,黑龙江省,哈尔滨市,南岗区,哈尔滨市
梯田造型(和兴小区店),清滨路21-13号,"126.618162,45.732748",13100810404,黑龙江省,哈尔滨市,南岗区,哈尔滨市
领先HAPPYHAIR(先锋路店),先锋路591号,"126.670458,45.765332",0451-83020201;13904617184,黑龙江省,哈尔滨市,南岗区,哈尔滨市
当代Ds美发沙龙,吉林街39-5号,"126.647340,45.762797",15045022433;15546115859,黑龙江省,哈尔滨市,南岗区,哈尔滨市
N·I新思想美发沙龙(金爵万象店),金爵万象二期A栋1017,"126.583951,45.698636",18249777162,黑龙江省,哈尔滨市,南岗区,哈尔滨市
ione·私人订制(金爵万象店),王岗镇哈尔滨大街640号金爵万象一期3号楼1214室,"126.587237,45.695694",13263662678,黑龙江省,哈尔滨市,南岗区,哈尔滨市
情侣形象设计(总店),西大桥法院街24号,"126.627425,45.742121",0451-86249779,黑龙江省,哈尔滨市,南岗区,哈尔滨市
明掌柜美发工作室(金爵万象店),哈尔滨大街640号金爵万象3栋1单元3层15号,"126.587393,45.695624",15663700311,黑龙江省,哈尔滨市,南岗区,哈尔滨市
阿文美发烫染专业机构(下夹树街),下夹树街17号之5-7号(北秀宾馆),"126.631070,45.754274",0451-86238689,黑龙江省,哈尔滨市,南岗区,哈尔滨市
森美男士理发馆,汉广街37号,"126.626222,45.737026",18511741319,黑龙江省,哈尔滨市,南岗区,哈尔滨市
非凡烫染造型(繁荣街店),繁荣街93-1号,"126.641197,45.748235",13796689964,黑龙江省,哈尔滨市,南岗区,哈尔滨市
妃格形象设计金爵万象,金爵万象商业广场7楼702,"126.582956,45.699181",18145655201,黑龙江省,哈尔滨市,南岗区,哈尔滨市
米兰美发沙龙(闽江小区二期东区店),华鸿路46号,"126.704403,45.747875",0451-51192666;18646522821,黑龙江省,哈尔滨市,南岗区,哈尔滨市
宇航美发沙龙,革新街116号,"126.658099,45.750882",0451-82633447,黑龙江省,哈尔滨市,南岗区,哈尔滨市
唤頭理发馆集合店,哈西大街与复旦街交口香醍雅诺37栋12楼20室,"126.597113,45.696029",13366022720,黑龙江省,哈尔滨市,南岗区,哈尔滨市
莱财美发沙龙,哈西大街与万隆路交叉口西80米,"126.594325,45.701025",18103614921,黑龙江省,哈尔滨市,南岗区,哈尔滨市
VESAR发型美学(红博会展购物广场店),新春街道红旗大街301号红博会展购物广场新女装区B-13厅,"126.699918,45.755347",13304648880,黑龙江省,哈尔滨市,南岗区,哈尔滨市
董军美发10店,哈西悦城国际健身会馆B区一楼,"126.591923,45.708299",18645054562,黑龙江省,哈尔滨市,南岗区,哈尔滨市
本色烫染主题沙龙(宏业小区店),七政街道清明四道街44号宏业小区B栋,"126.616528,45.739001",0451-86331932,黑龙江省,哈尔滨市,南岗区,哈尔滨市
艾琪造型(龙电花园店),人和街1-5号,"126.662429,45.761521",0451-82728266;13613613835;18645076205,黑龙江省,哈尔滨市,南岗区,哈尔滨市
S·F造型·烫发·染发·漂发(西城红场店),西城红场A港9楼18-19号(星巴克咖啡旁写字楼),"126.593348,45.702738",18346177192,黑龙江省,哈尔滨市,南岗区,哈尔滨市
发觉者美发(红星花园店),红星花园小区一曼街2-209-11,"126.677895,45.770638",15004664298;15114579544,黑龙江省,哈尔滨市,南岗区,哈尔滨市
妃凡形象设计(苗圃小区A区店),木兰街42号,"126.626509,45.734392",13796689964,黑龙江省,哈尔滨市,南岗区,哈尔滨市
木尚造型(文兴街店),文兴街35-17号,"126.621174,45.724019",15045188920,黑龙江省,哈尔滨市,南岗区,哈尔滨市
新明发艺(元和街店),元和街8-2号(地铁3号口步行270米),"126.624722,45.738687",18845722010,黑龙江省,哈尔滨市,南岗区,哈尔滨市
1+美发工作室(接发染发剪发),华润置地1号楼102号,"126.568817,45.703064",18104517272,黑龙江省,哈尔滨市,南岗区,哈尔滨市
美学家美发沙龙,哈尔滨大街637号涧桥西畔,"126.587977,45.693279",18545520789,黑龙江省,哈尔滨市,南岗区,哈尔滨市
形素经典烫染设计(学府花园店),学府三道街23号学府花园,"126.624347,45.715631",18704664766,黑龙江省,哈尔滨市,南岗区,哈尔滨市
王子型象设计(民益街店),民益街156号,"126.635837,45.757157",13766875339;18745689315,黑龙江省,哈尔滨市,南岗区,哈尔滨市
黑妹专业烫染(温馨家园店),宣信街2-2号,"126.673256,45.750200",13654539077,黑龙江省,哈尔滨市,南岗区,哈尔滨市
美艺国际发型连锁(哈西店分店),永丰大街161号,"126.592369,45.686900",0451-51197099;18686881456,黑龙江省,哈尔滨市,南岗区,哈尔滨市
新主题美发沙龙(信恒现代城园园店),黄河路205号,"126.713267,45.757946",13945017118,黑龙江省,哈尔滨市,南岗区,哈尔滨市
发丝界造型(星源国际店),星源国际B栋4门市,"126.670702,45.772608",0451-82521373;13895729773,黑龙江省,哈尔滨市,南岗区,哈尔滨市
东林枫美业(吉星商住城店),燕山路20号,"126.690770,45.753854",0451-87773691,黑龙江省,哈尔滨市,南岗区,哈尔滨市
理念轻奢美发沙龙,宣庆街60-2号,"126.674465,45.756588",15004546342;18545949324,黑龙江省,哈尔滨市,南岗区,哈尔滨市
蒂梵尼科技美肤烫染沙龙养发馆(爱达九溪店),哈尔滨大街爱达九溪6门市579-1,"126.583531,45.696722",13146008853,黑龙江省,哈尔滨市,南岗区,哈尔滨市
大董美发沙龙Hair salon花园街店,花园街266-2号,"126.654037,45.763113",17745178264,黑龙江省,哈尔滨市,南岗区,哈尔滨市
Kris专业形象设计(学府路店),学府路382号锦绣华城雅园,"126.622822,45.668680",18249502387,黑龙江省,哈尔滨市,南岗区,哈尔滨市
美拉美业(纳帕英郡店),哈尔滨大街777号纳帕英郡,"126.592878,45.687206",0451-86864666,黑龙江省,哈尔滨市,南岗区,哈尔滨市
屿安美甲工作室(西城红场生活港店),哈西街道哈西大街299号西城红场综合楼A栋2404号,"126.593702,45.702961",18145562773,黑龙江省,哈尔滨市,南岗区,哈尔滨市
米艺造型,通达街6-2号,"126.626055,45.734986",17107000006;18322566475,黑龙江省,哈尔滨市,南岗区,哈尔滨市
帆刺青纹身工作室(哈西金爵万象店),哈西街道西宁南路金爵万象三期3号楼1201室,"126.585182,45.697021",13946069616,黑龙江省,哈尔滨市,南岗区,哈尔滨市
LIXIANG理享美业,泰山北路45号,"126.702726,45.758801",15045164953,黑龙江省,哈尔滨市,南岗区,哈尔滨市
名峰造型,康宁小区西区东南1门旁,"126.607029,45.726497",[],黑龙江省,哈尔滨市,南岗区,哈尔滨市
XL轻奢沙龙美发,万隆路46号,"126.591592,45.700201",18345373943,黑龙江省,哈尔滨市,南岗区,哈尔滨市
尚姿品牌发型设计连锁机构(泰海店),海河东路178号(泰海花园小区北侧),"126.703464,45.759771",0451-83168966;0451-85926968,黑龙江省,哈尔滨市,南岗区,哈尔滨市
艺+美发沙龙,桥南街26号(西大桥地铁站3号口步行380米),"126.625297,45.740097",13030015852,黑龙江省,哈尔滨市,南岗区,哈尔滨市
丝芮美发工作室,和兴路68-2号,"126.622093,45.730248",15104699718;15545590406,黑龙江省,哈尔滨市,南岗区,哈尔滨市
白玉造型,嵩山路124号白玉造型,"126.686599,45.762063",13936602360;15645646682,黑龙江省,哈尔滨市,南岗区,哈尔滨市
一剪美美容美发连锁(红旗新区店),红旗示范新区25栋,"126.700762,45.761318",13654566987,黑龙江省,哈尔滨市,南岗区,哈尔滨市
X.hair.salon.美发店,哈西大街299号西城红场B座17楼03室,"126.593456,45.703318",18704650510,黑龙江省,哈尔滨市,南岗区,哈尔滨市
形素经典烫染设计(中交香颂店),西宁南路94号,"126.587470,45.696895",13845162767,黑龙江省,哈尔滨市,南岗区,哈尔滨市
董军美发8店,511-4董军美发,"126.579388,45.699174",[],黑龙江省,哈尔滨市,南岗区,哈尔滨市
铭函美发,光芒街75-7号,"126.654759,45.753345",19064426417,黑龙江省,哈尔滨市,南岗区,哈尔滨市
妃格形象设计(辰能店),哈西大街晨能溪树庭院南区471号,"126.596715,45.692251",[],黑龙江省,哈尔滨市,南岗区,哈尔滨市
董军美发17店(中海·雍景熙岸店),中海·雍景熙岸,"126.597502,45.685583",18704635754,黑龙江省,哈尔滨市,南岗区,哈尔滨市
流行美专业美发(学府路来乐小店),学府路附29-7号,"126.611659,45.713338",0451-86603874,黑龙江省,哈尔滨市,南岗区,哈尔滨市
ID-HAIR美发设计沙龙(万达SOHO店),中兴大道162号万达SOHOF1层,"126.592008,45.701142",15561568330,黑龙江省,哈尔滨市,南岗区,哈尔滨市
轻颜美发工作室,哈西街道清华大街22号,"126.609482,45.717739",[],黑龙江省,哈尔滨市,南岗区,哈尔滨市
简发美发店,征仪路科大小区508栋,"126.630289,45.715632",18246194517,黑龙江省,哈尔滨市,南岗区,哈尔滨市
阿信造型(水院小区店),和兴三道街45号,"126.616438,45.728421",15776873697,黑龙江省,哈尔滨市,南岗区,哈尔滨市
董军美发(11店),中兴左街117-3号恒大珺庭小区栋12层S04商服,"126.575992,45.695629",18145601498,黑龙江省,哈尔滨市,南岗区,哈尔滨市
V.潮美发沙龙(工大店),一匡街9-5,"126.631495,45.737439",15945678160,黑龙江省,哈尔滨市,南岗区,哈尔滨市
Beautiful time 美丽时刻日系轻奢美发沙龙(泰海花园小区店),黄河路141号,"126.708281,45.757219",0451-51086522,黑龙江省,哈尔滨市,南岗区,哈尔滨市
不晚Hair salon美发馆(鲁商悦未来店),健平路70号,"126.632645,45.685798",13314522801,黑龙江省,哈尔滨市,南岗区,哈尔滨市
丝颂超越美发(超越店),文府街19号,"126.657108,45.742896",13351710722,黑龙江省,哈尔滨市,南岗区,哈尔滨市
兰天美发店(鸿朗花园北区店),南开街鸿朗花园一期三号楼门市306,"126.601437,45.712209",[],黑龙江省,哈尔滨市,南岗区,哈尔滨市
TheOne美发沙龙,湘江路111号,"126.686891,45.743429",0451-87835789;18545531231,黑龙江省,哈尔滨市,南岗区,哈尔滨市
童剪童话儿童美发,哈西大街299号西城红场B栋22楼23号,"126.593456,45.703318",18004617628,黑龙江省,哈尔滨市,南岗区,哈尔滨市
全美造型美肤,三姓街73号(烟厂地铁站1号口步行120米),"126.655244,45.768902",0451-82521678;18646376000,黑龙江省,哈尔滨市,南岗区,哈尔滨市
艾比利美发(西桥住宅小区店),曲线街道桥东街51号,"126.627722,45.740019",15604514647,黑龙江省,哈尔滨市,南岗区,哈尔滨市
12小时美发沙龙(万达广场店),兴达路175号(凯盛源广场地铁站1口旁),"126.585104,45.699398",[],黑龙江省,哈尔滨市,南岗区,哈尔滨市
艺剪钟情(南岗店),花园街274号2栋6单元1层3-4号,"126.653800,45.762952",0451-51954357;18946168879,黑龙江省,哈尔滨市,南岗区,哈尔滨市
本艺美发沙龙,辽河路260号,"126.682644,45.763067",17603641016,黑龙江省,哈尔滨市,南岗区,哈尔滨市
大伟美发造型工作室(理工大学学府花园店),测绘路86号,"126.622503,45.714390",13163444496,黑龙江省,哈尔滨市,南岗区,哈尔滨市
本艺美发沙龙(会展家园小区西区店),民福路55号,"126.713630,45.745822",15804627376;17614506677,黑龙江省,哈尔滨市,南岗区,哈尔滨市
蒂秀美发沙龙(利兴小区店),和兴路街道林兴路55-3号,"126.623713,45.719983",13136688136;13136688390,黑龙江省,哈尔滨市,南岗区,哈尔滨市
合熙hair salon美发造型(合熙店),南兴街75号,"126.589613,45.698894",15245118707,黑龙江省,哈尔滨市,南岗区,哈尔滨市
魔都美发造型(大众新城一期店),征仪路大众新城2号门院里巴厘岛洗浴右侧,"126.633909,45.696615",18104607079,黑龙江省,哈尔滨市,南岗区,哈尔滨市
咖秀美发(通达小区店),七政街道通达街道通达街9号,"126.626437,45.735173",18686777098,黑龙江省,哈尔滨市,南岗区,哈尔滨市
YHair美发沙龙(万达广场店),西宁南路10号,"126.584340,45.699705",0451-51171713;13029875552,黑龙江省,哈尔滨市,南岗区,哈尔滨市
欧派美发沙龙,中山路242号(工人文化宫地铁站3号口旁),"126.653949,45.749376",0451-82810570,黑龙江省,哈尔滨市,南岗区,哈尔滨市
小鱼美发,贵新街144号与法院街交口处,"126.626083,45.741270",13613645138,黑龙江省,哈尔滨市,南岗区,哈尔滨市
酷造型(沙曼小区四街区店),和兴三道街52号,"126.621001,45.726440",13091701156,黑龙江省,哈尔滨市,南岗区,哈尔滨市
一诺国际美发沙龙(电缆街店),电缆街51号(学府星城门面),"126.619650,45.668910",0451-58995790,黑龙江省,哈尔滨市,南岗区,哈尔滨市
氧发堂天然植物染发(恒大珺庭店),恒大珺庭10号楼,"126.573557,45.694819",18103617313,黑龙江省,哈尔滨市,南岗区,哈尔滨市
雕刻时光美发沙龙(华山小区店),辽河路220号对面,"126.685647,45.763739",13945696206,黑龙江省,哈尔滨市,南岗区,哈尔滨市
董军美发(20店),西兴街19号,"126.595165,45.706606",[],黑龙江省,哈尔滨市,南岗区,哈尔滨市
小布丁儿童美发,哈西大街299号西城红场生活港,"126.592727,45.702502",[],黑龙江省,哈尔滨市,南岗区,哈尔滨市
G·L光兰美发工作室(哈西西城红场优质店),哈西大街299号西城红场生活港,"126.593775,45.703325",13674635551,黑龙江省,哈尔滨市,南岗区,哈尔滨市
ML米莱美发美甲(哈西万达写字楼店),万达写字楼B1栋一层11号,"126.592911,45.701242",13240034000;18145683229,黑龙江省,哈尔滨市,南岗区,哈尔滨市
HS·hope salon,汇龙北纬8-1-17门市王岗大街和中兴左街交口,"126.577424,45.695834",17665768626;18645020079,黑龙江省,哈尔滨市,南岗区,哈尔滨市
星秀造型(健平路店),鲁商凤凰城S栋8号,"126.629861,45.685063",17643452685,黑龙江省,哈尔滨市,南岗区,哈尔滨市
CHANGE·改变造型(美发美甲哈西店),哈西大街482号,"126.596003,45.700415",0451-88043999;13258670888,黑龙江省,哈尔滨市,南岗区,哈尔滨市
北亦美发沙龙,铁路街7号1层18号,"126.630725,45.757925",13555234688;13555238458,黑龙江省,哈尔滨市,南岗区,哈尔滨市
Top.1美发沙龙(金域蓝城3期深蓝杰座店),哈西大街13号,"126.592765,45.714061",13251601955,黑龙江省,哈尔滨市,南岗区,哈尔滨市
艺臻美发工作室(沙曼小区三街区店),振兴街32-10号,"126.618232,45.726557",18745002236,黑龙江省,哈尔滨市,南岗区,哈尔滨市
元素美发造型,吉林街41号吉林街41号院,"126.646905,45.763078",[],黑龙江省,哈尔滨市,南岗区,哈尔滨市
宏博美发(枫蓝国际店),保健路街道复旦街63-8号枫蓝国际1栋门市,"126.611404,45.697410",13069891111;18245077333,黑龙江省,哈尔滨市,南岗区,哈尔滨市
大贵美发沙龙(万达广场店),中兴大道168号万达广场(哈尔滨哈西店)1F层D2-33(4号门附近),"126.586364,45.699704",0451-51802288,黑龙江省,哈尔滨市,南岗区,哈尔滨市
悦野美发工作室,宣信街5-5号,"126.671114,45.750559",17545571781,黑龙江省,哈尔滨市,南岗区,哈尔滨市
艺生美发工作室,永和街64-10号,"126.653624,45.754844",15045852872,黑龙江省,哈尔滨市,南岗区,哈尔滨市
ZM美发沙龙(万达金街店),兴达路82号,"126.587678,45.699453",[],黑龙江省,哈尔滨市,南岗区,哈尔滨市
安悦美发造型,"南兴街40-2号(与西宁南路交口,农业银行旁边)","126.587436,45.697466",19254512671,黑龙江省,哈尔滨市,南岗区,哈尔滨市
哈尔滨市南岗区仁欣美容美发工作室,革新街131-1号院内仁欣美意,"126.653606,45.748893",13936513322;13945076607,黑龙江省,哈尔滨市,南岗区,哈尔滨市
南造型美发沙龙,光芒街43-5号,"126.657077,45.751409",18245046708,黑龙江省,哈尔滨市,南岗区,哈尔滨市
悦姿媄美发沙龙(爱达·尊御店),哈尔滨大街爱达·尊御武威路s-1-06,"126.588364,45.712468",13936512641,黑龙江省,哈尔滨市,南岗区,哈尔滨市
诗侬造型美发,吉林街72-6号(医大一院地铁站4号口步行380米),"126.645406,45.763561",15945664191,黑龙江省,哈尔滨市,南岗区,哈尔滨市
禾慕美容美发店,河沟街15号,"126.651375,45.756423",15244778886,黑龙江省,哈尔滨市,南岗区,哈尔滨市
秋桦美发(军工店),盟科观邸573-11-2门,"126.670300,45.773568",[],黑龙江省,哈尔滨市,南岗区,哈尔滨市
董军美发36店,保健副路8-11号,"126.637604,45.703064",15636701923,黑龙江省,哈尔滨市,南岗区,哈尔滨市
小波波美发店,清明三道街2号(西大桥地铁站2b口步行340米),"126.617857,45.741049",18686771519,黑龙江省,哈尔滨市,南岗区,哈尔滨市
奇点美容美发,文府街15-1号,"126.657181,45.742763",15104655465,黑龙江省,哈尔滨市,南岗区,哈尔滨市
留白美发品牌沙龙(哈西万达SOHO店),哈西万达公寓A座130号,"126.591851,45.700761",[],黑龙江省,哈尔滨市,南岗区,哈尔滨市
亿澜造型美发店,民益街25-1号,"126.644468,45.765071",17545512556,黑龙江省,哈尔滨市,南岗区,哈尔滨市
南岗区美域美发沙龙店,健平路62号,"126.632927,45.685989",15045622956;18686782546;18686837195,黑龙江省,哈尔滨市,南岗区,哈尔滨市
福7美发烫染工作室,学府路382号锦绣华城雅园,"126.623791,45.668894",[],黑龙江省,哈尔滨市,南岗区,哈尔滨市
银影美容美发化妆摄影职业技能培训学校,果戈里大街街花园街355号,"126.648131,45.758616",0451-87532988,黑龙江省,哈尔滨市,南岗区,哈尔滨市
简法造型·美发·美甲,芦家街25号,"126.670038,45.756040",18644058956,黑龙江省,哈尔滨市,南岗区,哈尔滨市
全带豁美发沙龙,十字街与宣文街交叉口,"126.670706,45.756580",15204666921,黑龙江省,哈尔滨市,南岗区,哈尔滨市
枫阁美发沙龙,哈尔滨大街623号,"126.586592,45.694543",18249031102;19845040311,黑龙江省,哈尔滨市,南岗区,哈尔滨市
MZ美发(浦江路店),浦江路39号,"126.691830,45.753159",13804569654,黑龙江省,哈尔滨市,南岗区,哈尔滨市
真我美发,洁净街53-3号,"126.660174,45.755572",13903655122,黑龙江省,哈尔滨市,南岗区,哈尔滨市
兰瑟美发沙龙,三姓街87-1号,"126.654233,45.769456",18311445880,黑龙江省,哈尔滨市,南岗区,哈尔滨市
好运角美发店,哈发电厂住宅东区西南门旁,"126.652094,45.740896",13895738158,黑龙江省,哈尔滨市,南岗区,哈尔滨市
嘉黛专业美发沙龙(复华小区店),复华三道街三十三号,"126.635286,45.745477",13343113434,黑龙江省,哈尔滨市,南岗区,哈尔滨市
艾瑞丝形象设计(护军街店),护军街36号(哈工大地铁站3号口步行280米),"126.627638,45.742008",15545463415,黑龙江省,哈尔滨市,南岗区,哈尔滨市
艺廊美发(闽江小区1期店),闽江小区1期北门西50米,"126.699993,45.747161",0451-86095383;18646352175,黑龙江省,哈尔滨市,南岗区,哈尔滨市
约定美发沙龙,龙江街25号(医大一院地铁站4号口步行220米),"126.651104,45.762372",15545015188,黑龙江省,哈尔滨市,南岗区,哈尔滨市
海娜美发(马家街店),马家街81-3海娜美发,"126.647923,45.756551",13936318662,黑龙江省,哈尔滨市,南岗区,哈尔滨市
阿炜时尚美发沙龙(南岗店),邮政街57-11号,"126.645170,45.762979",13796639117;15804666876,黑龙江省,哈尔滨市,南岗区,哈尔滨市
真沙廊美发,学府东四道街260号,"126.618524,45.704417",0451-82535288;15546012600,黑龙江省,哈尔滨市,南岗区,哈尔滨市
文海美发店,文明街56号文海溪畔9号楼,"126.645425,45.745575",13351311537,黑龙江省,哈尔滨市,南岗区,哈尔滨市
禹含美发造型沙龙,芦家街59号,"126.666213,45.756251",15045865674;18946159872,黑龙江省,哈尔滨市,南岗区,哈尔滨市
染Hair美发店(西城红场生活港店),哈西大街299号西城红场创意中心A号楼22层11-12室,"126.593998,45.702834",[],黑龙江省,哈尔滨市,南岗区,哈尔滨市
燕子美发(宏业小区店),清明四道街48-6号宏业小区,"126.616247,45.738850",18246066191,黑龙江省,哈尔滨市,南岗区,哈尔滨市
小杰美发(木工街店),木工街19-15号,"126.624523,45.749041",13836106830,黑龙江省,哈尔滨市,南岗区,哈尔滨市
俏江南发型艺术(红旗住宅新区店),红旗新区45-1栋四单元103门市,"126.696787,45.760873",[],黑龙江省,哈尔滨市,南岗区,哈尔滨市
如意美发(征仪路花园小区B区店),科研街55号,"126.639168,45.688719",13644500840;13936259589,黑龙江省,哈尔滨市,南岗区,哈尔滨市
伊丝留恋发型设计(黑山街店),革新街道黑山街交叉口黑山街53号,"126.660907,45.753070",15764666654,黑龙江省,哈尔滨市,南岗区,哈尔滨市
永芳烫染沙龙(宣西小区店),宣信街3-15号,"126.671751,45.750541",0451-82327978;13704803453,黑龙江省,哈尔滨市,南岗区,哈尔滨市
曼巴男士理发店barbershop,学兴路120号,"126.625955,45.714038",[],黑龙江省,哈尔滨市,南岗区,哈尔滨市
九头鸟发艺,和兴十一道街89号,"126.605694,45.728094",15545499168,黑龙江省,哈尔滨市,南岗区,哈尔滨市
美奈HairSalon,通达街与西大直街交叉口西北40米,"126.620253,45.738725",15201572512,黑龙江省,哈尔滨市,南岗区,哈尔滨市
肖恩专业男士发型,曲线街与西大直街交叉口西北80米曲线街111号,"126.625073,45.743581",17610050589,黑龙江省,哈尔滨市,南岗区,哈尔滨市
尚艺形象设计,哈西大街724号门市,"126.598091,45.690834",13633602558,黑龙江省,哈尔滨市,南岗区,哈尔滨市
佳慧·造型(芦家街店),芦家街24-4号,"126.671700,45.755777",15636835610,黑龙江省,哈尔滨市,南岗区,哈尔滨市
鲨鱼男士理发馆,木工街3-9号,"126.627340,45.748132",[],黑龙江省,哈尔滨市,南岗区,哈尔滨市
含笑剪业,法院街23号(哈工大地铁站3号口步行300米),"126.626835,45.742001",15846611776,黑龙江省,哈尔滨市,南岗区,哈尔滨市
蓝灯造型(吉林街店),吉林街47号(医大一院地铁站4号口步行370米),"126.646563,45.763248",15776673740;18845619606,黑龙江省,哈尔滨市,南岗区,哈尔滨市
越克男士烫染理发店(学府店),学府东四道街与学府路交叉口东180米,"126.616728,45.704240",[],黑龙江省,哈尔滨市,南岗区,哈尔滨市
美西美造型第三分店,贵新街31号,"126.626679,45.741148",0451-57826541;18686888516,黑龙江省,哈尔滨市,南岗区,哈尔滨市
N.I.新印象造型,文府街副3-13号,"126.658589,45.741671",18246133133,黑龙江省,哈尔滨市,南岗区,哈尔滨市
预言造型烫染(总店),文景街97-9号,"126.650093,45.743390",18614501199,黑龙江省,哈尔滨市,南岗区,哈尔滨市
古里男士理发馆Barber shop,和兴路街道和兴三道街190-2号,"126.611586,45.729698",[],黑龙江省,哈尔滨市,南岗区,哈尔滨市
方糖男士理发馆,中兴大道162号万达SOHOB栋214室,"126.591003,45.700861",13199467929,黑龙江省,哈尔滨市,南岗区,哈尔滨市
小S造型,燎原街副63-1号,"126.658525,45.768775",0451-82556844,黑龙江省,哈尔滨市,南岗区,哈尔滨市
宣玮发型,中兴大道哈西万达公寓A座16楼1618室,"126.592775,45.701325",13329315266,黑龙江省,哈尔滨市,南岗区,哈尔滨市
放松街区男士理发Relax barbershop(西城红场生活港店),西城红场创意港c座13-12,"126.592686,45.702725",19526426099,黑龙江省,哈尔滨市,南岗区,哈尔滨市
千百度造型(黑龙江大学家属楼店),黑龙江大学A区家属楼十号楼,"126.615543,45.710215",15146627764,黑龙江省,哈尔滨市,南岗区,哈尔滨市
华尚造型(黑山街店),黑山街39-1号,"126.662028,45.752306",18845152780,黑龙江省,哈尔滨市,南岗区,哈尔滨市
新帅•造型形象设计(恒大珺庭店),王岗大街恒大珺庭4号楼6号门市539号,"126.576538,45.696503",13100886786,黑龙江省,哈尔滨市,南岗区,哈尔滨市
然旭造型(中和街57号院店),黑山街87号,"126.656601,45.755618",16603620802,黑龙江省,哈尔滨市,南岗区,哈尔滨市
李伟形象设计(新发小区D区店),花园街9号,"126.666675,45.771427",18646014900,黑龙江省,哈尔滨市,南岗区,哈尔滨市
唯嘉造型(新发小区D区店),花园街21号,"126.666292,45.771378",13766870383,黑龙江省,哈尔滨市,南岗区,哈尔滨市
梦之梦发型,吉林街49号(医大一院地铁站4号口步行370米),"126.646493,45.763280",15245026833,黑龙江省,哈尔滨市,南岗区,哈尔滨市
诺一造型,宣庆街31号,"126.674655,45.754340",19845268586,黑龙江省,哈尔滨市,南岗区,哈尔滨市
发轩造型,和兴路街道学府经典c区学兴路16号,"126.623659,45.717679",15201011602,黑龙江省,哈尔滨市,南岗区,哈尔滨市
慕颜美发沙龙,哈西大街538号,"126.596663,45.698321",17745107649,黑龙江省,哈尔滨市,南岗区,哈尔滨市
尚艺造型(红旗住宅新区店),淮河路180号,"126.700441,45.762603",15663878996,黑龙江省,哈尔滨市,南岗区,哈尔滨市
卓启造型(锦绣华城雅园店),学府路382-4号,"126.622756,45.668583",15046699007,黑龙江省,哈尔滨市,南岗区,哈尔滨市
初十造型,巴陵街与文教街交叉口西北20米,"126.661931,45.755672",19545142818,黑龙江省,哈尔滨市,南岗区,哈尔滨市
骄阳发艺(中发郦苑店),马端头道街78号(中发郦苑小区),"126.672162,45.766094",13098766444,黑龙江省,哈尔滨市,南岗区,哈尔滨市
马刚美业(黑龙江大学家属楼店),书苑街,"126.618411,45.710405",18945647912,黑龙江省,哈尔滨市,南岗区,哈尔滨市
明阳美发(黑山街92号院店),巴陵街67号,"126.659275,45.753423",15545588811,黑龙江省,哈尔滨市,南岗区,哈尔滨市
艺美国际烫染造型,淮河东路淮海路交叉口,"126.710952,45.763469",18346048634,黑龙江省,哈尔滨市,南岗区,哈尔滨市
黑金浪湖北美发(文教街小区店),文教街76-2号,"126.663011,45.754478",15546363456,黑龙江省,哈尔滨市,南岗区,哈尔滨市
鼎格造型,宣庆街35-21号,"126.674736,45.755069",17745658329,黑龙江省,哈尔滨市,南岗区,哈尔滨市
狼宇美发店,林兴街42号(双兴小区店),"126.623450,45.719676",0451-51818034;15304669012,黑龙江省,哈尔滨市,南岗区,哈尔滨市
湖北老四美发,芦家街22号102室,"126.672121,45.755662",13163429171,黑龙江省,哈尔滨市,南岗区,哈尔滨市
杰森补发假发,哈西大街299号综合体栋C栋1单元11层4号,"126.592433,45.702637",15045627347,黑龙江省,哈尔滨市,南岗区,哈尔滨市
立铭造型,盟科视界五号楼二单元101室,"126.713230,45.755288",13298722216,黑龙江省,哈尔滨市,南岗区,哈尔滨市
芷君美发(新发小区B区店),燎原街35号,"126.661050,45.767436",18945006448,黑龙江省,哈尔滨市,南岗区,哈尔滨市
唯美造型(华山小区店),嵩山路170号华山小区,"126.683865,45.763514",13936441528,黑龙江省,哈尔滨市,南岗区,哈尔滨市
靓点造型(光芒街店),光芒街91-1号,"126.652654,45.754903",13664608097,黑龙江省,哈尔滨市,南岗区,哈尔滨市
奇艺造型美发美甲,和兴路50号哈尔滨师范大学(江南校区)职工住宅11栋,"126.626825,45.724325",18345717042,黑龙江省,哈尔滨市,南岗区,哈尔滨市
董军美发102店,建兴路103号1层5号商服,"126.629109,45.682868",13390548825,黑龙江省,哈尔滨市,南岗区,哈尔滨市
吸引力造型(恒大珺庭店),王岗镇哈西恒大珺庭门市6号楼,"126.575351,45.697271",[],黑龙江省,哈尔滨市,南岗区,哈尔滨市
湖北艺涛美发(新发小区B区店),燎原街10号门市,"126.661225,45.767275",13613658093,黑龙江省,哈尔滨市,南岗区,哈尔滨市
湖北美发(木介街店),木介街56-12号,"126.643250,45.748338",15545163338,黑龙江省,哈尔滨市,南岗区,哈尔滨市
慕云轻奢美妆美发沙龙,和兴路50号哈尔滨师范大学(江南校区)职工住宅11栋,"126.626858,45.724354",18245060517,黑龙江省,哈尔滨市,南岗区,哈尔滨市
高雅美发(红星花园店),一曼街2-208号红星花园,"126.677568,45.770639",13206561078,黑龙江省,哈尔滨市,南岗区,哈尔滨市
首艺造型(鲁商·松江新城店),南岗区鲁商松江新城万华府一号楼首艺造型,"126.628855,45.681254",[],黑龙江省,哈尔滨市,南岗区,哈尔滨市
尤司男士理发馆(万达广场店),兴达路43号市井婆豆沙牛乳三楼,"126.588723,45.699871",17519519009,黑龙江省,哈尔滨市,南岗区,哈尔滨市
浪涛美发(宣庆小区店),黄河路附50号宣庆小区14栋,"126.675330,45.751380",[],黑龙江省,哈尔滨市,南岗区,哈尔滨市
黑燕子男士理发店,北京街33号-11号,"126.635571,45.756232",[],黑龙江省,哈尔滨市,南岗区,哈尔滨市
董军美发,慧安街79号中海·云麓公馆一期,"126.578818,45.689351",[],黑龙江省,哈尔滨市,南岗区,哈尔滨市
艺缘发型室(大成头道街店),南区大成街新发小区f204栋10单元1楼3号,"126.667096,45.762812",15204699725,黑龙江省,哈尔滨市,南岗区,哈尔滨市
铭沣造型(文府店),文府街26-2铭沣造型,"126.657345,45.742090",13009861929,黑龙江省,哈尔滨市,南岗区,哈尔滨市
湖北黑金靓美发(七政小区店),进化街9号(西大桥地铁站1A口步行440米),"126.618975,45.735291",13124508393,黑龙江省,哈尔滨市,南岗区,哈尔滨市
丝诺美发,分部街59-7号,"126.657810,45.756545",[],黑龙江省,哈尔滨市,南岗区,哈尔滨市
Kilo.barbershop男士理发,西城红场B座,"126.593625,45.703225",[],黑龙江省,哈尔滨市,南岗区,哈尔滨市
微时光男士修面理容馆,中兴大道162号万达SOHOA座3层1号,"126.592024,45.700969",[],黑龙江省,哈尔滨市,南岗区,哈尔滨市
龙艺发型设计烫染店,繁荣街147-17号,"126.637165,45.744639",13089990686,黑龙江省,哈尔滨市,南岗区,哈尔滨市
合理·Barbershop.,学府路382号锦绣华城雅园九号楼底商14号,"126.623459,45.668542",16538660000,黑龙江省,哈尔滨市,南岗区,哈尔滨市
H Hair Salon,和兴路50号28栋,"126.621689,45.724115",15045428893,黑龙江省,哈尔滨市,南岗区,哈尔滨市
海洋造型(公安街店),公安街71号(烟厂地铁站3号口步行450米),"126.660527,45.771522",0451-82524981;13115515552,黑龙江省,哈尔滨市,南岗区,哈尔滨市
c+美场造型,民益街30-4号,"126.644417,45.764604",18745100776,黑龙江省,哈尔滨市,南岗区,哈尔滨市
菲灵国际美发连锁机构(闽江店),闽江路183-3号,"126.698473,45.747761",0451-87006165,黑龙江省,哈尔滨市,南岗区,哈尔滨市
黑金波美发厅,木工街1号,"126.627760,45.747990",13674628879,黑龙江省,哈尔滨市,南岗区,哈尔滨市
沐川沙龙(江城之珠店),一匡街49号,"126.629992,45.738302",19917610068,黑龙江省,哈尔滨市,南岗区,哈尔滨市
妃寻造型,学府东四道街318号,"126.616983,45.704294",15104575541,黑龙江省,哈尔滨市,南岗区,哈尔滨市
喜理发型设计(法院小区店),护军街30-2号(哈工大地铁站3号口步行290米),"126.627941,45.741853",15645117898,黑龙江省,哈尔滨市,南岗区,哈尔滨市
宏尚造型,学府路237号,"126.617453,45.686486",15146261000,黑龙江省,哈尔滨市,南岗区,哈尔滨市
小v造型(芦家街店),芦家街32-2号,"126.671104,45.755710",15114647987,黑龙江省,哈尔滨市,南岗区,哈尔滨市
聚美造型(学府星城店),学府星城南1门东110米,"126.620176,45.668999",15244779693,黑龙江省,哈尔滨市,南岗区,哈尔滨市
小军发艺(交通街店),交通街1-2号,"126.647672,45.753183",18645033718,黑龙江省,哈尔滨市,南岗区,哈尔滨市
名剪造型,哈西街道哈尔滨大街507号华润大厦505-6室,"126.579955,45.699746",15146440576,黑龙江省,哈尔滨市,南岗区,哈尔滨市
晓磊造型(巴陵街店),巴陵街41-7号小磊造型内,"126.661199,45.755061",15604807985,黑龙江省,哈尔滨市,南岗区,哈尔滨市
森炜造型(七政小区店),清滨路与七政街交叉口西南60米,"126.619885,45.735184",17744411423,黑龙江省,哈尔滨市,南岗区,哈尔滨市
艾文形象设计,南岗区理工大学家属楼11号楼1单元1门,"126.616698,45.716320",18246168553,黑龙江省,哈尔滨市,南岗区,哈尔滨市
新发现理发店(花园街店),花园街365号(博物馆地铁站3a口步行370米),"126.646876,45.757440",13089999237,黑龙江省,哈尔滨市,南岗区,哈尔滨市
丰尚造型,利群街20-2号,"126.628544,45.749738",[],黑龙江省,哈尔滨市,南岗区,哈尔滨市
悦悦发艺(哈尔滨炼油厂住宅楼4栋店),七政街49-3号,"126.621575,45.735325",[],黑龙江省,哈尔滨市,南岗区,哈尔滨市
魔发造型设计(华山小区店),辽河路179号,"126.685358,45.763706",[],黑龙江省,哈尔滨市,南岗区,哈尔滨市
小鹏发型设计(鲁商·松江新城万华府店),跃进街道鲁商松江新城万华府14号楼,"126.625445,45.678148",15104541856,黑龙江省,哈尔滨市,南岗区,哈尔滨市
王子造型(金洋馨园店),和兴十一道街5-5号,"126.609865,45.726676",13936223542,黑龙江省,哈尔滨市,南岗区,哈尔滨市
沐格造型,分部街31-9号,"126.662527,45.753546",19523241520,黑龙江省,哈尔滨市,南岗区,哈尔滨市
金名顶剪烫染专业店(红星花园店),一曼街2一209一18,"126.677622,45.770642",[],黑龙江省,哈尔滨市,南岗区,哈尔滨市
湖北美发,十字街36-6号十字街36-6号院,"126.670469,45.755675",[],黑龙江省,哈尔滨市,南岗区,哈尔滨市
李先生造型(哈西店),哈西街道和谐大道315号,"126.589855,45.700292",19523288511,黑龙江省,哈尔滨市,南岗区,哈尔滨市
湖北发艺(宣西小区店),宣西小区2栋13单元101室,"126.675831,45.757870",15663866562,黑龙江省,哈尔滨市,南岗区,哈尔滨市
阿李廊发型沙龙(来乐小店),芦家街58号,"126.669057,45.755792",13936688502;18045479509,黑龙江省,哈尔滨市,南岗区,哈尔滨市
乐剪时尚造型,十字街38-4号,"126.670348,45.756019",15645045980,黑龙江省,哈尔滨市,南岗区,哈尔滨市
睿彩阿芳烫染造型,满洲里街67-9号,"126.635116,45.755181",13845090109,黑龙江省,哈尔滨市,南岗区,哈尔滨市
艺采峰飞专业颜发,花园街328号(哈尔滨市奋斗小学校对面),"126.648229,45.758207",0451-53622569,黑龙江省,哈尔滨市,南岗区,哈尔滨市
风行美发,满洲里街与海城街交叉口西40米,"126.634384,45.754905",[],黑龙江省,哈尔滨市,南岗区,哈尔滨市
铭剪发型设计工作室,芦家街道建新街副59-2,"126.661837,45.759969",15004614770,黑龙江省,哈尔滨市,南岗区,哈尔滨市
1949造型(学府花园店),学府路学府三道街学府花园6号楼10号门市,"126.624242,45.715621",15604604355,黑龙江省,哈尔滨市,南岗区,哈尔滨市
非零造型(冬奥村U栋店),渭水路60号冬奥村U栋9号门市,"126.705799,45.749811",[],黑龙江省,哈尔滨市,南岗区,哈尔滨市
海轩形象设计连锁机构(文瑞小区店),文化街18号文瑞小区,"126.649579,45.738106",0451-58901144,黑龙江省,哈尔滨市,南岗区,哈尔滨市
宇轩造型(百盛店),东直路211号(交通学院地铁站3号口步行190米),"126.686095,45.788037",15945184416,黑龙江省,哈尔滨市,道外区,哈尔滨市
常诚造型(东直路店),东直路273号(交通学院地铁站2号口步行80米),"126.688994,45.788518",13074587567,黑龙江省,哈尔滨市,道外区,哈尔滨市
梵领造型(工程大学店),大有坊街3号(与红旗大街交叉口),"126.691448,45.775561",15546669705,黑龙江省,哈尔滨市,道外区,哈尔滨市
MUYE潮男美发·烫发·染发(工程大学店),红旗大街765号红平小区1栋-1号门市,"126.691206,45.774882",18545888399,黑龙江省,哈尔滨市,道外区,哈尔滨市
AI墨造型(哈工程店),大有坊街14号(大有坊街地铁站3号口步行70米),"126.692243,45.775208",17511697826,黑龙江省,哈尔滨市,道外区,哈尔滨市
一树沙龙Salon(泰山路店),红旗小区53栋6单元102号,"126.700175,45.766825",18686778495,黑龙江省,哈尔滨市,道外区,哈尔滨市
众想造型(太平大街店),太平大街167号,"126.687273,45.789682",0451-51939691,黑龙江省,哈尔滨市,道外区,哈尔滨市
AI墨造型(黑工程店),东直路229号(交通学院地铁站3号口步行110米),"126.686925,45.787825",15045690702,黑龙江省,哈尔滨市,道外区,哈尔滨市
名威造型护肤养生会馆(宏伟路店),宏伟路105号中国农业银行2楼,"126.696663,45.782145",17645139555,黑龙江省,哈尔滨市,道外区,哈尔滨市
艾尚形象设计(南极街店),南极街112-4号(福宏名城北区1号门西北60米),"126.642052,45.771483",[],黑龙江省,哈尔滨市,道外区,哈尔滨市
{启妃·LZL} 形象设计,友谊东路820号与公浴街交叉口,"126.632365,45.783601",13019722233;13664600946;18846065554,黑龙江省,哈尔滨市,道外区,哈尔滨市
木凡造型,东直路231号(交通学院地铁站3号口步行100米),"126.686978,45.787767",15846611165,黑龙江省,哈尔滨市,道外区,哈尔滨市
米朵美发美甲工作室,南十九道街48号,"126.661578,45.788560",15645055528,黑龙江省,哈尔滨市,道外区,哈尔滨市
汇丽专业美发沙龙(道外巴洛克店),宝宇天邑环球港A区13-6门市1层2,"126.637865,45.779367",13845091226;16603600649,黑龙江省,哈尔滨市,道外区,哈尔滨市
INSI Hair Salon(百盛店),东直路118号百盛购物中心(道外区太平桥店),"126.676417,45.783755",[],黑龙江省,哈尔滨市,道外区,哈尔滨市
梵领造型烫发·染发(南直路店),南直路与宏图街交叉口,"126.702820,45.781513",0451-57645444,黑龙江省,哈尔滨市,道外区,哈尔滨市
木·辛造型(永平小区店),东直路60号,"126.672078,45.785514",13946170671,黑龙江省,哈尔滨市,道外区,哈尔滨市
阿辉造型(十四道街店),南新街238号轩辕小区,"126.654830,45.784365",0451-83131467,黑龙江省,哈尔滨市,道外区,哈尔滨市
短发故事美发店(黑工程店),太平大街234号,"126.687237,45.789362",15010671012,黑龙江省,哈尔滨市,道外区,哈尔滨市
银朋造型美发美甲美睫,安华街8号,"126.674232,45.786200",15124556980,黑龙江省,哈尔滨市,道外区,哈尔滨市
一家很棒的美发店,润达国际c座810(太平桥地铁站1号口旁),"126.676459,45.783733",13199190601,黑龙江省,哈尔滨市,道外区,哈尔滨市
标榜造型,南新街236-2号1层8号,"126.657025,45.784525",15046687740,黑龙江省,哈尔滨市,道外区,哈尔滨市
功夫肩颈大明星理容(南十四道街店),南十四道街99号,"126.655439,45.783413",0451-88960896;0451-88964846,黑龙江省,哈尔滨市,道外区,哈尔滨市
禾川造型,南直路街道武源二道街4-1号,"126.703119,45.778580",18504592339,黑龙江省,哈尔滨市,道外区,哈尔滨市
老标榜原创总店(南通大街店),南通大街17号(太平桥地铁站3号口3米),"126.677203,45.783138",0451-82565221;13945156864;15046653148,黑龙江省,哈尔滨市,道外区,哈尔滨市
上选造型,太平大街129号,"126.685883,45.789300",18945680280,黑龙江省,哈尔滨市,道外区,哈尔滨市
山石造型(永平小区店),东直路76号,"126.672586,45.785441",0451-51037856;15104662789;18245019679,黑龙江省,哈尔滨市,道外区,哈尔滨市
辅星造型美发沙龙,东直路215号(交通学院地铁站3号口步行110米),"126.686616,45.787752",17645456953,黑龙江省,哈尔滨市,道外区,哈尔滨市
改变形象设计工作室(江畔·方元中区店),北十六道街103号江畔·方元(中区)底商,"126.652992,45.793562",17044294111,黑龙江省,哈尔滨市,道外区,哈尔滨市
木浦造型(南十四道街店),南十四道街141号(轩辕小区门面房),"126.655086,45.783984",18045479001;18846836205,黑龙江省,哈尔滨市,道外区,哈尔滨市
梵欧造型(育英小区店),太平南四道街36号,"126.681730,45.787433",13704503530,黑龙江省,哈尔滨市,道外区,哈尔滨市
阿盛美容美发沙龙(道外店),承德街52号,"126.648005,45.774972",13069870656,黑龙江省,哈尔滨市,道外区,哈尔滨市
陶闻青丝坊烫染吧(南直路店),南直路526-2号,"126.701253,45.787505",18646555365,黑龙江省,哈尔滨市,道外区,哈尔滨市
金公子美业(淮河路店),淮河路237号(海河东路地铁站2号口步行270米),"126.694887,45.762372",13836199444,黑龙江省,哈尔滨市,道外区,哈尔滨市
弥尚造型(滨港水岸C区店),黎华街道通港街52号,"126.682468,45.798071",15004621295,黑龙江省,哈尔滨市,道外区,哈尔滨市
维尼美业,太平南二道街10号,"126.688011,45.788504",18800473234,黑龙江省,哈尔滨市,道外区,哈尔滨市
BELLA HAIR贝拉(百盛店),东直路118号百盛购物中心(道外区太平桥店),"126.675925,45.783175",18404024000,黑龙江省,哈尔滨市,道外区,哈尔滨市
短发故事(道外店),草市街48号,"126.646003,45.776901",13804625615,黑龙江省,哈尔滨市,道外区,哈尔滨市
天赐美发按摩(平湖小区店),新江桥街62号,"126.694135,45.793238",[],黑龙江省,哈尔滨市,道外区,哈尔滨市
AE造型(105店),宏图街205号红河新区706栋8单元1层2号,"126.694400,45.780995",[],黑龙江省,哈尔滨市,道外区,哈尔滨市
主角形象设计(丽江楼小区店),南马路67号,"126.642002,45.775249",15246666200;15945784819,黑龙江省,哈尔滨市,道外区,哈尔滨市
米兰时尚美发沙龙,北14道街68号(清真寺地铁站3号口步行170米),"126.650784,45.790039",13624514599,黑龙江省,哈尔滨市,道外区,哈尔滨市
董辉造型(滨江凤凰城店),仁里街三十七号,"126.659931,45.788877",13946100712,黑龙江省,哈尔滨市,道外区,哈尔滨市
匠呈发屋,太平北二道街21号,"126.687386,45.790383",19297512085;19297512087,黑龙江省,哈尔滨市,道外区,哈尔滨市
A·one私人形象设计(太平桥店),黎华街道东直路118号润达国际B座804室,"126.676590,45.784111",17645000882,黑龙江省,哈尔滨市,道外区,哈尔滨市
美感造型设计(滨江凤凰城北区店),南十八道街151号一层商服,"126.659903,45.788999",18644070302,黑龙江省,哈尔滨市,道外区,哈尔滨市
时尚名烫,黎华小区C8栋一层7门,"126.674871,45.787188",15645140117,黑龙江省,哈尔滨市,道外区,哈尔滨市
九熙造型私人定制,南马路25号,"126.643684,45.775582",13936341664;15846625397,黑龙江省,哈尔滨市,道外区,哈尔滨市
艾尚形象设计(第二分店),南十六道街17号,"126.659949,45.782615",13205298525,黑龙江省,哈尔滨市,道外区,哈尔滨市
悦加Y+造型,北三道街15号13号楼1号商服,"126.685372,45.789664",17604568312,黑龙江省,哈尔滨市,道外区,哈尔滨市
阿辉造型,黎华街道东直路116号乐松广场太平桥店一楼A-025,"126.674629,45.784782",13936464721,黑龙江省,哈尔滨市,道外区,哈尔滨市
美之道艺术沙龙(景阳世家店),景阳街343号(北马路地铁站4号口步行420米),"126.636694,45.783579",[],黑龙江省,哈尔滨市,道外区,哈尔滨市
艺绣堂美业,南新街3-5号(靖宇公园地铁站1号口步行80米),"126.666098,45.788542",13163431134,黑龙江省,哈尔滨市,道外区,哈尔滨市
梦露专业美发设计,长春街55-1号,"126.644604,45.790314",13936169208;15124587717,黑龙江省,哈尔滨市,道外区,哈尔滨市
酷美造型,太平大街街道太平南二道街28号,"126.688104,45.789206",15545331735,黑龙江省,哈尔滨市,道外区,哈尔滨市
发色美发工作室(润达国际C座店),润达国际C座22层08号(太平桥地铁站1号口旁),"126.676455,45.783711",18246852546,黑龙江省,哈尔滨市,道外区,哈尔滨市
1号造型(草市街店),东莱街147号,"126.647588,45.778542",[],黑龙江省,哈尔滨市,道外区,哈尔滨市
美酷造型(水晶社区店),德胜街160号,"126.646790,45.778763",15104688108,黑龙江省,哈尔滨市,道外区,哈尔滨市
修一美发(辽河路),辽河路117号,"126.695522,45.764952",17614627798,黑龙江省,哈尔滨市,道外区,哈尔滨市
绝对名剪,南新街13号,"126.663525,45.787775",13936596456,黑龙江省,哈尔滨市,道外区,哈尔滨市
艺人造型(南新街店),南新街61号,"126.661609,45.787153",18746037183;18746044586,黑龙江省,哈尔滨市,道外区,哈尔滨市
尤米造型,北十四道街74号(清真寺地铁站3号口步行280米),"126.650661,45.790129",18545156165,黑龙江省,哈尔滨市,道外区,哈尔滨市
木易造型(三棵树大街店),三棵大街15号,"126.706507,45.794279",15645672201;18686764425,黑龙江省,哈尔滨市,道外区,哈尔滨市
秋田造型(百盛店),太平南四道街40号,"126.681665,45.787509",17390616960,黑龙江省,哈尔滨市,道外区,哈尔滨市
安妮美业(新乐小区店),太安大街43号新乐小区(太平桥地铁站5号口旁),"126.678989,45.783954",0451-82511502,黑龙江省,哈尔滨市,道外区,哈尔滨市
靓美造型(总店),大方里街与大方里南三道街交叉口西北140米,"126.656501,45.774318",[],黑龙江省,哈尔滨市,道外区,哈尔滨市
黑桃A发型设计(维也纳河畔新城A区店),太平大街与建平街交叉口东北60米,"126.683478,45.788570",13946000463;18545511018,黑龙江省,哈尔滨市,道外区,哈尔滨市
SOHO私人美发会所(润达国际店),东直路118号润达国际B座1701室,"126.676977,45.784023",13945075108;18546095758,黑龙江省,哈尔滨市,道外区,哈尔滨市
HUE染色潮色接发,东直路118号润达国际(太平桥地铁站1号口旁),"126.676425,45.783675",[],黑龙江省,哈尔滨市,道外区,哈尔滨市
理享形象设计,辽河路21号,"126.700041,45.765460",[],黑龙江省,哈尔滨市,道外区,哈尔滨市
美度造型烫染专业店(长安城店),南直路泰富长安城A4号楼15号车库,"126.706770,45.774252",18646336393;18746014818,黑龙江省,哈尔滨市,道外区,哈尔滨市
发域私人定制换吗衣旧换新,泰富长安城M2栋14号车库,"126.712775,45.774175",[],黑龙江省,哈尔滨市,道外区,哈尔滨市
酷派美发沙龙(化工街道办事处安全生产监督管理站西南),东棵街丽都广场13号楼5门市,"126.723601,45.773220",18249512065;18745781932,黑龙江省,哈尔滨市,道外区,哈尔滨市
漫都美容美发(永平小区店),永平小区201栋(太平桥地铁站4A口步行380米),"126.672545,45.785449",15246787444,黑龙江省,哈尔滨市,道外区,哈尔滨市
木梵造型(天邑澜山店),宏大路93号,"126.630468,45.778161",13766801520,黑龙江省,哈尔滨市,道外区,哈尔滨市
匠心国际美发沙龙(百年新城西区店),北十七道街22号(清真寺地铁站3号口步行430米),"126.656338,45.790478",18346013771,黑龙江省,哈尔滨市,道外区,哈尔滨市
米朵造型,南十六道街2号,"126.659964,45.781654",16603678990,黑龙江省,哈尔滨市,道外区,哈尔滨市
slowtime慢时光美发造型,南十七道街58号,"126.660012,45.784771",19204662209,黑龙江省,哈尔滨市,道外区,哈尔滨市
合心美业(凤凰城小区店),南十七道街48号,"126.660175,45.784475",13313656456,黑龙江省,哈尔滨市,道外区,哈尔滨市
赫彩造型(宏伟嘉园店),宏伟路宏伟小区8号楼,"126.699632,45.774784",15046683276,黑龙江省,哈尔滨市,道外区,哈尔滨市
样样红发艺(信用小区店),太平大街118号,"126.682374,45.787918",18724627397,黑龙江省,哈尔滨市,道外区,哈尔滨市
MUYE妃格美业(工程大学店),红旗大街699号红平小区,"126.691219,45.774827",[],黑龙江省,哈尔滨市,道外区,哈尔滨市
丽都美发(红旗小区1区店),红旗老区31栋7单元103室,"126.695664,45.762671",[],黑龙江省,哈尔滨市,道外区,哈尔滨市
伊人美容美发形象设计(蓝筹七彩阳光店),太平大街286号23,"126.691342,45.790554",0451-87071757,黑龙江省,哈尔滨市,道外区,哈尔滨市
金羽造型(阳光丽都店),化工街道先锋路东棵街阳光丽都小区3号楼5门市,"126.722843,45.773168",13352505046,黑龙江省,哈尔滨市,道外区,哈尔滨市
莉维亚发型定制,团结镇东都幸福里24栋21号(小区内中辉生鲜后门旁),"126.782144,45.788282",13304521822,黑龙江省,哈尔滨市,道外区,哈尔滨市
红豆造型(东莱街店),东莱街89号,"126.648547,45.779246",13796061039;13845103397,黑龙江省,哈尔滨市,道外区,哈尔滨市
晓敏美业,南棵街46-1号,"126.708694,45.787851",18686813396,黑龙江省,哈尔滨市,道外区,哈尔滨市
佳明造型(太古新天地店),南大六道街街110号,"126.647582,45.781508",13154502790;18045024349,黑龙江省,哈尔滨市,道外区,哈尔滨市
至尚美业(辽河小区店),市第二医院地铁站3号口步行310米,"126.692474,45.764351",13039964728,黑龙江省,哈尔滨市,道外区,哈尔滨市
壹+美发美甲美睫工作室(正国小区店),南14道街248号,"126.653421,45.785695",18249041812,黑龙江省,哈尔滨市,道外区,哈尔滨市
崇尚造型(南极国际维也纳花园店),南极中路18号,"126.649485,45.770876",17745615205,黑龙江省,哈尔滨市,道外区,哈尔滨市
田静美发按摩(泰达小区店),东直路道外分局后身泰达小区b栋,"126.692970,45.790544",15045113595,黑龙江省,哈尔滨市,道外区,哈尔滨市
博宇造型(滨港水岸D区店),陶瓷小区临堤街85-14号,"126.681298,45.796322",15776642872,黑龙江省,哈尔滨市,道外区,哈尔滨市
青丝坊烫染吧,太平南头街11号门市,"126.690755,45.789660",18686766775,黑龙江省,哈尔滨市,道外区,哈尔滨市
阿龙造型美发工作室,陶瓷小区D区12栋-2单元-103号,"126.683675,45.796675",18704620755,黑龙江省,哈尔滨市,道外区,哈尔滨市
AE造型(168店),太平桥百盛三层AE造型(太平桥地铁站1号口旁),"126.676295,45.783806",[],黑龙江省,哈尔滨市,道外区,哈尔滨市
艾米形象设计专业烫染店(蓝筹七彩阳光店),太平南头道街27号,"126.690606,45.789898",[],黑龙江省,哈尔滨市,道外区,哈尔滨市
丽尚美容美发(哈东新区D区店),哈东新区D4-1-103,"126.717561,45.789275",13936390349,黑龙江省,哈尔滨市,道外区,哈尔滨市
卓美发型设计美甲美睫(辽河小区店),辽河路140号,"126.692650,45.764326",13946063834;18704504252,黑龙江省,哈尔滨市,道外区,哈尔滨市
MEET遇见发型创造(辽河小区店),辽河路170号,"126.690982,45.764117",18745676957,黑龙江省,哈尔滨市,道外区,哈尔滨市
名尚美发(育英小区店),太平大街街道太平大街8号,"126.680490,45.786596",0451-87859419,黑龙江省,哈尔滨市,道外区,哈尔滨市
唯美发艺,南棵头道街85号(哈尔滨东站地铁站4号口步行220米),"126.707231,45.788348",13845278584,黑龙江省,哈尔滨市,道外区,哈尔滨市
张融金美发沙龙,宏伟路166号3号楼,"126.699350,45.769218",[],黑龙江省,哈尔滨市,道外区,哈尔滨市
金柱发型设计(红旗小区2区店),辽河路47号,"126.698820,45.765368",13244637502,黑龙江省,哈尔滨市,道外区,哈尔滨市
千绘发型设计,北十五道街3号(清真寺地铁站3号口步行120米),"126.653587,45.789215",13796638085,黑龙江省,哈尔滨市,道外区,哈尔滨市
千艺造型(滨江逸品店),太平大街257-6号,"126.692481,45.791314",13766811492;18645026556,黑龙江省,哈尔滨市,道外区,哈尔滨市
小巧美发,南十五道街附143号,"126.655899,45.786311",15776659135,黑龙江省,哈尔滨市,道外区,哈尔滨市
喜理美发,宏图街203号,"126.694530,45.780929",15344517770,黑龙江省,哈尔滨市,道外区,哈尔滨市
宇先生造型美发店,滨江街甲24号,"126.662392,45.783719",15636833013,黑龙江省,哈尔滨市,道外区,哈尔滨市
念桥发艺(永平小区店),上坎街1永平小区,"126.671411,45.785156",[],黑龙江省,哈尔滨市,道外区,哈尔滨市
奕森形象设计(南新街店),南新街49号,"126.662186,45.787391",15545986233,黑龙江省,哈尔滨市,道外区,哈尔滨市
尚·青春美发,沟沿街26号宝宇·天邑环球港B区,"126.636366,45.781886",15590986528,黑龙江省,哈尔滨市,道外区,哈尔滨市
大权造型(红河新区七街区店),红河路43号,"126.693479,45.783015",13633643413,黑龙江省,哈尔滨市,道外区,哈尔滨市
艾雅造型(大有坊街店),大有坊街40号(地铁站3口步行170米),"126.693560,45.775412",18646083783,黑龙江省,哈尔滨市,道外区,哈尔滨市
大鹏形象设计美发工作室,南七道街193号,"126.647633,45.783757",17604665920,黑龙江省,哈尔滨市,道外区,哈尔滨市
千与造型(太平大街店),太平大街55-1号,"126.680753,45.787676",15776365479,黑龙江省,哈尔滨市,道外区,哈尔滨市
大龙美发(三棵树大街店),三棵树大街265号,"126.696207,45.792368",18249088381,黑龙江省,哈尔滨市,道外区,哈尔滨市
繁星造型店(南棵小区店),南棵二道街43号,"126.707005,45.782727",18944618873,黑龙江省,哈尔滨市,道外区,哈尔滨市
夺标精剪(同仁胡同店),同仁胡同8号,"126.654006,45.793073",17645077757,黑龙江省,哈尔滨市,道外区,哈尔滨市
飘美发艺,北头道89号,"126.637315,45.784767",13895742053,黑龙江省,哈尔滨市,道外区,哈尔滨市
顶尖造型(景兴胡同小区店),北十八道街163号,"126.655512,45.795235",15331884681,黑龙江省,哈尔滨市,道外区,哈尔滨市
古色修发(保障华庭小区东区店),南十四道街108-1号保障华庭院里11栋8门市,"126.655370,45.780413",[],黑龙江省,哈尔滨市,道外区,哈尔滨市
辰形象设计(红旗小区1区店),红旗大街491号,"126.694203,45.763730",13766980824,黑龙江省,哈尔滨市,道外区,哈尔滨市
王茜阳光美发(南马路店),南马路29号,"126.643584,45.775600",18724605218,黑龙江省,哈尔滨市,道外区,哈尔滨市
美度造型(凤凰城小区店),南十六道街117号美度造型,"126.658357,45.784947",15104555244,黑龙江省,哈尔滨市,道外区,哈尔滨市
吉美造型(北七道街),北七道街85号,"126.642007,45.789271",15046691531,黑龙江省,哈尔滨市,道外区,哈尔滨市
顶尚造型(南直路店),南直路345号B4栋6单元1层1号,"126.706028,45.771629",13019015351,黑龙江省,哈尔滨市,道外区,哈尔滨市
伶俐烫染造型(航道住宅店),南十道街97号,"126.651282,45.784197",13796083881,黑龙江省,哈尔滨市,道外区,哈尔滨市
4号美发SALOn(正阳北小区店),北十二道街4号,"126.649983,45.787914",13703627675;18846823543,黑龙江省,哈尔滨市,道外区,哈尔滨市
鼎尚发型设计(辽河路店),辽河路151-1号,"126.689115,45.764196",15124580506,黑龙江省,哈尔滨市,道外区,哈尔滨市
首尔造型(滨港水岸怡江湾西区店),新迎新街119号首尔造型,"126.679846,45.797943",18246025998,黑龙江省,哈尔滨市,道外区,哈尔滨市
晓兰美发(集良街店),集良街10号,"126.662445,45.793799",15636170301,黑龙江省,哈尔滨市,道外区,哈尔滨市
旭涵造型,财兴街50号,"126.635756,45.779627",15134550111,黑龙江省,哈尔滨市,道外区,哈尔滨市
顶尖烫染沙龙(南马公寓店),南极三道街附1-3号,"126.641669,45.773555",13895718733,黑龙江省,哈尔滨市,道外区,哈尔滨市
银座造型,太平大街97号,"126.683550,45.788597",15776648100,黑龙江省,哈尔滨市,道外区,哈尔滨市
理享美发沙龙(滨港水岸店),新迎新街118号1-2,"126.681008,45.797786",13224509424,黑龙江省,哈尔滨市,道外区,哈尔滨市
3M造型,南新街72号,"126.662111,45.786829",17603652921,黑龙江省,哈尔滨市,道外区,哈尔滨市
尚之剪造型,东棵北四道街39号红城小区17号楼,"126.724663,45.775713",15946039587,黑龙江省,哈尔滨市,道外区,哈尔滨市
集美发型室,永平小区110栋10号门,"126.671269,45.785137",[],黑龙江省,哈尔滨市,道外区,哈尔滨市
秀玲美发工作室,西开原二道街92号,"126.633512,45.772019",15244625413,黑龙江省,哈尔滨市,道外区,哈尔滨市
蕾蕾发艺(滨江凤凰城南区店),二十道街滨江凤凰城308栋70-24,"126.662858,45.788976",[],黑龙江省,哈尔滨市,道外区,哈尔滨市
格兰发艺(桦树小区C区店),三棵树大街街道外区桦树街35-2,"126.704919,45.789027",17745185599;17745186699,黑龙江省,哈尔滨市,道外区,哈尔滨市
艾宣形象设计(黎华店),安华街114号艾宣美发,"126.673688,45.789395",13936646456;13945667613,黑龙江省,哈尔滨市,道外区,哈尔滨市
蓝丝造型,地灵街24号(清真寺地铁站2号口步行160米),"126.650233,45.788560",13836011700,黑龙江省,哈尔滨市,道外区,哈尔滨市
巷往烫染设计,辽河路150号巷往烫染设计,"126.692221,45.764341",15045006624;15846620950,黑龙江省,哈尔滨市,道外区,哈尔滨市
子墨造型(天邑澜湾店),北马路67号(北马路地铁站3号口步行180米),"126.631133,45.779869",17558866681,黑龙江省,哈尔滨市,道外区,哈尔滨市
秀雅造型(太古新天地店),南七道街180号太古新天地,"126.647121,45.784120",0451-51815562;13030007541;18725419687,黑龙江省,哈尔滨市,道外区,哈尔滨市
臻美专业接发(正国小区店),南十四道街副228号,"126.653648,45.785325",13694509350,黑龙江省,哈尔滨市,道外区,哈尔滨市
首选造型(红旗小区一区店),红旗小区37栋首选美发工作室,"126.697390,45.763533",15545058615,黑龙江省,哈尔滨市,道外区,哈尔滨市
剪刀手发型设计室,515栋12单元1层2号门,"126.691875,45.786875",13836186114,黑龙江省,哈尔滨市,道外区,哈尔滨市
沐铭造型,宏伟嘉园五号楼五单元102,"126.699492,45.775571",15945154214,黑龙江省,哈尔滨市,道外区,哈尔滨市
玲玲发艺,教工街53号,"126.702522,45.772391",13836017736,黑龙江省,哈尔滨市,道外区,哈尔滨市
MXMHAIR美西美造型连锁宏图店,宏图街205号,"126.694363,45.781053",15246772263,黑龙江省,哈尔滨市,道外区,哈尔滨市
恩典发艺,北十七道街与集良街交叉口东北50米,"126.656269,45.791852",15765567417,黑龙江省,哈尔滨市,道外区,哈尔滨市
隋颜美度造型设计(好旺达公寓店),南和街97号,"126.642722,45.775553",17603628650,黑龙江省,哈尔滨市,道外区,哈尔滨市
富乐乐造型(凤凰城小区店),凤凰城小区东北门旁,"126.660080,45.784726",[],黑龙江省,哈尔滨市,道外区,哈尔滨市
奇飞发艺(117小区店),南勋街87号,"126.649972,45.783787",13936286854,黑龙江省,哈尔滨市,道外区,哈尔滨市
大宇国际造型(生活汇·购物公园店),武源二道街3-5号,"126.702172,45.778412",13903655453,黑龙江省,哈尔滨市,道外区,哈尔滨市
T台形象设计(南棵绿荫小区西区店),南棵二道街131号,"126.705983,45.786839",15145054989,黑龙江省,哈尔滨市,道外区,哈尔滨市
理好造型,宏南街21-9号,"126.698811,45.784544",18763168052,黑龙江省,哈尔滨市,道外区,哈尔滨市
诺美造型(信用小区店),太平大街148号,"126.683940,45.788384",19990725030,黑龙江省,哈尔滨市,道外区,哈尔滨市
晨冉发艺(红河新区七街区店),民强大街125号,"126.693225,45.781134",15104681443,黑龙江省,哈尔滨市,道外区,哈尔滨市
傲发形象设计中心(江畔·方元东区店),北十八道街112号,"126.655395,45.794825",18846810966,黑龙江省,哈尔滨市,道外区,哈尔滨市
嘉艺造型(新乐小区店),太平桥新乐小区三号楼,"126.678819,45.783061",15801462162,黑龙江省,哈尔滨市,道外区,哈尔滨市
湖北阿华烫染(华北小区店),新滨街4号,"126.677763,45.786073",13674660875,黑龙江省,哈尔滨市,道外区,哈尔滨市
唯一艺术沙龙(宇轩花园小区一期店),宏伟路241号,"126.699987,45.769770",13633646098,黑龙江省,哈尔滨市,道外区,哈尔滨市
瑶威造型(南棵绿荫小区吉祥苑店),宏图街98号,"126.707619,45.782226",18946182936,黑龙江省,哈尔滨市,道外区,哈尔滨市
靓点发艺(宏南街店),宏伟路进步小区827栋,"126.699244,45.779859",15846534387,黑龙江省,哈尔滨市,道外区,哈尔滨市
逸峰专业美发沙龙,宏图街161-4号,"126.698525,45.781475",[],黑龙江省,哈尔滨市,道外区,哈尔滨市
阿伟剪业(滨江凤凰城南区店),南新街南十八道街89号,"126.660806,45.787520",13936307478;15145064279,黑龙江省,哈尔滨市,道外区,哈尔滨市
鑫鑫美发美妆,同仁胡同33号(近北十六道街),"126.653687,45.793149",15804516255,黑龙江省,哈尔滨市,道外区,哈尔滨市
初色美发工作室,宏南街34号,"126.698179,45.784290",15846608196,黑龙江省,哈尔滨市,道外区,哈尔滨市
小辉美发名都(正国小区店),太古街道十二道街与南勋街街口83号,"126.653057,45.784881",15246775679,黑龙江省,哈尔滨市,道外区,哈尔滨市
小超私人定制,宏伟路275号,"126.700159,45.768940",18845767927,黑龙江省,哈尔滨市,道外区,哈尔滨市
森佐造型,太古街副284号,"126.654839,45.782216",16578161234,黑龙江省,哈尔滨市,道外区,哈尔滨市
鑫潮发艺(北十二道街店),北十二道街193号,"126.646801,45.792206",15004549774,黑龙江省,哈尔滨市,道外区,哈尔滨市
文文美发时尚烫染店,南七道街186号太古新天地192栋,"126.647563,45.783757",15945999620,黑龙江省,哈尔滨市,道外区,哈尔滨市
大奇专属烫染(新江桥街店),新江桥街3号,"126.696423,45.791135",13936677731,黑龙江省,哈尔滨市,道外区,哈尔滨市
炫朗美发造型(南平家园店),南安街8号,"126.646214,45.773844",18103636281,黑龙江省,哈尔滨市,道外区,哈尔滨市
弥尚造型,青年城邦东北门西北120米,"126.666575,45.794975",15004621295,黑龙江省,哈尔滨市,道外区,哈尔滨市
小米造型(百年新城东区店),北十七道街35-4号,"126.656286,45.791545",15546397278,黑龙江省,哈尔滨市,道外区,哈尔滨市
迪茨美发美甲美睫工作室(百盛店),润达国际b座7楼706迪茨美发美甲,"126.676675,45.784325",17758882933,黑龙江省,哈尔滨市,道外区,哈尔滨市
鑫开心造型(靖宇店),靖宇街193号(清真寺地铁站2号口旁),"126.650391,45.787930",13303610362,黑龙江省,哈尔滨市,道外区,哈尔滨市
晶莹发廊(宏图小区店),一机路75号,"126.704988,45.780972",13684517843;18545861030,黑龙江省,哈尔滨市,道外区,哈尔滨市
妍妍美发(南平街店),南平街副48-8号,"126.644260,45.774849",0451-88303410,黑龙江省,哈尔滨市,道外区,哈尔滨市
世纪经典发艺(嵩山小区店),辽河路147-16号,"126.691527,45.764486",13766843980,黑龙江省,哈尔滨市,道外区,哈尔滨市
二云理发浴池,哈尔滨市新丰小学校北侧220米,"126.925294,45.871015",[],黑龙江省,哈尔滨市,道外区,哈尔滨市
一東专业烫染,南新街21号(靖宇公园地铁站1号口步行300米),"126.663543,45.787805",15904610523,黑龙江省,哈尔滨市,道外区,哈尔滨市
云首发型设计,长春街副10-2,"126.649842,45.792826",13763703450,黑龙江省,哈尔滨市,道外区,哈尔滨市
标榜形象设计美容养生(黄家崴子路店),团结新区东门旁,"126.776487,45.787403",15645099766,黑龙江省,哈尔滨市,道外区,哈尔滨市
潮艺造型(鑫都嘉园店),道口三道街25号,"126.718055,45.792338",18249077556,黑龙江省,哈尔滨市,道外区,哈尔滨市
奈丝造型(哈一机第八区楼房店),南直路街道宏图街192号,"126.699752,45.781273",13633627260,黑龙江省,哈尔滨市,道外区,哈尔滨市
小世界发廊,大方里街26号,"126.667269,45.783930",13903656687,黑龙江省,哈尔滨市,道外区,哈尔滨市
艾丝salon,卫星路18-5号,"126.701626,45.770994",13244556137,黑龙江省,哈尔滨市,道外区,哈尔滨市
海霞美发,太原街144号,"126.648488,45.777181",13936248077,黑龙江省,哈尔滨市,道外区,哈尔滨市
时尚美容美发(北七小区店),长春街156号北七小区,"126.643999,45.788783",13766829558,黑龙江省,哈尔滨市,道外区,哈尔滨市
鑫禧发型设计(辽河路店),辽河路1号,"126.700438,45.765509",18249023505,黑龙江省,哈尔滨市,道外区,哈尔滨市
慕颜造型,桦树街59-2号,"126.703123,45.788850",13104506790,黑龙江省,哈尔滨市,道外区,哈尔滨市
枫格造型汇龙店(汇龙玖和琚店),北树七道街55-14号,"126.697705,45.793534",18246872395,黑龙江省,哈尔滨市,道外区,哈尔滨市
新靓点发型设计(北十七道街店),北十七道街83号靠近哈尔滨市第八中学校,"126.655001,45.793669",18745001358,黑龙江省,哈尔滨市,道外区,哈尔滨市
金阳造型(荟芳里小区店),仁里街104号荟芳里小区,"126.660289,45.787341",15945089730,黑龙江省,哈尔滨市,道外区,哈尔滨市
源古造型(红河新区六街区店),民强大街14号,"126.692853,45.781110",13144627831,黑龙江省,哈尔滨市,道外区,哈尔滨市
木节烫染造型(南新街店),南新街33号门市,"126.663221,45.787666",18245075359,黑龙江省,哈尔滨市,道外区,哈尔滨市
山石造型美发(滨港水岸怡江湾店),新迎新街77号,"126.681225,45.798175",[],黑龙江省,哈尔滨市,道外区,哈尔滨市
理想美发(成功苑店),南棵街13号,"126.710733,45.782276",15776616650,黑龙江省,哈尔滨市,道外区,哈尔滨市
舒寻美发沙龙(滨江凤凰城南区店),南十八道街123号,"126.660401,45.788183",17667746679,黑龙江省,哈尔滨市,道外区,哈尔滨市
恒尚造型(嵩山小区店),辽河路151-9号,"126.688559,45.764119",15145063874,黑龙江省,哈尔滨市,道外区,哈尔滨市
艺名发艺(红旗小区1区店),南直路街道辽河路4号,"126.700615,45.765120",13613679518;15636039456,黑龙江省,哈尔滨市,道外区,哈尔滨市
真秋子发艺,南勋街13号,"126.653252,45.784894",13351008862,黑龙江省,哈尔滨市,道外区,哈尔滨市
鹏派发型工作室,泰富长安城2期M1号楼15号车库,"126.712702,45.774406",13633666130,黑龙江省,哈尔滨市,道外区,哈尔滨市
魔发师时尚空间(凤凰城小区店),南十七道街86号,"126.659355,45.785832",15104615085,黑龙江省,哈尔滨市,道外区,哈尔滨市
小芳发艺(南八道街店),南八道街74号,"126.647998,45.784474",13946114995,黑龙江省,哈尔滨市,道外区,哈尔滨市
玖美烫染(宏图店),宏图街45-4号南棵小区,"126.708247,45.782628",15546538375,黑龙江省,哈尔滨市,道外区,哈尔滨市
湖北广济美发,大方里街104号,"126.665718,45.782579",13045106278,黑龙江省,哈尔滨市,道外区,哈尔滨市
月亮发型设计,北十六道街84号,"126.653257,45.792364",13946052708;15590875123,黑龙江省,哈尔滨市,道外区,哈尔滨市
一八形象(轩辕小区店),南新街238号轩辕小区,"126.656985,45.785261",15222180119,黑龙江省,哈尔滨市,道外区,哈尔滨市
艺鸣剪业(桦树小区C区店),北棵二道街10号,"126.704966,45.789399",13274615562,黑龙江省,哈尔滨市,道外区,哈尔滨市
剪艺造型(江畔·方元东区店),北十七道街117号,"126.654532,45.794259",13936669882;15946055520,黑龙江省,哈尔滨市,道外区,哈尔滨市
一诺美妆造型工作室(红平小区店),红平小区6号楼11单元104室(胖子小串一绝旁),"126.692267,45.773220",18346099018,黑龙江省,哈尔滨市,道外区,哈尔滨市
哈尔滨市道外区菡轩美舍美容工作室(润达国际店),东直路118号润达国际B座2907室,"126.676775,45.784075",18249180313,黑龙江省,哈尔滨市,道外区,哈尔滨市
乐TATTOO纹身工作室(润达国际B座店),黎华街道东直路118号润达国际B座807,"126.676795,45.784214",13904649285,黑龙江省,哈尔滨市,道外区,哈尔滨市
梵墨刺青工作室,道外头道街53号3单元103,"126.638182,45.784401",13654654315,黑龙江省,哈尔滨市,道外区,哈尔滨市
祁小月美甲工作室,北十六道街79号,"126.653363,45.792891",13069725875,黑龙江省,哈尔滨市,道外区,哈尔滨市
阳光美容美体工作室(滨江凤凰城南区店),南二十道街116号10门,"126.661950,45.789762",18646322051,黑龙江省,哈尔滨市,道外区,哈尔滨市
星妍丽美容美发养生会所,东直路215-2号,"126.686442,45.787694",13796107111,黑龙江省,哈尔滨市,道外区,哈尔滨市
美格美发造型,南二道街5-2(交通学院地铁站2号口步行50米),"126.688387,45.788602",13645064829,黑龙江省,哈尔滨市,道外区,哈尔滨市
阿乐造型,安华街49号(太平桥地铁站4A口步行460米),"126.674336,45.787799",13804577884,黑龙江省,哈尔滨市,道外区,哈尔滨市
这是一家理发店,宏南街21-3号,"126.698866,45.784578",13684574514,黑龙江省,哈尔滨市,道外区,哈尔滨市
1+1形象设计(松电小区南区店),宏伟路宏南街25号,"126.698019,45.784445",[],黑龙江省,哈尔滨市,道外区,哈尔滨市
贵宾造型美甲美睫,团结镇东润御景东门口10号楼三号商服,"126.772882,45.789816",17800513900,黑龙江省,哈尔滨市,道外区,哈尔滨市
瑞丽美发(北棵二道街店),水利小区1号楼7单元,"126.704472,45.791163",13704844061,黑龙江省,哈尔滨市,道外区,哈尔滨市
斯亚形象设计,东棵街64号碧桂园国风云著,"126.723445,45.769942",15504500762,黑龙江省,哈尔滨市,道外区,哈尔滨市
大可造型(北十七道街店),北17道街44号,"126.655978,45.791459",[],黑龙江省,哈尔滨市,道外区,哈尔滨市
新形象形象设计,宏伟路189-3号2层宏伟家园,"126.699375,45.774775",18645051420,黑龙江省,哈尔滨市,道外区,哈尔滨市
美天使发艺,升平街96号,"126.638095,45.785367",18346118376,黑龙江省,哈尔滨市,道外区,哈尔滨市
简约美发,巨兴街27号,"126.645524,45.791174",18246036398,黑龙江省,哈尔滨市,道外区,哈尔滨市
品尚造型,和平小区迎化路59号,"126.711295,45.768219",18346067678,黑龙江省,哈尔滨市,道外区,哈尔滨市
大刚造型(轩辕小区店),南新街238号轩辕小区,"126.657316,45.784892",13029998609,黑龙江省,哈尔滨市,道外区,哈尔滨市
阿伍造型,南七道街176号,"126.647827,45.783279",15794825068,黑龙江省,哈尔滨市,道外区,哈尔滨市
新起点造型,北棵小区14栋,"126.708024,45.791014",13766894784,黑龙江省,哈尔滨市,道外区,哈尔滨市
金剪子美业(民主嘉园店),民主嘉园一号楼9号门市,"126.808030,45.856510",15904601083,黑龙江省,哈尔滨市,道外区,哈尔滨市
叶子美发室(总店),陶瓷小区临堤街85-7号,"126.681569,45.795839",13019710509,黑龙江省,哈尔滨市,道外区,哈尔滨市
艺炜绣造型,南十八道街86号,"126.660147,45.787881",15045077973,黑龙江省,哈尔滨市,道外区,哈尔滨市
吉秀堂发艺(淮河小区店),淮河路59号,"126.704309,45.763572",18246014335,黑龙江省,哈尔滨市,道外区,哈尔滨市
宏发美发(轩辕小区店),南十四道街155号-7号门市,"126.655460,45.784303",15046183890,黑龙江省,哈尔滨市,道外区,哈尔滨市
阿超美发(红河一街区店),红河一街区8号楼(太平桥地铁站5号口步行190米),"126.681459,45.784827",18686877889,黑龙江省,哈尔滨市,道外区,哈尔滨市
鑫博造型形象设计(哈一机第八区楼房店),武源街18号,"126.700699,45.780914",18946133396,黑龙江省,哈尔滨市,道外区,哈尔滨市
晨羽美发(青年城邦店),更新街73-6号,"126.666680,45.792866",15846572210,黑龙江省,哈尔滨市,道外区,哈尔滨市
阿森名剪(润达国际D座店),南通大街118号润达国际D2座602室,"126.675896,45.783230",13766881369,黑龙江省,哈尔滨市,道外区,哈尔滨市
湖北美发(北十七道街店),北十七道街106号,"126.654746,45.793210",18249466447,黑龙江省,哈尔滨市,道外区,哈尔滨市
龙鹤美发工作室,宝宇·天邑环球港A区13号楼,"126.637524,45.779171",[],黑龙江省,哈尔滨市,道外区,哈尔滨市
明豪美发工作室,东棵街阳光丽都小区6号楼4号门市明豪美发工作室,"126.722554,45.773609",17804617190,黑龙江省,哈尔滨市,道外区,哈尔滨市
自由港发型工作室,辽河新区北3门东北70米,"126.689929,45.764255",13845067137,黑龙江省,哈尔滨市,道外区,哈尔滨市
小娟发艺(红旗小区2区店),先锋路226号红旗小区2区47栋,"126.694968,45.765470",15663453958,黑龙江省,哈尔滨市,道外区,哈尔滨市
湖北创意美发,水晶街85号,"126.648847,45.776856",13936327822,黑龙江省,哈尔滨市,道外区,哈尔滨市
天地人美容美发,红旗小区2栋7单元,"126.699593,45.764649",15846381390,黑龙江省,哈尔滨市,道外区,哈尔滨市
众心美发(鸿泰小区店),鸿泰小区西北门东60米,"126.652653,45.789395",15004665534,黑龙江省,哈尔滨市,道外区,哈尔滨市
金英子美发店,临瑅街55-1号D17栋1单元1层4号,"126.682857,45.796437",13029705323,黑龙江省,哈尔滨市,道外区,哈尔滨市
晓霞美发(新乐小区店),新乐小区32号楼1栋1层4号,"126.682035,45.781484",13766821710,黑龙江省,哈尔滨市,道外区,哈尔滨市
丝美发廊(巨兴街店),巨兴街29号,"126.645486,45.791203",18745773512,黑龙江省,哈尔滨市,道外区,哈尔滨市
天使造型(富锦街店),富锦街159号,"126.644135,45.788847",13101519700,黑龙江省,哈尔滨市,道外区,哈尔滨市
洋宇美发(桦树小区C区店),北棵二道街22号,"126.704956,45.789443",18745675067,黑龙江省,哈尔滨市,道外区,哈尔滨市
天筠美发(水利小区店),水利小区8号楼1-10门,"126.702141,45.790609",15124557392,黑龙江省,哈尔滨市,道外区,哈尔滨市
湖北理烫发(西开原二道街店),西开原二道街24号,"126.634182,45.770699",[],黑龙江省,哈尔滨市,道外区,哈尔滨市
丝晴发艺(滨港水岸店),道黎华街道迎新街陶瓷小区134-7,"126.680485,45.797059",18004613239,黑龙江省,哈尔滨市,道外区,哈尔滨市
流行美专业烫染,南十六道街96号,"126.658173,45.784638",[],黑龙江省,哈尔滨市,道外区,哈尔滨市
红玫瑰美发(育英小区店),太平大街街道太平南四道街28号,"126.681912,45.787170",[],黑龙江省,哈尔滨市,道外区,哈尔滨市
尚艺造型设计(富锦街店),富锦街142号,"126.644870,45.788987",[],黑龙江省,哈尔滨市,道外区,哈尔滨市
美格造型(正国小区店),南十四道街266号正国小区,"126.653362,45.785791",[],黑龙江省,哈尔滨市,道外区,哈尔滨市
湖北小强发艺(宏伟嘉园店),宏伟路189-3号2层宏伟家园,"126.699365,45.775683",18944656823;18944656963,黑龙江省,哈尔滨市,道外区,哈尔滨市
转角造型(先锋路店),先锋路226号红旗小区2区,"126.698496,45.767852",13845122521,黑龙江省,哈尔滨市,道外区,哈尔滨市
奇丝妙剪(育英小区店),太平南四道街16号育英小区,"126.681645,45.786486",15645180289,黑龙江省,哈尔滨市,道外区,哈尔滨市
达人造型店,东直路247号,"126.688131,45.788288",13624507368,黑龙江省,哈尔滨市,道外区,哈尔滨市
腾云理发店,东方红小区北区东北门旁,"126.657517,45.782406",[],黑龙江省,哈尔滨市,道外区,哈尔滨市
Amy艾米造型(志华品质店),学院路泓林金色地标11栋13号商服,"126.549289,45.873590",15545522639,黑龙江省,哈尔滨市,呼兰区,哈尔滨市
今喜发型(学院路店),泓林金色地标11栋15号商服,"126.548927,45.873639",13766568662;15124552290,黑龙江省,哈尔滨市,呼兰区,哈尔滨市
艾薇儿美甲造型(农垦总店),利民开发区学院路柏林四季C1-5栋13单元2层2号,"126.529217,45.872910",13208452828,黑龙江省,哈尔滨市,呼兰区,哈尔滨市
XL·LuxurySalon造型(学院路店),泓林金色地标4栋5号,"126.548844,45.873770",18345373943,黑龙江省,哈尔滨市,呼兰区,哈尔滨市
艾薇儿美肤造型(滨才店),利民开发区学院路北、滨才新天地一期、新大地电子广场第1徐商铺2层202号商服,"126.512424,45.875628",15145141155,黑龙江省,哈尔滨市,呼兰区,哈尔滨市
时光生物·清美颜美发中心,学院路四道街柒季城49A-2号门市,"126.547621,45.867596",18246898201,黑龙江省,哈尔滨市,呼兰区,哈尔滨市
尤司男士国潮理发馆(哈尔滨呼兰学院路店),学院路志华商城2栋23号商服,"126.550801,45.871923",[],黑龙江省,哈尔滨市,呼兰区,哈尔滨市
旺角理发厅男士专业店,农业银行旁边学院路215号,"126.542925,45.873525",19904655533,黑龙江省,哈尔滨市,呼兰区,哈尔滨市
十一·Eleven美发沙龙(农垦店),学院路579号,"126.531060,45.874098",18714511006,黑龙江省,哈尔滨市,呼兰区,哈尔滨市
琦一HairSalon,利民西三大街与学院路交叉口东北100米,"126.544363,45.874500",15545131998,黑龙江省,哈尔滨市,呼兰区,哈尔滨市
YUTAI与她造型Hair salon,泓林金色地标12栋13号商服,"126.550925,45.873312",17545579178;18103667316,黑龙江省,哈尔滨市,呼兰区,哈尔滨市
小宇发艺,清平路,"126.600425,45.982875",15846541144,黑龙江省,哈尔滨市,呼兰区,哈尔滨市
KS造型烫发·染发·接发(学院路店),学院路柏林四季C1-1-4号商服,"126.528508,45.873341",18746046888,黑龙江省,哈尔滨市,呼兰区,哈尔滨市
云飞美发工作室(美兰家园店),南京路美兰家园小区1号楼9号门市,"126.599510,45.890968",13674649175,黑龙江省,哈尔滨市,呼兰区,哈尔滨市
梦巴黎发型连锁机构(志华店),志华商城14号楼21门,"126.549098,45.872188",17545581572,黑龙江省,哈尔滨市,呼兰区,哈尔滨市
琦享国潮造型(大学城店),7栋2号(江北大学城地铁站1号口步行140米),"126.544419,45.874531",15545131998,黑龙江省,哈尔滨市,呼兰区,哈尔滨市
秀阁美容减肥会馆(师大店),呼兰区师范大学职工家属楼11栋,"126.557669,45.872045",15004587708;15146847345;17647056894,黑龙江省,哈尔滨市,呼兰区,哈尔滨市
东尚国际美发连锁,学院路街道志华爆米花KTV后身,"126.551505,45.871900",[],黑龙江省,哈尔滨市,呼兰区,哈尔滨市
悦美发沙龙(滨才城香榭店),学院路820号,"126.510954,45.875820",13845005551,黑龙江省,哈尔滨市,呼兰区,哈尔滨市
喜理形象设计,鑫海之星3-7号,"126.497724,45.876600",[],黑龙江省,哈尔滨市,呼兰区,哈尔滨市
理享·Hair Salon(学院路二店),学院三道街13栋17门,"126.549334,45.871861",[],黑龙江省,哈尔滨市,呼兰区,哈尔滨市
发丽王美容美发综合轻奢新概念店(公园路),建国街建设小区高层1-2层5号,"126.596865,45.985377",13144502268;13263615456,黑龙江省,哈尔滨市,呼兰区,哈尔滨市
时尚造型专业烫染,南京路华远新家园39栋1号商服,"126.575553,45.892087",0451-88125909;18646384789,黑龙江省,哈尔滨市,呼兰区,哈尔滨市
沐辰美发沙龙,学院路长青大街丽景小区2栋4号商服,"126.539377,45.873571",13914166444,黑龙江省,哈尔滨市,呼兰区,哈尔滨市
卡伊造型,利民经济开发区师大南路1号哈尔滨师范大学松北校区职工住宅,"126.563352,45.874130",15754602341,黑龙江省,哈尔滨市,呼兰区,哈尔滨市
美+造型设计HairSalon,泓林金色地标3栋7门,"126.551068,45.873405",15246035535,黑龙江省,哈尔滨市,呼兰区,哈尔滨市
沐奕形象设计,学院路107号,"126.550514,45.872451",15045397234,黑龙江省,哈尔滨市,呼兰区,哈尔滨市
亦外造型(志华店),学院路志华商城三号楼11门,"126.550398,45.871760",0451-56885600;0451-84212347;13039975222,黑龙江省,哈尔滨市,呼兰区,哈尔滨市
铭苑发艺(兰河名苑店),呼兰街道兰河名苑30号楼6号门市,"126.595809,45.978263",13644604457;18545838765,黑龙江省,哈尔滨市,呼兰区,哈尔滨市
Mega时尚潮男设计(学院路店),利民大道学院路街道金色地标2栋6号商服,"126.552106,45.873267",13100851830;13936485047;19846159918,黑龙江省,哈尔滨市,呼兰区,哈尔滨市
素慕造型Hair Salon,利民东三大街东侨国际二期107号商服,"126.591743,45.880501",15326613209,黑龙江省,哈尔滨市,呼兰区,哈尔滨市
动感美发(哈尔滨呼兰区),学院路街道志华商城10栋D区A座5门,"126.553226,45.872056",13149494991,黑龙江省,哈尔滨市,呼兰区,哈尔滨市
艺朗造型(金泰蓝郡店),学院路695号,"126.525122,45.874279",15244666863,黑龙江省,哈尔滨市,呼兰区,哈尔滨市
AE造型(399店),利民开发区学院路志华商城1号楼31门商服,"126.551679,45.871904",[],黑龙江省,哈尔滨市,呼兰区,哈尔滨市
礼理hair salon(教师公寓店),教师公寓2栋4门市,"126.527983,45.872363",17645767431,黑龙江省,哈尔滨市,呼兰区,哈尔滨市
北野发型工作室,志华商城10栋D区B座3号,"126.553275,45.871599",15846315595,黑龙江省,哈尔滨市,呼兰区,哈尔滨市
朋友的店美发造型店,汇智悦景湾小区南门2-10门市,"126.574146,45.884185",19523241563,黑龙江省,哈尔滨市,呼兰区,哈尔滨市
玲珑发艺(金泰蓝郡店),金泰蓝郡2号楼,"126.526477,45.874284",13274505627,黑龙江省,哈尔滨市,呼兰区,哈尔滨市
88潮牌雅丝丽美发沙龙,南大街154号88室,"126.601567,45.978489",15146292567,黑龙江省,哈尔滨市,呼兰区,哈尔滨市
十一·Eleven美发沙龙(滨才店),学院路846号,"126.509953,45.875202",19526777434,黑龙江省,哈尔滨市,呼兰区,哈尔滨市
佐佑造型(丽景花园店),利民开发区学院路南长青大街西丽景小区4栋4号商服,"126.540804,45.873521",18828285846,黑龙江省,哈尔滨市,呼兰区,哈尔滨市
追溯美发沙龙,志华商城2栋26号,"126.550319,45.872007",13664116649;16645614101,黑龙江省,哈尔滨市,呼兰区,哈尔滨市
佳奇造型(柏林四季店),柏林四季北门南160米,"126.531332,45.872159",15776744654,黑龙江省,哈尔滨市,呼兰区,哈尔滨市
阿亮造型专业男士店,利民大道辅路与学院路交叉口西南60米,"126.553930,45.871661",18168395793,黑龙江省,哈尔滨市,呼兰区,哈尔滨市
沐one形象设计,学院路565号,"126.532174,45.874043",13074503717,黑龙江省,哈尔滨市,呼兰区,哈尔滨市
mxtrsjs四齐发型(柏林四季店),学院路柏林四季小区A17-15号商服,"126.531543,45.870378",13936661604,黑龙江省,哈尔滨市,呼兰区,哈尔滨市
W+唤醒美发沙龙,学院路泓林金色地标11栋17号,"126.548704,45.873682",15145051670,黑龙江省,哈尔滨市,呼兰区,哈尔滨市
98K形象设计沙龙美发店,学院路泓林金色地标8-11号,"126.545627,45.874319",18445854222,黑龙江省,哈尔滨市,呼兰区,哈尔滨市
小齐发型Star-Salon(学院路远东理工店),法兰克福街与博文路交叉口北100米,"126.531545,45.870360",13936661604,黑龙江省,哈尔滨市,呼兰区,哈尔滨市
发仆Hair Salon(寓花园店),蓝河大街寓花园3号楼2号商服,"126.597977,45.980935",18245124661,黑龙江省,哈尔滨市,呼兰区,哈尔滨市
木北造型(柏林四季店),教育大街c2-3栋,"126.528495,45.869821",15114690323,黑龙江省,哈尔滨市,呼兰区,哈尔滨市
良匠烫染美发工作室,利民街道师大家属楼二号楼四单元一零二,"126.561447,45.872597",[],黑龙江省,哈尔滨市,呼兰区,哈尔滨市
格调美发沙龙(华远新家园店),南京路北华远新家园39栋4号商服,"126.575555,45.892088",15146842444,黑龙江省,哈尔滨市,呼兰区,哈尔滨市
温馨发型第四分店,泓林金色地标7栋6门,"126.544748,45.874438",16645166690,黑龙江省,哈尔滨市,呼兰区,哈尔滨市
1985染烫造型(华远新家园店),华远新家园南门西60米,"126.572840,45.891048",15546020020;18246898385,黑龙江省,哈尔滨市,呼兰区,哈尔滨市
dm造型(志华商城店),学院路街道学院路万邦学校东门对面,"126.548227,45.872077",[],黑龙江省,哈尔滨市,呼兰区,哈尔滨市
雅痞理发馆,利民开发区学院路翰林辰霞博雅园A栋1-3层11号,"126.530846,45.873911",15846928021,黑龙江省,哈尔滨市,呼兰区,哈尔滨市
铭舒发社·美发·美甲·美睫(学院路店),志华商城11#E栋17号商服,"126.549580,45.869689",16603620817,黑龙江省,哈尔滨市,呼兰区,哈尔滨市
理新发,地恒托斯卡纳四期15栋一单元103,"126.569716,45.884015",13199556733;17645796625,黑龙江省,哈尔滨市,呼兰区,哈尔滨市
琦秀才美发工作室,城市主场小区,"126.517524,45.876986",[],黑龙江省,哈尔滨市,呼兰区,哈尔滨市
飘逸轩时尚烫染(柒季城小区北区店),学院路街道学院路四道街180号柒季城50号楼,"126.547627,45.867462",[],黑龙江省,哈尔滨市,呼兰区,哈尔滨市
韩流发艺(兴城路店),学院路志华1号楼23门韩流发艺,"126.552786,45.871721",18645577479,黑龙江省,哈尔滨市,呼兰区,哈尔滨市
艾森造型(大都会店),大都会新天地5期s4栋8号商服,"126.558053,45.890305",15846660360,黑龙江省,哈尔滨市,呼兰区,哈尔滨市
港仔美业,呼兰区师范大学家属楼6号楼,"126.564962,45.872645",13212913123,黑龙江省,哈尔滨市,呼兰区,哈尔滨市
左格形象美发沙龙,志华商城三号楼,"126.550289,45.871790",13274516913,黑龙江省,哈尔滨市,呼兰区,哈尔滨市
阿彬造型,名流新城西1门旁,"126.576757,45.896800",15046664136,黑龙江省,哈尔滨市,呼兰区,哈尔滨市
飞发走丝工作室(志华商城B1栋店),志华商城学府地带东北门旁,"126.547643,45.871310",[],黑龙江省,哈尔滨市,呼兰区,哈尔滨市
爱上理拉美发沙龙,学院南路102号,"126.549798,45.869560",[],黑龙江省,哈尔滨市,呼兰区,哈尔滨市
你好漂靓-发型连锁,利民开发区学院路志华商城四号楼五门你好漂靓发型连锁,"126.551808,45.871577",18646033990,黑龙江省,哈尔滨市,呼兰区,哈尔滨市
天天美发,利民大道与松浦大道交叉口西北260米,"126.575591,45.915226",15124540155;15845132315,黑龙江省,哈尔滨市,呼兰区,哈尔滨市
发尖形象馆(柒季城小区北区店),柒季城小区北区,"126.547625,45.868275",[],黑龙江省,哈尔滨市,呼兰区,哈尔滨市
YYDS美发(南京花园店),南京花园,"126.580465,45.891030",17745684509,黑龙江省,哈尔滨市,呼兰区,哈尔滨市
小原美发烫染时尚店,南二道街得利酒店附近正宗坛肉对面,"126.606254,45.979438",[],黑龙江省,哈尔滨市,呼兰区,哈尔滨市
大宇的理发店,永达路伸马托斯卡纳B4-3号,"126.562798,45.881440",13214507219;17602267750,黑龙江省,哈尔滨市,呼兰区,哈尔滨市
VIP色彩订制(学院路六道街店),学院路六道街95号,"126.529650,45.871266",13895722465;15004670458,黑龙江省,哈尔滨市,呼兰区,哈尔滨市
YULI与理美发店,翰林辰霞博雅园A栋1号商服,"126.529699,45.873999",[],黑龙江省,哈尔滨市,呼兰区,哈尔滨市
哥弟美发沙龙(远东市场店),利民开发区南京路利民东一大街宏信广场1号楼4门南京路远东市场左侧,"126.576727,45.893538",18045042899,黑龙江省,哈尔滨市,呼兰区,哈尔滨市
浩宇美发造型,利民大道658-16,"126.553981,45.871730",15124548053,黑龙江省,哈尔滨市,呼兰区,哈尔滨市
上禾造型(丽景花园店),学院路233号,"126.541925,45.873604",13114510520,黑龙江省,哈尔滨市,呼兰区,哈尔滨市
加发造型(柏林四季店),学院路柏林四季B18栋12单元,"126.530282,45.870061",13100888657,黑龙江省,哈尔滨市,呼兰区,哈尔滨市
一木轻奢美发沙龙沙龙,利民东一大街与燕京路交叉口南300米,"126.576724,45.892359",[],黑龙江省,哈尔滨市,呼兰区,哈尔滨市
京尚造型(柏林四季店),柏林四季南门北250米,"126.531299,45.871209",16619935672,黑龙江省,哈尔滨市,呼兰区,哈尔滨市
尼彩造型(柏林四季店),法兰克福街与博文路交叉口北60米,"126.531308,45.869766",15145108743,黑龙江省,哈尔滨市,呼兰区,哈尔滨市
哈尔滨市松北区辞陌造型店,大都会五期商服A区S7-1,"126.554907,45.889374",18545807211,黑龙江省,哈尔滨市,呼兰区,哈尔滨市
理·棠发型设计(美发店),利民西七大街凤栖府邸小区12栋4单元105,"126.504680,45.883995",13009878031,黑龙江省,哈尔滨市,呼兰区,哈尔滨市
LI-ENJOY理享·国潮造型·漂发·烫发·染发,"学院路北,教育大街西滨才新天地一期-新大地电子广场1栋商服单元1层116","126.513555,45.875217",18345167192,黑龙江省,哈尔滨市,呼兰区,哈尔滨市
潮色专业烫染沙龙(家得乐商城店),学院路街道兴城路志华商城电子大世界10栋A区半地下8号商服,"126.551431,45.870118",[],黑龙江省,哈尔滨市,呼兰区,哈尔滨市
时尚造型二店(江霆华府二店),江霆华府一期B1栋11号商服,"126.605660,45.890883",18546094789,黑龙江省,哈尔滨市,呼兰区,哈尔滨市
初韵造型,利民开发区利民西三大街顺迈欣郡C区s5-16号,"126.546666,45.881673",15145052525;18661242350,黑龙江省,哈尔滨市,呼兰区,哈尔滨市
创格·Ge Style(学院路店),志华商城3栋2号商服,"126.549551,45.871784",13160651366,黑龙江省,哈尔滨市,呼兰区,哈尔滨市
木恩造型(志华商城店),学院路志华商城10号楼D座A2号商服,"126.553148,45.871849",18746438025,黑龙江省,哈尔滨市,呼兰区,哈尔滨市
动心形象设计,志华商城14栋10门市,"126.549545,45.872567",17545521226,黑龙江省,哈尔滨市,呼兰区,哈尔滨市
V+形象设计工作室(柏林四季店),利民开发区学院路柏林四季C2-栋33号商服,"126.528501,45.870649",18246078123,黑龙江省,哈尔滨市,呼兰区,哈尔滨市
HERO造型,学院路柏林四季b18栋11号商服,"126.530612,45.869564",17602447377,黑龙江省,哈尔滨市,呼兰区,哈尔滨市
名剪发艺(家得乐商城店),学院路二道街98号家得乐商城F1层,"126.552462,45.869493",18701381456,黑龙江省,哈尔滨市,呼兰区,哈尔滨市
阿迪发艺,公园路78号(县门诊对面),"126.601223,45.985330",15546457202,黑龙江省,哈尔滨市,呼兰区,哈尔滨市
丝蕴创美专业造型(志华商城店),松北街道黑龙江省哈尔滨市松北区学院三道街志华商城11栋D区18门,"126.549285,45.870216",[],黑龙江省,哈尔滨市,呼兰区,哈尔滨市
東岳专业男士理发馆,学院路柏林四季翰林辰霞B栋24号,"126.530468,45.873702",15084677273,黑龙江省,哈尔滨市,呼兰区,哈尔滨市
纯尚美发工作室(地恒托斯卡纳4期店),托斯卡纳1号楼106号,"126.569546,45.881444",18545131116,黑龙江省,哈尔滨市,呼兰区,哈尔滨市
拾光造型(华远·龙湾店),利民东一大街华耀龙湾B2号楼-2-102拾光造型,"126.576725,45.882475",18345371751,黑龙江省,哈尔滨市,呼兰区,哈尔滨市
木槿造型,南京路锦绣新华居一栋八号商服,"126.549332,45.891185",18845720098,黑龙江省,哈尔滨市,呼兰区,哈尔滨市
小糖粒发艺,呼兰区疗养院十号楼一楼十二门小糖粒发艺,"126.607351,45.974446",15846318826,黑龙江省,哈尔滨市,呼兰区,哈尔滨市
MAC造型品质店(柏林四季店),柏林四季西2门南210米,"126.528497,45.871085",15004515404,黑龙江省,哈尔滨市,呼兰区,哈尔滨市
E剪界·烫发·染发(柏林四季店),柏林四季北门西南60米,"126.531275,45.872825",[],黑龙江省,哈尔滨市,呼兰区,哈尔滨市
囍理造型,泓林金色地标7栋11号商服,"126.545008,45.874451",13144621130,黑龙江省,哈尔滨市,呼兰区,哈尔滨市
C位Salon专业烫染,学院路滨才城多维广场B3,"126.511578,45.875480",18845981713,黑龙江省,哈尔滨市,呼兰区,哈尔滨市
格琳发艺,公园路84号,"126.599930,45.985452",15945776783,黑龙江省,哈尔滨市,呼兰区,哈尔滨市
小艺造型(顺南花园小区西区店),公园路83西北方向170米,"126.598731,45.986430",15546063210,黑龙江省,哈尔滨市,呼兰区,哈尔滨市
瑞辰造型,滨才城尚品阳光B栋14号车库,"126.513644,45.876920",15611706089,黑龙江省,哈尔滨市,呼兰区,哈尔滨市
唯美造型(阿越店),南京路与呼兰大道交叉口西220米,"126.604201,45.890933",15145141281,黑龙江省,哈尔滨市,呼兰区,哈尔滨市
明羽造型,兰河大街281号,"126.597740,45.984651",13633692654,黑龙江省,哈尔滨市,呼兰区,哈尔滨市
风采造型(柏林四季店),柏林四季B15栋108号,"126.531295,45.871114",[],黑龙江省,哈尔滨市,呼兰区,哈尔滨市
不老美形象设计沙龙(世亨园小区店),世亨路统战部1-3-4号,"126.601464,45.981772",[],黑龙江省,哈尔滨市,呼兰区,哈尔滨市
商服美格造型(柏林四季店),柏林四季C1-6栋12号,"126.528505,45.871911",18404086773,黑龙江省,哈尔滨市,呼兰区,哈尔滨市
时间造型(家得乐商城店),利民开发区学院路志华商城10栋D区A座,"126.550935,45.870022",[],黑龙江省,哈尔滨市,呼兰区,哈尔滨市
酷发barbersho,和平街明达花园小区7号楼3门,"126.597960,45.982379",18745741231,黑龙江省,哈尔滨市,呼兰区,哈尔滨市
标榜专业烫染(丽景花园店),丽景花园(江北大学城地铁站3号口步行70米),"126.542858,45.872783",18686757153,黑龙江省,哈尔滨市,呼兰区,哈尔滨市
小白造型(柏林四季店),学院路街道柏林四季A9-18小白造型,"126.532203,45.873259",16666259858,黑龙江省,哈尔滨市,呼兰区,哈尔滨市
艺夏美发沙龙(柏林四季店),柏林四季c2-2-2-102,"126.529129,45.870332",18746949432,黑龙江省,哈尔滨市,呼兰区,哈尔滨市
木思造型,学院路弘林金色4栋14号商服,"126.549620,45.873706",19969661969,黑龙江省,哈尔滨市,呼兰区,哈尔滨市
罗曼蒂克专业烫染造型(富佳新天地2期店),富佳新天地2期北门东130米,"126.571074,45.911973",15084672247,黑龙江省,哈尔滨市,呼兰区,哈尔滨市
同名艺剪工作室,兴晨路与兴商路交叉口东北60米,"126.552875,45.870810",13136740371,黑龙江省,哈尔滨市,呼兰区,哈尔滨市
星界美容美发沙龙(汇智悦景湾店),汇智九号楼,"126.575505,45.887673",13154500320,黑龙江省,哈尔滨市,呼兰区,哈尔滨市
鲸喜造型,学院路柏林四季B19栋7号商服,"126.531426,45.869664",18346026427,黑龙江省,哈尔滨市,呼兰区,哈尔滨市
丹丹造型(滨才城尚品阳光店),学院路滨才城阳光H栋13号商服丹丹造型,"126.513819,45.875878",13904646625,黑龙江省,哈尔滨市,呼兰区,哈尔滨市
佳俪形象设计2店,托斯卡纳B22商服永达路3373号,"126.567544,45.881427",18504608538,黑龙江省,哈尔滨市,呼兰区,哈尔滨市
匠心发艺,东府路与师专路交叉口西南40米,"126.610955,45.986779",13351885455,黑龙江省,哈尔滨市,呼兰区,哈尔滨市
丝沐美发造型(柏林四季店),柏林四季公寓3号店南1门东北60米,"126.529686,45.870088",13204654101,黑龙江省,哈尔滨市,呼兰区,哈尔滨市
九日发艺(美兰家园店),美兰家园(南门)1-5,"126.599756,45.890990",17044478777,黑龙江省,哈尔滨市,呼兰区,哈尔滨市
理遇·这是一家美发店,利民开发区小陶家屯北侧滨才城公园里圣堤F栋3单元1层2号,"126.514895,45.877110",18745712912,黑龙江省,哈尔滨市,呼兰区,哈尔滨市
新感觉烫染造型,利民开发区玉田小区十二号楼,"126.578563,45.909322",15045345012,黑龙江省,哈尔滨市,呼兰区,哈尔滨市
滕野美发,学院路237号,"126.541403,45.873599",18646265506,黑龙江省,哈尔滨市,呼兰区,哈尔滨市
名流美发工作室(名流新城店),利民开发区北京路名流新城三号楼名流美发店,"126.579473,45.895865",18745041466,黑龙江省,哈尔滨市,呼兰区,哈尔滨市
邢月发艺,裕民街道学院南路柒季城小区43号楼2单元103室,"126.549200,45.868425",15846106717,黑龙江省,哈尔滨市,呼兰区,哈尔滨市
子阳烫染造型(新华小区店),新华小区10号楼3门,"126.608873,45.981846",15045622245;18145697122,黑龙江省,哈尔滨市,呼兰区,哈尔滨市
祁轩造型(柏林四季店),柏林四季南门北50米,"126.531561,45.869978",15845978907,黑龙江省,哈尔滨市,呼兰区,哈尔滨市
久慕造型,泓林金色地标9栋11门市,"126.546745,45.873912",18004667747,黑龙江省,哈尔滨市,呼兰区,哈尔滨市
喜礼造型(滨才城店),利民开发区学院路滨才城公园里尚品阳光H栋26号商服,"126.513243,45.875834",15546438643,黑龙江省,哈尔滨市,呼兰区,哈尔滨市
MZ她她形象设计,学院路柏林四季c1-1-23A号商服,"126.529125,45.873775",18646173740,黑龙江省,哈尔滨市,呼兰区,哈尔滨市
时尚造型(利民西三大街店),警官路北侧泰和轩S-1栋4号商服,"126.543845,45.870167",13214607877,黑龙江省,哈尔滨市,呼兰区,哈尔滨市
简美轻奢美容美发沙龙(亿兴花园店),迎宾路120号,"126.610914,45.983799",15001000451,黑龙江省,哈尔滨市,呼兰区,哈尔滨市
朋克美发(胜利一道街店),胜利一道街3号,"126.602814,45.986378",15245161247,黑龙江省,哈尔滨市,呼兰区,哈尔滨市
韩涵造型(柏林四季店),学院路柏林四季学院六街115号,"126.529680,45.870773",18168395793,黑龙江省,哈尔滨市,呼兰区,哈尔滨市
时美造型(海吉雅·乐都店),利民东一大街与永达路交叉口北180米,"126.575438,45.882706",18246183929,黑龙江省,哈尔滨市,呼兰区,哈尔滨市
欧汎形象设计(多维广场店),滨才城多维广场b26号,"126.511108,45.875559",15004623992,黑龙江省,哈尔滨市,呼兰区,哈尔滨市
流行美(美发艺术沙龙),顺记胡同顺鑫小区8号楼,"126.598779,45.988224",13804557201,黑龙江省,哈尔滨市,呼兰区,哈尔滨市
彼岸发艺,亿兴小区15号楼15门,"126.612510,45.984814",13009727008,黑龙江省,哈尔滨市,呼兰区,哈尔滨市
傲尚造型(柏林印象店),柏林印象b栋8号商铺,"126.593913,45.890117",18945679870,黑龙江省,哈尔滨市,呼兰区,哈尔滨市
盛典造型,什马托斯卡纳M-A5栋1层6号,"126.560763,45.881462",18845008315,黑龙江省,哈尔滨市,呼兰区,哈尔滨市
露莎美业(寓花园店),通河路露莎美业118号,"126.598997,45.980111",13613655056,黑龙江省,哈尔滨市,呼兰区,哈尔滨市
艾丝美发美甲(熹街商场店),学院路800号熹街商场F1层,"126.513603,45.875583",13284930802,黑龙江省,哈尔滨市,呼兰区,哈尔滨市
领航发艺(华远新家园店),利民街道南京路华远新家园3栋楼,"126.573951,45.891427",18346115296,黑龙江省,哈尔滨市,呼兰区,哈尔滨市
DM沙龙(柏林四季店),群英街与博文路交叉口北80米,"126.528470,45.870100",18304620264,黑龙江省,哈尔滨市,呼兰区,哈尔滨市
米来美发,萧乡名苑北门旁,"126.604645,45.976122",15145191301,黑龙江省,哈尔滨市,呼兰区,哈尔滨市
润玉造型,家得乐商城1号门旁,"126.550676,45.869896",18946167735,黑龙江省,哈尔滨市,呼兰区,哈尔滨市
己悦·美发沙龙,利民开发区学院路志华商城14栋23号商服,"126.548521,45.872277",15799916733,黑龙江省,哈尔滨市,呼兰区,哈尔滨市
崇尚形象设计沙龙(金泰蓝郡店),学院路675号金泰蓝郡,"126.526300,45.874116",13384510308,黑龙江省,哈尔滨市,呼兰区,哈尔滨市
欧尚美发造型皮肤管理(亿兴花园店),亿兴高层17号楼,"126.609489,45.984418",18503616868,黑龙江省,哈尔滨市,呼兰区,哈尔滨市
新一造型(华远·龙湾店),利民东一大街华远·龙湾,"126.576886,45.882147",15765560592,黑龙江省,哈尔滨市,呼兰区,哈尔滨市
木尧造型(学伟·国际城店),学伟·国际城,"126.549603,45.861782",13089722522,黑龙江省,哈尔滨市,呼兰区,哈尔滨市
际艺造型(丽景花园店),丽景花园9号楼四单元,"126.542542,45.872474",18345397817,黑龙江省,哈尔滨市,呼兰区,哈尔滨市
阿东美发造型室(浦江国际店),利民开发区浦江国际B11栋07号,"126.583984,45.904726",18745671369,黑龙江省,哈尔滨市,呼兰区,哈尔滨市
新亮点美发,幸福街征费所楼一层五号,"126.600853,45.979972",13581797658,黑龙江省,哈尔滨市,呼兰区,哈尔滨市
佳俪形象设计(汇智悦景湾店),利民东一大街汇智悦景湾东1门,"126.575422,45.885384",18504608538,黑龙江省,哈尔滨市,呼兰区,哈尔滨市
魅烫造型(泰兴幸福小区店),南大街幸福小区,"126.600973,45.978144",15045107895,黑龙江省,哈尔滨市,呼兰区,哈尔滨市
伊人美发美甲(滨才城香榭店),滨才城香榭N栋26号商服,"126.511123,45.875820",18246127954,黑龙江省,哈尔滨市,呼兰区,哈尔滨市
迈瑞靓发会馆(新华小区店),建设路137号新华小区,"126.608676,45.979900",13836059466,黑龙江省,哈尔滨市,呼兰区,哈尔滨市
古贝造型美发沙龙(南京路店),祥瑞府邸1号楼,"126.593950,45.890955",[],黑龙江省,哈尔滨市,呼兰区,哈尔滨市
剪·界美发工作室,学院路柏林四季b11栋二单元,"126.529997,45.871441",18745691021,黑龙江省,哈尔滨市,呼兰区,哈尔滨市
右阁美发沙龙,学院路和利民大街交汇处,"126.550425,45.873525",18686746075,黑龙江省,哈尔滨市,呼兰区,哈尔滨市
未来美发沙龙,滨才城新天地多维广场C座127号商服,"126.510282,45.875545",[],黑龙江省,哈尔滨市,呼兰区,哈尔滨市
剪如画(生态花园店),萧红大街305号,"126.609150,45.974845",13284008828,黑龙江省,哈尔滨市,呼兰区,哈尔滨市
小括造型(金泰蓝郡店),金泰蓝郡2号楼10号门,"126.525575,45.874275",18346206318,黑龙江省,哈尔滨市,呼兰区,哈尔滨市
海林造型(塞纳维拉小区店),学院路滨才四期安雅l栋17号门市,"126.529059,45.877607",15845899411,黑龙江省,哈尔滨市,呼兰区,哈尔滨市
银剪子专业烫染造型(亿兴花园店),三道街老宏安医院斜对面,"126.608568,45.985119",15946056388,黑龙江省,哈尔滨市,呼兰区,哈尔滨市
审美造型(柒季城店),学院路四街道139号,"126.548003,45.868770",13836054922,黑龙江省,哈尔滨市,呼兰区,哈尔滨市
DL造型(农垦店),利民开发区学院路柏林四季b19栋13号,"126.531336,45.870019",18345388387,黑龙江省,哈尔滨市,呼兰区,哈尔滨市
思远专业烫染店,南二道街畅想国际北100米,"126.606126,45.978693",15145147767,黑龙江省,哈尔滨市,呼兰区,哈尔滨市
鑫鹏专业发型设计,容昌路裕发新城16号楼5号,"126.544796,45.866019",[],黑龙江省,哈尔滨市,呼兰区,哈尔滨市
大为发型工作室(师大嘉园店),学院路街道利民大道师大嘉园九号楼,"126.549802,45.863522",13796824978,黑龙江省,哈尔滨市,呼兰区,哈尔滨市
君君美发工作室,名流新城南2门旁,"126.580114,45.895333",13763141610;13763411610,黑龙江省,哈尔滨市,呼兰区,哈尔滨市
觅镜美发沙龙(寓花园店),寓花园通河路96号,"126.598228,45.980178",15645641317,黑龙江省,哈尔滨市,呼兰区,哈尔滨市
漂亮娃娃时尚烫染,呼兰街道北大街一百后身,"126.603250,45.986445",13703662831,黑龙江省,哈尔滨市,呼兰区,哈尔滨市
磊哥发艺,东方红小学对面迎宾路75号,"126.607562,45.983092",13214500661,黑龙江省,哈尔滨市,呼兰区,哈尔滨市
小明月发艺(亿兴花园店),东府路亿兴花园三期30号楼,"126.609383,45.989090",18346026787,黑龙江省,哈尔滨市,呼兰区,哈尔滨市
艾格造型,上海嘉园北门西90米,"126.592133,45.890153",18745116266,黑龙江省,哈尔滨市,呼兰区,哈尔滨市
佳剪法烫染造型,南京路,"126.549065,45.869655",15842252588,黑龙江省,哈尔滨市,呼兰区,哈尔滨市
YD造型(泰兴幸福小区店),南工商楼3单元1层2门,"126.600060,45.978181",13069726668;18346017729,黑龙江省,哈尔滨市,呼兰区,哈尔滨市
美秀造型(柏林四季店),法兰克福街柏林四季,"126.531583,45.869679",[],黑龙江省,哈尔滨市,呼兰区,哈尔滨市
亮點发艺(泰和轩店),学院路泰和轩一号楼6号门市,"126.544196,45.869786",15145143825,黑龙江省,哈尔滨市,呼兰区,哈尔滨市
时光造型(君豪天玺花园店),君豪天玺3号楼2单元一层108,"126.580230,45.945939",13796116908,黑龙江省,哈尔滨市,呼兰区,哈尔滨市
艾尚美发沙龙(电力茗苑店),和谐路电力名苑5栋21号,"126.578900,45.886621",15765929689,黑龙江省,哈尔滨市,呼兰区,哈尔滨市
子浩造型店(滨才熹街商场店),新大地电子广场第1栋商服1层125号房,"126.513521,45.875628",15663765009,黑龙江省,哈尔滨市,呼兰区,哈尔滨市
千艺美发(兰河雅居南),兰河雅居西门东南50米,"126.599824,45.976191",[],黑龙江省,哈尔滨市,呼兰区,哈尔滨市
一方天美发工作室,蓉大购物中心北门旁,"126.603764,45.986498",13244561222,黑龙江省,哈尔滨市,呼兰区,哈尔滨市
JM吉米造型(学院路店),学院路滨才城香榭P栋34号商服,"126.511697,45.875822",18246056218,黑龙江省,哈尔滨市,呼兰区,哈尔滨市
無界造型工作室,哈师大家属楼18栋,"126.563736,45.873356",[],黑龙江省,哈尔滨市,呼兰区,哈尔滨市
时尚美发造型(明达花园示范小区店),寓花园南门旁,"126.599219,45.980146",15846558189,黑龙江省,哈尔滨市,呼兰区,哈尔滨市
喜理美发店(龙湾圆著),龙湾圆著1号楼商服2栋102室,"126.576801,45.883318",[],黑龙江省,哈尔滨市,呼兰区,哈尔滨市
领尚造型(伸马·托斯卡纳店),利民大道607号伸马·托斯卡纳,"126.563164,45.881427",[],黑龙江省,哈尔滨市,呼兰区,哈尔滨市
艺朔刺青工作室(海娜半永久纹身),利民开发区学院路与学院路四道街交叉口志华商城14号楼5单元302室,"126.548722,45.872663",15636332324,黑龙江省,哈尔滨市,呼兰区,哈尔滨市
希柚美甲美睫工作室(丽景花园店),丽景花园9号楼,"126.542875,45.872375",[],黑龙江省,哈尔滨市,呼兰区,哈尔滨市
恋尚芷美甲工作室,南大街203号,"126.601856,45.980402",0451-51729000,黑龙江省,哈尔滨市,呼兰区,哈尔滨市
郎剪造型,南京路大众国际高层b栋四号商服,"126.580290,45.890186",[],黑龙江省,哈尔滨市,呼兰区,哈尔滨市
金艺名剪烫染专业店(熹街商场店),学院路800号熹街商场F1层,"126.512914,45.875582",[],黑龙江省,哈尔滨市,呼兰区,哈尔滨市
酷艺造型(学院路店),学院路农垦学院斜对面金泰蓝郡小区2号楼5单元,"126.526437,45.874153",[],黑龙江省,哈尔滨市,呼兰区,哈尔滨市
奇奇造型(富佳新天地2期店),富家新天地二期6号楼,"126.570321,45.911025",[],黑龙江省,哈尔滨市,呼兰区,哈尔滨市
飞剪美发工作室(华远新家园店),利民开发区南京路华远新家园2号楼32车库,"126.573710,45.891425",[],黑龙江省,哈尔滨市,呼兰区,哈尔滨市
简也形象设计,利民开发区南京路祥瑞府邸小区2415号,"126.595341,45.890971",17645081372,黑龙江省,哈尔滨市,呼兰区,哈尔滨市
小七美发(新华小区店),建设路137号新华小区,"126.608656,45.983497",15244696437,黑龙江省,哈尔滨市,呼兰区,哈尔滨市
三度美发沙龙店,学院路翰林辰霞博雅园D栋29号,"126.531974,45.873663",[],黑龙江省,哈尔滨市,呼兰区,哈尔滨市
尤理设计理发馆,柏林四季b12栋80号,"126.531298,45.871529",15045441442,黑龙江省,哈尔滨市,呼兰区,哈尔滨市
男士理发,师范大学家属楼12栋,"126.556941,45.872370",17603606979,黑龙江省,哈尔滨市,呼兰区,哈尔滨市
拔俗男士造型工作室,建设路与乐水街交叉口西80米,"126.608246,45.979501",[],黑龙江省,哈尔滨市,呼兰区,哈尔滨市
锦泽男士理发馆,柏林四季南门北150米,"126.531325,45.870625",[],黑龙江省,哈尔滨市,呼兰区,哈尔滨市
胡子先生男士美容SPA馆,兰河名苑36号楼1楼8门,"126.593484,45.977511",[],黑龙江省,哈尔滨市,呼兰区,哈尔滨市
原沐造型(志华商城11号B座店),志华商城11号B座,"126.548055,45.869699",[],黑龙江省,哈尔滨市,呼兰区,哈尔滨市
超凡造型(华尚·万象新天B区店),华尚万象新天B区7号楼2单元,"126.543703,45.857344",[],黑龙江省,哈尔滨市,呼兰区,哈尔滨市
梦郎造型(杉尼家园店),南京路与呼兰大道交叉口西320米,"126.602857,45.890985",[],黑龙江省,哈尔滨市,呼兰区,哈尔滨市
MEGA时尚潮男设计(万象汇店),世茂大道555号哈尔滨松北万象汇B1层,"126.538960,45.809578",0451-88191559,黑龙江省,哈尔滨市,松北区,哈尔滨市
INSI Hair Salon(松北万象店),世茂大道555号万象润街N022,"126.535456,45.809824",18646645295,黑龙江省,哈尔滨市,松北区,哈尔滨市
尤司男士国潮理发馆(哈尔滨融创茂店),恒源街68号,"126.499103,45.801314",15504630313,黑龙江省,哈尔滨市,松北区,哈尔滨市
1Z·Hair salon(松北店),融创·中园,"126.495327,45.810597",15104511158,黑龙江省,哈尔滨市,松北区,哈尔滨市
芬迪发艺(融创店),恒源街994号,"126.496867,45.809507",0451-87160188,黑龙江省,哈尔滨市,松北区,哈尔滨市
阳光美发沙龙,思源街65号,"126.534695,45.809610",18945678805;18945678806,黑龙江省,哈尔滨市,松北区,哈尔滨市
Rs颜色馆·剪发·烫发·染发(万象汇店),松北街道世茂大道555号万象润街N30室,"126.535291,45.809587",13352507269,黑龙江省,哈尔滨市,松北区,哈尔滨市
菲拉派瑞美发沙龙(融创茂店),世茂大道99号哈尔滨融创茂F1层,"126.504675,45.803925",0451-88102101,黑龙江省,哈尔滨市,松北区,哈尔滨市
沐色·HAIRSALON(万达店),世林路800号万达城A栋S09,"126.498361,45.807226",18945009873,黑龙江省,哈尔滨市,松北区,哈尔滨市
小野造型(万象汇店),世茂大道555号哈尔滨松北万象汇B1层,"126.536592,45.809685",0451-84093637,黑龙江省,哈尔滨市,松北区,哈尔滨市
ONE SALON(万象汇店),万象润街N12号,"126.535275,45.809625",17603671268,黑龙江省,哈尔滨市,松北区,哈尔滨市
MY米言造型(松北融创店),丰源街1261号,"126.490228,45.810187",13212928688,黑龙江省,哈尔滨市,松北区,哈尔滨市
南北美发工作室(万象汇店),世贸大道521号与思源街交口华润欢乐颂3G153号,"126.534778,45.809493",18746010551,黑龙江省,哈尔滨市,松北区,哈尔滨市
匠人发型(商大店),文汇路401号军安绿色家园19栋3号商服,"126.557228,45.819617",15134554337,黑龙江省,哈尔滨市,松北区,哈尔滨市
蓝灯造型(世博店),松北街道清真正六品牛肉(松北店)华润·幸福里,"126.535226,45.811280",18246095108,黑龙江省,哈尔滨市,松北区,哈尔滨市
雅斯造型工作室(融创茂店),万达秀园D7-107恒源街963号,"126.497886,45.809559",18746065515,黑龙江省,哈尔滨市,松北区,哈尔滨市
佳欣发艺(万达广场店),恒源街873号,"126.497766,45.808678",15146478333,黑龙江省,哈尔滨市,松北区,哈尔滨市
宇轩造型(黑龙江科技大学店),馨园小区3号楼7门市,"126.656851,45.820855",15545455729,黑龙江省,哈尔滨市,松北区,哈尔滨市
永琪美容美发(祥安南大街辅路店),祥安南大街1618号,"126.515472,45.809952",15590555504,黑龙江省,哈尔滨市,松北区,哈尔滨市
M慕本·HAIR·SALON(万象汇店),世茂大道思源街57号万象汇,"126.534733,45.809639",18245138077,黑龙江省,哈尔滨市,松北区,哈尔滨市
万理男士发型,新湾路237号(世茂大道地铁站3号口步行380米),"126.549681,45.803983",18646160098,黑龙江省,哈尔滨市,松北区,哈尔滨市
4Uhaircut思优造型(城市之星·豪布斯卡店),世贸大道城市之星步行街446号,"126.530027,45.807962",15801665868,黑龙江省,哈尔滨市,松北区,哈尔滨市
伟美造型(万达·华园店),恒源街960号,"126.496859,45.809207",0451-57722876,黑龙江省,哈尔滨市,松北区,哈尔滨市
暮色美发沙龙(世纪花园C区店),万宝街道世博路2725号门市,"126.510672,45.808101",15545471720,黑龙江省,哈尔滨市,松北区,哈尔滨市
U+精致美发设计(商大店),学海街1717号,"126.560007,45.819301",13846435323,黑龙江省,哈尔滨市,松北区,哈尔滨市
爆米花儿童美发乐园(万象汇店),世茂大道555号哈尔滨松北万象汇L2层,"126.538418,45.809619",0451-89363777,黑龙江省,哈尔滨市,松北区,哈尔滨市
沐野美发工作室,华夏未来万达城幼稚园东南门南80米,"126.497592,45.803407",18724506219,黑龙江省,哈尔滨市,松北区,哈尔滨市
INSI美发沙龙,恒源街与世祥路交叉口北180米,"126.497275,45.812275",[],黑龙江省,哈尔滨市,松北区,哈尔滨市
尚艺美发(中源大道店),银河小区2栋9号商服,"126.560142,45.816391",13796080135,黑龙江省,哈尔滨市,松北区,哈尔滨市
一云堂女子美容沐浴会所(中盟首府店),世茂大道8-3号,"126.484353,45.795840",0451-84138886;0451-87065577,黑龙江省,哈尔滨市,松北区,哈尔滨市
1+HAIR SALON(世阳路店),世阳路224号,"126.495875,45.802775",0451-88191107;15673196543,黑龙江省,哈尔滨市,松北区,哈尔滨市
伊林微潮美发沙龙(大正店),世博路202号,"126.542771,45.811507",18145151722,黑龙江省,哈尔滨市,松北区,哈尔滨市
创艺发型设计(融创·中园店),松祥街道世祥街897号融创中园A4-5号楼109号商服,"126.493625,45.811339",18603649678,黑龙江省,哈尔滨市,松北区,哈尔滨市
RX·3barber shop男士理容生活馆(红星熙墅店),红星·熙墅江安街1289号(西南门旁),"126.526871,45.826749",16645316810,黑龙江省,哈尔滨市,松北区,哈尔滨市
派头美发沙龙,"松安街道,华润中海江城商业6号楼1号门市","126.555519,45.810488",[],黑龙江省,哈尔滨市,松北区,哈尔滨市
沐one造型(丰源街店),丰源街813号沐one造型,"126.491936,45.806394",[],黑龙江省,哈尔滨市,松北区,哈尔滨市
艺格造型(华远水木清华B区店),文汇路262号,"126.556703,45.819030",18745152150,黑龙江省,哈尔滨市,松北区,哈尔滨市
发之煊造型(南益·松江春晓店),鑫源街南益松江春晓10-08商服,"126.525704,45.812956",15765508353,黑龙江省,哈尔滨市,松北区,哈尔滨市
东方名剪(世纪花园店),世茂大道161号世纪花园A区,"126.511114,45.807651",13664574222,黑龙江省,哈尔滨市,松北区,哈尔滨市
insihairsalon,恒源街与世祥路交叉口北200米,"126.497575,45.812375",[],黑龙江省,哈尔滨市,松北区,哈尔滨市
喜理发型设计(融创万达店),北岸润和城一期南门福润家超市二楼,"126.491756,45.815824",15636000460,黑龙江省,哈尔滨市,松北区,哈尔滨市
文峰烫染美容美甲沙龙(文汇路店),文汇路84号,"126.558901,45.819357",18246182948,黑龙江省,哈尔滨市,松北区,哈尔滨市
木一造型(松浦·观江国际A区店),A27栋2单元101层,"126.642590,45.816055",15300031333,黑龙江省,哈尔滨市,松北区,哈尔滨市
90美发沙龙(华润幸福里店),世博路554号,"126.538114,45.811385",15754573555,黑龙江省,哈尔滨市,松北区,哈尔滨市
沐恩造型,爱康街与广达路交叉口西北40米,"126.631275,45.829475",18346535525,黑龙江省,哈尔滨市,松北区,哈尔滨市
匠艺美发Hair Salon城市之星步行街店,世茂大道城市之星步行街A142号,"126.530484,45.807876",15669942526,黑龙江省,哈尔滨市,松北区,哈尔滨市
隆妍形象设计,恒源街968号融创华园小区C9号楼7商服,"126.496879,45.809379",[],黑龙江省,哈尔滨市,松北区,哈尔滨市
米娜造型(观江国际店),观江国际B区9号楼3单元102,"126.641980,45.820229",[],黑龙江省,哈尔滨市,松北区,哈尔滨市
风格造型,恒源街885号,"126.497734,45.808813",17745624131,黑龙江省,哈尔滨市,松北区,哈尔滨市
2046美发沙龙(松北店),龙祥路1136号,"126.520829,45.828604",13069716381,黑龙江省,哈尔滨市,松北区,哈尔滨市
焦点造型,浦源路2849号,"126.646232,45.822671",18246544433,黑龙江省,哈尔滨市,松北区,哈尔滨市
SeeUhairsalon(明见造型),祥安北大街1327号,"126.516889,45.827037",17382841218,黑龙江省,哈尔滨市,松北区,哈尔滨市
珊珊美发烫染(糖厂社区店),糖厂社区7号楼3单元102,"126.648220,45.820946",15244651066,黑龙江省,哈尔滨市,松北区,哈尔滨市
卡诗美业(华远水木清华B区店),文汇路288号华远水木清华B区,"126.559976,45.818292",15663416621,黑龙江省,哈尔滨市,松北区,哈尔滨市
留恋发艺(世茂滨江新城法兰西风情园店),世茂大道86号,"126.515919,45.804807",13206663677,黑龙江省,哈尔滨市,松北区,哈尔滨市
宝蒂美发沙龙(万达·华园店),万达华园世林路1021号,"126.495688,45.807027",[],黑龙江省,哈尔滨市,松北区,哈尔滨市
东方男人烫染旗舰店,世林路930号,"126.497306,45.806757",13171787567,黑龙江省,哈尔滨市,松北区,哈尔滨市
唐潮造型(万达华园店),世林路977号,"126.496003,45.807239",13074558898;15754518202,黑龙江省,哈尔滨市,松北区,哈尔滨市
超美烫染店,世茂大道776号北岸明珠,"126.547704,45.806450",18245166794,黑龙江省,哈尔滨市,松北区,哈尔滨市
千川造型,融创锦园b5-6-112号,"126.498548,45.812626",15568839217,黑龙江省,哈尔滨市,松北区,哈尔滨市
靓靓剪染烫(前进家园店),世博路41号,"126.544736,45.812057",13836183522,黑龙江省,哈尔滨市,松北区,哈尔滨市
咔咔造型(军安绿色家园店),军安绿色家园19号楼12号商服,"126.558275,45.819875",13030036612;13304641080,黑龙江省,哈尔滨市,松北区,哈尔滨市
梵深造型(商大店),文汇路与学海街交叉口西150米185号,"126.557831,45.819704",15546369522,黑龙江省,哈尔滨市,松北区,哈尔滨市
Ninety nine Salon(万达茂店),世林路1091号万达华园南,"126.495087,45.806849",18645450952,黑龙江省,哈尔滨市,松北区,哈尔滨市
天一造型工作室(华远水木清华B区店),华远·水木清华北3门东400米,"126.559918,45.819455",13654636831,黑龙江省,哈尔滨市,松北区,哈尔滨市
米娜造型(观江国际店),观江国际B区9号楼3单元102号,"126.647505,45.819004",15146514246,黑龙江省,哈尔滨市,松北区,哈尔滨市
王尧造型工作室(城市之星·豪布斯卡店),世贸大道城市之星步行街C129,"126.530222,45.807675",13104078303,黑龙江省,哈尔滨市,松北区,哈尔滨市
菲儿造型美发工作室(碧桂园华美星荟店),浦阳东路碧桂园华美星荟9号楼208室,"126.638875,45.843975",17044334477,黑龙江省,哈尔滨市,松北区,哈尔滨市
林林造型(万达·秀园店),万达秀园恒源街951号,"126.497718,45.809384",18704662721,黑龙江省,哈尔滨市,松北区,哈尔滨市
木尧美业,世林路1177号华园南门,"126.494066,45.806522",13089722522,黑龙江省,哈尔滨市,松北区,哈尔滨市
艾琪美发美容美体店(万达·秀园店),美肤造型美体黑龙江省哈尔滨市松北区恒源街813号万达秀园融创茂附近,"126.497825,45.808325",15046710345,黑龙江省,哈尔滨市,松北区,哈尔滨市
于你造型,丁香大道2199号心里海德公馆三期A区15栋3号商铺,"126.568681,45.825021",15222286223,黑龙江省,哈尔滨市,松北区,哈尔滨市
丹丹发艺(前进家园店),哈市前进家园3号楼3号库,"126.541191,45.813641",13895789425,黑龙江省,哈尔滨市,松北区,哈尔滨市
Mido美度形象设计,文汇路210号,"126.557255,45.819607",15046700017,黑龙江省,哈尔滨市,松北区,哈尔滨市
囍匠造型(融创·融园店),融创融园世贸大道57号,"126.491800,45.798607",18645868282,黑龙江省,哈尔滨市,松北区,哈尔滨市
航佳造型,世祥路897号融创中园小区A4-4号楼11号商服,"126.492239,45.811547",15504504578;18346599223,黑龙江省,哈尔滨市,松北区,哈尔滨市
美灵格美发沙龙,龙轩路2467号香树湾小区28号楼1号,"126.515035,45.825992",13284623451,黑龙江省,哈尔滨市,松北区,哈尔滨市
新艺美发沙龙,聚源街400号,"126.538905,45.812799",13936577227,黑龙江省,哈尔滨市,松北区,哈尔滨市
青禾造型,融创锦园B5-6-114号,"126.498417,45.812654",15846147361,黑龙江省,哈尔滨市,松北区,哈尔滨市
春峰美容美发(钻石湾店),钻石湾,"126.522742,45.800542",15846531618,黑龙江省,哈尔滨市,松北区,哈尔滨市
慕涵造型,恒源街融创锦园北门b5-6-101号,"126.499119,45.812712",17545507897,黑龙江省,哈尔滨市,松北区,哈尔滨市
丽宇美发沙龙(松北万达店),万达城恒源街805号,"126.497795,45.808142",15011318123,黑龙江省,哈尔滨市,松北区,哈尔滨市
汇彩造型(恒大新都汇商业广场店),中源大道恒大名都商业广场155商服,"126.621506,45.832668",13804562594,黑龙江省,哈尔滨市,松北区,哈尔滨市
远野发艺(松浦·观江国际A区店),松浦大道辅路与浦江路交叉口西北260米,"126.645074,45.817545",13718702346,黑龙江省,哈尔滨市,松北区,哈尔滨市
悦影造型,世茂大道北岸明珠768号,"126.547958,45.806405",18845199922,黑龙江省,哈尔滨市,松北区,哈尔滨市
鑫蕊造型,松北街道松北一路41号,"126.559219,45.807998",17804668635,黑龙江省,哈尔滨市,松北区,哈尔滨市
1+美发店,浦源路2298号馨园小区5号楼6号商铺,"126.657097,45.821307",15546438096,黑龙江省,哈尔滨市,松北区,哈尔滨市
昔菲造型(大正莅江店),世博路358号,"126.540593,45.811480",18645007180,黑龙江省,哈尔滨市,松北区,哈尔滨市
领秀发艺(世纪花园C区店),祥安南大街1652号世纪花园C区,"126.512373,45.808570",18745171614,黑龙江省,哈尔滨市,松北区,哈尔滨市
初衷美发造型店(汇智环球金贸城店),船口街道汇智环球金贸城2期,"126.614690,45.827154",15084618362,黑龙江省,哈尔滨市,松北区,哈尔滨市
理好这是一家美发店,广达路黄浦公馆3期东侧入户大堂南50米,"126.628694,45.826498",15776995476,黑龙江省,哈尔滨市,松北区,哈尔滨市
名门美发沙龙,龙川路369号奥林小镇,"126.543925,45.821375",[],黑龙江省,哈尔滨市,松北区,哈尔滨市
莱奥造型,世祥路与丰源街交叉口东80米,"126.490889,45.809667",15504501239;18245117989,黑龙江省,哈尔滨市,松北区,哈尔滨市
远古造型形象工作室,中源大道广信新城内附近,"126.608131,45.825436",[],黑龙江省,哈尔滨市,松北区,哈尔滨市
发之源美发(龙祥路店),龙祥路与江安街交叉口西80米,"126.525063,45.828610",15604613353,黑龙江省,哈尔滨市,松北区,哈尔滨市
菲灵造型(融江路店),中源大道与丰源街交叉口东北180米,"126.491725,45.816175",[],黑龙江省,哈尔滨市,松北区,哈尔滨市
港华造型,恒源街898号万达·华园,"126.496691,45.810015",18545652886,黑龙江省,哈尔滨市,松北区,哈尔滨市
莱薇美肤抗衰,祥安南大街939号,"126.520643,45.803776",13263636161,黑龙江省,哈尔滨市,松北区,哈尔滨市
云匠形象理容barbershop,融创中园一期A5栋104房二楼,"126.493647,45.810482",13074547415,黑龙江省,哈尔滨市,松北区,哈尔滨市
89贵美人美容美发,中源大道辅路与浦顺街交叉口东北300米,"126.601519,45.825885",19846088668,黑龙江省,哈尔滨市,松北区,哈尔滨市
派森发艺(融创·锦园店),融创中园小区2期东门东70米,"126.497450,45.811278",15645019019;18704501041,黑龙江省,哈尔滨市,松北区,哈尔滨市
8090造型,世祥路630号,"126.494070,45.809657",18724608489,黑龙江省,哈尔滨市,松北区,哈尔滨市
发之界(世博路店),世博路220号,"126.542365,45.811503",13662226113,黑龙江省,哈尔滨市,松北区,哈尔滨市
顶尖造型(世博路店),世博路2440号,"126.514290,45.808639",15561587888,黑龙江省,哈尔滨市,松北区,哈尔滨市
288烫染美发(第三分店),城市之星·豪布斯卡,"126.529336,45.807613",17382880288,黑龙江省,哈尔滨市,松北区,哈尔滨市
潮艺沙龙(军安绿色家园店),文汇路261号,"126.557016,45.819581",13704500309,黑龙江省,哈尔滨市,松北区,哈尔滨市
风采秀美发造型室,世茂滨江新城法兰西风情园步行街5/109,"126.518014,45.802284",13664505201,黑龙江省,哈尔滨市,松北区,哈尔滨市
日尚美发沙龙(松北店),哈尔滨国际文化产业园二期s1栋16号,"126.521232,45.825218",17123411115,黑龙江省,哈尔滨市,松北区,哈尔滨市
陋室发型工作室(黑龙江科技大学馨园小区店),浦源路2468号黑龙江科技大学馨园小区11号楼,"126.657973,45.821835",13100844520,黑龙江省,哈尔滨市,松北区,哈尔滨市
尤赫·美业,融创中园A4-5栋116号商铺,"126.493370,45.811628",18245147574,黑龙江省,哈尔滨市,松北区,哈尔滨市
理享专业烫染沙龙,世祥路169号,"126.499235,45.811345",[],黑龙江省,哈尔滨市,松北区,哈尔滨市
玖点九月美发(融创·融园店),融创融园39-1,"126.489928,45.798078",15776929091,黑龙江省,哈尔滨市,松北区,哈尔滨市
宜美美发,海德公馆4栋1门商铺,"126.573321,45.825415",18245186968,黑龙江省,哈尔滨市,松北区,哈尔滨市
喜理美发工作室,恒大名都东北门,"126.621560,45.834599",17610222761,黑龙江省,哈尔滨市,松北区,哈尔滨市
酷烫美发会所(世纪花园C区店),世博路2653号,"126.511504,45.808295",15046150897,黑龙江省,哈尔滨市,松北区,哈尔滨市
亮亮专业烫染店,世贸大道128号,"126.523327,45.806884",0451-87168510;15046672573,黑龙江省,哈尔滨市,松北区,哈尔滨市
一丽雅造型工作室(湖畔绿色家园店),湖畔绿色家园小区7栋38号商服左岸大街1482号,"126.507625,45.828611",13351002498,黑龙江省,哈尔滨市,松北区,哈尔滨市
晓泽美发工作室,中源大道5026号,"126.610836,45.826001",13613647573,黑龙江省,哈尔滨市,松北区,哈尔滨市
古贝造型工作室(祥安北大街店),欧美亚·阳光家园西1门北70米,"126.516859,45.827210",17845005388,黑龙江省,哈尔滨市,松北区,哈尔滨市
平凡先生发型设计工作室(银河小区店),松北街道中源大道银河小区8号楼10号,"126.557309,45.816435",17614506861,黑龙江省,哈尔滨市,松北区,哈尔滨市
晓伟美发(红星威尼斯庄园店),龙轩路1856号红星威尼斯庄园,"126.525013,45.825184",18246038085,黑龙江省,哈尔滨市,松北区,哈尔滨市
风范造型(城市之星·豪布斯卡店),城市之星·豪布斯卡,"126.528261,45.806889",13100876886,黑龙江省,哈尔滨市,松北区,哈尔滨市
慧芳美发店,广信江城五号地十号楼一单元103,"126.610985,45.819796",18904809803,黑龙江省,哈尔滨市,松北区,哈尔滨市
新思维美容美发(奥林小镇店),龙川路337号(奥林小镇),"126.544963,45.821817",16714626666,黑龙江省,哈尔滨市,松北区,哈尔滨市
兄弟发艺(世纪花园A区店),世纪花园a区世博路2664号,"126.511799,45.807861",15245005200,黑龙江省,哈尔滨市,松北区,哈尔滨市
美匠造型工作室(松北店),欧美亚门市龙轩路2077号,"126.519274,45.825943",15246262694,黑龙江省,哈尔滨市,松北区,哈尔滨市
极简美业美发(中海江城店),松北街道学海西街742号极简美业,"126.557847,45.810272",15776627867,黑龙江省,哈尔滨市,松北区,哈尔滨市
米娜90美发沙龙(恒大名都店),恒大名都东门秀水街2908号,"126.620786,45.832998",15754573555,黑龙江省,哈尔滨市,松北区,哈尔滨市
美格精剪(恒大名都店),中源大道恒大名都秀水街2716号,"126.622475,45.833725",18088708277,黑龙江省,哈尔滨市,松北区,哈尔滨市
引领潮流美发,江安街976号,"126.525689,45.823649",17308405462,黑龙江省,哈尔滨市,松北区,哈尔滨市
嘉美美发沙龙(前进家园店),前进家园13栋4号,"126.540468,45.812875",18204501367,黑龙江省,哈尔滨市,松北区,哈尔滨市
麦野造型店,世林路745号,"126.498633,45.807923",13796818268;18646181678,黑龙江省,哈尔滨市,松北区,哈尔滨市
amy艾米造型(世博路店),世博路2526号,"126.513558,45.808409",15636328070,黑龙江省,哈尔滨市,松北区,哈尔滨市
MOQI默契美发沙龙,富力城三期C8-109栋,"126.605063,45.829862",18646298805,黑龙江省,哈尔滨市,松北区,哈尔滨市
摩咔形象(恒大绿洲店),学子街1447号,"126.588579,45.821901",18646315435,黑龙江省,哈尔滨市,松北区,哈尔滨市
首艺造型(恒大绿洲店),中源大道99号东南100米,"126.590492,45.821118",15904514911,黑龙江省,哈尔滨市,松北区,哈尔滨市
臻亿美发沙龙,万达城A5-6栋114号,"126.492648,45.810045",13684608211,黑龙江省,哈尔滨市,松北区,哈尔滨市
尤觅造型,红星熙墅s1-05,"126.526713,45.827069",[],黑龙江省,哈尔滨市,松北区,哈尔滨市
A+形象设计店(融创·中园店),松北街道这司有范儿寿司(融创中园店)融创·中园,"126.493658,45.810479",[],黑龙江省,哈尔滨市,松北区,哈尔滨市
柏悦造型(糖厂社区店),糖厂社区11号楼三单元,"126.647703,45.819912",18724617276,黑龙江省,哈尔滨市,松北区,哈尔滨市
银河造型(银河小区店),前进路8号银河小区4栋,"126.558474,45.815737",15776683778,黑龙江省,哈尔滨市,松北区,哈尔滨市
鸿洋美发造型皮肤管理(松浦·观江国际A区店),松浦观江国际A区59号楼一单102,"126.644006,45.819214",15603668853;18645089291,黑龙江省,哈尔滨市,松北区,哈尔滨市
70发艺人生(香榭丽舍店),利民东三大街8号香榭丽舍小区12栋1单元101室,"126.589286,45.877321",13796266533,黑龙江省,哈尔滨市,松北区,哈尔滨市
米蘭美咖美容美发沙龙,世茂大道247号一层麦当劳旁,"126.526635,45.809068",0451-82281288,黑龙江省,哈尔滨市,松北区,哈尔滨市
超艺造型(恒大绿洲店),中源大道辅路与学子街交叉口东北140米,"126.591819,45.821631",17603698353,黑龙江省,哈尔滨市,松北区,哈尔滨市
领航美发造型设计(融创·锦园店),世祥路119号融创锦园B区B-1-110室,"126.499858,45.811380",[],黑龙江省,哈尔滨市,松北区,哈尔滨市
艺星美业,恒大锦苑小区7号底商10号商服,"126.499739,45.816300",[],黑龙江省,哈尔滨市,松北区,哈尔滨市
美发沙龙(哈尔滨融创茂店),世茂大道99号哈尔滨融创茂F3层,"126.504975,45.803975",0451-51976131,黑龙江省,哈尔滨市,松北区,哈尔滨市
伊上美容美发店(北岸启程店),北岸启程小区12号楼3门市,"126.646413,45.843946",13703602411;18646353522,黑龙江省,哈尔滨市,松北区,哈尔滨市
以舜美发工作室,江安街1623号,"126.526782,45.829633",18646099016,黑龙江省,哈尔滨市,松北区,哈尔滨市
派大星儿童理发(融创店),万达·秀园东门北130米,"126.501384,45.810643",17645654046,黑龙江省,哈尔滨市,松北区,哈尔滨市
耀·艺术美发馆,世林路749号,"126.498776,45.807952",[],黑龙江省,哈尔滨市,松北区,哈尔滨市
首咖美业SOKA SALON,中园小区A4-5-106,"126.493640,45.811192",[],黑龙江省,哈尔滨市,松北区,哈尔滨市
若溪美业(松北大润发店),世茂大道400号城市之星小区S1号综合体1-3层01号大润发(松北店),"126.527559,45.807675",[],黑龙江省,哈尔滨市,松北区,哈尔滨市
茉凡造型,银河小区7号楼茉凡美发店,"126.557831,45.815973",[],黑龙江省,哈尔滨市,松北区,哈尔滨市
Only缪斯美发沙龙,世祥路55号,"126.500900,45.811587",18088771622,黑龙江省,哈尔滨市,松北区,哈尔滨市
几禾美发形象设计工作室(富力城店),中源大道5637号,"126.601986,45.825949",15846395639,黑龙江省,哈尔滨市,松北区,哈尔滨市
千丝渡造型,松北一路54号新新怡园,"126.556230,45.806740",[],黑龙江省,哈尔滨市,松北区,哈尔滨市
肆禧发型(工农大街117店),世博路667号,"126.536508,45.811753",[],黑龙江省,哈尔滨市,松北区,哈尔滨市
韩剪彩造型店,世博路2702号,"126.511379,45.807726",13115584657,黑龙江省,哈尔滨市,松北区,哈尔滨市
名仕造型美发店,富力城小区二期南门BC1栋1号商服8号房,"126.601468,45.828574",15124517051,黑龙江省,哈尔滨市,松北区,哈尔滨市
漫野造型店,龙轩路1782号,"126.523175,45.825325",[],黑龙江省,哈尔滨市,松北区,哈尔滨市
盛欣美发(保利·公园九号店),松北街道龙盛路保利公园9号祥安北大街1666号,"126.515870,45.830084",18245158810,黑龙江省,哈尔滨市,松北区,哈尔滨市
伊奈美发(银河小区店),银河小区五号楼2号门市,"126.558280,45.816480",[],黑龙江省,哈尔滨市,松北区,哈尔滨市
神美烫染造型(奥林小镇店),龙川路奥林小镇28号楼102,"126.546666,45.822706",[],黑龙江省,哈尔滨市,松北区,哈尔滨市
ES美发沙龙(富力城店),中源大道5599号富力城,"126.601402,45.828211",19927424617,黑龙江省,哈尔滨市,松北区,哈尔滨市
喜欢理,银河小区2号楼4号商服1楼,"126.560225,45.816275",[],黑龙江省,哈尔滨市,松北区,哈尔滨市
小海发艺(前进家园店),聚源街与世文路交叉口北80米,"126.539575,45.813725",[],黑龙江省,哈尔滨市,松北区,哈尔滨市
雕刻时光理发馆(绿水小区店),绿水小区L栋27号,"126.541106,45.824846",13945041244,黑龙江省,哈尔滨市,松北区,哈尔滨市
兰妮美发,浦源路2970号,"126.644822,45.821679",15145056787,黑龙江省,哈尔滨市,松北区,哈尔滨市
森木形象设计(恒大名都店),松浦街道恒大名都5号楼,"126.621166,45.835490",[],黑龙江省,哈尔滨市,松北区,哈尔滨市
知夏发型设计工作室,世茂大道恒源街融创文旅城BG栋E栋911室(9层11门),"126.499520,45.804553",15636105017,黑龙江省,哈尔滨市,松北区,哈尔滨市
田艺造型,城市之星步行街B122号,"126.529508,45.807774",15004677961,黑龙江省,哈尔滨市,松北区,哈尔滨市
尚南造型(欧美亚世界阳光店),祥安北大街1245号,"126.516854,45.826523",13163662415,黑龙江省,哈尔滨市,松北区,哈尔滨市
悦柏美业,松北一路39号,"126.558107,45.809223",[],黑龙江省,哈尔滨市,松北区,哈尔滨市
De+自助·染发·漂发·接发·超市(万象汇店),世茂大道555号哈尔滨松北万象汇,"126.535273,45.809633",[],黑龙江省,哈尔滨市,松北区,哈尔滨市
慕唯发型(万象汇店),世茂大道与聚源街交汇处2栋一层N26号,"126.536625,45.809575",16645013084,黑龙江省,哈尔滨市,松北区,哈尔滨市
里享空间美发沙龙(红星威尼斯庄园店),龙轩路1666号红星威尼斯庄园商服,"126.524795,45.825200",15104592742,黑龙江省,哈尔滨市,松北区,哈尔滨市
唯一造型(馨园小区店),馨园小区,"126.656652,45.820087",[],黑龙江省,哈尔滨市,松北区,哈尔滨市
巷往设计工作室,凯利广场东23/42,"126.536073,45.811921",15776213689,黑龙江省,哈尔滨市,松北区,哈尔滨市
焕颜美业,广信新城B区,"126.609874,45.825782",[],黑龙江省,哈尔滨市,松北区,哈尔滨市
简点发型工作室,黄浦公馆五期一栋二单元101,"126.628995,45.828788",18345706609,黑龙江省,哈尔滨市,松北区,哈尔滨市
幸屿美发,馨园小区五号楼九号车库,"126.657318,45.821360",18249771461,黑龙江省,哈尔滨市,松北区,哈尔滨市
潇洒造型,松安街道龙唐街399号北岸众和城17栋2单元102,"126.546440,45.809965",18745182781,黑龙江省,哈尔滨市,松北区,哈尔滨市
小语发艺(松浦·观江国际B区店),松浦大道311号松浦·观江国际B区,"126.646749,45.818378",15663467926,黑龙江省,哈尔滨市,松北区,哈尔滨市
艾蘶剪艺造型,融创锦园B5-6-109门市,"126.498679,45.812694",13846133842,黑龙江省,哈尔滨市,松北区,哈尔滨市
审美造型,浦源路2486号馨园小区三号楼六门,"126.656871,45.820670",[],黑龙江省,哈尔滨市,松北区,哈尔滨市
小鑫儿童理发工作室(万象汇店),万象润街2号楼D区二楼,"126.536075,45.809675",18145121436,黑龙江省,哈尔滨市,松北区,哈尔滨市
凡星美发(龙轩路店),龙轩路1647号,"126.524986,45.825885",18504667937,黑龙江省,哈尔滨市,松北区,哈尔滨市
一剪情深(万达·华园店),恒源街898号万达·华园,"126.496608,45.807306",[],黑龙江省,哈尔滨市,松北区,哈尔滨市
雨记精剪(世纪花园A区店),世纪花园A区39栋,"126.515686,45.806297",15244738908,黑龙江省,哈尔滨市,松北区,哈尔滨市
大鹏美发(融创·中园店),融创·中园南门东110米世祥路823号,"126.492784,45.810036",13766843793,黑龙江省,哈尔滨市,松北区,哈尔滨市
尚界造型(城市之星·豪布斯卡店),城市之星·豪布斯卡,"126.528420,45.806930",[],黑龙江省,哈尔滨市,松北区,哈尔滨市
沐禾造型,松北区中园三期南门对面,"126.493082,45.811627",[],黑龙江省,哈尔滨市,松北区,哈尔滨市
新潮布兰琪美发假发店,龙祥路1578号,"126.515491,45.828595",15124606789,黑龙江省,哈尔滨市,松北区,哈尔滨市
大龙发艺工作室(香树湾店),龙轩路2467号香树湾,"126.513741,45.826039",13936514841,黑龙江省,哈尔滨市,松北区,哈尔滨市
工体美业(富力城三期店),富力城三期C7-113,"126.606309,45.830328",[],黑龙江省,哈尔滨市,松北区,哈尔滨市
名姿专业美发(银河小区店),银河小区三号楼名姿美发,"126.559410,45.816268",15004512117,黑龙江省,哈尔滨市,松北区,哈尔滨市
艳瑞丽造型专业美发沙龙(文汇路店),军安小区18号楼,"126.557476,45.820085",13946191983,黑龙江省,哈尔滨市,松北区,哈尔滨市
文先生造型,江安街1294号,"126.525725,45.826275",17124111588,黑龙江省,哈尔滨市,松北区,哈尔滨市
源美造型,龙祥路与江安街交叉口东200米,"126.528980,45.829043",[],黑龙江省,哈尔滨市,松北区,哈尔滨市
和美馆造型(融创·中园店),融创中园A4-5栋116号商铺,"126.493370,45.811628",18245147574,黑龙江省,哈尔滨市,松北区,哈尔滨市
首亿造型,中关国际四号楼五门,"126.538967,45.806122",13845109572,黑龙江省,哈尔滨市,松北区,哈尔滨市
米娜90美发沙龙(中海江城店),松安街道文锦路576号华润中海江城商业7-01,"126.555675,45.810625",15754573555,黑龙江省,哈尔滨市,松北区,哈尔滨市
银秀造型(馨园小区店),浦园路2468号黑龙江科技大学馨园小区五号楼二门市,"126.656920,45.821259",[],黑龙江省,哈尔滨市,松北区,哈尔滨市
天天美业,常盛源小区3号楼4号库,"126.654775,45.825875",13251610880,黑龙江省,哈尔滨市,松北区,哈尔滨市
喜瑞美发工作室(恒大绿洲店),学子街1329号恒大绿洲小区2号楼2-6号商服,"126.589392,45.821941",13074551818,黑龙江省,哈尔滨市,松北区,哈尔滨市
103美发(糖厂社区店),松浦大道617号糖厂社区,"126.648419,45.820069",[],黑龙江省,哈尔滨市,松北区,哈尔滨市
非凡美发,龙轩路3233号,"126.504142,45.826009",13946161461,黑龙江省,哈尔滨市,松北区,哈尔滨市
小凤美发(深哈·万科城店),深哈·万科城10号地西侧,"126.450218,45.792174",18345467651,黑龙江省,哈尔滨市,松北区,哈尔滨市
禧洋洋发艺,松浦大道311号松浦·观江国际B区,"126.647737,45.818961",[],黑龙江省,哈尔滨市,松北区,哈尔滨市
怪剪发型设计(城市之星·豪布斯卡店),城市之星E115号,"126.529022,45.807247",[],黑龙江省,哈尔滨市,松北区,哈尔滨市
一川造型(融创·融园店),世茂大道55号融创·融园,"126.492172,45.798763",17074588882,黑龙江省,哈尔滨市,松北区,哈尔滨市
暖阳美容养生皮肤管理工作室,世茂大道521号华润欢乐颂2号楼38号公寓,"126.536140,45.809630",17645488602,黑龙江省,哈尔滨市,松北区,哈尔滨市
U+悠嘉美甲工作室,世贸大道521号华润欢乐颂2号楼152号公寓,"126.534854,45.809422",18245117305,黑龙江省,哈尔滨市,松北区,哈尔滨市
糖豆·美甲美睫工作室(世纪花园C区店),祥安南大街世纪花园C区44栋2号商服(东门进来直走88米),"126.513871,45.810739",13029995953,黑龙江省,哈尔滨市,松北区,哈尔滨市
君唐·美甲美睫工作室(阳光水岸店),学海东街379号阳光水岸,"126.565944,45.807936",18910223575,黑龙江省,哈尔滨市,松北区,哈尔滨市
雕东堂纹身工作室(中国铁建·江语时代店),中国铁建·江语时代,"126.627175,45.834975",13936411322,黑龙江省,哈尔滨市,松北区,哈尔滨市
甜崽美甲工作室,凯利广场西区1-25号商服,"126.535542,45.813481",18045109005,黑龙江省,哈尔滨市,松北区,哈尔滨市
子涵·美学工作室(万象润街店),华润万象润街公寓,"126.535018,45.809927",[],黑龙江省,哈尔滨市,松北区,哈尔滨市
欣资美甲美睫工作室,中源大道11088号(肯德基中源大道店)旁凯利广场银座四楼415室,"126.534668,45.814085",15124508792,黑龙江省,哈尔滨市,松北区,哈尔滨市
董小姐·美妆工作室,钻石湾毅克拉B座2501,"126.521175,45.806125",15561892091,黑龙江省,哈尔滨市,松北区,哈尔滨市
柠乐美甲美睫工作室,汇智环球金贸城五期8栋,"126.626625,45.827825",18546060099,黑龙江省,哈尔滨市,松北区,哈尔滨市
婷婷TING美甲·美睫工作室,融创·中园一期西门北140米,"126.490425,45.811625",[],黑龙江省,哈尔滨市,松北区,哈尔滨市
大伟造型(齐齐哈尔克山县),克山镇北二道街北建行对面,"125.871375,48.039425",15046201212,黑龙江省,齐齐哈尔市,克山县,齐齐哈尔市
英吉利美发名店,艺苑小区4门市,"125.875033,48.030155",15344521155,黑龙江省,齐齐哈尔市,克山县,齐齐哈尔市
潮都专业烫染中心,克山镇通达路12号,"125.874070,48.030763",13796255507;15636950377,黑龙江省,齐齐哈尔市,克山县,齐齐哈尔市
美硕美业(帝泰超市店),帝泰超市负一层收银对面,"125.866716,48.031151",15245846683,黑龙江省,齐齐哈尔市,克山县,齐齐哈尔市
天圣美发形象设计,镇北大街一段路东,"125.874019,48.034351",0452-4532533,黑龙江省,齐齐哈尔市,克山县,齐齐哈尔市
天芳美发,克山镇克山县电业局楼下,"125.871032,48.033298",0452-4734444,黑龙江省,齐齐哈尔市,克山县,齐齐哈尔市
头领美发(克山店),南大街与泡北路交叉口北140米,"125.874363,48.031962",13079621345,黑龙江省,齐齐哈尔市,克山县,齐齐哈尔市
聚完美造型,北大街三段路东美莱湾B区6号-7号,"125.871375,48.040675",15663272277,黑龙江省,齐齐哈尔市,克山县,齐齐哈尔市
天娇发型设计室(幸福家园六区B区店),幸福家园,"125.868868,48.034660",18686979579,黑龙江省,齐齐哈尔市,克山县,齐齐哈尔市
名扬美发(置泰·美莱湾B区店),置泰·美莱湾B区,"125.872546,48.040402",18686993210,黑龙江省,齐齐哈尔市,克山县,齐齐哈尔市
东方名剪专业烫染(南大街店),克山镇南大街晟豪二期15号-08商服,"125.876164,48.027270",[],黑龙江省,齐齐哈尔市,克山县,齐齐哈尔市
喜理造型,美莱湾商业街商铺,"125.871469,48.040844",17812246189,黑龙江省,齐齐哈尔市,克山县,齐齐哈尔市
九号美发会所,西大街与西环南街交叉口东40米,"125.862192,48.031163",15232348887,黑龙江省,齐齐哈尔市,克山县,齐齐哈尔市
千丝美发,友谊路千丝美发,"125.876677,48.037834",18946274166,黑龙江省,齐齐哈尔市,克山县,齐齐哈尔市
伍六七发型工作室,北二道街国税局北走50米路西,"125.872243,48.037048",13069993269,黑龙江省,齐齐哈尔市,克山县,齐齐哈尔市
好人缘美发,通达路与南大街交叉口西南40米,"125.874708,48.030534",15904629126,黑龙江省,齐齐哈尔市,克山县,齐齐哈尔市
卡·诗(帝泰商业广场店),帝泰商场西商服34号楼136门,"125.866273,48.031584",18445228577,黑龙江省,齐齐哈尔市,克山县,齐齐哈尔市
鑫汇美发,新民家园小区西南侧170米,"125.879289,48.019227",[],黑龙江省,齐齐哈尔市,克山县,齐齐哈尔市
久红美发,克山镇土地局北美莱湾4号楼,"125.876011,48.038885",13763557287,黑龙江省,齐齐哈尔市,克山县,齐齐哈尔市
天姿造型专业染烫机构,步行街口10米路北,"125.875214,48.032062",13206730345;15145254345,黑龙江省,齐齐哈尔市,克山县,齐齐哈尔市
传奇美发沙龙,克山镇北二道街税务局西五十米路北,"125.871772,48.036233",18746220044,黑龙江省,齐齐哈尔市,克山县,齐齐哈尔市
首艺造型(西大街店),克山镇西大直街路南化建楼下,"125.863045,48.031506",13803616444,黑龙江省,齐齐哈尔市,克山县,齐齐哈尔市
丽美怡美容沙龙,置泰·美莱湾B区东南门西130米,"125.873195,48.039403",13644524699,黑龙江省,齐齐哈尔市,克山县,齐齐哈尔市
天天美发(置泰·美莱湾B区店),置泰·美莱湾B区,"125.872986,48.040618",15845767188,黑龙江省,齐齐哈尔市,克山县,齐齐哈尔市
晓峰发艺(幸福家园五区店),克山镇幸福五期15号,"125.866374,48.039755",[],黑龙江省,齐齐哈尔市,克山县,齐齐哈尔市
倾城美业,[],"125.876671,48.037827",18945123912,黑龙江省,齐齐哈尔市,克山县,齐齐哈尔市
这厢有理美发沙龙,瑞士家园南门西南50米,"125.869667,48.038564",[],黑龙江省,齐齐哈尔市,克山县,齐齐哈尔市
西柚造型,西大街二段路南白酒厂楼下,"125.869524,48.032602",19917762234,黑龙江省,齐齐哈尔市,克山县,齐齐哈尔市
奇绩美发·美甲工作室,幸福6期B区4号门市,"125.868905,48.034571",13234942521,黑龙江省,齐齐哈尔市,克山县,齐齐哈尔市
克山县暮色沙龙连锁尚美造型,艺苑小区一栋7门,"125.874764,48.031066",15045234540,黑龙江省,齐齐哈尔市,克山县,齐齐哈尔市
聚完美造型,北大街三段路东(美莱湾B区6-7),"125.871425,48.040675",18546117772,黑龙江省,齐齐哈尔市,克山县,齐齐哈尔市
名流精剪,克山县商品楼2号楼楼下名流精剪,"125.864649,48.032057",15145277808,黑龙江省,齐齐哈尔市,克山县,齐齐哈尔市
俊泷发艺,北大街与繁华路交叉口西100米,"125.871878,48.036259",15636956822,黑龙江省,齐齐哈尔市,克山县,齐齐哈尔市
千艺美发工作室(置泰·美莱湾B区店),置泰·美莱湾B区,"125.872232,48.041693",13614618415,黑龙江省,齐齐哈尔市,克山县,齐齐哈尔市
简尚造型(置泰·美莱湾B区店),建设路一段路北置泰美莱湾B区13号楼-00016,"125.873303,48.039376",15611335913,黑龙江省,齐齐哈尔市,克山县,齐齐哈尔市
明星发廊,克山镇政府路茉莉汇对面,"125.878068,48.037333",13766528662,黑龙江省,齐齐哈尔市,克山县,齐齐哈尔市
天鑫美发(昊方小区店),康华巷路北昊方小区1号楼一层8和10轴东数120室,"125.877975,48.035875",13101622220,黑龙江省,齐齐哈尔市,克山县,齐齐哈尔市
七月美发,[],"125.876871,48.037280",17645222455,黑龙江省,齐齐哈尔市,克山县,齐齐哈尔市
大于发廊(银达小区店),银达小区北门东80米,"125.872188,48.036004",18686974436,黑龙江省,齐齐哈尔市,克山县,齐齐哈尔市
氧发堂天然植物染发,瑞士家园三号楼,"125.868128,48.038449",0452-8953788;13504524488,黑龙江省,齐齐哈尔市,克山县,齐齐哈尔市
木北造型(幸福家园店),幸福六区1号楼北3门,"125.867231,48.038012",18345254509,黑龙江省,齐齐哈尔市,克山县,齐齐哈尔市
阿野美发,酱菜厂胡同,"125.874030,48.034940",15046220092,黑龙江省,齐齐哈尔市,克山县,齐齐哈尔市
老信男士理发馆,北大街一段路东(克山镇1委7组1街),"125.873610,48.035367",[],黑龙江省,齐齐哈尔市,克山县,齐齐哈尔市
发觉美发造型工作室,置泰美莱湾南门往西10号门市,"125.872201,48.039178",[],黑龙江省,齐齐哈尔市,克山县,齐齐哈尔市
霜霜美发,繁华路与北大街交叉口西120米,"125.871215,48.036074",[],黑龙江省,齐齐哈尔市,克山县,齐齐哈尔市
凯旋发艺,克山镇商品楼二号,"125.864746,48.032087",[],黑龙江省,齐齐哈尔市,克山县,齐齐哈尔市
森屿美发,市场路二段路东幸福家园三期5号商服00单元01层02号,"125.864169,48.036993",17824059677,黑龙江省,齐齐哈尔市,克山县,齐齐哈尔市
阿文美发烫染店,晟豪尚城东北门北50米,"125.876156,48.027073",[],黑龙江省,齐齐哈尔市,克山县,齐齐哈尔市
晓晶美发专业烫染(置泰·美莱湾B区店),置泰·美莱湾B区,"125.872020,48.039424",[],黑龙江省,齐齐哈尔市,克山县,齐齐哈尔市
超人美发(昊方小区店),克山镇昊方1号楼13门,"125.878265,48.035941",[],黑龙江省,齐齐哈尔市,克山县,齐齐哈尔市
先君发屋,瑞士家园南门东110米,"125.870878,48.038732",[],黑龙江省,齐齐哈尔市,克山县,齐齐哈尔市
尚都造型,新民家园西南门北90米,"125.879777,48.019948",[],黑龙江省,齐齐哈尔市,克山县,齐齐哈尔市
金发道美发烫发(置泰·美莱湾B区店),置泰·美莱湾B区,"125.875502,48.040132",[],黑龙江省,齐齐哈尔市,克山县,齐齐哈尔市
昕源美发,泡北路与南大街交叉口东60米,"125.875875,48.031055",[],黑龙江省,齐齐哈尔市,克山县,齐齐哈尔市
金莎烫染沙龙,南大街与泡北路交叉口正北方向112米,"125.875042,48.031743",15145262991,黑龙江省,齐齐哈尔市,克山县,齐齐哈尔市
猎潮造型(克山店),十字街西路南(爱阁家纺楼下),"125.870970,48.032899",[],黑龙江省,齐齐哈尔市,克山县,齐齐哈尔市
飞叶美发(瑞士家园店),繁荣路一段路北瑞士家园2号楼底层3号,"125.869697,48.038729",15636965598,黑龙江省,齐齐哈尔市,克山县,齐齐哈尔市
丫丫造型,北大街一段克山县中医院附近,"125.875724,48.032352",15824435666,黑龙江省,齐齐哈尔市,克山县,齐齐哈尔市
腾跃美业,银达小区北门旁,"125.871625,48.035925",[],黑龙江省,齐齐哈尔市,克山县,齐齐哈尔市
欧尚美发(石桥北街店),幸福5期东北1门南90米,"125.867252,48.038931",18686909432,黑龙江省,齐齐哈尔市,克山县,齐齐哈尔市
艺伟造型形象设计,通顺路与南大街交叉口西40米,"125.875712,48.028209",15174556602,黑龙江省,齐齐哈尔市,克山县,齐齐哈尔市
天缘美发(幸福家园六区A区店),幸福家园六区A区东门旁,"125.867814,48.037312",13845278977,黑龙江省,齐齐哈尔市,克山县,齐齐哈尔市
天妮美发(圣水华庭店),泡北路圣水华庭,"125.878028,48.031187",15845763363,黑龙江省,齐齐哈尔市,克山县,齐齐哈尔市
奈丝造型工作室,北环东路与211省道交叉口东80米,"125.871762,48.042085",[],黑龙江省,齐齐哈尔市,克山县,齐齐哈尔市
c位造型,南大街与南环西路交叉口西北100米,"125.876720,48.026135",19845282477,黑龙江省,齐齐哈尔市,克山县,齐齐哈尔市
名剪美发名店,北大街一段路东(中国邮政储蓄银行斜对面),"125.873362,48.035748",18746222906,黑龙江省,齐齐哈尔市,克山县,齐齐哈尔市
金星发廊,北大街三段33号,"125.870568,48.041249",15145410118,黑龙江省,齐齐哈尔市,克山县,齐齐哈尔市
袁袁美发,北兴镇十字街路南道西赵玉超市北屋,"125.661812,48.482472",13206601311;15904566696,黑龙江省,齐齐哈尔市,克山县,齐齐哈尔市
浪漫奇迹烫染坊(尚水壹品店),尚水壹品2号楼门市4门,"125.881135,48.031695",15222726200,黑龙江省,齐齐哈尔市,克山县,齐齐哈尔市
金莎造型(克山县店),南大街与西大街交叉口南80米,"125.873969,48.032727",[],黑龙江省,齐齐哈尔市,克山县,齐齐哈尔市
丝来秀美发造型工作室,银达小区北门北50米,"125.871558,48.036180",[],黑龙江省,齐齐哈尔市,克山县,齐齐哈尔市
微微造型,克山宾馆(北大街东),"125.873794,48.034930",[],黑龙江省,齐齐哈尔市,克山县,齐齐哈尔市
艺琅发型,西街大市场道北艺琅发型,"125.865288,48.032154",[],黑龙江省,齐齐哈尔市,克山县,齐齐哈尔市
忠莹美发厅,友谊路与建设路交叉口北80米,"125.875981,48.040457",[],黑龙江省,齐齐哈尔市,克山县,齐齐哈尔市
冬娜美发(置泰·美莱湾店),置泰·美莱湾B区,"125.872121,48.040753",15636283789,黑龙江省,齐齐哈尔市,克山县,齐齐哈尔市
长林发廊,金盾宾馆楼下,"125.875047,48.030123",[],黑龙江省,齐齐哈尔市,克山县,齐齐哈尔市
天辰美发,通达路与南大街交叉口西南40米,"125.874534,48.030538",[],黑龙江省,齐齐哈尔市,克山县,齐齐哈尔市
尚美发艺,银达小区北门东北100米,"125.872070,48.036334",[],黑龙江省,齐齐哈尔市,克山县,齐齐哈尔市
老理发店,汇丰巷与西大街交叉口东南120米,"125.873249,48.032404",[],黑龙江省,齐齐哈尔市,克山县,齐齐哈尔市
小五美发,幸福家园六区B区东门东北50米,"125.869156,48.034914",[],黑龙江省,齐齐哈尔市,克山县,齐齐哈尔市
幻彩造型专业烫染店,友谊路与东大街交叉口北60米,"125.878103,48.034783",[],黑龙江省,齐齐哈尔市,克山县,齐齐哈尔市
王健美发,北大街与北环西路交叉口南60米,"125.870566,48.041284",[],黑龙江省,齐齐哈尔市,克山县,齐齐哈尔市
创艺美发会所(幸福家园三期店),幸福家园西南1门旁,"125.864572,48.035791",[],黑龙江省,齐齐哈尔市,克山县,齐齐哈尔市
简艺美发,市场路与繁华路交叉口东南60米,"125.865039,48.034457",13644520379,黑龙江省,齐齐哈尔市,克山县,齐齐哈尔市
小巴黎发廊(团结街店),实验小学对面,"125.865905,48.031273",[],黑龙江省,齐齐哈尔市,克山县,齐齐哈尔市
社慕颜烫染·尚美造型,通达路与南大街交叉口西40米,"125.874525,48.031025",[],黑龙江省,齐齐哈尔市,克山县,齐齐哈尔市
港新美发,西联中学西侧150米,"125.310275,48.088025",[],黑龙江省,齐齐哈尔市,克山县,齐齐哈尔市
悦沐美发,西大街与市场街交叉口东140米,"125.867625,48.032625",[],黑龙江省,齐齐哈尔市,克山县,齐齐哈尔市
小苏美发,北环东路二段与文明街交叉口西南200米,"125.877370,48.041857",[],黑龙江省,齐齐哈尔市,克山县,齐齐哈尔市
发亿发廊,文明街与康安巷交叉口东北20米,"125.881675,48.036475",[],黑龙江省,齐齐哈尔市,克山县,齐齐哈尔市
玫瑰缘美容美发会馆,南大街与通顺路交叉口北40米,"125.876325,48.028475",[],黑龙江省,齐齐哈尔市,克山县,齐齐哈尔市
金剪子美发,曙光乡兴光村退役军人服务站东南侧240米,"125.655725,48.420925",[],黑龙江省,齐齐哈尔市,克山县,齐齐哈尔市
美中王美发,303省道与024乡道交叉口东80米,"125.662909,48.483594",[],黑龙江省,齐齐哈尔市,克山县,齐齐哈尔市
名咖美发,克山镇石桥北街瑞士家园,"125.867656,48.039063",[],黑龙江省,齐齐哈尔市,克山县,齐齐哈尔市
尚美造型(幸福家园五区店),克山镇幸福家园5区十五号楼,"125.866503,48.039647",[],黑龙江省,齐齐哈尔市,克山县,齐齐哈尔市
领秀美发工作室(阳光小区店),阳光小区东北门旁,"125.877525,48.035075",[],黑龙江省,齐齐哈尔市,克山县,齐齐哈尔市
闫东美发(置泰·美莱湾B区店),置泰·美莱湾B区,"125.872147,48.040678",15533300567,黑龙江省,齐齐哈尔市,克山县,齐齐哈尔市
艾美发艺,北环东路与友谊街交叉口东南120米,"125.876231,48.041751",[],黑龙江省,齐齐哈尔市,克山县,齐齐哈尔市
依诺美发(幸福家园六区店),幸福家园六区A区,"125.867417,48.037200",[],黑龙江省,齐齐哈尔市,克山县,齐齐哈尔市
思雨发廊,054县道与繁荣路交叉口东南260米,"125.563335,48.075479",[],黑龙江省,齐齐哈尔市,克山县,齐齐哈尔市
天泽发廊,余佳四轮配件商店(古城站东北),"125.682179,47.963558",[],黑龙江省,齐齐哈尔市,克山县,齐齐哈尔市
蔷薇美发,政府路与仁爱路交叉口西20米,"125.491518,48.173449",[],黑龙江省,齐齐哈尔市,克山县,齐齐哈尔市
晓雪发廊,211省道与027乡道交叉口北300米,"125.893825,47.947375",[],黑龙江省,齐齐哈尔市,克山县,齐齐哈尔市
好来屋美发造型,克山镇新一百对面,"125.875133,48.031202",[],黑龙江省,齐齐哈尔市,克山县,齐齐哈尔市
孙燕美甲工作室,康乐巷与北大街交叉口东60米,"125.874307,48.035007",15174599444,黑龙江省,齐齐哈尔市,克山县,齐齐哈尔市
九纹龙纹身纹绣美甲工作室,星光路与星光路香园巷交叉口西南100米,"125.877621,48.032442",13836232223;13836322223,黑龙江省,齐齐哈尔市,克山县,齐齐哈尔市
美梅美容工作室,康乐巷与北大街交叉口东60米,"125.874241,48.035004",[],黑龙江省,齐齐哈尔市,克山县,齐齐哈尔市
云枢工作室,阳光小区,"125.877775,48.034425",[],黑龙江省,齐齐哈尔市,克山县,齐齐哈尔市
赵伟工作室,灵峰医药东侧90米,"125.678375,47.962975",[],黑龙江省,齐齐哈尔市,克山县,齐齐哈尔市
朋克造型(鸿福花园店),鸿福花园6号楼,"126.254794,48.039718",18245227667,黑龙江省,齐齐哈尔市,克东县,齐齐哈尔市
1+1美发会所(鸿福花园店),洪福花园六号楼门市,"126.254562,48.039702",15145400055,黑龙江省,齐齐哈尔市,克东县,齐齐哈尔市
简约发社(鸿福花园店),鸿福花园12号楼,"126.251575,48.039434",13100828929,黑龙江省,齐齐哈尔市,克东县,齐齐哈尔市
酷奇发艺(齐齐哈尔克东县),克东镇晟世家园3号楼门市,"126.248780,48.039578",[],黑龙江省,齐齐哈尔市,克东县,齐齐哈尔市
名扬造型轻奢网红烫染店(繁荣街店),新步行街(铜锣湾女装正对面),"126.250628,48.039208",13604616547;15174566929,黑龙江省,齐齐哈尔市,克东县,齐齐哈尔市
芳芳经典发艺,鸿福花园8号楼门市,"126.253303,48.039601",17845457771,黑龙江省,齐齐哈尔市,克东县,齐齐哈尔市
靓丽发艺,克东镇浦峪大道194号二中对面,"126.260327,48.039143",15146231002,黑龙江省,齐齐哈尔市,克东县,齐齐哈尔市
佳林造型(鸿福花园店),保安街鸿福花园五号楼,"126.253144,48.039828",15146666190,黑龙江省,齐齐哈尔市,克东县,齐齐哈尔市
熠典造型网红烫染店,克东镇保安街鸿福花园3号楼商服东数第2门熠典造型网红烫染店,"126.255118,48.039962",[],黑龙江省,齐齐哈尔市,克东县,齐齐哈尔市
氧发堂天然植物染发(克东店),克东镇鸿福花园6号楼氧发堂,"126.253634,48.039885",[],黑龙江省,齐齐哈尔市,克东县,齐齐哈尔市
大新发艺烫染专业店,保安街鸿福花园12号楼,"126.251728,48.039470",[],黑龙江省,齐齐哈尔市,克东县,齐齐哈尔市
7+HAIR SALON柒家烫染专业店,北步行街大光明眼镜南数第七家铜锣湾女装对面,"126.250712,48.039263",13274666159,黑龙江省,齐齐哈尔市,克东县,齐齐哈尔市
根据地发艺(鸿福花园店),保安街鸿福花园12号楼,"126.253283,48.039840",13763532525,黑龙江省,齐齐哈尔市,克东县,齐齐哈尔市
多彩美发,镇惠民街127号,"126.258140,48.039086",15146238816,黑龙江省,齐齐哈尔市,克东县,齐齐哈尔市
匠人美容美发会所(鸿福花园店),鸿福花园东三街东门南150米,"126.255338,48.039358",15636221723,黑龙江省,齐齐哈尔市,克东县,齐齐哈尔市
美彤发廊,克东镇土地局家属楼一楼,"126.260294,48.039141",[],黑龙江省,齐齐哈尔市,克东县,齐齐哈尔市
开心美发(鸿福花园店),鸿福花园南区北2门旁,"126.252663,48.039593",[],黑龙江省,齐齐哈尔市,克东县,齐齐哈尔市
独品造型(繁荣街店),新步行街路东独品造型,"126.250624,48.039344",[],黑龙江省,齐齐哈尔市,克东县,齐齐哈尔市
蒙坦妮发艺(恒祥首府店),鑫源路156东南方向70米恒祥首府,"126.251555,48.034818",[],黑龙江省,齐齐哈尔市,克东县,齐齐哈尔市
亚惠发廊,保安街诚达小区,"126.259793,48.041751",[],黑龙江省,齐齐哈尔市,克东县,齐齐哈尔市
金梵造型,蒲裕大道300号金梵造型,"126.257430,48.038912",15046281432,黑龙江省,齐齐哈尔市,克东县,齐齐哈尔市
型色风彩美发沙龙,学府一期1号楼门市8门,"126.255942,48.044486",15510991421,黑龙江省,齐齐哈尔市,克东县,齐齐哈尔市
喜剪形象设计发艺,恒祥首府北1门旁,"126.253248,48.035650",13803630334,黑龙江省,齐齐哈尔市,克东县,齐齐哈尔市
东市美发厅,人和路与新成街交叉口东80米,"126.261444,48.041881",[],黑龙江省,齐齐哈尔市,克东县,齐齐哈尔市
沙龙发艺,克东镇糖酒楼下,"126.246967,48.035379",[],黑龙江省,齐齐哈尔市,克东县,齐齐哈尔市
唯美发艺,克东县水务局东侧50米,"126.265214,48.042170",[],黑龙江省,齐齐哈尔市,克东县,齐齐哈尔市
洋洋发艺(恒祥首府店),恒祥首府北门旁,"126.252177,48.035382",13763555359,黑龙江省,齐齐哈尔市,克东县,齐齐哈尔市
流行密码(惠民街店),克东镇惠民街191号,"126.257960,48.040555",18746890778,黑龙江省,齐齐哈尔市,克东县,齐齐哈尔市
幻彩发艺(鑫鹏家园店),鑫鹏家园西门西北80米,"126.257828,48.043485",15845652520,黑龙江省,齐齐哈尔市,克东县,齐齐哈尔市
月亮湾发艺,蒲峪大道211号,"126.251696,48.041108",13763555727,黑龙江省,齐齐哈尔市,克东县,齐齐哈尔市
小伟发艺(鸿福花园东三街店),鸿福花园南区北门东北110米,"126.254757,48.040100",15845779213,黑龙江省,齐齐哈尔市,克东县,齐齐哈尔市
亮剪美发美容室(复兴街店),鸿福花园东三街东门南180米,"126.255249,48.039176",15214423128,黑龙江省,齐齐哈尔市,克东县,齐齐哈尔市
你好漂亮时尚发艺(蒲峪大道店),蒲峪大道与繁荣街交叉口西140米,"126.248700,48.038330",[],黑龙江省,齐齐哈尔市,克东县,齐齐哈尔市
咔咔造型(鸿福花园店),克东镇鸿福花园5号楼门市,"126.253632,48.039862",[],黑龙江省,齐齐哈尔市,克东县,齐齐哈尔市
红豆专业美发沙龙(裕昌路店),鸿福花园3号楼门市,"126.254553,48.040083",[],黑龙江省,齐齐哈尔市,克东县,齐齐哈尔市
雅凡美容美发,福山大街406号,"126.246678,48.040022",[],黑龙江省,齐齐哈尔市,克东县,齐齐哈尔市
名发一族(鸿福花园店),克东镇鸿福花园八号楼门市,"126.253092,48.039600",15663377027,黑龙江省,齐齐哈尔市,克东县,齐齐哈尔市
巧手美发,克东县建筑总公司一楼(绿博泉洗浴对面),"126.262606,48.039331",[],黑龙江省,齐齐哈尔市,克东县,齐齐哈尔市
7+HAIRSALON私人发型定制,复兴街60号锦上华府小区,"126.255372,48.036140",13274666159,黑龙江省,齐齐哈尔市,克东县,齐齐哈尔市
悦淇美发(鸿福花园店),克东镇鸿福花园小区3号楼,"126.254915,48.040113",[],黑龙江省,齐齐哈尔市,克东县,齐齐哈尔市
博阳发艺,蒲峪大道与福山大街交叉口东120米,"126.248324,48.038174",[],黑龙江省,齐齐哈尔市,克东县,齐齐哈尔市
红双喜发艺,克东镇庆祥街南二道街老商品楼楼下,"126.246060,48.035368",[],黑龙江省,齐齐哈尔市,克东县,齐齐哈尔市
晟悦造型,克东镇竹林食府楼下,"126.255935,48.039001",[],黑龙江省,齐齐哈尔市,克东县,齐齐哈尔市
岩岩美发,人和路与新成街交叉口东80米,"126.261372,48.041876",13836234185,黑龙江省,齐齐哈尔市,克东县,齐齐哈尔市
亚美美容美发(人和茗苑店),人和茗苑南门旁,"126.251439,48.039706",13763462115,黑龙江省,齐齐哈尔市,克东县,齐齐哈尔市
北方发艺(惠达路店),福山大街170号,"126.247818,48.033752",[],黑龙江省,齐齐哈尔市,克东县,齐齐哈尔市
美格发艺,克东镇鸿福名苑西侧商服9号楼,"126.258546,48.039808",[],黑龙江省,齐齐哈尔市,克东县,齐齐哈尔市
超越发廊,克东镇保安街竹林食府对面,"126.255257,48.039106",[],黑龙江省,齐齐哈尔市,克东县,齐齐哈尔市
云尚美发,复兴街与蒲峪大道交叉口东北40米,"126.255939,48.038927",[],黑龙江省,齐齐哈尔市,克东县,齐齐哈尔市
伊然美美发,阳光家园一号楼一单元,"126.254888,48.035962",[],黑龙江省,齐齐哈尔市,克东县,齐齐哈尔市
金宝发艺,蒲峪大道364号,"126.254263,48.038606",[],黑龙江省,齐齐哈尔市,克东县,齐齐哈尔市
雅琪美发,福山大街与鑫源路交叉口西北20米,"126.246967,48.035377",[],黑龙江省,齐齐哈尔市,克东县,齐齐哈尔市
米粒发艺,保安街建筑公司住宅楼,"126.262333,48.039144",[],黑龙江省,齐齐哈尔市,克东县,齐齐哈尔市
燕子发屋,克东县第一小学东门北80米,"126.251853,48.031839",[],黑龙江省,齐齐哈尔市,克东县,齐齐哈尔市
婉彤美发(诚达小区店),诚达小区南门西60米,"126.258637,48.041648",[],黑龙江省,齐齐哈尔市,克东县,齐齐哈尔市
维纳斯美发,克东镇二建家属楼下,"126.253708,48.038634",[],黑龙江省,齐齐哈尔市,克东县,齐齐哈尔市
叶子发艺,保安街鸿福花园5号楼东第6家,"126.253690,48.039866",[],黑龙江省,齐齐哈尔市,克东县,齐齐哈尔市
红旭发廊,蒲峪大道与振兴街交叉口东60米,"126.243639,48.037858",[],黑龙江省,齐齐哈尔市,克东县,齐齐哈尔市
香盼发艺,福山大街与鑫源路交叉口北80米,"126.247372,48.035948",[],黑龙江省,齐齐哈尔市,克东县,齐齐哈尔市
小旭发型工作室,鑫馨家园西门北120米,"126.255687,48.040716",[],黑龙江省,齐齐哈尔市,克东县,齐齐哈尔市
思淼发艺,鑫源路与繁荣街交叉口东100米,"126.252515,48.035790",15754522427,黑龙江省,齐齐哈尔市,克东县,齐齐哈尔市
东方发艺(西二道街),蒲峪大道与振兴街交叉口西40米,"126.242294,48.037755",[],黑龙江省,齐齐哈尔市,克东县,齐齐哈尔市
凯腾美发,蒲峪大道与福山大街交叉口东140米,"126.248542,48.038186",[],黑龙江省,齐齐哈尔市,克东县,齐齐哈尔市
M原创发型设计(鑫馨家园店),东三街170号,"126.255909,48.039762",18746234266,黑龙江省,齐齐哈尔市,克东县,齐齐哈尔市
淑萍发廊(阳光家园店),阳光家园南门旁,"126.254263,48.035907",[],黑龙江省,齐齐哈尔市,克东县,齐齐哈尔市
梦闲造型,克东镇宝安街鸿福花园3号楼102室,"126.254639,48.039993",15146236214,黑龙江省,齐齐哈尔市,克东县,齐齐哈尔市
春英发艺,宝泉小学北门,"126.213139,48.159525",[],黑龙江省,齐齐哈尔市,克东县,齐齐哈尔市
极艺美发(兴龙家园店),鑫源路333号东南方向90米兴龙家园,"126.244285,48.034836",[],黑龙江省,齐齐哈尔市,克东县,齐齐哈尔市
天姿丽发艺时尚店,克东镇蒲峪大道564号,"126.248622,48.038268",[],黑龙江省,齐齐哈尔市,克东县,齐齐哈尔市
美域造型,学府家园北门西90米,"126.254975,48.044725",[],黑龙江省,齐齐哈尔市,克东县,齐齐哈尔市
小涛造型,克昌公路与016乡道交叉口西北200米,"126.411275,47.831325",[],黑龙江省,齐齐哈尔市,克东县,齐齐哈尔市
阳光发艺,阳光家园二期,"126.255075,48.034925",[],黑龙江省,齐齐哈尔市,克东县,齐齐哈尔市
精美发艺,一中小区东门旁,"126.258143,48.039430",[],黑龙江省,齐齐哈尔市,克东县,齐齐哈尔市
随艺发屋(恒祥首府店),阳光家园二期,"126.254693,48.035555",[],黑龙江省,齐齐哈尔市,克东县,齐齐哈尔市
鑫和发艺,鑫源路与繁荣街交叉口东160米,"126.253114,48.035888",[],黑龙江省,齐齐哈尔市,克东县,齐齐哈尔市
红英东发艺,克东镇洪福花园8号楼门市c2,"126.252951,48.039613",[],黑龙江省,齐齐哈尔市,克东县,齐齐哈尔市
东风理发所,克东镇庆祥街大众食府到北,"126.243857,48.035111",[],黑龙江省,齐齐哈尔市,克东县,齐齐哈尔市
心缘理发店,克东镇老实验高中东侧,"126.242927,48.034989",[],黑龙江省,齐齐哈尔市,克东县,齐齐哈尔市
傲丽烫染理发,克东镇春和街客运站北侧,"126.245903,48.041514",[],黑龙江省,齐齐哈尔市,克东县,齐齐哈尔市
小慧美发,宝泉镇邮政银行对面,"126.212893,48.159527",[],黑龙江省,齐齐哈尔市,克东县,齐齐哈尔市
柒柒美发店,鸿福花园南区北门东90米,"126.254675,48.039925",[],黑龙江省,齐齐哈尔市,克东县,齐齐哈尔市
丝奴发型设计(鸿福花园店),鸿福花园3号楼,"126.255014,48.040122",[],黑龙江省,齐齐哈尔市,克东县,齐齐哈尔市
自由港美发形象设计,复兴街与蒲峪大道交叉口西北60米,"126.255260,48.039085",[],黑龙江省,齐齐哈尔市,克东县,齐齐哈尔市
天扬纹绣工作室,惠民街与蒲峪大道交叉口北100米,"126.258645,48.039339",[],黑龙江省,齐齐哈尔市,克东县,齐齐哈尔市
张张Nail·美甲美睫饰品工作室,峪昌路与东三街交叉口西60米,"126.254540,48.040065",[],黑龙江省,齐齐哈尔市,克东县,齐齐哈尔市
女王美容(人和路店),人和名苑006号,"126.251828,48.040839",13199651883,黑龙江省,齐齐哈尔市,克东县,齐齐哈尔市
思+美甲美睫(新泽百货店),蒲峪大道399号新泽百货F1层,"126.248632,48.037694",[],黑龙江省,齐齐哈尔市,克东县,齐齐哈尔市
北京造型,文明大街133号,"123.508250,47.915311",15245828538,黑龙江省,齐齐哈尔市,甘南县,齐齐哈尔市
芮拉,新华夏商场东门对面,"123.511261,47.918431",15174622255;18246250444,黑龙江省,齐齐哈尔市,甘南县,齐齐哈尔市
领航经典发艺,文明大街与建设路交叉口北40米,"123.509344,47.914678",15214449711;15214449713,黑龙江省,齐齐哈尔市,甘南县,齐齐哈尔市
首选美发名店(文明大街蔬菜公司楼店),文明大街蔬菜公司楼下,"123.505208,47.921349",13069688520,黑龙江省,齐齐哈尔市,甘南县,齐齐哈尔市
煜尚造型,工人文化宫西16门,"123.508824,47.914545",13718039123,黑龙江省,齐齐哈尔市,甘南县,齐齐哈尔市
理享发型设计室,甘南镇东方红街海燕楼西1门,"123.503897,47.921859",13845241176,黑龙江省,齐齐哈尔市,甘南县,齐齐哈尔市
丽尚美业专业染烫,甘南镇甘南县交通局楼下,"123.510989,47.917471",13514666351,黑龙江省,齐齐哈尔市,甘南县,齐齐哈尔市
朋克造型(园丁楼店),实验小学住宅小区东北门东南190米,"123.506099,47.919493",13763505577,黑龙江省,齐齐哈尔市,甘南县,齐齐哈尔市
顶端造型,烟草北10米,"123.503863,47.915552",15704622096;18714728233,黑龙江省,齐齐哈尔市,甘南县,齐齐哈尔市
炎炎美发,光明路与发展街交叉口西南60米,"123.503925,47.918589",15046299010,黑龙江省,齐齐哈尔市,甘南县,齐齐哈尔市
大宇造型(繁荣路店),甘南镇老大医院对面,"123.511091,47.917543",[],黑龙江省,齐齐哈尔市,甘南县,齐齐哈尔市
博悦造型,查哈阳农场博悦造型,"124.300070,48.248836",13314621777;13704616999,黑龙江省,齐齐哈尔市,甘南县,齐齐哈尔市
凡享美发沙龙(二店),查哈阳农场福慧小区东侧厢房第三个门市,"124.300368,48.250882",17611147288,黑龙江省,齐齐哈尔市,甘南县,齐齐哈尔市
东北人专业烫染美发沙龙(新农行家属楼店),农行住宅楼一楼东数六门,"123.509785,47.914218",15845651567;18246231567,黑龙江省,齐齐哈尔市,甘南县,齐齐哈尔市
甘南县尤恩美发沙龙,甘南镇东风街宇翔综合楼104,"123.511289,47.918277",[],黑龙江省,齐齐哈尔市,甘南县,齐齐哈尔市
炫酷造型专业烫染,建设路与明海街交叉口东北40米,"123.505782,47.913483",18246270677,黑龙江省,齐齐哈尔市,甘南县,齐齐哈尔市
Happy剪美发工作室,龙丰街与光明路交叉口南100米,"123.510392,47.919447",15845625770,黑龙江省,齐齐哈尔市,甘南县,齐齐哈尔市
法艺形象烫染工作室(圣泉名苑店),盛泉名苑西北门旁,"123.511592,47.920452",18746888063,黑龙江省,齐齐哈尔市,甘南县,齐齐哈尔市
手艺人染烫工作室,龙福嘉园18号楼,"123.513139,47.921256",15636299919,黑龙江省,齐齐哈尔市,甘南县,齐齐哈尔市
美约美发工作室(鑫繁荣小区店),繁荣街水产楼东1门,"123.506028,47.922351",18846380876,黑龙江省,齐齐哈尔市,甘南县,齐齐哈尔市
顶点烫染工作室,繁荣路204号靠近甘南县城建档案馆,"123.511252,47.917534",15174629123,黑龙江省,齐齐哈尔市,甘南县,齐齐哈尔市
慕尚专业烫染工作室,文明大街与光明路交叉口东南40米,"123.506838,47.919154",17790618842,黑龙江省,齐齐哈尔市,甘南县,齐齐哈尔市
绿茵专业烫染店(明海街店),明海街137号,"123.505450,47.913392",18646626883,黑龙江省,齐齐哈尔市,甘南县,齐齐哈尔市
发舞台时尚造型,025县道与金花街交叉口东220米,"124.300459,48.248687",[],黑龙江省,齐齐哈尔市,甘南县,齐齐哈尔市
喜理造型,农商银行对面喜理造型,"124.192625,47.897375",13045213765,黑龙江省,齐齐哈尔市,甘南县,齐齐哈尔市
小剪刀,金花街与025县道交叉口东南240米,"124.299917,48.247996",[],黑龙江省,齐齐哈尔市,甘南县,齐齐哈尔市
仟仟美发专业烫染店,建设路与明海街交叉口西40米,"123.504912,47.913229",[],黑龙江省,齐齐哈尔市,甘南县,齐齐哈尔市
发舞台专业染烫(文明大街店),文明大街110号新农行家属楼南2门,"123.509497,47.914121",13514666662,黑龙江省,齐齐哈尔市,甘南县,齐齐哈尔市
国际剪吧,奥韵经典步行街7号楼商服,"123.510247,47.918700",18514609393,黑龙江省,齐齐哈尔市,甘南县,齐齐哈尔市
金凤美容美发,丽山家园,"123.546816,47.769974",13946263797,黑龙江省,齐齐哈尔市,甘南县,齐齐哈尔市
唯美造型,广安雅苑,"123.511886,47.917314",[],黑龙江省,齐齐哈尔市,甘南县,齐齐哈尔市
未来美发,甘南镇立新街工人文化宫西3门,"123.508311,47.914082",18545202973,黑龙江省,齐齐哈尔市,甘南县,齐齐哈尔市
特别特专业美发,齐查公路与向荣路交叉口东南40米,"124.254818,48.012745",18746882430,黑龙江省,齐齐哈尔市,甘南县,齐齐哈尔市
百姓发屋,东风街9号,"124.298441,48.244930",13114526208,黑龙江省,齐齐哈尔市,甘南县,齐齐哈尔市
回头率高端美发沙龙,建设路与明海街交叉口东北40米,"123.505852,47.913503",15663333631,黑龙江省,齐齐哈尔市,甘南县,齐齐哈尔市
新摩登时尚染烫机构,瑞福北门幸福街4号楼7号商服,"123.511948,47.914793",0452-5633352,黑龙江省,齐齐哈尔市,甘南县,齐齐哈尔市
迦南造型,万福家园六号楼三门,"123.502060,47.922721",13114528282,黑龙江省,齐齐哈尔市,甘南县,齐齐哈尔市
好先生造型,红旗街自来水楼南2门,"123.505050,47.922623",14704653789;17382723333,黑龙江省,齐齐哈尔市,甘南县,齐齐哈尔市
彬源利美发沙龙,甘南镇烟草公司对面,"123.504679,47.914845",15046292246,黑龙江省,齐齐哈尔市,甘南县,齐齐哈尔市
靓点造型(冰冰烫染旗舰店),文明大街与繁荣路交叉口南60米,"123.507525,47.916325",15245825234,黑龙江省,齐齐哈尔市,甘南县,齐齐哈尔市
鸿潮造型,宝欣路与兴宝大街交叉口东160米,"123.954615,48.130021",[],黑龙江省,齐齐哈尔市,甘南县,齐齐哈尔市
审美造型(奥运经典小区店),龙丰街与繁荣路交叉口南60米,"123.511507,47.917312",[],黑龙江省,齐齐哈尔市,甘南县,齐齐哈尔市
爱剪坊,建设路与明海街交叉口西南40米,"123.504839,47.913077",16524021333,黑龙江省,齐齐哈尔市,甘南县,齐齐哈尔市
樱海美容美发,繁荣路与工农街交叉口东80米,"123.501207,47.915116",15245822295,黑龙江省,齐齐哈尔市,甘南县,齐齐哈尔市
宇阁造型,光明路齐泰药店对面,"123.503173,47.918418",18746888785,黑龙江省,齐齐哈尔市,甘南县,齐齐哈尔市
古贝造型,校办公司楼西数七门,"123.510545,47.917376",15645222789,黑龙江省,齐齐哈尔市,甘南县,齐齐哈尔市
发现造型,甘南镇立新街宏建楼一层南数2门,"123.504735,47.914192",18746242098,黑龙江省,齐齐哈尔市,甘南县,齐齐哈尔市
极致发艺,东风街校办公司楼第八门,"123.510599,47.917471",18746843459,黑龙江省,齐齐哈尔市,甘南县,齐齐哈尔市
乾坤友约美发沙龙,甘南县华夏购物中心北门旁,"123.509195,47.917323",15304629567,黑龙江省,齐齐哈尔市,甘南县,齐齐哈尔市
芮格造型,东方红街实验小学园丁楼北14门,"123.505889,47.919837",13045207626,黑龙江省,齐齐哈尔市,甘南县,齐齐哈尔市
魅力丝射理发店,文明大街与砖厂南路交叉口南140米,"123.501296,47.928653",15026150218,黑龙江省,齐齐哈尔市,甘南县,齐齐哈尔市
牵手美业(罗兰丽都店),甘南镇文明大街386号罗兰丽都楼下,"123.500558,47.931501",[],黑龙江省,齐齐哈尔市,甘南县,齐齐哈尔市
新丝路发型设计室,龙丰街与繁荣路交叉口南40米,"123.511373,47.917488",[],黑龙江省,齐齐哈尔市,甘南县,齐齐哈尔市
瑞梅美容美发,巨兴街西50米,"124.190118,47.897040",[],黑龙江省,齐齐哈尔市,甘南县,齐齐哈尔市
红星理发(宏宇家园店),甘南镇长虹礼仪餐厅对面天桥楼下,"123.500505,47.921764",[],黑龙江省,齐齐哈尔市,甘南县,齐齐哈尔市
甘南理发店,发展街与繁荣路交叉口南60米,"123.505892,47.915900",[],黑龙江省,齐齐哈尔市,甘南县,齐齐哈尔市
艺海理发店,龙丰街与繁荣路交叉口南80米,"123.511700,47.916984",13212822166,黑龙江省,齐齐哈尔市,甘南县,齐齐哈尔市
选择发艺人生美发店,海澜小镇1期,"123.512207,47.916778",[],黑龙江省,齐齐哈尔市,甘南县,齐齐哈尔市
舒心发屋(万福家园店),甘南镇物尔美超市北,"123.503271,47.922947",[],黑龙江省,齐齐哈尔市,甘南县,齐齐哈尔市
明秀时尚美业,明海街与繁荣路交叉口南120米,"123.504180,47.914890",[],黑龙江省,齐齐哈尔市,甘南县,齐齐哈尔市
创美源发型设计(安康小区店),兴安雅苑六号楼,"123.497531,47.918970",15904621768,黑龙江省,齐齐哈尔市,甘南县,齐齐哈尔市
蓝梦美发(福运升财商业金街店),甘南福运生财步行街1号商服,"123.505284,47.914673",[],黑龙江省,齐齐哈尔市,甘南县,齐齐哈尔市
英姿发艺专业烫染店,鑫盛豪庭东南门西60米,"123.503253,47.921755",[],黑龙江省,齐齐哈尔市,甘南县,齐齐哈尔市
太子造型,甘南镇奥韵经典九号楼,"123.508454,47.918394",[],黑龙江省,齐齐哈尔市,甘南县,齐齐哈尔市
阿欢发艺工作室,文明大街与繁荣路交叉口东北180米,"123.508834,47.918479",[],黑龙江省,齐齐哈尔市,甘南县,齐齐哈尔市
金伟缔造美发,甘南镇烟草对面,"123.504543,47.915179",[],黑龙江省,齐齐哈尔市,甘南县,齐齐哈尔市
狂潮发型设计中心,明海街133号,"123.505503,47.913538",[],黑龙江省,齐齐哈尔市,甘南县,齐齐哈尔市
银座美发,甘南镇教委门市楼西数5号,"123.503707,47.921392",[],黑龙江省,齐齐哈尔市,甘南县,齐齐哈尔市
盛源理发,发展街与繁荣路交叉口南80米,"123.505955,47.915626",[],黑龙江省,齐齐哈尔市,甘南县,齐齐哈尔市
新偶像美业沙龙,甘南镇奥韵经典7号,"123.510506,47.918877",[],黑龙江省,齐齐哈尔市,甘南县,齐齐哈尔市
维也纳发型设计室,龙丰街与繁荣路交叉口西北160米,"123.509694,47.918541",[],黑龙江省,齐齐哈尔市,甘南县,齐齐哈尔市
佳荣美发造型,龙丰街与文明大街交叉口东160米,"123.503156,47.930145",[],黑龙江省,齐齐哈尔市,甘南县,齐齐哈尔市
U·美美发工作室,繁荣路220号,"123.504412,47.916005",[],黑龙江省,齐齐哈尔市,甘南县,齐齐哈尔市
米兰发艺,025县道与文明街交叉口南140米,"124.300419,48.248784",13114529870,黑龙江省,齐齐哈尔市,甘南县,齐齐哈尔市
红太阳发屋,龙福小区道北,"123.508840,47.923077",15245267589,黑龙江省,齐齐哈尔市,甘南县,齐齐哈尔市
艺可发型屋,甘南镇林业局楼下,"123.501462,47.928227",[],黑龙江省,齐齐哈尔市,甘南县,齐齐哈尔市
喜理美发沙龙,华夏购物中心北门对面,"123.509269,47.917329",13763463896,黑龙江省,齐齐哈尔市,甘南县,齐齐哈尔市
艺丝美发,建设路与明海街交叉口西40米,"123.504750,47.913188",15845283873,黑龙江省,齐齐哈尔市,甘南县,齐齐哈尔市
东尼美发店,齐查公路南50米,"124.356851,48.272721",[],黑龙江省,齐齐哈尔市,甘南县,齐齐哈尔市
理约美发烫染工作室,实验小学住宅小区,"123.506106,47.919558",15046299937,黑龙江省,齐齐哈尔市,甘南县,齐齐哈尔市
逸美专业造型,乡企楼,"123.501380,47.915608",[],黑龙江省,齐齐哈尔市,甘南县,齐齐哈尔市
完美派形象烫染店(繁荣路店),南市场东茂源楼,"123.503301,47.915625",17545043789,黑龙江省,齐齐哈尔市,甘南县,齐齐哈尔市
顶头尚丝(光明路店),东方红街实验小学楼西8门,"123.504862,47.919086",15545626543,黑龙江省,齐齐哈尔市,甘南县,齐齐哈尔市
晓雨发艺,查哈阳农场福顺小区8号楼,"124.305398,48.248321",15845275579,黑龙江省,齐齐哈尔市,甘南县,齐齐哈尔市
金剪发艺(福合新城小区店),福合新城小区东门旁,"124.298176,48.244970",[],黑龙江省,齐齐哈尔市,甘南县,齐齐哈尔市
寒冬发艺,繁荣路与明海街交叉口东北80米,"123.504655,47.916429",[],黑龙江省,齐齐哈尔市,甘南县,齐齐哈尔市
一剪寸美发烫染工作室(荣昌小区店),[],"123.507304,47.922726",18045233066,黑龙江省,齐齐哈尔市,甘南县,齐齐哈尔市
楚楚发艺(学府家园店),学府家园西南门旁,"123.507189,47.925980",[],黑龙江省,齐齐哈尔市,甘南县,齐齐哈尔市
顶尖一族烫染专业会馆,查哈阳农场二委一中0116号,"124.300278,48.249191",13114526329,黑龙江省,齐齐哈尔市,甘南县,齐齐哈尔市
煜燃精剪,查哈阳农场一中楼113,"124.300381,48.248858",15045138189,黑龙江省,齐齐哈尔市,甘南县,齐齐哈尔市
茗雅造型,甘南镇明海街民政局家属楼朝南门市,"123.501365,47.921289",13304690317,黑龙江省,齐齐哈尔市,甘南县,齐齐哈尔市
新偶像烫染沙龙,025县道与金花街交叉口东220米,"124.300191,48.248376",13251624337,黑龙江省,齐齐哈尔市,甘南县,齐齐哈尔市
汉妆美容美发养生,广安雅苑,"123.512386,47.917782",[],黑龙江省,齐齐哈尔市,甘南县,齐齐哈尔市
新颖发廊,龙丰街与光明路交叉口东南60米,"123.510585,47.919910",[],黑龙江省,齐齐哈尔市,甘南县,齐齐哈尔市
查哈阳农场审美造型,东风街与步行街交叉口南100米,"124.305243,48.248006",[],黑龙江省,齐齐哈尔市,甘南县,齐齐哈尔市
雅骏发屋,明海街与建华路交叉口西北80米,"123.500553,47.921645",[],黑龙江省,齐齐哈尔市,甘南县,齐齐哈尔市
顶上世家生发馆,繁荣街嘉苑综合楼,"123.505616,47.922184",13079610123,黑龙江省,齐齐哈尔市,甘南县,齐齐哈尔市
利贞美发,龙福嘉园北门一号楼6号门市,"123.510082,47.923039",15636230107,黑龙江省,齐齐哈尔市,甘南县,齐齐哈尔市
明月发屋,齐查公路与042县道交叉口西40米,"124.299747,48.423552",13904829979,黑龙江省,齐齐哈尔市,甘南县,齐齐哈尔市
逸丝风尚造型(福顺小区店),福顺小区西门旁,"124.305067,48.249379",[],黑龙江省,齐齐哈尔市,甘南县,齐齐哈尔市
国潮发型工作室,甘南镇东方红街实验小学楼东往西数2门一层,"123.505796,47.919331",[],黑龙江省,齐齐哈尔市,甘南县,齐齐哈尔市
美好人生发型设计,沙家烧烤西南侧60米,"123.755960,47.863965",[],黑龙江省,齐齐哈尔市,甘南县,齐齐哈尔市
顺眼造型,建设街一中东8门,"123.504375,47.913012",15210849520,黑龙江省,齐齐哈尔市,甘南县,齐齐哈尔市
丽波美发(文明大街店),畜牧局家属楼,"123.503514,47.925807",[],黑龙江省,齐齐哈尔市,甘南县,齐齐哈尔市
贝北小屋造型,步行街与恩宝名苑商业街交叉口西220米,"124.301197,48.248237",0452-5555997,黑龙江省,齐齐哈尔市,甘南县,齐齐哈尔市
琦琦美发,明海街31号,"123.506989,47.909805",[],黑龙江省,齐齐哈尔市,甘南县,齐齐哈尔市
美多娇发屋,庆南小区东大门南第二家11号商服,"123.512699,47.906790",[],黑龙江省,齐齐哈尔市,甘南县,齐齐哈尔市
胜欣理发,砖厂南路与明海街交叉口西南50米,"123.495764,47.928066",[],黑龙江省,齐齐哈尔市,甘南县,齐齐哈尔市
起点发艺,甘南镇一中学校北十字路口蓝天玻璃店对面,"123.504674,47.913172",[],黑龙江省,齐齐哈尔市,甘南县,齐齐哈尔市
顶尖美发形象设计室(石油小区店),石油小区西南门旁,"123.509841,47.905379",[],黑龙江省,齐齐哈尔市,甘南县,齐齐哈尔市
齐齐美发,甘南镇三中往南两个路口,"123.518391,47.913147",[],黑龙江省,齐齐哈尔市,甘南县,齐齐哈尔市
沐汐造型,理发一条街沐汐造型,"124.300142,48.248814",[],黑龙江省,齐齐哈尔市,甘南县,齐齐哈尔市
宝翠理发店,甘南镇光明大街广播电视局住宅楼西8门,"123.500310,47.929797",[],黑龙江省,齐齐哈尔市,甘南县,齐齐哈尔市
商服原艺美发,甘南镇文明大街357号万福家园6号楼,"123.502364,47.922708",[],黑龙江省,齐齐哈尔市,甘南县,齐齐哈尔市
美尔雅时尚发艺(瑞福家园店),甘南镇瑞福家园一号楼,"123.511442,47.914614",[],黑龙江省,齐齐哈尔市,甘南县,齐齐哈尔市
小城理发,福中府西门旁,"123.507605,47.909488",[],黑龙江省,齐齐哈尔市,甘南县,齐齐哈尔市
艺剪坊染烫工作室(广安雅苑店),广安雅苑西北门旁,"123.512417,47.917836",[],黑龙江省,齐齐哈尔市,甘南县,齐齐哈尔市
如意美发,王仔花苑东门东南100米,"123.518024,47.914307",[],黑龙江省,齐齐哈尔市,甘南县,齐齐哈尔市
新起点美发,明海街福中府西侧约50米,"123.507333,47.909292",[],黑龙江省,齐齐哈尔市,甘南县,齐齐哈尔市
名剪理发,兴宝大街2号,"123.954144,48.129513",13199678785,黑龙江省,齐齐哈尔市,甘南县,齐齐哈尔市
红日美容美发,通达家园东侧120米,"123.546915,47.769761",[],黑龙江省,齐齐哈尔市,甘南县,齐齐哈尔市
松竹梅发型设计室,齐查公路与042县道交叉口北60米,"124.300094,48.424094",[],黑龙江省,齐齐哈尔市,甘南县,齐齐哈尔市
晓艳理发店,繁荣路与工农街交叉口东北20米,"123.500337,47.915379",[],黑龙江省,齐齐哈尔市,甘南县,齐齐哈尔市
丝美达专业烫染美发室,建华路与龙丰街交叉口西20米,"123.508320,47.922916",[],黑龙江省,齐齐哈尔市,甘南县,齐齐哈尔市
匠人美发,七彩开锁东南侧90米,"123.758025,47.862275",[],黑龙江省,齐齐哈尔市,甘南县,齐齐哈尔市
氧发堂天然植物染发(甘南店),酒承华府小区东门旁,"123.504859,47.917624",[],黑龙江省,齐齐哈尔市,甘南县,齐齐哈尔市
鼎点发艺,齐查公路与向荣路交叉口东南60米,"124.254875,48.012625",[],黑龙江省,齐齐哈尔市,甘南县,齐齐哈尔市
新艺发,学府路与状元街交叉口南300米,"124.314475,48.244975",[],黑龙江省,齐齐哈尔市,甘南县,齐齐哈尔市
頭领形象烫染店,宝山乡,"123.952234,48.130936",[],黑龙江省,齐齐哈尔市,甘南县,齐齐哈尔市
森语美发店,甘南镇繁荣街学府家园小区3号楼,"123.507433,47.925818",[],黑龙江省,齐齐哈尔市,甘南县,齐齐哈尔市
氧发堂天然植物染发,繁荣路与奋斗路交叉口西南120米,"123.514325,47.918325",[],黑龙江省,齐齐哈尔市,甘南县,齐齐哈尔市
王皓发廊,双河农场玥影移动手机店西侧60米,"123.756425,47.865075",[],黑龙江省,齐齐哈尔市,甘南县,齐齐哈尔市
铭尚造型(人民路店),防疫站楼下,"123.511703,47.916979",[],黑龙江省,齐齐哈尔市,甘南县,齐齐哈尔市
天一美发城,宝欣路与兴宝大街交叉口东120米,"123.953969,48.129451",[],黑龙江省,齐齐哈尔市,甘南县,齐齐哈尔市
莳·格发型工作室,龙丰街与光明路交叉口南80米,"123.510211,47.919545",[],黑龙江省,齐齐哈尔市,甘南县,齐齐哈尔市
头领美发,齐查公路与巨兴街交叉口北340米,"124.192139,47.896974",[],黑龙江省,齐齐哈尔市,甘南县,齐齐哈尔市
枫叶发廊,宝欣路与兴宝大街交叉口东120米,"123.953958,48.129475",[],黑龙江省,齐齐哈尔市,甘南县,齐齐哈尔市
明天见造型设计,甘南镇中华人民共和国黑龙江省一忠烧烤对面,"123.505538,47.913416",[],黑龙江省,齐齐哈尔市,甘南县,齐齐哈尔市
丽人美容美发(建华路店),荣昌小区,"123.506369,47.922557",[],黑龙江省,齐齐哈尔市,甘南县,齐齐哈尔市
佳剪法烫染造型店,东风街9号,"124.300221,48.248698",[],黑龙江省,齐齐哈尔市,甘南县,齐齐哈尔市
小白理发店,安康小区东北门旁,"123.497383,47.919232",[],黑龙江省,齐齐哈尔市,甘南县,齐齐哈尔市
飘逸发型设计,龙甘公路与中兴大街交叉口西100米,"123.238051,47.701898",[],黑龙江省,齐齐哈尔市,甘南县,齐齐哈尔市
玲玲理发,明海街与城南路交叉口北120米,"123.507875,47.909175",[],黑龙江省,齐齐哈尔市,甘南县,齐齐哈尔市
领秀发艺,齐查公路与向荣路交叉口东南40米,"124.254838,48.012701",[],黑龙江省,齐齐哈尔市,甘南县,齐齐哈尔市
金地美发(金地名苑店),砖厂南路与文明大街交叉口南420米,"123.501163,47.926052",[],黑龙江省,齐齐哈尔市,甘南县,齐齐哈尔市
妮方发艺,长山乡人民政府南侧170米,"123.548680,47.769525",[],黑龙江省,齐齐哈尔市,甘南县,齐齐哈尔市
剪约美发(繁荣路店),繁荣路与明海街交叉口西100米,"123.502431,47.915825",[],黑龙江省,齐齐哈尔市,甘南县,齐齐哈尔市
超凡发艺(齐查公路店),向荣路与齐查公路交叉口西160米,"124.252607,48.012293",[],黑龙江省,齐齐哈尔市,甘南县,齐齐哈尔市
甘南县红颜美业,042县道与齐查公路交叉口东南40米,"124.300646,48.423240",[],黑龙江省,齐齐哈尔市,甘南县,齐齐哈尔市
美丝达剪业,宝欣路与兴宝大街交叉口东120米,"123.954033,48.129478",[],黑龙江省,齐齐哈尔市,甘南县,齐齐哈尔市
艾尚发屋,042县道与齐查公路交叉口东20米,"124.300627,48.423494",[],黑龙江省,齐齐哈尔市,甘南县,齐齐哈尔市
广汇造型(福顺小区店),福顺小区西门旁,"124.305091,48.249324",[],黑龙江省,齐齐哈尔市,甘南县,齐齐哈尔市
名剪美发,双河农场正西方向70米,"123.757205,47.862778",[],黑龙江省,齐齐哈尔市,甘南县,齐齐哈尔市
经典美发,甘南镇朝阳名府对面,"123.496407,47.928164",[],黑龙江省,齐齐哈尔市,甘南县,齐齐哈尔市
铭昊专业美发,向荣路与东安街交叉口西120米,"124.252986,48.013031",[],黑龙江省,齐齐哈尔市,甘南县,齐齐哈尔市
剪艺美发,025县道与育才街交叉口东北60米,"124.307777,48.251607",[],黑龙江省,齐齐哈尔市,甘南县,齐齐哈尔市
白云理发店,繁荣路与奋斗路交叉口西60米,"123.514838,47.918954",[],黑龙江省,齐齐哈尔市,甘南县,齐齐哈尔市
新感觉发型设计(龙福嘉园店),龙福嘉园18号楼,"123.513942,47.921577",[],黑龙江省,齐齐哈尔市,甘南县,齐齐哈尔市
红枫叶发型设计,龙丰街与建华路交叉口西北140米,"123.508044,47.924113",[],黑龙江省,齐齐哈尔市,甘南县,齐齐哈尔市
静波美发,查哈阳农场南市场西北门,"124.299205,48.248745",[],黑龙江省,齐齐哈尔市,甘南县,齐齐哈尔市
众研美发,拉甘路锦绣家园北侧约130米,"124.300299,48.249075",[],黑龙江省,齐齐哈尔市,甘南县,齐齐哈尔市
红梅理发(世博嘉园店),世博嘉园西门东50米,"123.500881,47.922480",[],黑龙江省,齐齐哈尔市,甘南县,齐齐哈尔市
晓芳理发店,龙丰街与建设路交叉口北80米,"123.512840,47.915824",[],黑龙江省,齐齐哈尔市,甘南县,齐齐哈尔市
北方美发中心,长山乡,"123.546849,47.770074",[],黑龙江省,齐齐哈尔市,甘南县,齐齐哈尔市
蓝霞美发,建华路与工农街交叉口东60米,"123.498114,47.920349",[],黑龙江省,齐齐哈尔市,甘南县,齐齐哈尔市
尚格美发,工农街与繁荣路交叉口西20米,"123.499710,47.915172",[],黑龙江省,齐齐哈尔市,甘南县,齐齐哈尔市
曲中周皮肤管理中心(发展路店),房产小区西门旁,"123.505296,47.917022",[],黑龙江省,齐齐哈尔市,甘南县,齐齐哈尔市
岁美人工作室,甘南县疾控中心厢楼北2室,"123.511753,47.916898",[],黑龙江省,齐齐哈尔市,甘南县,齐齐哈尔市
兰冬化妆工作室(查哈阳农场),东风街9号,"124.299164,48.249846",15245825911,黑龙江省,齐齐哈尔市,甘南县,齐齐哈尔市
小颖定妆工作室(金地名苑店),甘南镇金地名苑6号楼,"123.500983,47.926002",[],黑龙江省,齐齐哈尔市,甘南县,齐齐哈尔市
兰兰美甲美睫工作室,齐查公路与042县道交叉口西北200米,"124.299391,48.425369",[],黑龙江省,齐齐哈尔市,甘南县,齐齐哈尔市
聚艺董妆姚老板美学设计,025县道与文明街交叉口东80米,"124.301825,48.249875",[],黑龙江省,齐齐哈尔市,甘南县,齐齐哈尔市
木子美发(齐齐哈尔依安县),国税局路东,"125.310059,47.888791",13634522404,黑龙江省,齐齐哈尔市,依安县,齐齐哈尔市
名发轩美发(民强路店),依安镇学府名苑1-7号北门,"125.316132,47.893169",15845792298,黑龙江省,齐齐哈尔市,依安县,齐齐哈尔市
剪单爱发艺工作室(学府茗苑店),学府茗苑西北门东90米,"125.316631,47.893367",13104042525,黑龙江省,齐齐哈尔市,依安县,齐齐哈尔市
刘刚发型设计室,依安镇北二道街中行往东一百米道南,"125.308087,47.890173",13763543337,黑龙江省,齐齐哈尔市,依安县,齐齐哈尔市
动感烫染,泰西小区东门东南100米,"125.302370,47.896805",18686972009,黑龙江省,齐齐哈尔市,依安县,齐齐哈尔市
小雪发艺(金鼎家园店),依安镇金鼎家园1号楼门市,"125.310192,47.891266",[],黑龙江省,齐齐哈尔市,依安县,齐齐哈尔市
理·好美发工作室,东北街商贸局综合楼11号门市,"125.308107,47.890522",19917739532,黑龙江省,齐齐哈尔市,依安县,齐齐哈尔市
佐欣Z.one美发工作室,东南街,"125.310010,47.887615",19104524320,黑龙江省,齐齐哈尔市,依安县,齐齐哈尔市
手艺人美发,农业银行南50米,"125.305675,47.890875",13946215428;15214440627,黑龙江省,齐齐哈尔市,依安县,齐齐哈尔市
樂哥美发设计室,永勤路146号依安镇东北街商贸楼东数三门商服,"125.308111,47.890608",15146668760,黑龙江省,齐齐哈尔市,依安县,齐齐哈尔市
渴望美发,依安镇华辰广场北门斜对面,"125.309269,47.887453",0452-7025111;13100993222,黑龙江省,齐齐哈尔市,依安县,齐齐哈尔市
帅俏邦发艺,永廉街与北新路交叉口北80米,"125.308832,47.898536",[],黑龙江省,齐齐哈尔市,依安县,齐齐哈尔市
艺格造型烫染专业店(依建小区店),依安镇东北街丽水佳园2号综合楼29号,"125.313086,47.891301",[],黑龙江省,齐齐哈尔市,依安县,齐齐哈尔市
功臣美业(佳和阳光一期店),佳和阳光东南门西南60米,"125.312332,47.893754",[],黑龙江省,齐齐哈尔市,依安县,齐齐哈尔市
舒简造型,依龙镇十字街东,"125.365940,47.473579",[],黑龙江省,齐齐哈尔市,依安县,齐齐哈尔市
酷儿烫染造型(春晖名苑店),世纪雅苑南门西南110米,"125.309386,47.894132",[],黑龙江省,齐齐哈尔市,依安县,齐齐哈尔市
新空间美发沙龙(鑫苑嘉园店),东北街德泽园小区鑫苑家园17号楼6号商服,"125.314484,47.896281",15174530097,黑龙江省,齐齐哈尔市,依安县,齐齐哈尔市
劳伦斯美发沙龙,北新路与民乐街交叉口西南80米,"125.303821,47.896017",[],黑龙江省,齐齐哈尔市,依安县,齐齐哈尔市
尚野美发工作室,泰安新城F区11栋西门尚野美发工作室,"125.305225,47.906767",[],黑龙江省,齐齐哈尔市,依安县,齐齐哈尔市
枫之帆造型,启程二号楼门市西东4门,"125.307699,47.890208",15845793848,黑龙江省,齐齐哈尔市,依安县,齐齐哈尔市
大魏发型设计室(鑫苑嘉园店),佳和阳光西北门旁,"125.311822,47.895332",13895968588,黑龙江省,齐齐哈尔市,依安县,齐齐哈尔市
约剪发艺(依建小区店),依安县第四小学南门西南110米,"125.310935,47.891237",15245221230,黑龙江省,齐齐哈尔市,依安县,齐齐哈尔市
依安县创美理发店,泰安新城C区5号楼单元11室,"125.310988,47.910635",15084557605,黑龙江省,齐齐哈尔市,依安县,齐齐哈尔市
墨飞美发工作室(泰安新城F区店),新城F区6栋12号商服,"125.306446,47.905997",17382728997,黑龙江省,齐齐哈尔市,依安县,齐齐哈尔市
JERRY形象设计室(鑫苑嘉园店),佳和阳光西北门西70米,"125.311418,47.895174",13763481588,黑龙江省,齐齐哈尔市,依安县,齐齐哈尔市
晓娜美发室(世纪雅苑店),世纪雅苑二号楼,"125.309704,47.895947",15945228355,黑龙江省,齐齐哈尔市,依安县,齐齐哈尔市
剪约造型,依安镇西北街清新家园一期A区7号楼1号,"125.300002,47.892237",15845651683,黑龙江省,齐齐哈尔市,依安县,齐齐哈尔市
诗琪发型设计店(泰安新城B区店),依安县实验中学东南侧150米,"125.307305,47.910313",[],黑龙江省,齐齐哈尔市,依安县,齐齐哈尔市
尊梵造型(春晖名苑店),永勤路156号东北方向180米春晖名苑,"125.308230,47.893771",[],黑龙江省,齐齐哈尔市,依安县,齐齐哈尔市
依安县牡丹理发店,民裕路与泰安大街交叉口西南40米,"125.307981,47.886581",15765079789,黑龙江省,齐齐哈尔市,依安县,齐齐哈尔市
伊然美发沙龙(鑫苑嘉园店),依安镇鑫苑嘉园9栋4号楼,"125.312346,47.895582",[],黑龙江省,齐齐哈尔市,依安县,齐齐哈尔市
美神美发(东方家盛店),北新路与永廉街交叉口西160米,"125.306631,47.897684",[],黑龙江省,齐齐哈尔市,依安县,齐齐哈尔市
俊逸美发工作室,东北街佳和阳光3号楼3号门市,"125.311161,47.894512",18645219330,黑龙江省,齐齐哈尔市,依安县,齐齐哈尔市
上禾造型(鑫苑嘉园店),鑫苑嘉园,"125.312073,47.895406",13206731225,黑龙江省,齐齐哈尔市,依安县,齐齐哈尔市
名人专业染烫,东北街启程2号楼综合楼11号,"125.307286,47.889980",18686917456,黑龙江省,齐齐哈尔市,依安县,齐齐哈尔市
美约造型工作室,鑫坐标小区四号楼2号门市,"125.308988,47.889874",18714381750,黑龙江省,齐齐哈尔市,依安县,齐齐哈尔市
金豆美发,依安镇北新路东方嘉盛西门,"125.306609,47.897698",15245816112,黑龙江省,齐齐哈尔市,依安县,齐齐哈尔市
头等舱造型(泰安新城F区店),泰安新城F区11号与12号楼之间商服3号,"125.305280,47.907008",13261534888,黑龙江省,齐齐哈尔市,依安县,齐齐哈尔市
康康烫染(龙腾名苑店),龙腾名苑东北门旁,"125.316262,47.894370",18246285100,黑龙江省,齐齐哈尔市,依安县,齐齐哈尔市
悦悦美发(泰安新城B区店),泰安新城A区东侧160米,"125.304939,47.909441",15645208566,黑龙江省,齐齐哈尔市,依安县,齐齐哈尔市
永恒美发,依安镇教委1号楼,"125.315304,47.896921",13212969444,黑龙江省,齐齐哈尔市,依安县,齐齐哈尔市
小文美容美发,新解公路与009乡道交叉口西北100米,"125.043179,47.618469",[],黑龙江省,齐齐哈尔市,依安县,齐齐哈尔市
盛开发艺(东方家盛店),依安镇东方嘉盛西门北侧,"125.306387,47.898027",17179379995,黑龙江省,齐齐哈尔市,依安县,齐齐哈尔市
萌萌发艺,泰安大街485号,"125.303106,47.893812",15245278678,黑龙江省,齐齐哈尔市,依安县,齐齐哈尔市
明达美发,兴学路与泰安大街交叉口西40米,"125.303122,47.894093",18246284663,黑龙江省,齐齐哈尔市,依安县,齐齐哈尔市
雯彩美发中心,世纪嘉园16栋,"125.308963,47.897507",13766538576,黑龙江省,齐齐哈尔市,依安县,齐齐哈尔市
枫梵造型(泰安新城G区店),泰安新城G区1栋商服东17门,"125.311239,47.906323",13504650246,黑龙江省,齐齐哈尔市,依安县,齐齐哈尔市
阿扬烫染造型(星光城店),星光城东南门旁,"125.305906,47.900283",18246281979,黑龙江省,齐齐哈尔市,依安县,齐齐哈尔市
初七美发馆,鑫凯嘉园5栋2号门市,"125.305927,47.900057",17390675364,黑龙江省,齐齐哈尔市,依安县,齐齐哈尔市
玉辉美发,依安镇信用联社道北,"125.302851,47.887465",13904826678,黑龙江省,齐齐哈尔市,依安县,齐齐哈尔市
辰一发艺(清新家园店),清新家园2期东3门北140米,"125.300279,47.891815",15174538910,黑龙江省,齐齐哈尔市,依安县,齐齐哈尔市
铭坊发型工作室,依安镇永勤路鑫苑嘉园,"125.312481,47.895541",13664629090,黑龙江省,齐齐哈尔市,依安县,齐齐哈尔市
艺秀形象设计工作室(星光城店),星光城东北门东南70米,"125.306422,47.901137",18686947833,黑龙江省,齐齐哈尔市,依安县,齐齐哈尔市
艺海发型设计,泰安大街132号,"125.310065,47.885879",15174573573,黑龙江省,齐齐哈尔市,依安县,齐齐哈尔市
美琦造型(展望小区店),展望小区西门西北60米,"125.307718,47.900122",15645293369,黑龙江省,齐齐哈尔市,依安县,齐齐哈尔市
伊人湖美发沙龙,北二道街商贸局楼下,"125.307475,47.890025",15145303001,黑龙江省,齐齐哈尔市,依安县,齐齐哈尔市
秀剪形象设计二店,佳和阳光2期,"125.314535,47.895998",18245282056,黑龙江省,齐齐哈尔市,依安县,齐齐哈尔市
双双发艺(依建小区店),依建小区,"125.312745,47.890525",15846278678,黑龙江省,齐齐哈尔市,依安县,齐齐哈尔市
海浪花美发,永廉街与明安路交叉口南60米,"125.313874,47.890126",15174575671,黑龙江省,齐齐哈尔市,依安县,齐齐哈尔市
依安慕涵形象设计,依安镇东北街依建4号综合楼西-2门,"125.310262,47.889531",0452-7028858;15663138231,黑龙江省,齐齐哈尔市,依安县,齐齐哈尔市
密斯特吴造型(鑫苑嘉园店),佳和阳光西北门北50米,"125.312060,47.895413",[],黑龙江省,齐齐哈尔市,依安县,齐齐哈尔市
飘丝坊造型(民乐街店),春晖名苑7号楼楼下,"125.308547,47.893886",13644622279,黑龙江省,齐齐哈尔市,依安县,齐齐哈尔市
首艺烫染,展望路与民乐街交叉口东北40米,"125.303366,47.899545",[],黑龙江省,齐齐哈尔市,依安县,齐齐哈尔市
尚古美发工作室,民乐街与明安路交叉口东南60米,"125.310219,47.888798",13204522868,黑龙江省,齐齐哈尔市,依安县,齐齐哈尔市
金榜美发(泰安大街),水利排灌小区西南门旁,"125.303372,47.895257",13079618567,黑龙江省,齐齐哈尔市,依安县,齐齐哈尔市
丽人行发型设计室,民生街与民裕路交叉口东20米,"125.306585,47.886137",[],黑龙江省,齐齐哈尔市,依安县,齐齐哈尔市
杨帆美发店,鑫凯嘉园东门南100米,"125.307612,47.899159",[],黑龙江省,齐齐哈尔市,依安县,齐齐哈尔市
木子美发,明安路与城兴街交叉口西60米,"125.302488,47.886961",[],黑龙江省,齐齐哈尔市,依安县,齐齐哈尔市
新标榜专业染烫店,212省道与214省道交叉口西北160米,"125.364816,47.474735",[],黑龙江省,齐齐哈尔市,依安县,齐齐哈尔市
绿洲美发,翰博小区西门东南100米,"125.315244,47.897016",[],黑龙江省,齐齐哈尔市,依安县,齐齐哈尔市
阿哲有家理发店,依安镇西北街政府二号综合楼6号商服,"125.303920,47.893722",15245270828,黑龙江省,齐齐哈尔市,依安县,齐齐哈尔市
艺美烫染造型(城育路店),依安镇城育路清新家园二期B区1栋东1号商服,"125.301273,47.889977",[],黑龙江省,齐齐哈尔市,依安县,齐齐哈尔市
阿鑫烫染造型(泰安新城B区店),依安县实验中学南侧120米,"125.305576,47.910180",[],黑龙江省,齐齐哈尔市,依安县,齐齐哈尔市
匠人美发工作室(明珠国际店),明珠国际西南门西北90米,"125.306141,47.902499",[],黑龙江省,齐齐哈尔市,依安县,齐齐哈尔市
鑫缘美发(园丁楼店),依安镇北三道街农行道口西走50米路南,"125.304834,47.890760",[],黑龙江省,齐齐哈尔市,依安县,齐齐哈尔市
薪艺美发(鑫苑嘉园店),鑫苑嘉园17栋,"125.314151,47.896216",[],黑龙江省,齐齐哈尔市,依安县,齐齐哈尔市
美丝达美发中心,客运站对面建筑公司楼下,"125.311643,47.889992",[],黑龙江省,齐齐哈尔市,依安县,齐齐哈尔市
俏颜美发(水利排灌小区店),水利排灌小区西南门旁,"125.303349,47.895263",15636258755,黑龙江省,齐齐哈尔市,依安县,齐齐哈尔市
金榜美发(北新路店),依安县疾病控制中心对过,"125.304373,47.896143",13079618567,黑龙江省,齐齐哈尔市,依安县,齐齐哈尔市
四海·SH美容美发美甲微整铂金店,北三道街农行东走路南,"125.306514,47.891495",[],黑龙江省,齐齐哈尔市,依安县,齐齐哈尔市
天美发型设计室(世纪雅苑店),世纪雅苑南门西南50米,"125.309457,47.894513",[],黑龙江省,齐齐哈尔市,依安县,齐齐哈尔市
蒂凡尼造型(民乐街店),民乐街与民强路交叉口南60米,"125.308808,47.890059",13946215001,黑龙江省,齐齐哈尔市,依安县,齐齐哈尔市
简艺造型,佳和阳光东南门旁,"125.312896,47.893987",18746250392,黑龙江省,齐齐哈尔市,依安县,齐齐哈尔市
奈·丝发型工作室(园丁楼店),城育路与民生街交叉口东60米,"125.304257,47.890572",18686988102,黑龙江省,齐齐哈尔市,依安县,齐齐哈尔市
丹丹发型设计,民生街与明安路交叉口东南60米,"125.305820,47.887259",[],黑龙江省,齐齐哈尔市,依安县,齐齐哈尔市
利宝发艺(平安小区店),依安镇平安小区,"125.308254,47.891651",13101525300,黑龙江省,齐齐哈尔市,依安县,齐齐哈尔市
女人坊美容美发瘦身会馆(民强路店),城工街与民强路交叉口西北60米,"125.310256,47.891777",15846274931,黑龙江省,齐齐哈尔市,依安县,齐齐哈尔市
毫末发型设计(泰安新城B区店),泰安新城B区9栋4门市,"125.306761,47.910199",18245266695,黑龙江省,齐齐哈尔市,依安县,齐齐哈尔市
青丝时尚造型(兴安家园店),泰安大街52号,"125.307048,47.891600",[],黑龙江省,齐齐哈尔市,依安县,齐齐哈尔市
晓敏美发室,泰安大街412号,"125.303034,47.894960",13069978009,黑龙江省,齐齐哈尔市,依安县,齐齐哈尔市
名角发型设计,佳和阳光一期一号楼17号门市,"125.311318,47.894563",15174651497,黑龙江省,齐齐哈尔市,依安县,齐齐哈尔市
添秀造型(泰安新城C区店),泰安新城C区,"125.308515,47.910113",13514653841,黑龙江省,齐齐哈尔市,依安县,齐齐哈尔市
男孩女孩造型(泰安新城A区店),泰安新城A区一栋4号门市,"125.304424,47.908592",13634529521,黑龙江省,齐齐哈尔市,依安县,齐齐哈尔市
彩虹美发屋,供电局路南建行家属楼2号楼1楼,"125.298366,47.885320",[],黑龙江省,齐齐哈尔市,依安县,齐齐哈尔市
艾尚造型,212省道与214省道交叉口北80米,"125.365405,47.474044",[],黑龙江省,齐齐哈尔市,依安县,齐齐哈尔市
艾美造型(依建小区店),依安镇客运站对面,"125.312213,47.890238",[],黑龙江省,齐齐哈尔市,依安县,齐齐哈尔市
绿叶美发室,泰安大街205西北方向180米田园名苑,"125.301859,47.893323",[],黑龙江省,齐齐哈尔市,依安县,齐齐哈尔市
名宏染烫造型(清新家园店),清新家园西北门旁,"125.301739,47.891548",[],黑龙江省,齐齐哈尔市,依安县,齐齐哈尔市
兰凤美发,西北街二建家属楼一楼,"125.302818,47.887518",13846255580,黑龙江省,齐齐哈尔市,依安县,齐齐哈尔市
佑米发艺(泰安新城G区店),民兴街与图强路交叉口北240米,"125.309544,47.908055",13796302841,黑龙江省,齐齐哈尔市,依安县,齐齐哈尔市
沐色染发沙龙(佳和阳光店),佳和阳光东门南110米,"125.313536,47.894192",[],黑龙江省,齐齐哈尔市,依安县,齐齐哈尔市
她雅美发纹眉潮店,清新家园2期东3门旁,"125.300317,47.891095",[],黑龙江省,齐齐哈尔市,依安县,齐齐哈尔市
秋鑫发艺工作室,新兴路77号西南方向60米,"125.023006,47.737528",[],黑龙江省,齐齐哈尔市,依安县,齐齐哈尔市
靓靓美发厅,依拜公路与新富公路交叉口东80米,"125.500343,47.765744",19531598123,黑龙江省,齐齐哈尔市,依安县,齐齐哈尔市
艺峰烫染空间,依安镇妇幼保健院30米道东,"125.305676,47.887404",[],黑龙江省,齐齐哈尔市,依安县,齐齐哈尔市
齐琪美发(泰安新城二期C区店),泰安新城二期西北侧120米,"125.296838,47.901232",[],黑龙江省,齐齐哈尔市,依安县,齐齐哈尔市
三千丝发艺工作室(龙腾名苑店),龙腾名苑西门旁,"125.314592,47.893288",[],黑龙江省,齐齐哈尔市,依安县,齐齐哈尔市
晶艺美发(鑫苑嘉园店),依安镇鑫苑嘉园16栋12号,"125.313984,47.896099",[],黑龙江省,齐齐哈尔市,依安县,齐齐哈尔市
名丝发艺,泰安大街与永勤路交叉口西北60米,"125.304083,47.893182",15245222117,黑龙江省,齐齐哈尔市,依安县,齐齐哈尔市
渴望美发,依安镇教委楼下,"125.316024,47.896692",[],黑龙江省,齐齐哈尔市,依安县,齐齐哈尔市
宏越发型设计(泰安新城店),依安镇泰安新城A区门市西3门,"125.302723,47.908037",[],黑龙江省,齐齐哈尔市,依安县,齐齐哈尔市
诗艺美发,图强路与民兴街交叉口西北320米,"125.305475,47.907725",[],黑龙江省,齐齐哈尔市,依安县,齐齐哈尔市
韩流风暴发型设计,212省道与依明公路交叉口西160米,"125.550434,47.416087",[],黑龙江省,齐齐哈尔市,依安县,齐齐哈尔市
小云美发(泰安新城D区店),依安县人民医院北侧180米,"125.314451,47.909232",[],黑龙江省,齐齐哈尔市,依安县,齐齐哈尔市
萝革形象设计(锦绣华庭店),育才街与城育路交叉口东180米,"125.318456,47.895160",[],黑龙江省,齐齐哈尔市,依安县,齐齐哈尔市
晓龙美容美发烫染专业店,民强路与民乐街交叉口西60米,"125.307822,47.890359",[],黑龙江省,齐齐哈尔市,依安县,齐齐哈尔市
新潮专业烫染,212省道与新解公路交叉口北20米,"125.337144,47.686196",[],黑龙江省,齐齐哈尔市,依安县,齐齐哈尔市
尚剪发艺,育才街与城育路交叉口东240米,"125.319208,47.895384",[],黑龙江省,齐齐哈尔市,依安县,齐齐哈尔市
星尘美发工作室,名仕国际1号楼南5号商服,"125.312987,47.892212",[],黑龙江省,齐齐哈尔市,依安县,齐齐哈尔市
名剪美甲美甲,育才街与城育路交叉口东140米,"125.318081,47.895066",[],黑龙江省,齐齐哈尔市,依安县,齐齐哈尔市
海潮发艺,龙康大药房北侧,"125.102775,48.018225",[],黑龙江省,齐齐哈尔市,依安县,齐齐哈尔市
平头理发店,民兴街与图强路交叉口北500米,"125.309275,47.910475",[],黑龙江省,齐齐哈尔市,依安县,齐齐哈尔市
桐桐美发店,图强路与民兴街交叉口西北260米,"125.307025,47.907925",[],黑龙江省,齐齐哈尔市,依安县,齐齐哈尔市
佳淼美发,新兴中学南侧180米,"125.027224,47.736652",[],黑龙江省,齐齐哈尔市,依安县,齐齐哈尔市
漫鲤造型,212省道与214省道交叉口西北80米,"125.364874,47.473977",[],黑龙江省,齐齐哈尔市,依安县,齐齐哈尔市
可心美发,城育路与泰安大街交叉口东北40米,"125.305969,47.891478",[],黑龙江省,齐齐哈尔市,依安县,齐齐哈尔市
金艺造型,民强路与泰安大街交叉口东60米,"125.307475,47.890025",[],黑龙江省,齐齐哈尔市,依安县,齐齐哈尔市
喜欢理造型,佳和阳光2期西北门西北50米,"125.313788,47.896080",[],黑龙江省,齐齐哈尔市,依安县,齐齐哈尔市
小伟造型,东北街法院商服楼北-6号,"125.308569,47.890874",[],黑龙江省,齐齐哈尔市,依安县,齐齐哈尔市
鑫垚美发(学府茗苑店),育才街123号学府茗苑,"125.315794,47.893036",[],黑龙江省,齐齐哈尔市,依安县,齐齐哈尔市
极简造型,展望路与泰安北大街交叉口西360米,"125.297425,47.899675",[],黑龙江省,齐齐哈尔市,依安县,齐齐哈尔市
韵之堂美发,阳春乡委员会南侧80米,"125.497115,47.765015",[],黑龙江省,齐齐哈尔市,依安县,齐齐哈尔市
扬洋美发,民强路与泰安大街交叉口西40米,"125.306047,47.889865",[],黑龙江省,齐齐哈尔市,依安县,齐齐哈尔市
理发店,世纪雅苑南门西南90米,"125.309137,47.894414",[],黑龙江省,齐齐哈尔市,依安县,齐齐哈尔市
秋北发型设计工作室(鑫苑嘉园店),鑫苑嘉园东南门东50米,"125.313282,47.895917",[],黑龙江省,齐齐哈尔市,依安县,齐齐哈尔市
都想来理发店,泰安大街205西北方向180米田园名苑,"125.302474,47.893837",[],黑龙江省,齐齐哈尔市,依安县,齐齐哈尔市
晓伟理发店,新富公路与214省道交叉口北60米,"125.601257,47.559279",[],黑龙江省,齐齐哈尔市,依安县,齐齐哈尔市
丝逸理发(清新家园店),清新家园二期C区西北门西50米,"125.300055,47.889313",[],黑龙江省,齐齐哈尔市,依安县,齐齐哈尔市
丝雅美发(泰安新城F区店),泰安新城西侧100米,"125.308206,47.908018",[],黑龙江省,齐齐哈尔市,依安县,齐齐哈尔市
艺缘美发纹绣,依安镇展望家园7栋,"125.309618,47.899795",[],黑龙江省,齐齐哈尔市,依安县,齐齐哈尔市
美发店数码照相馆,新解公路与212省道交叉口西北20米,"125.336738,47.686110",[],黑龙江省,齐齐哈尔市,依安县,齐齐哈尔市
蓝梦美发,清新家园1期东南门南70米,"125.302220,47.889953",[],黑龙江省,齐齐哈尔市,依安县,齐齐哈尔市
博宇形象设计,212省道与214省道交叉口西北100米,"125.364800,47.474053",[],黑龙江省,齐齐哈尔市,依安县,齐齐哈尔市
红兴美发,新兴路与双兴街交叉口东180米,"125.020263,47.737183",[],黑龙江省,齐齐哈尔市,依安县,齐齐哈尔市
人美剪烫造型,新解公路与009乡道交叉口北120米,"125.043669,47.618750",[],黑龙江省,齐齐哈尔市,依安县,齐齐哈尔市
酷孩美发,212省道与新富公路交叉口西180米,"125.550246,47.416102",[],黑龙江省,齐齐哈尔市,依安县,齐齐哈尔市
匠心发型设计(清新家园一期A区店),依安镇清新家园1期A区5栋,"125.301234,47.891724",[],黑龙江省,齐齐哈尔市,依安县,齐齐哈尔市
木岩发艺,清新家园1期东南门西南50米,"125.301958,47.890238",[],黑龙江省,齐齐哈尔市,依安县,齐齐哈尔市
阿娇发廊,依安镇香怡阁东走路北,"125.305069,47.894739",[],黑龙江省,齐齐哈尔市,依安县,齐齐哈尔市
尤丽美发专业染烫,212省道与新解公路交叉口北40米,"125.337103,47.686410",[],黑龙江省,齐齐哈尔市,依安县,齐齐哈尔市
丽荣发屋,民生街与城济路交叉口北80米,"125.307022,47.885590",[],黑龙江省,齐齐哈尔市,依安县,齐齐哈尔市
珍珍发屋(民育路店),民裕路与泰安大街交叉口东北80米,"125.309210,47.887432",[],黑龙江省,齐齐哈尔市,依安县,齐齐哈尔市
独领美发(世纪嘉园店),北新路76号世纪嘉园,"125.307465,47.895509",[],黑龙江省,齐齐哈尔市,依安县,齐齐哈尔市
再回首发型设计(春晖名苑店),城工街春晖名苑小区北门8栋,"125.309250,47.894087",[],黑龙江省,齐齐哈尔市,依安县,齐齐哈尔市
蓝之梦美发(泰安新城G区店),泰安新城M区,"125.311210,47.905937",15765067749,黑龙江省,齐齐哈尔市,依安县,齐齐哈尔市
百变女郎美容工作室,城育路与泰安大街交叉口西60米,"125.305321,47.891059",15845726102,黑龙江省,齐齐哈尔市,依安县,齐齐哈尔市
六月美甲美睫工作室,明安路212号,"125.310020,47.888849",13634522743,黑龙江省,齐齐哈尔市,依安县,齐齐哈尔市
全天美工作室(展望小区店),北新路40号,"125.307606,47.900497",15845726881,黑龙江省,齐齐哈尔市,依安县,齐齐哈尔市
妃妃美容工作室,民强路与民乐街交叉口西80米,"125.307690,47.890416",17134171666,黑龙江省,齐齐哈尔市,依安县,齐齐哈尔市
朵朵半自助美甲美睫肌肤管理工作室,北二道街启程二号楼一楼东6门,"125.307438,47.890011",15174644664,黑龙江省,齐齐哈尔市,依安县,齐齐哈尔市
栗子美甲美睫工作室(名仕国际店),名仕国际北侧五号楼六号,"125.313559,47.893921",15845271552,黑龙江省,齐齐哈尔市,依安县,齐齐哈尔市
丹丹美容工作室(泰安新城G区店),泰安新城M区北侧120米,"125.311197,47.906319",[],黑龙江省,齐齐哈尔市,依安县,齐齐哈尔市
纤脂减肥工作室,展望路6号星光城,"125.306686,47.900510",13514626664,黑龙江省,齐齐哈尔市,依安县,齐齐哈尔市
娜娜美甲工作室(鑫苑嘉园店),佳和阳光西北门东北110米,"125.312681,47.895609",19904629698,黑龙江省,齐齐哈尔市,依安县,齐齐哈尔市
夏沐美容工作室(世纪雅苑店),世纪雅苑南门旁,"125.309722,47.894594",[],黑龙江省,齐齐哈尔市,依安县,齐齐哈尔市
拾月美甲工作室(泰安新城E区店),泰安新城A区南侧190米,"125.302164,47.907463",[],黑龙江省,齐齐哈尔市,依安县,齐齐哈尔市
迦美工作室,305省道与明安路交叉口东120米,"125.320812,47.892284",[],黑龙江省,齐齐哈尔市,依安县,齐齐哈尔市
迷尚工作室(龙腾名苑店),龙腾名苑北门东北50米,"125.315143,47.894514",[],黑龙江省,齐齐哈尔市,依安县,齐齐哈尔市
漾彩美容工作室(星光城店),展望路6号星光城,"125.306424,47.900550",[],黑龙江省,齐齐哈尔市,依安县,齐齐哈尔市
羊涵美容工作室(华辰广场店),泰安大街186号华辰广场F1层,"125.309884,47.887371",[],黑龙江省,齐齐哈尔市,依安县,齐齐哈尔市
晓丹美容工作室,清新家园2期东3门北250米,"125.299913,47.892459",[],黑龙江省,齐齐哈尔市,依安县,齐齐哈尔市
萍姐美甲工作室,育才街与永勤路交叉口东80米,"125.316275,47.896525",[],黑龙江省,齐齐哈尔市,依安县,齐齐哈尔市
慕媛工作室,民兴街与图强路交叉口北140米,"125.308575,47.907275",[],黑龙江省,齐齐哈尔市,依安县,齐齐哈尔市
玉睫美甲工作室,城育路与泰安大街交叉口东北40米,"125.305887,47.891511",[],黑龙江省,齐齐哈尔市,依安县,齐齐哈尔市
微美工作室,民乐街与兴学路交叉口西北20米,"125.305671,47.894945",[],黑龙江省,齐齐哈尔市,依安县,齐齐哈尔市
领绣美睫工作室(鑫苑嘉园店),佳和阳光西北门西北50米,"125.311652,47.895280",[],黑龙江省,齐齐哈尔市,依安县,齐齐哈尔市
丽丽理容工作室(暂停营业),212省道与214省道交叉口东北20米,"125.365786,47.473625",[],黑龙江省,齐齐哈尔市,依安县,齐齐哈尔市
渴望美容美体养生会馆(世纪嘉园店),北新路76号世纪嘉园,"125.308014,47.897368",13100993222,黑龙江省,齐齐哈尔市,依安县,齐齐哈尔市
阿伟美容美发(齐齐哈尔梅里斯达斡尔族区),华丰路中段齐齐哈尔市工商行政管理局梅里斯分局附近,"123.754001,47.311558",[],黑龙江省,齐齐哈尔市,梅里斯达斡尔族区,齐齐哈尔市
蒂星造型工作室,梅里斯镇教委职工住宅3号楼00单元01层02号2,"123.751195,47.310786",15164646998,黑龙江省,齐齐哈尔市,梅里斯达斡尔族区,齐齐哈尔市
名流造型(育德家园店),育德家园东南门东北140米,"123.752355,47.311340",13136620723,黑龙江省,齐齐哈尔市,梅里斯达斡尔族区,齐齐哈尔市
雪艺美发,齐查公路与卧双公路交叉口西南120米,"123.992469,47.565997",[],黑龙江省,齐齐哈尔市,梅里斯达斡尔族区,齐齐哈尔市
珊珊发艺(育德家园店),育德家园东南门西南50米,"123.750934,47.310602",[],黑龙江省,齐齐哈尔市,梅里斯达斡尔族区,齐齐哈尔市
肤蓉阁美容美发会馆,齐查公路南100米,"123.999104,47.569007",15846225680,黑龙江省,齐齐哈尔市,梅里斯达斡尔族区,齐齐哈尔市
阿永发型工作室(育德家园店),华丰路与育德街交叉口西100米,"123.750605,47.310370",13836206149;15164622733,黑龙江省,齐齐哈尔市,梅里斯达斡尔族区,齐齐哈尔市
梅里斯达斡尔族区千诺发艺,梅里斯乡葛根格日一号楼,"123.748267,47.309339",[],黑龙江省,齐齐哈尔市,梅里斯达斡尔族区,齐齐哈尔市
星雨美发(华丰路店),华丰路与爱民街交汇处西南100米,"123.749749,47.309368",[],黑龙江省,齐齐哈尔市,梅里斯达斡尔族区,齐齐哈尔市
XUANZE选择私人发型定制会馆(育德家园店),育德家园,"123.752138,47.311249",[],黑龙江省,齐齐哈尔市,梅里斯达斡尔族区,齐齐哈尔市
丝丝美美容美发,098乡道东40米,"123.659763,47.328962",13945230822,黑龙江省,齐齐哈尔市,梅里斯达斡尔族区,齐齐哈尔市
丽丽美发,幸福家园六号楼,"123.754143,47.314999",15734528787,黑龙江省,齐齐哈尔市,梅里斯达斡尔族区,齐齐哈尔市
发缘地美发室,育新委教委2-711,"123.753479,47.311924",13514630730,黑龙江省,齐齐哈尔市,梅里斯达斡尔族区,齐齐哈尔市
开鑫发艺,铁柱农资经销处西侧,"123.609944,47.630379",[],黑龙江省,齐齐哈尔市,梅里斯达斡尔族区,齐齐哈尔市
鑫丝语烫染工作室,育德家园东南门东北70米,"123.751910,47.311103",[],黑龙江省,齐齐哈尔市,梅里斯达斡尔族区,齐齐哈尔市
隆兴美发,园丁2号楼,"123.753489,47.311919",[],黑龙江省,齐齐哈尔市,梅里斯达斡尔族区,齐齐哈尔市
玉玲美发空间,达呼店镇,"123.824024,47.529018",15645279597,黑龙江省,齐齐哈尔市,梅里斯达斡尔族区,齐齐哈尔市
剪名堂美发沙龙,齐查公路西50米,"123.907203,47.447209",[],黑龙江省,齐齐哈尔市,梅里斯达斡尔族区,齐齐哈尔市
源源美发,吉雅提格日幸福家园南区西南门东南150米,"123.755206,47.313156",18745234423,黑龙江省,齐齐哈尔市,梅里斯达斡尔族区,齐齐哈尔市
沙宣造型专业烫染机构(葛根格日店),葛根格日二号楼,"123.749078,47.309770",[],黑龙江省,齐齐哈尔市,梅里斯达斡尔族区,齐齐哈尔市
飘逸美发(育德街店),梅里斯达斡尔族区政府8号楼,"123.753260,47.310791",[],黑龙江省,齐齐哈尔市,梅里斯达斡尔族区,齐齐哈尔市
纤艺美发,107,"123.755791,47.313191",15663366431,黑龙江省,齐齐哈尔市,梅里斯达斡尔族区,齐齐哈尔市
魅力空间发型设计室(库克腾格日佳园店),库克腾格日佳园东南门东北90米,"123.746611,47.308430",[],黑龙江省,齐齐哈尔市,梅里斯达斡尔族区,齐齐哈尔市
首艺造型(华丰苑店),华丰大街华丰苑一期1号楼门市,"123.758946,47.314767",[],黑龙江省,齐齐哈尔市,梅里斯达斡尔族区,齐齐哈尔市
美尚造型,锦龙石化加油站西北侧220米,"123.821149,47.531597",[],黑龙江省,齐齐哈尔市,梅里斯达斡尔族区,齐齐哈尔市
金剪子发艺,雅尔塞镇齐查公路中国邮政北,"123.904855,47.448051",13946231273,黑龙江省,齐齐哈尔市,梅里斯达斡尔族区,齐齐哈尔市
新时代美发,094乡道西50米,"123.820979,47.531772",[],黑龙江省,齐齐哈尔市,梅里斯达斡尔族区,齐齐哈尔市
雅馨发艺,雅尔塞镇,"123.904481,47.447946",[],黑龙江省,齐齐哈尔市,梅里斯达斡尔族区,齐齐哈尔市
梦美丝美容美发,华丰大街园丁2号楼一层,"123.753805,47.312081",[],黑龙江省,齐齐哈尔市,梅里斯达斡尔族区,齐齐哈尔市
银座美发室,梅甘街与华丰路交叉口北100米,"123.759565,47.317077",13763568860,黑龙江省,齐齐哈尔市,梅里斯达斡尔族区,齐齐哈尔市
冰美人美发,卧牛吐镇东卧村,"124.004772,47.571303",[],黑龙江省,齐齐哈尔市,梅里斯达斡尔族区,齐齐哈尔市
枫叶造型(齐查公路店),雅尔塞镇,"123.905749,47.446863",[],黑龙江省,齐齐哈尔市,梅里斯达斡尔族区,齐齐哈尔市
黛维斯美发,兴梅街与华丰路交叉口东40米,"123.756011,47.312504",[],黑龙江省,齐齐哈尔市,梅里斯达斡尔族区,齐齐哈尔市
俏佳人美发沙龙(哈伦阁乐小区店),哈伦阁乐小区1号楼,"123.748455,47.308660",[],黑龙江省,齐齐哈尔市,梅里斯达斡尔族区,齐齐哈尔市
星玲美发,库克腾格日佳园东南门西南80米,"123.745325,47.307825",[],黑龙江省,齐齐哈尔市,梅里斯达斡尔族区,齐齐哈尔市
红宏美发,齐甘辅路西南侧,"123.777322,47.449711",[],黑龙江省,齐齐哈尔市,梅里斯达斡尔族区,齐齐哈尔市
从简美发工作室,094乡道与096乡道交叉口西40米,"123.824497,47.528600",[],黑龙江省,齐齐哈尔市,梅里斯达斡尔族区,齐齐哈尔市
靓点·美业,微笑物流东南侧170米,"123.822919,47.530309",[],黑龙江省,齐齐哈尔市,梅里斯达斡尔族区,齐齐哈尔市
新天地美发,共和镇共和村096乡道,"123.685579,47.450165",[],黑龙江省,齐齐哈尔市,梅里斯达斡尔族区,齐齐哈尔市
贵族烫染专业店,094乡道与102乡道交叉口东南200米,"123.762441,47.644074",[],黑龙江省,齐齐哈尔市,梅里斯达斡尔族区,齐齐哈尔市
元满·nail预约制美甲工作室,富源安居小区西南2门旁,"123.750875,47.313838",15132234005;19013635006,黑龙江省,齐齐哈尔市,梅里斯达斡尔族区,齐齐哈尔市
剪精剪发艺(鑫鑫嘉园三期店),富裕镇鑫鑫三期三十号楼二号,"124.468325,47.783216",[],黑龙江省,齐齐哈尔市,富裕县,齐齐哈尔市
创美空间美发沙龙,酒厂家属楼,"124.467645,47.794251",0452-3124246,黑龙江省,齐齐哈尔市,富裕县,齐齐哈尔市
李欢烫染形象会馆,佳合二期西门市,"124.466915,47.792184",0452-3040030;13634520582,黑龙江省,齐齐哈尔市,富裕县,齐齐哈尔市
木尚造型,振兴开发1号楼木尚造型,"124.470532,47.794123",15045249804,黑龙江省,齐齐哈尔市,富裕县,齐齐哈尔市
潮艺造型发型设计室(南一道路店),中心步行街,"124.470411,47.793855",15602331110,黑龙江省,齐齐哈尔市,富裕县,齐齐哈尔市
情人造型美场,富裕镇新华街1号富运嘉园东区5号楼,"124.470755,47.789668",[],黑龙江省,齐齐哈尔市,富裕县,齐齐哈尔市
唯一美业(海华购物中心店),富裕镇朝阳路海华购物中心西门对面,"124.468790,47.795694",13263529997,黑龙江省,齐齐哈尔市,富裕县,齐齐哈尔市
皮特烫染形象会馆,佳合丽景西南门西60米,"124.467906,47.790794",14745863213,黑龙江省,齐齐哈尔市,富裕县,齐齐哈尔市
摩发丝烫染,富裕镇北一道街金裕小区1号楼,"124.472531,47.798061",[],黑龙江省,齐齐哈尔市,富裕县,齐齐哈尔市
艺轩美发工作室,西顺街与站前路交叉口西北60米,"124.458967,47.797520",13504822610,黑龙江省,齐齐哈尔市,富裕县,齐齐哈尔市
清丝雨烫染会所,南一道路与新华街交叉口东80米,"124.468612,47.794462",[],黑龙江省,齐齐哈尔市,富裕县,齐齐哈尔市
一剪钟情美发工作室,南一道路与新华街交叉口西北40米,"124.466953,47.794727",[],黑龙江省,齐齐哈尔市,富裕县,齐齐哈尔市
聚点美发工作室,新华街与南三道路交叉口南160米,"124.465991,47.789416",[],黑龙江省,齐齐哈尔市,富裕县,齐齐哈尔市
天艺美发,塞纳豪庭12号楼00单元01层06号,"124.472029,47.788009",18245081308,黑龙江省,齐齐哈尔市,富裕县,齐齐哈尔市
审美空间(南二道路店),佳合丽景北门东130米,"124.469102,47.792277",[],黑龙江省,齐齐哈尔市,富裕县,齐齐哈尔市
金剪子烫染工作室(鑫鑫嘉园三期店),富裕镇鑫鑫三期10号楼,"124.466350,47.781997",15174602140,黑龙江省,齐齐哈尔市,富裕县,齐齐哈尔市
大飞烫染工作室,南三道路与中心大街交叉口东40米,"124.472113,47.790355",[],黑龙江省,齐齐哈尔市,富裕县,齐齐哈尔市
阿杨造型,富裕镇双龙宾馆对面,"124.472950,47.793938",13803633744,黑龙江省,齐齐哈尔市,富裕县,齐齐哈尔市
初享发型工作室(鑫鑫嘉园三期店),鑫鑫三期30号楼104门市,"124.467998,47.783262",18746504232,黑龙江省,齐齐哈尔市,富裕县,齐齐哈尔市
郑阳美业,邮政家属楼一楼6号,"124.471649,47.794035",[],黑龙江省,齐齐哈尔市,富裕县,齐齐哈尔市
小月美业,富裕县步行街糖果屋旁小月美业,"124.469816,47.794298",18746847287,黑龙江省,齐齐哈尔市,富裕县,齐齐哈尔市
晓蕾美发工作室,鑫鑫嘉园三期,"124.466674,47.783435",[],黑龙江省,齐齐哈尔市,富裕县,齐齐哈尔市
短发故事(步行街店),中心步行街,"124.467839,47.794267",18245219944,黑龙江省,齐齐哈尔市,富裕县,齐齐哈尔市
鑫丝美发艺,塔哈卫生院对面,"124.223341,47.557552",15734627654;18246268838,黑龙江省,齐齐哈尔市,富裕县,齐齐哈尔市
阿信顶级美发会所,中心步行街,"124.468115,47.794563",15214445715,黑龙江省,齐齐哈尔市,富裕县,齐齐哈尔市
顶尚美发工作室(佳合新城C区店),佳合新城C区北门旁,"124.452521,47.794432",15845732899,黑龙江省,齐齐哈尔市,富裕县,齐齐哈尔市
美扬发型工作室(鑫鑫嘉园三期店),鑫鑫三期26号楼7门市,"124.466260,47.782281",13796306993,黑龙江省,齐齐哈尔市,富裕县,齐齐哈尔市
沐阳美业(鑫鑫嘉园三期店),鑫鑫三期6号门市,"124.467032,47.782364",17645238434,黑龙江省,齐齐哈尔市,富裕县,齐齐哈尔市
弥尚科技美业(黑龙江省齐齐哈尔市富裕县万和帝景店),松鹤路与公安街交叉口西200米,"124.472875,47.785975",[],黑龙江省,齐齐哈尔市,富裕县,齐齐哈尔市
淑波美发,中心大街与北一道路交叉口西南100米,"124.473365,47.797296",[],黑龙江省,齐齐哈尔市,富裕县,齐齐哈尔市
旭艺美发,世纪名苑北门西230米,"124.473519,47.793675",[],黑龙江省,齐齐哈尔市,富裕县,齐齐哈尔市
阿叁造型(新华街店),富裕镇步行街百花园商服楼,"124.468175,47.794560",13796326235,黑龙江省,齐齐哈尔市,富裕县,齐齐哈尔市
丽娜发艺(鑫鑫嘉园三期店),鑫鑫三期南区10号楼商服101,"124.466681,47.781889",[],黑龙江省,齐齐哈尔市,富裕县,齐齐哈尔市
自由空间(富运嘉园北区店),富运嘉园北区,"124.465187,47.794665",15546266609,黑龙江省,齐齐哈尔市,富裕县,齐齐哈尔市
新感觉美发,中国邮政(繁荣邮政支局)西南侧,"124.609736,47.390948",[],黑龙江省,齐齐哈尔市,富裕县,齐齐哈尔市
魅嘟烫染(塞纳豪庭店),万和·帝景北门东南60米,"124.473882,47.785794",13796262657,黑龙江省,齐齐哈尔市,富裕县,齐齐哈尔市
本色烫染造型(中心大街店),富裕镇鑫鑫嘉园2期,"124.469967,47.780675",13604875945,黑龙江省,齐齐哈尔市,富裕县,齐齐哈尔市
松磊烫染造型,塞纳豪庭23号楼104门市,"124.472133,47.786642",18545208317,黑龙江省,齐齐哈尔市,富裕县,齐齐哈尔市
郭先生理发馆(佳合丽景店),佳合丽景北门东170米,"124.469418,47.792235",18746266656,黑龙江省,齐齐哈尔市,富裕县,齐齐哈尔市
阿可名发(塞纳豪庭店),塞纳豪庭,"124.474918,47.789521",[],黑龙江省,齐齐哈尔市,富裕县,齐齐哈尔市
酷发艺(佳合丽景店),富裕镇嘉禾二期14号楼,"124.470419,47.792065",[],黑龙江省,齐齐哈尔市,富裕县,齐齐哈尔市
相约美发(鑫鑫嘉园三期店),鑫鑫嘉园三期,"124.467819,47.782051",18746265508,黑龙江省,齐齐哈尔市,富裕县,齐齐哈尔市
梦廊专业烫染,富裕镇金佰利对面,"124.467686,47.796568",14745863579,黑龙江省,齐齐哈尔市,富裕县,齐齐哈尔市
高森发艺私人订制,南三道路与新华街交叉口,"124.466823,47.790530",15636259867,黑龙江省,齐齐哈尔市,富裕县,齐齐哈尔市
玉娇发廊,富裕镇金佰利北,"124.468440,47.798098",13796325188,黑龙江省,齐齐哈尔市,富裕县,齐齐哈尔市
创格美发造型工作室,镇三街水利一处综合楼,"124.472084,47.793659",18182822236,黑龙江省,齐齐哈尔市,富裕县,齐齐哈尔市
首选美发沙龙,朝阳路与中心大街交叉口西180米,"124.471146,47.796859",15845690620,黑龙江省,齐齐哈尔市,富裕县,齐齐哈尔市
海岩烫染品质店(海华购物中心店),朝阳路11号海华购物中心F1,"124.470376,47.795518",15946273492,黑龙江省,齐齐哈尔市,富裕县,齐齐哈尔市
发丝缘剪业,禧源泉洗浴公馆(海华购物广场东北),"124.471599,47.797509",13206518700,黑龙江省,齐齐哈尔市,富裕县,齐齐哈尔市
剪绎发艺工坊,南三道路与新华街交叉口东100米,"124.467535,47.790465",13304820259,黑龙江省,齐齐哈尔市,富裕县,齐齐哈尔市
标榜剪业,朝阳路与新华街交叉口西80米,"124.467202,47.796673",15645270666;18245246091,黑龙江省,齐齐哈尔市,富裕县,齐齐哈尔市
小辉发艺,朝阳路68号,"124.470950,47.796914",18946221918,黑龙江省,齐齐哈尔市,富裕县,齐齐哈尔市
二丽美业,新华街与南二道路交叉口西南40米,"124.466397,47.792395",[],黑龙江省,齐齐哈尔市,富裕县,齐齐哈尔市
雪飞美发,中心大街与南一道路交叉口西南100米,"124.471768,47.793043",[],黑龙江省,齐齐哈尔市,富裕县,齐齐哈尔市
成美瑄发艺(鑫鑫嘉园三期店),富裕镇中心大街鑫鑫三期售楼处南侧2号,"124.467692,47.782122",[],黑龙江省,齐齐哈尔市,富裕县,齐齐哈尔市
发觉美发工作室,南二道路与中心大街交叉口西80米,"124.471085,47.792319",[],黑龙江省,齐齐哈尔市,富裕县,齐齐哈尔市
轩逸造型工作室(佳合丽景店),佳合丽景西南门东120米,"124.469581,47.790665",[],黑龙江省,齐齐哈尔市,富裕县,齐齐哈尔市
亚细亚美发,富裕镇朝阳路,"124.465575,47.797013",13514629686,黑龙江省,齐齐哈尔市,富裕县,齐齐哈尔市
匠人染烫造型,富裕镇金佰利南门,"124.467395,47.796611",[],黑龙江省,齐齐哈尔市,富裕县,齐齐哈尔市
雪美发会所,电业小区对面雪美发会所,"124.467491,47.793796",[],黑龙江省,齐齐哈尔市,富裕县,齐齐哈尔市
剪艺人生,塔哈乡卫生院(111国道西),"124.224225,47.557125",15145318860,黑龙江省,齐齐哈尔市,富裕县,齐齐哈尔市
五贝子植物染发店,新华街与南二道路交叉口东北40米,"124.467183,47.793141",[],黑龙江省,齐齐哈尔市,富裕县,齐齐哈尔市
百度沸点烫染美发沙龙(海华购物中心店),富裕镇步行街中间胡同,"124.470372,47.794631",15245232425,黑龙江省,齐齐哈尔市,富裕县,齐齐哈尔市
木尚理发店,畜牧局家属楼1号门市,"124.471809,47.793041",15045249804,黑龙江省,齐齐哈尔市,富裕县,齐齐哈尔市
银尚造型(育星小区店),育星小区南门旁,"124.466538,47.797301",18945231661,黑龙江省,齐齐哈尔市,富裕县,齐齐哈尔市
首艺造型(新华街店),朝阳路11号海华购物中心F1,"124.469008,47.795821",[],黑龙江省,齐齐哈尔市,富裕县,齐齐哈尔市
喜理美发工作室,富隆开发楼喜理美发工作室,"124.471370,47.792243",18182824328,黑龙江省,齐齐哈尔市,富裕县,齐齐哈尔市
零点美发,新华街与朝阳路交叉口南120米,"124.468405,47.795745",[],黑龙江省,齐齐哈尔市,富裕县,齐齐哈尔市
艺剪尚人,中心大街万和帝景,"124.469960,47.784631",[],黑龙江省,齐齐哈尔市,富裕县,齐齐哈尔市
顶美秀场发型设计工作室,佳合丽景2期,"124.467089,47.790794",15174607288,黑龙江省,齐齐哈尔市,富裕县,齐齐哈尔市
温馨发艺,龙安桥镇超越饭店对面,"124.449145,47.525359",13054315655,黑龙江省,齐齐哈尔市,富裕县,齐齐哈尔市
波浪湾大飞发型工作室(鑫鑫嘉园三期店),鑫鑫嘉园三期,"124.467826,47.782142",[],黑龙江省,齐齐哈尔市,富裕县,齐齐哈尔市
名流发艺工作室(中心大街店),鑫鑫嘉园三期,"124.467205,47.782373",[],黑龙江省,齐齐哈尔市,富裕县,齐齐哈尔市
创意美发,武装部门市8号创意美发,"124.473245,47.794703",15845734699;15845734880,黑龙江省,齐齐哈尔市,富裕县,齐齐哈尔市
潮风浪美发造型工作室,中心大街与仁和路交叉口东北60米,"124.470153,47.780259",18245246783,黑龙江省,齐齐哈尔市,富裕县,齐齐哈尔市
二人组造型,富裕镇新华书店北侧,"124.473771,47.796309",[],黑龙江省,齐齐哈尔市,富裕县,齐齐哈尔市
丝语发艺(中心大街店),中心大街万和帝景,"124.470433,47.784657",[],黑龙江省,齐齐哈尔市,富裕县,齐齐哈尔市
美佳发艺,新华街与朝阳路交叉口东北60米,"124.468664,47.797304",[],黑龙江省,齐齐哈尔市,富裕县,齐齐哈尔市
格色枫美发(格林小镇店),格林小镇北1门东160米,"124.469161,47.777548",[],黑龙江省,齐齐哈尔市,富裕县,齐齐哈尔市
千丝发型工作室,南一道路与中心大街交叉口西180米,"124.470541,47.794205",18246264252,黑龙江省,齐齐哈尔市,富裕县,齐齐哈尔市
剪约美发(鑫鑫嘉园三期店),富裕镇鑫鑫三期24号楼第6号门市房,"124.465081,47.782126",[],黑龙江省,齐齐哈尔市,富裕县,齐齐哈尔市
明美发艺造型会馆,公安街与仁和路交叉口东北320米,"124.473687,47.782719",[],黑龙江省,齐齐哈尔市,富裕县,齐齐哈尔市
娟娟发型屋(南国之春店),府右街与右街交叉口东北100米,"124.471651,47.776905",[],黑龙江省,齐齐哈尔市,富裕县,齐齐哈尔市
亚芳美发(南四小区店),南四小区南门西50米,"124.467222,47.787262",13614624377,黑龙江省,齐齐哈尔市,富裕县,齐齐哈尔市
1号发型工作室,法院综合楼2号,"124.472325,47.792325",16646227789,黑龙江省,齐齐哈尔市,富裕县,齐齐哈尔市
奈丝美发工作室,南一道路与新华街交叉口东80米,"124.468520,47.794188",[],黑龙江省,齐齐哈尔市,富裕县,齐齐哈尔市
古贝剪业,南一道路与中心大街交叉口西180米,"124.470410,47.794408",[],黑龙江省,齐齐哈尔市,富裕县,齐齐哈尔市
美佳发艺分店,曙光购物广场2号楼,"124.468996,47.799914",[],黑龙江省,齐齐哈尔市,富裕县,齐齐哈尔市
贺岩美发沙龙,富裕镇世纪名苑三期三号楼底商,"124.476488,47.793282",13651024789;16645775550,黑龙江省,齐齐哈尔市,富裕县,齐齐哈尔市
起点发艺,老财政局一楼起点发艺,"124.475134,47.800383",18745239454,黑龙江省,齐齐哈尔市,富裕县,齐齐哈尔市
阿刚美发,南二道路与中心大街交叉口东60米,"124.472931,47.791992",18249528402,黑龙江省,齐齐哈尔市,富裕县,齐齐哈尔市
新美美发工作室,新华街与北一道路交叉口北60米,"124.468859,47.799287",[],黑龙江省,齐齐哈尔市,富裕县,齐齐哈尔市
时尚理容,南一道路与中心大街交叉口西60米,"124.471463,47.793782",0452-8908091,黑龙江省,齐齐哈尔市,富裕县,齐齐哈尔市
卡罗美发(鑫鑫嘉园三期店),富裕镇鑫鑫三期十七号楼,"124.464704,47.782118",[],黑龙江省,齐齐哈尔市,富裕县,齐齐哈尔市
润泽美发工作室,信德华府北门西90米,"124.476961,47.797385",[],黑龙江省,齐齐哈尔市,富裕县,齐齐哈尔市
雨欣造型工作室,万和帝景一号楼门市104门北室,"124.469486,47.783401",13796279684,黑龙江省,齐齐哈尔市,富裕县,齐齐哈尔市
昌晟发廊,富裕县一中北50米,"124.461533,47.810148",[],黑龙江省,齐齐哈尔市,富裕县,齐齐哈尔市
红霞发艺,水利医院北侧,"124.465095,47.786912",[],黑龙江省,齐齐哈尔市,富裕县,齐齐哈尔市
11XIAOYU男士理发馆,鑫鑫五期南门东边第四家,"124.465805,47.783916",16664521444;18782434334,黑龙江省,齐齐哈尔市,富裕县,齐齐哈尔市
发舞台剪业(世纪名苑1期店),世纪名苑北门东70米,"124.476105,47.793062",[],黑龙江省,齐齐哈尔市,富裕县,齐齐哈尔市
一美发艺(佳合新城店),佳合新城B区南门旁,"124.452929,47.794830",[],黑龙江省,齐齐哈尔市,富裕县,齐齐哈尔市
小颖美发(塞纳豪庭店),塞纳豪庭东北门旁,"124.476320,47.788936",13144576896,黑龙江省,齐齐哈尔市,富裕县,齐齐哈尔市
阿隆发艺(塞纳豪庭店),塞纳豪庭东门旁,"124.475990,47.788527",15146669633,黑龙江省,齐齐哈尔市,富裕县,齐齐哈尔市
拥军路理发店,拥军街与朝阳大街交叉口北240米,"124.488228,47.795841",[],黑龙江省,齐齐哈尔市,富裕县,齐齐哈尔市
窦雷造型工作室,鑫鑫嘉园三期,"124.466375,47.782025",[],黑龙江省,齐齐哈尔市,富裕县,齐齐哈尔市
尚流美发,友谊路与仁和路交叉口南120米,"124.464825,47.778025",[],黑龙江省,齐齐哈尔市,富裕县,齐齐哈尔市
新特美发,东海餐厅北侧100米,"124.224675,47.556675",[],黑龙江省,齐齐哈尔市,富裕县,齐齐哈尔市
剪美烫染造型(万和·帝景店),公安街与松鹤路交叉口西南200米,"124.473735,47.784483",[],黑龙江省,齐齐哈尔市,富裕县,齐齐哈尔市
非凡造型,明阳小区东侧160米,"124.562871,47.458209",[],黑龙江省,齐齐哈尔市,富裕县,齐齐哈尔市
沫朵造型,新华街与南一道路交叉口南60米,"124.467505,47.793892",[],黑龙江省,齐齐哈尔市,富裕县,齐齐哈尔市
剃头匠,家馨快捷宾馆西门西南110米,"124.454505,47.791653",[],黑龙江省,齐齐哈尔市,富裕县,齐齐哈尔市
白宇造型(塞纳豪庭店),富裕镇塞纳豪庭47号楼门市,"124.475362,47.789594",[],黑龙江省,齐齐哈尔市,富裕县,齐齐哈尔市
久久红美发,309省道与人和大街交叉口东40米,"124.685499,47.645188",[],黑龙江省,齐齐哈尔市,富裕县,齐齐哈尔市
创美剪吧,龙安路与政府街交叉口东北20米,"124.449575,47.525600",[],黑龙江省,齐齐哈尔市,富裕县,齐齐哈尔市
一剪天下(金色华庭店),金色华庭西南门旁,"124.479229,47.792856",[],黑龙江省,齐齐哈尔市,富裕县,齐齐哈尔市
尚美理发(塞纳豪庭店),塞纳豪庭,"124.472523,47.788378",[],黑龙江省,齐齐哈尔市,富裕县,齐齐哈尔市
小角色剪吧,青年路与231国道交叉口东80米,"124.539186,47.961643",[],黑龙江省,齐齐哈尔市,富裕县,齐齐哈尔市
至尊美发,人和大街与富泉路交叉口东南60米,"124.684380,47.648033",[],黑龙江省,齐齐哈尔市,富裕县,齐齐哈尔市
鑫玉娇发廊,兴达街与街基路交叉口东北60米,"124.462633,47.811523",[],黑龙江省,齐齐哈尔市,富裕县,齐齐哈尔市
帝美发艺(万和·帝景店),万和·帝景西门西南110米,"124.470107,47.785062",[],黑龙江省,齐齐哈尔市,富裕县,齐齐哈尔市
天天发廊,010乡道与305省道交叉口北60米,"124.859803,47.869960",[],黑龙江省,齐齐哈尔市,富裕县,齐齐哈尔市
爱丽丝美发(齐北公路店),吉祥名苑宾馆西北(005乡道西),"124.859559,47.869986",[],黑龙江省,齐齐哈尔市,富裕县,齐齐哈尔市
红娟发艺,010乡道与305省道交叉口西北20米,"124.859550,47.869549",[],黑龙江省,齐齐哈尔市,富裕县,齐齐哈尔市
大众美发(万和·帝景店),万和·帝景东门旁,"124.474367,47.782991",[],黑龙江省,齐齐哈尔市,富裕县,齐齐哈尔市
真美发艺,富裕镇中心大街移动大厅对面,"124.470696,47.787080",[],黑龙江省,齐齐哈尔市,富裕县,齐齐哈尔市
玉娇容美发烫染,南一道路与中心大街交叉口西80米,"124.471604,47.793731",[],黑龙江省,齐齐哈尔市,富裕县,齐齐哈尔市
淑波美发(福祥居公寓店),富裕镇教委对面,"124.475456,47.801345",[],黑龙江省,齐齐哈尔市,富裕县,齐齐哈尔市
佳丽发艺,西顺街与站前路交叉口南40米,"124.459138,47.796507",[],黑龙江省,齐齐哈尔市,富裕县,齐齐哈尔市
如意美发,富裕镇铁西中医院北,"124.455327,47.793941",[],黑龙江省,齐齐哈尔市,富裕县,齐齐哈尔市
顶剪美发,富裕镇宁年街与通江路交叉口南,"124.455359,47.793951",[],黑龙江省,齐齐哈尔市,富裕县,齐齐哈尔市
明星发屋(世纪名苑3期店),世纪名苑3期西南门东南50米,"124.474138,47.793602",[],黑龙江省,齐齐哈尔市,富裕县,齐齐哈尔市
赛维丝理容(新国税小区店),房产小区南门旁,"124.472081,47.798462",[],黑龙江省,齐齐哈尔市,富裕县,齐齐哈尔市
艺梦美容工作室,中心大街与南一道路交叉口东北40米,"124.472969,47.793979",[],黑龙江省,齐齐哈尔市,富裕县,齐齐哈尔市
1994美甲美睫工作室,富裕镇三街原交警队办公楼,"124.467354,47.792749",15845786979,黑龙江省,齐齐哈尔市,富裕县,齐齐哈尔市
秋波儿工作室,新华街与朝阳路交叉口西南40米,"124.467775,47.796525",[],黑龙江省,齐齐哈尔市,富裕县,齐齐哈尔市
宋微美甲工作室(海华购物中心店),南一道路与新华街交叉口东220米,"124.470293,47.795138",[],黑龙江省,齐齐哈尔市,富裕县,齐齐哈尔市
指间缘美甲工作室,富裕镇曙光市场东门,"124.471122,47.796796",[],黑龙江省,齐齐哈尔市,富裕县,齐齐哈尔市
囍悦美学设计,佳合丽景西南门西110米,"124.467525,47.790875",18104527171,黑龙江省,齐齐哈尔市,富裕县,齐齐哈尔市
聂爽眉形设计店,富裕镇四街振兴3号楼00单元01层9,"124.473366,47.798288",[],黑龙江省,齐齐哈尔市,富裕县,齐齐哈尔市
沙宣美发,繁荣路世纪广场对面,"122.891280,47.516039",[],黑龙江省,齐齐哈尔市,碾子山区,齐齐哈尔市
美神发艺(山麓小区店),山麓小区2号楼,"122.890181,47.519756",0452-6678188,黑龙江省,齐齐哈尔市,碾子山区,齐齐哈尔市
理享造型,繁荣路39号,"122.894793,47.515422",18946275564,黑龙江省,齐齐哈尔市,碾子山区,齐齐哈尔市
飘柔发屋(富强路店),富强路与站北街交叉口东80米,"122.886527,47.519185",15546274488,黑龙江省,齐齐哈尔市,碾子山区,齐齐哈尔市
一剪钟情发艺,华兴街与富强路交叉口西北20米,"122.894721,47.517090",13945294408,黑龙江省,齐齐哈尔市,碾子山区,齐齐哈尔市
赢发艺,华兴街与富强路交叉口西50米,"122.894391,47.517162",13763526342,黑龙江省,齐齐哈尔市,碾子山区,齐齐哈尔市
晓萍头领发型沙龙,富强路与站北街交叉口东120米,"122.886862,47.519105",[],黑龙江省,齐齐哈尔市,碾子山区,齐齐哈尔市
晓芳美发(山城花园店),中兴街与富强路交叉口北80米,"122.889889,47.518768",[],黑龙江省,齐齐哈尔市,碾子山区,齐齐哈尔市
时尚发艺,站北街与富强路交叉口东40米,"122.885862,47.519349",[],黑龙江省,齐齐哈尔市,碾子山区,齐齐哈尔市
靓典发艺,富强路与中兴街交叉口东120米,"122.891171,47.517960",[],黑龙江省,齐齐哈尔市,碾子山区,齐齐哈尔市
珀菲美发店,华兴街与富强路交叉口西北20米,"122.894754,47.517087",[],黑龙江省,齐齐哈尔市,碾子山区,齐齐哈尔市
王芳发廊,东安街道世纪园,"122.894414,47.516510",[],黑龙江省,齐齐哈尔市,碾子山区,齐齐哈尔市
氧发堂天然植物染发(站北街),富强街道站北街55号,"122.883980,47.517190",15845618810,黑龙江省,齐齐哈尔市,碾子山区,齐齐哈尔市
慕颜美发,富强路256号,"122.887521,47.518486",15845610336,黑龙江省,齐齐哈尔市,碾子山区,齐齐哈尔市
浪波湾发艺空间(中兴街店),山城花园9号楼9号,"122.891869,47.521307",[],黑龙江省,齐齐哈尔市,碾子山区,齐齐哈尔市
美玲美发,富强路与站北街交叉口东120米,"122.886767,47.518733",[],黑龙江省,齐齐哈尔市,碾子山区,齐齐哈尔市
晓彤美发(鑫园小区西区店),鑫源小区19号楼一层,"122.876898,47.519409",[],黑龙江省,齐齐哈尔市,碾子山区,齐齐哈尔市
绿世界美容美发,富强街道北疆老豆腐对面,"122.886770,47.519127",[],黑龙江省,齐齐哈尔市,碾子山区,齐齐哈尔市
勤勉发型工作室,富强路与站北街交叉口西北60米,"122.888439,47.517810",[],黑龙江省,齐齐哈尔市,碾子山区,齐齐哈尔市
发丝缘发艺,繁荣里1栋,"122.892312,47.517687",[],黑龙江省,齐齐哈尔市,碾子山区,齐齐哈尔市
匠简造型,碾子山区医药楼,"122.890787,47.516236",15546239272,黑龙江省,齐齐哈尔市,碾子山区,齐齐哈尔市
美佳美发屋,富强路与站北街交叉口东180米,"122.887441,47.518523",15845610336,黑龙江省,齐齐哈尔市,碾子山区,齐齐哈尔市
精剪坊(富强路店),富强路与华兴街交叉口西北100米,"122.893878,47.517450",[],黑龙江省,齐齐哈尔市,碾子山区,齐齐哈尔市
霸王花发廊,碾子山华盛小区11栋底商,"122.898889,47.513964",15845217202,黑龙江省,齐齐哈尔市,碾子山区,齐齐哈尔市
鸿颜美发室,富强街,"122.885390,47.518795",[],黑龙江省,齐齐哈尔市,碾子山区,齐齐哈尔市
银典美发(益璟豪庭店),益璟豪庭,"122.885202,47.511208",[],黑龙江省,齐齐哈尔市,碾子山区,齐齐哈尔市
综合理发厅,中兴街与繁荣路交叉口南100米,"122.888693,47.515924",13514638281;13846272631,黑龙江省,齐齐哈尔市,碾子山区,齐齐哈尔市
繁星发艺,富强路与华兴街交叉口西北100米,"122.893902,47.517444",[],黑龙江省,齐齐哈尔市,碾子山区,齐齐哈尔市
大汉蓝妍,中兴街与繁荣路交叉口南80米,"122.888884,47.516119",[],黑龙江省,齐齐哈尔市,碾子山区,齐齐哈尔市
影星发廊,华兴街与向华路交叉口西南40米,"122.895085,47.517416",[],黑龙江省,齐齐哈尔市,碾子山区,齐齐哈尔市
琦琦美发,春华园7号楼23号楼,"122.895186,47.515219",13763595644,黑龙江省,齐齐哈尔市,碾子山区,齐齐哈尔市
晓丹发屋,繁荣路与华安街交叉口西100米,"122.899755,47.513931",[],黑龙江省,齐齐哈尔市,碾子山区,齐齐哈尔市
丽丝发廊,繁荣路与华新街交叉口西北40米,"122.897285,47.514197",[],黑龙江省,齐齐哈尔市,碾子山区,齐齐哈尔市
宝典美发店,百树园东南门东90米,"122.889929,47.510565",[],黑龙江省,齐齐哈尔市,碾子山区,齐齐哈尔市
森淼发艺,跃进4委3组,"122.885725,47.507165",[],黑龙江省,齐齐哈尔市,碾子山区,齐齐哈尔市
小宝美发(百树园店),跃进街道百树园七号楼,"122.888809,47.511721",[],黑龙江省,齐齐哈尔市,碾子山区,齐齐哈尔市
雅丽美发,富强路与中兴街交叉口西160米,"122.887675,47.518475",[],黑龙江省,齐齐哈尔市,碾子山区,齐齐哈尔市
小玲美发,中兴街与富强路交叉口西北220米,"122.888675,47.520025",[],黑龙江省,齐齐哈尔市,碾子山区,齐齐哈尔市
风格发艺美甲美睫,富强路与跃进街交叉口西40米,"122.879938,47.520362",[],黑龙江省,齐齐哈尔市,碾子山区,齐齐哈尔市
威娜发屋,佳缘花园小区3号楼1层5号,"122.876020,47.520222",[],黑龙江省,齐齐哈尔市,碾子山区,齐齐哈尔市
糖丁美容工作室(美甲美睫),佳缘小区7号楼,"122.882174,47.518579",13100928063,黑龙江省,齐齐哈尔市,碾子山区,齐齐哈尔市
遇见·美容工作室,富强路与前进街交叉口东140米,"122.877857,47.520962",[],黑龙江省,齐齐哈尔市,碾子山区,齐齐哈尔市
美美工作室,中兴街与繁荣路交叉口北40米,"122.888862,47.517051",[],黑龙江省,齐齐哈尔市,碾子山区,齐齐哈尔市
静媛养生馆,春华园小区9号楼一层六室,"122.895555,47.515526",[],黑龙江省,齐齐哈尔市,碾子山区,齐齐哈尔市
肖廊造型旗舰店(富拉尔基店),华夏四期六号商服,"123.634051,47.209774",15765077717,黑龙江省,齐齐哈尔市,富拉尔基区,齐齐哈尔市
鑫磊美发店,沿江街道春阳街轻工市场小2楼南26号,"123.646194,47.205364",13763597668,黑龙江省,齐齐哈尔市,富拉尔基区,齐齐哈尔市
艾美国际轻奢沙龙(总店),华夏4期2号商服,"123.633971,47.209692",0452-6888863,黑龙江省,齐齐哈尔市,富拉尔基区,齐齐哈尔市
创意空间(和平路店),和平大街103号底商,"123.644342,47.204227",[],黑龙江省,齐齐哈尔市,富拉尔基区,齐齐哈尔市
风尚造型,富强小区南门旁,"123.637255,47.203737",15845222219,黑龙江省,齐齐哈尔市,富拉尔基区,齐齐哈尔市
晓红美发,宏光小区西南门旁,"123.623585,47.212332",0452-6712647;0452-6810452,黑龙江省,齐齐哈尔市,富拉尔基区,齐齐哈尔市
理享阿龙美发工作室,和平路109号,"123.634627,47.207634",13314620078;18745240585,黑龙江省,齐齐哈尔市,富拉尔基区,齐齐哈尔市
百加百发型设计(火力小区店),火力小区4号楼,"123.644022,47.202676",13796853638,黑龙江省,齐齐哈尔市,富拉尔基区,齐齐哈尔市
地壹造型(百合家园店),春阳街与新华路交叉口南20米,"123.648212,47.206274",[],黑龙江省,齐齐哈尔市,富拉尔基区,齐齐哈尔市
流行密码造型(建华西街),金茂花园a座,"123.615350,47.214408",13836271243,黑龙江省,齐齐哈尔市,富拉尔基区,齐齐哈尔市
海龙造型(齐齐哈尔富拉尔基区),新华路百合小区7栋8号,"123.649515,47.207527",13763567500,黑龙江省,齐齐哈尔市,富拉尔基区,齐齐哈尔市
杜亮造型,红岸街道富强小区11号楼,"123.637040,47.205271",15845227737,黑龙江省,齐齐哈尔市,富拉尔基区,齐齐哈尔市
朋克造型国际烫染会所,富拉尔基铁西8街区1栋,"123.622497,47.212731",[],黑龙江省,齐齐哈尔市,富拉尔基区,齐齐哈尔市
齐齐哈尔富拉尔基区喜理造型工作室(向阳小区店),园丁小区6号楼1层19号商服,"123.647613,47.199512",15145269857,黑龙江省,齐齐哈尔市,富拉尔基区,齐齐哈尔市
明星制造发型设计,红岸办事处步行街西街66号,"123.643143,47.200470",18903627744,黑龙江省,齐齐哈尔市,富拉尔基区,齐齐哈尔市
华宇美发(火力小区店),火力小区东南门旁,"123.644218,47.201826",15946517006,黑龙江省,齐齐哈尔市,富拉尔基区,齐齐哈尔市
阿木美发室,和平路119-10号附近,"123.634136,47.207819",15845621181,黑龙江省,齐齐哈尔市,富拉尔基区,齐齐哈尔市
特别特专业烫染,生力小区2号楼,"123.641336,47.206984",15946239309,黑龙江省,齐齐哈尔市,富拉尔基区,齐齐哈尔市
小磊美业(燕北新华园店),新华路50号燕北新华园5号楼,"123.647527,47.205278",13029747073,黑龙江省,齐齐哈尔市,富拉尔基区,齐齐哈尔市
炫彩美发,铁北街道甲区三栋,"123.655610,47.212288",13604614768,黑龙江省,齐齐哈尔市,富拉尔基区,齐齐哈尔市
小春美发,红岸办事处新富强小区1号楼00单元01层16号,"123.636469,47.204583",[],黑龙江省,齐齐哈尔市,富拉尔基区,齐齐哈尔市
欣琦特美发设计(宏光小区店),铁西宏光小区16栋19号,"123.624319,47.214704",[],黑龙江省,齐齐哈尔市,富拉尔基区,齐齐哈尔市
初见美发,铁西八街区2栋1单1楼1门,"123.621567,47.212839",13846273286,黑龙江省,齐齐哈尔市,富拉尔基区,齐齐哈尔市
搜秀港发型设计室,华厦光明小区东南1门旁,"123.633785,47.209623",13514649151,黑龙江省,齐齐哈尔市,富拉尔基区,齐齐哈尔市
微风美发工作室,和平路159号,"123.634118,47.208510",13045227221,黑龙江省,齐齐哈尔市,富拉尔基区,齐齐哈尔市
拾光美发美睫美甲护肤,红缘购物南100米,"123.639711,47.202939",13234606861,黑龙江省,齐齐哈尔市,富拉尔基区,齐齐哈尔市
敏师傅美发,龙江路与红岸大街交叉口西北120米,"123.639515,47.204571",18946262660,黑龙江省,齐齐哈尔市,富拉尔基区,齐齐哈尔市
妙剪美发,春阳街与富江路交叉口西南100米,"123.643575,47.200148",13845293306,黑龙江省,齐齐哈尔市,富拉尔基区,齐齐哈尔市
琦琦美业,春阳街与和平路交叉口北100米,"123.646409,47.204822",[],黑龙江省,齐齐哈尔市,富拉尔基区,齐齐哈尔市
凯越美容美发,和平大街119-18号,"123.633945,47.207890",13796341011,黑龙江省,齐齐哈尔市,富拉尔基区,齐齐哈尔市
新宇发艺,沿江办事处黎明委乙区1-1-1-4,"123.642359,47.196492",[],黑龙江省,齐齐哈尔市,富拉尔基区,齐齐哈尔市
氧发堂天然植物染发(百合家园店),百合家园南门旁,"123.649275,47.206325",[],黑龙江省,齐齐哈尔市,富拉尔基区,齐齐哈尔市
vintage发廊(丽景花园小区店),丽景花园小区14栋1单元,"123.657095,47.205213",[],黑龙江省,齐齐哈尔市,富拉尔基区,齐齐哈尔市
彤彤美发,光明街与安全路交叉口西40米,"123.636730,47.213273",[],黑龙江省,齐齐哈尔市,富拉尔基区,齐齐哈尔市
艺港美发(名都花园店),名都花园3栋2号门市,"123.654389,47.202333",13514635011,黑龙江省,齐齐哈尔市,富拉尔基区,齐齐哈尔市
简约发型设计,铁西25街区2栋50号,"123.622890,47.215919",[],黑龙江省,齐齐哈尔市,富拉尔基区,齐齐哈尔市
格朗斯美剪(富强小区店),富江路与群众街交叉口东100米,"123.636951,47.203840",[],黑龙江省,齐齐哈尔市,富拉尔基区,齐齐哈尔市
红美发艺,幸福街道铁西五街区1栋1门,"123.615568,47.215364",[],黑龙江省,齐齐哈尔市,富拉尔基区,齐齐哈尔市
李师傅发艺,红岸办事处通江路4号楼04单元01层01号,"123.643956,47.201563",13845291953,黑龙江省,齐齐哈尔市,富拉尔基区,齐齐哈尔市
紫薇美发,沿江街道乙区1栋2号,"123.642328,47.196465",[],黑龙江省,齐齐哈尔市,富拉尔基区,齐齐哈尔市
黑猫时尚烫染店,红岸街道和平路124号春阳街华松饭店西侧,"123.646256,47.205170",13763567056,黑龙江省,齐齐哈尔市,富拉尔基区,齐齐哈尔市
小凯美发店(火力小区店),火力小区4栋2单元102,"123.643787,47.202737",[],黑龙江省,齐齐哈尔市,富拉尔基区,齐齐哈尔市
千艺美发工作室(龙江路店),红岸街道和平路13栋2门,"123.647133,47.201957",15946514388,黑龙江省,齐齐哈尔市,富拉尔基区,齐齐哈尔市
媛媛美发店,建华街与和平路交叉口北60米,"123.615600,47.215404",[],黑龙江省,齐齐哈尔市,富拉尔基区,齐齐哈尔市
艺宝龙美发(龙江小区店),龙江小区艺宝龙发艺,"123.650256,47.200982",13945277488,黑龙江省,齐齐哈尔市,富拉尔基区,齐齐哈尔市
宝隆美发,红岸大街与新华路交叉口西40米,"123.643484,47.207812",[],黑龙江省,齐齐哈尔市,富拉尔基区,齐齐哈尔市
沙氏美发,铁西宏光小区2栋18号,"123.623349,47.212443",13895994682,黑龙江省,齐齐哈尔市,富拉尔基区,齐齐哈尔市
文俊美容美发(春阳街店),春阳街明珠城32号,"123.642803,47.200052",[],黑龙江省,齐齐哈尔市,富拉尔基区,齐齐哈尔市
晓蒙妮美发(宏光小区店),宏光小区西2门旁,"123.623253,47.213425",[],黑龙江省,齐齐哈尔市,富拉尔基区,齐齐哈尔市
春阳美发,第五中学旁边,"123.643172,47.200496",[],黑龙江省,齐齐哈尔市,富拉尔基区,齐齐哈尔市
皇剪发艺(繁荣小区店),繁荣小区1栋8号,"123.650246,47.203650",15846216272,黑龙江省,齐齐哈尔市,富拉尔基区,齐齐哈尔市
名流美业(龙江路店),龙江路与向阳大街交叉口西北200米,"123.647438,47.201752",15946513626,黑龙江省,齐齐哈尔市,富拉尔基区,齐齐哈尔市
蓝艺美容美发(百合家园店),百合小区西百合2栋16号,"123.650042,47.206051",[],黑龙江省,齐齐哈尔市,富拉尔基区,齐齐哈尔市
源中源时尚发廊,红岸办事处化纺为212号,"123.639665,47.202876",13836204093,黑龙江省,齐齐哈尔市,富拉尔基区,齐齐哈尔市
百分百发型设计,红岸大街与新华路交叉口南180米,"123.643638,47.206433",[],黑龙江省,齐齐哈尔市,富拉尔基区,齐齐哈尔市
金园发帝美发屋,向阳大街与黎明路交叉口西100米,"123.642167,47.196430",[],黑龙江省,齐齐哈尔市,富拉尔基区,齐齐哈尔市
阅目造型,黑化16号楼一门103,"123.647112,47.199739",15945203120,黑龙江省,齐齐哈尔市,富拉尔基区,齐齐哈尔市
艾雯美业(国宝小区店),红宝石办事处国宝新村花园3号楼一层7号门市,"123.621787,47.211437",13895990317;16746925777,黑龙江省,齐齐哈尔市,富拉尔基区,齐齐哈尔市
小佳快剪店,富拉尔基区综合市场1栋22号小佳快剪店,"123.650885,47.203604",16646211123,黑龙江省,齐齐哈尔市,富拉尔基区,齐齐哈尔市
美宝龙发型设计室,厂西新风街35街区3栋3门33号,"123.594239,47.206251",13836205200,黑龙江省,齐齐哈尔市,富拉尔基区,齐齐哈尔市
动感美发,红岸街道铁东市场北侧联建1号楼,"123.641785,47.207306",13766573521,黑龙江省,齐齐哈尔市,富拉尔基区,齐齐哈尔市
鑫贵族美发店,红岸办事处通江路5栋1单元1层01号,"123.644413,47.201906",13895990558,黑龙江省,齐齐哈尔市,富拉尔基区,齐齐哈尔市
百姓发艺工作室(二十六街区店),26街区3栋2单元101室,"123.625931,47.214788",17645703186,黑龙江省,齐齐哈尔市,富拉尔基区,齐齐哈尔市
今日有约美发(富强小区店),富纺3号楼,"123.637351,47.203700",13766514526,黑龙江省,齐齐哈尔市,富拉尔基区,齐齐哈尔市
阿文·美发沙龙,富江路园丁6号楼,"123.647575,47.198875",15845662026,黑龙江省,齐齐哈尔市,富拉尔基区,齐齐哈尔市
鑫家兴美发店,群众街与和平路交叉口东160米,"123.639927,47.207489",13634830831,黑龙江省,齐齐哈尔市,富拉尔基区,齐齐哈尔市
千色坊美发工作室,春阳街,"123.646578,47.205255",15164645147,黑龙江省,齐齐哈尔市,富拉尔基区,齐齐哈尔市
志慧发型屋,春阳街与新民路交叉口东北20米,"123.639579,47.198082",13945290443,黑龙江省,齐齐哈尔市,富拉尔基区,齐齐哈尔市
晓明美发,铁西7街区3栋,"123.619501,47.214272",15084578000;15946519997,黑龙江省,齐齐哈尔市,富拉尔基区,齐齐哈尔市
小娟美发,富江路与春阳街交叉口东南120米,"123.645266,47.200389",15946233477,黑龙江省,齐齐哈尔市,富拉尔基区,齐齐哈尔市
奇丝妙剪,铁西三小艺体楼,"123.620575,47.214967",18645211415,黑龙江省,齐齐哈尔市,富拉尔基区,齐齐哈尔市
仟锐美发店,富拉尔基区综合市场2栋7门,"123.650429,47.203702",[],黑龙江省,齐齐哈尔市,富拉尔基区,齐齐哈尔市
名洋美发美容(龙江路),兴盛小区,"123.645912,47.202052",[],黑龙江省,齐齐哈尔市,富拉尔基区,齐齐哈尔市
千丝发艺,铁北街道甲区一栋门市,"123.656160,47.211919",[],黑龙江省,齐齐哈尔市,富拉尔基区,齐齐哈尔市
美美美发,铁西亨泰花园小区1栋商服3号,"123.617124,47.218095",[],黑龙江省,齐齐哈尔市,富拉尔基区,齐齐哈尔市
九木造型(华厦嘉苑二期店),中天医院1楼起2号门市,"123.636014,47.207142",[],黑龙江省,齐齐哈尔市,富拉尔基区,齐齐哈尔市
龙凤美发(百合家园店),百合家园二栋,"123.649521,47.206246",[],黑龙江省,齐齐哈尔市,富拉尔基区,齐齐哈尔市
丝美特发艺(二十六街区店),二十六街区西门东160米,"123.626143,47.214757",13284987088;18746841807,黑龙江省,齐齐哈尔市,富拉尔基区,齐齐哈尔市
阳阳美业,红岸大街国美电器北侧,"123.643509,47.206372",15146685915,黑龙江省,齐齐哈尔市,富拉尔基区,齐齐哈尔市
俪兮工坊专业美发品质店,红岸街道铁鸣委5号楼4单元1楼,"123.644044,47.201675",[],黑龙江省,齐齐哈尔市,富拉尔基区,齐齐哈尔市
名人发艺,春阳街与黎明路交叉口西60米,"123.640845,47.198655",[],黑龙江省,齐齐哈尔市,富拉尔基区,齐齐哈尔市
美神发型设计(龙江路店),龙江路与红岸大街交叉口东南100米,"123.642011,47.203379",[],黑龙江省,齐齐哈尔市,富拉尔基区,齐齐哈尔市
顶尖美发沙龙(富江路店),沿江街道黑化16栋2门,"123.646766,47.199799",13796246479,黑龙江省,齐齐哈尔市,富拉尔基区,齐齐哈尔市
富拉尔基区新发现理发店,二电厂十栋二门一楼一号,"123.580383,47.171028",13763591204,黑龙江省,齐齐哈尔市,富拉尔基区,齐齐哈尔市
君玲美容美发形象店,铁北文汇小区商服7号,"123.655879,47.212860",13945216085,黑龙江省,齐齐哈尔市,富拉尔基区,齐齐哈尔市
富拉尔基区新创美美发,红岸办事处轻工市场00单元01层17号,"123.644105,47.206186",13514640332,黑龙江省,齐齐哈尔市,富拉尔基区,齐齐哈尔市
执发者烫染吧(二十七街区店),二十七街区,"123.603408,47.212510",18365792555,黑龙江省,齐齐哈尔市,富拉尔基区,齐齐哈尔市
红梅发型设计,生力小区2号楼商服13号,"123.640190,47.207357",[],黑龙江省,齐齐哈尔市,富拉尔基区,齐齐哈尔市
老美发屋,红岸街道龙江路自立市场,"123.647692,47.201678",13069991837,黑龙江省,齐齐哈尔市,富拉尔基区,齐齐哈尔市
水云间美发,红宝石办事处六街区59号,"123.616700,47.214737",14745669399,黑龙江省,齐齐哈尔市,富拉尔基区,齐齐哈尔市
英姿酷烫美发,国美电器南侧,"123.644166,47.206101",15145265080,黑龙江省,齐齐哈尔市,富拉尔基区,齐齐哈尔市
飘逸美发(工农街店),工农街与友谊路交叉口东北40米,"123.655951,47.211790",[],黑龙江省,齐齐哈尔市,富拉尔基区,齐齐哈尔市
玛利亚发屋,长青乡龙江小区3号楼2单元1层兴隆派出所斜对过,"123.653780,47.199721",[],黑龙江省,齐齐哈尔市,富拉尔基区,齐齐哈尔市
星光烫染美发,群众街与富江路交叉口西40米,"123.635327,47.203838",16604634226,黑龙江省,齐齐哈尔市,富拉尔基区,齐齐哈尔市
鑫亨泰美发设计室,卫民街25号,"123.614669,47.218470",[],黑龙江省,齐齐哈尔市,富拉尔基区,齐齐哈尔市
名剪艺人理发店,北兴街道青年街燕北繁茂小区3栋,"123.623892,47.214612",[],黑龙江省,齐齐哈尔市,富拉尔基区,齐齐哈尔市
涛发艺,轻工市场00单元01层61号区,"123.643908,47.206353",[],黑龙江省,齐齐哈尔市,富拉尔基区,齐齐哈尔市
鑫威美发,乙区28栋(红岸小区正门),"123.637646,47.199375",13796872578,黑龙江省,齐齐哈尔市,富拉尔基区,齐齐哈尔市
晓凡发廊(燕北新华园店),新华路50号燕北新华园,"123.650544,47.204147",[],黑龙江省,齐齐哈尔市,富拉尔基区,齐齐哈尔市
俊杰发廊,富兴路44号富拉尔基区综合市场1号楼后身,"123.650507,47.203735",15945254296,黑龙江省,齐齐哈尔市,富拉尔基区,齐齐哈尔市
型尚发型设计室,和平路与卫民街交叉口西北140米,"123.610872,47.216652",13946235775,黑龙江省,齐齐哈尔市,富拉尔基区,齐齐哈尔市
摩登美发,通江路4-4-1-2,"123.644039,47.201671",[],黑龙江省,齐齐哈尔市,富拉尔基区,齐齐哈尔市
沸点发艺,铁北街道万平小区3栋,"123.640418,47.215076",15084581882,黑龙江省,齐齐哈尔市,富拉尔基区,齐齐哈尔市
名楠美发轻奢店,红岸街道江平绿色产后康复中心兴盛小区,"123.644817,47.200963",13763597966,黑龙江省,齐齐哈尔市,富拉尔基区,齐齐哈尔市
领航美发(红岸大街店),红岸大街与新华路交叉口西180米,"123.641912,47.207254",[],黑龙江省,齐齐哈尔市,富拉尔基区,齐齐哈尔市
然然美发,铁西26街区2栋1单元104,"123.626620,47.214481",[],黑龙江省,齐齐哈尔市,富拉尔基区,齐齐哈尔市
红星理发店(铁西14街区店),铁西14街区,"123.621072,47.212585",[],黑龙江省,齐齐哈尔市,富拉尔基区,齐齐哈尔市
敬惟美发,幸福办事处41街区1号楼01单元01层02,"123.610617,47.216767",15214417007,黑龙江省,齐齐哈尔市,富拉尔基区,齐齐哈尔市
靓菲儿形象设计,胜利小区后门,"123.639669,47.207638",15164686183,黑龙江省,齐齐哈尔市,富拉尔基区,齐齐哈尔市
超凡美容美发店,富拉尔基区综合市场5号楼一层,"123.648475,47.204525",[],黑龙江省,齐齐哈尔市,富拉尔基区,齐齐哈尔市
托尼福男士美发店,红岸办事处重三委向阳楼00单元01层04号,"123.649075,47.201125",[],黑龙江省,齐齐哈尔市,富拉尔基区,齐齐哈尔市
甜雨美发,新民路与新民路二胡同交叉口西200米,"123.639475,47.194175",[],黑龙江省,齐齐哈尔市,富拉尔基区,齐齐哈尔市
A私人定制愈见造型,光明街与新华路交叉口西南160米,"123.634075,47.209975",[],黑龙江省,齐齐哈尔市,富拉尔基区,齐齐哈尔市
营宾美发,发展路与004乡道交叉口西南360米,"123.556625,47.098775",[],黑龙江省,齐齐哈尔市,富拉尔基区,齐齐哈尔市
尚剪美发,春阳街与龙江路交叉口北20米,"123.644975,47.202775",[],黑龙江省,齐齐哈尔市,富拉尔基区,齐齐哈尔市
金萍美发,前广场街与创新路交叉口西南300米,"123.555075,47.093425",[],黑龙江省,齐齐哈尔市,富拉尔基区,齐齐哈尔市
源一美发,工农街与友谊路交叉口东北40米,"123.656025,47.211825",[],黑龙江省,齐齐哈尔市,富拉尔基区,齐齐哈尔市
小精灵美发,光明街与安全路交叉口西北40米,"123.636925,47.213675",[],黑龙江省,齐齐哈尔市,富拉尔基区,齐齐哈尔市
我的发廊,民兴路与平安街交叉口西北280米,"123.629275,47.220925",[],黑龙江省,齐齐哈尔市,富拉尔基区,齐齐哈尔市
乌密草植物染发,新华路与群众街交叉口西北80米,"123.639274,47.210139",[],黑龙江省,齐齐哈尔市,富拉尔基区,齐齐哈尔市
蝶恋花美发,新华路123号繁华苑安居,"123.636675,47.212575",[],黑龙江省,齐齐哈尔市,富拉尔基区,齐齐哈尔市
日丰管理发店(文治路店),南华苑东北门东70米,"123.657405,47.204748",[],黑龙江省,齐齐哈尔市,富拉尔基区,齐齐哈尔市
丝美理发,工农街与民兴路交叉口东北100米,"123.655287,47.210656",[],黑龙江省,齐齐哈尔市,富拉尔基区,齐齐哈尔市
李李美发店,万平小区西南2门东60米,"123.647425,47.212775",[],黑龙江省,齐齐哈尔市,富拉尔基区,齐齐哈尔市
媛卉美发,厂西35街区,"123.595072,47.207415",[],黑龙江省,齐齐哈尔市,富拉尔基区,齐齐哈尔市
丝缘美发,北钢技工学校西北门西80米,"123.641925,47.196275",[],黑龙江省,齐齐哈尔市,富拉尔基区,齐齐哈尔市
银星媚丝发艺,红安街道和平路华夏嘉苑2期,"123.636086,47.207194",[],黑龙江省,齐齐哈尔市,富拉尔基区,齐齐哈尔市
大震发艺,和平路与群众街交叉口东240米,"123.641075,47.207075",[],黑龙江省,齐齐哈尔市,富拉尔基区,齐齐哈尔市
鸿鸣发廊,杜尔门沁村民委员会东侧60米,"123.550575,47.142675",[],黑龙江省,齐齐哈尔市,富拉尔基区,齐齐哈尔市
维美美睫美发工作室(生力小区店),群众街与和平路交叉口东180米,"123.640258,47.207318",[],黑龙江省,齐齐哈尔市,富拉尔基区,齐齐哈尔市
丝情发艺,宏光小区西2门旁,"123.623170,47.213594",[],黑龙江省,齐齐哈尔市,富拉尔基区,齐齐哈尔市
小白美发店,红岸大街与新华路交叉口南180米,"123.643800,47.206391",[],黑龙江省,齐齐哈尔市,富拉尔基区,齐齐哈尔市
秀丽美发洗浴,创新路与前广场街交叉口西北340米,"123.556323,47.097935",[],黑龙江省,齐齐哈尔市,富拉尔基区,齐齐哈尔市
理发店,217省道与小北路交叉口北40米,"123.661966,47.221361",[],黑龙江省,齐齐哈尔市,富拉尔基区,齐齐哈尔市
涵巍美发,春阳街与黎明路交叉口西40米,"123.641110,47.198753",[],黑龙江省,齐齐哈尔市,富拉尔基区,齐齐哈尔市
创艺新理发店,群众街与和平路交叉口东200米,"123.640362,47.207297",[],黑龙江省,齐齐哈尔市,富拉尔基区,齐齐哈尔市
品格发艺,红岸大街与新华路交叉口西160米,"123.642041,47.207294",[],黑龙江省,齐齐哈尔市,富拉尔基区,齐齐哈尔市
美格造型(富江路店),富强小区南门西北110米,"123.636586,47.204005",[],黑龙江省,齐齐哈尔市,富拉尔基区,齐齐哈尔市
零度造型时尚精剪(宏光小区店),宏光小区西2门旁,"123.623314,47.213505",[],黑龙江省,齐齐哈尔市,富拉尔基区,齐齐哈尔市
秀丝缘美发,红岸大街与新华路交叉口西南160米,"123.642380,47.207043",[],黑龙江省,齐齐哈尔市,富拉尔基区,齐齐哈尔市
老红星理发店,和平路与建华东街交叉口东北150米,"123.619452,47.214206",[],黑龙江省,齐齐哈尔市,富拉尔基区,齐齐哈尔市
红红美发屋,沿江街道乙区拐7栋1门,"123.637396,47.199108",[],黑龙江省,齐齐哈尔市,富拉尔基区,齐齐哈尔市
梅子发艺,新华路与建华东街交叉口东80米,"123.622258,47.216088",[],黑龙江省,齐齐哈尔市,富拉尔基区,齐齐哈尔市
零度美发室,红岸大街与新华路交叉口西180米,"123.641774,47.207290",[],黑龙江省,齐齐哈尔市,富拉尔基区,齐齐哈尔市
星星仔美发(生力小区店),红岸街道生力小区1号楼底商,"123.640416,47.207276",[],黑龙江省,齐齐哈尔市,富拉尔基区,齐齐哈尔市
齐钢专业美发,火力小区,"123.641086,47.198499",[],黑龙江省,齐齐哈尔市,富拉尔基区,齐齐哈尔市
世纪美发,富强小区南门旁,"123.637316,47.203713",[],黑龙江省,齐齐哈尔市,富拉尔基区,齐齐哈尔市
金源发屋,铁西5街区2栋,"123.616235,47.216200",[],黑龙江省,齐齐哈尔市,富拉尔基区,齐齐哈尔市
蓝宣发型屋,铁西五街区二栋,"123.616478,47.215969",[],黑龙江省,齐齐哈尔市,富拉尔基区,齐齐哈尔市
浪潮专业美发,繁荣小区北门东240米,"123.651145,47.203748",[],黑龙江省,齐齐哈尔市,富拉尔基区,齐齐哈尔市
金杰发廊,富拉尔基区综合市场1栋号,"123.650845,47.203847",[],黑龙江省,齐齐哈尔市,富拉尔基区,齐齐哈尔市
姐妹美发,红岸街道综合市场姐妹美发,"123.651042,47.203774",[],黑龙江省,齐齐哈尔市,富拉尔基区,齐齐哈尔市
开鑫美发城,齐建2号楼铁鸣委2号1单元,"123.645179,47.202989",[],黑龙江省,齐齐哈尔市,富拉尔基区,齐齐哈尔市
明纹刺工作室,丙区19栋旁,"123.643782,47.192823",15146696977,黑龙江省,齐齐哈尔市,富拉尔基区,齐齐哈尔市
华亿艺美业工作室,黑化16栋3单元1门3号,"123.646787,47.199790",0452-6869888;15845229444,黑龙江省,齐齐哈尔市,富拉尔基区,齐齐哈尔市
小燕姿美容护肤工作室(美体),红岸办事处和平街13-2-1-26号,"123.647391,47.201703",[],黑龙江省,齐齐哈尔市,富拉尔基区,齐齐哈尔市
儒墨纹刺工作室,通江路3栋2门3号,"123.640747,47.202373",13945265805,黑龙江省,齐齐哈尔市,富拉尔基区,齐齐哈尔市
Rainnail预约制美甲美睫工作室,黑化16栋5-1-1,"123.646294,47.199939",18686938513,黑龙江省,齐齐哈尔市,富拉尔基区,齐齐哈尔市
芊朵美甲美睫工作室,轻工市场丽人童装对面,"123.644109,47.206271",13845214149,黑龙江省,齐齐哈尔市,富拉尔基区,齐齐哈尔市
叁月21st美甲工作室,红岸办事处新市委春阳街市场1-2层21室,"123.645326,47.205519",[],黑龙江省,齐齐哈尔市,富拉尔基区,齐齐哈尔市
沐澜男士头疗美容馆(富强小区店),富强小区,"123.639839,47.204102",[],黑龙江省,齐齐哈尔市,富拉尔基区,齐齐哈尔市
星野SEEYE发型设计空间,八道街二马路西走200米,"123.192113,47.340781",19903627340,黑龙江省,齐齐哈尔市,龙江县,齐齐哈尔市
AE造型(291店),龙江镇华龙苑小区7号楼1层0112号,"123.186278,47.339306",[],黑龙江省,齐齐哈尔市,龙江县,齐齐哈尔市
恩迪叔叔儿童美发(龙景综合楼店),北市街76号,"123.191853,47.340928",15040444017,黑龙江省,齐齐哈尔市,龙江县,齐齐哈尔市
新摩登Hairsalon旗舰店,阳光国际101,"123.195693,47.336650",0452-5187333,黑龙江省,齐齐哈尔市,龙江县,齐齐哈尔市
丹杰轻奢时尚美业沙龙,龙江镇县府街明靓花苑小区,"123.185095,47.339327",14745873234,黑龙江省,齐齐哈尔市,龙江县,齐齐哈尔市
k2美发形象设计(阳光国际店),新谊路140号阳光国际16号楼,"123.193683,47.336324",[],黑龙江省,齐齐哈尔市,龙江县,齐齐哈尔市
丝梵造型(龙电花园B区店),龙电花园B区西南门东南70米,"123.191390,47.332526",18846310089,黑龙江省,齐齐哈尔市,龙江县,齐齐哈尔市
太古男士理发馆(金色家园店),金色家园38号楼109室,"123.197759,47.338000",18686995545,黑龙江省,齐齐哈尔市,龙江县,齐齐哈尔市
焦点(金色家园店),龙江镇金色家园小区三期工程38号楼00单元01层,"123.197381,47.337914",13604521115,黑龙江省,齐齐哈尔市,龙江县,齐齐哈尔市
巷往美发工作室(碧龙湾店),龙江县碧龙湾东南门北50米,"123.199674,47.341593",15663444636,黑龙江省,齐齐哈尔市,龙江县,齐齐哈尔市
潮牌美发龙江最权威的美发(金宝店),方正花园西南门西50米,"123.193501,47.342080",15776607775;19917773407,黑龙江省,齐齐哈尔市,龙江县,齐齐哈尔市
喜军短发故事,龙甘路与通达街交叉口北120米,"123.192675,47.346475",[],黑龙江省,齐齐哈尔市,龙江县,齐齐哈尔市
丝悦造型(翔天家园店),龙江镇翔天家园东门小区6号楼,"123.184756,47.330496",[],黑龙江省,齐齐哈尔市,龙江县,齐齐哈尔市
未来美发沙龙(金色家园店),龙江镇金色家园小区1期2号楼2幢00单元,"123.196368,47.335301",18846375556,黑龙江省,齐齐哈尔市,龙江县,齐齐哈尔市
俏丽丝时尚造型(旗舰店),龙江镇七道街华龙名苑10号楼108号,"123.188196,47.338473",13298726493,黑龙江省,齐齐哈尔市,龙江县,齐齐哈尔市
引领烫染中心(龙城世家店),九道街三马路龙城世家南门102门市76号,"123.200286,47.339836",15214451616;18846318885,黑龙江省,齐齐哈尔市,龙江县,齐齐哈尔市
青蓝cyan blue发型工作室(益诚府园店),北市街355号门市八道街益城府园北门东侧100米,"123.204776,47.335237",18346043480,黑龙江省,齐齐哈尔市,龙江县,齐齐哈尔市
发现美理发工作室,六道街一建公司楼下发现美理发店,"123.189645,47.335483",17610571107,黑龙江省,齐齐哈尔市,龙江县,齐齐哈尔市
1+1 HAIR SALON(金色家园店),龙江镇县府街新谊路金色家园1号楼,"123.195540,47.335789",[],黑龙江省,齐齐哈尔市,龙江县,齐齐哈尔市
海之星造型(龙城学苑店),龙城学苑南2门东南50米,"123.201245,47.333355",18045284282,黑龙江省,齐齐哈尔市,龙江县,齐齐哈尔市
木北造型(龙电花园店),龙电花园B区西南门西70米,"123.190262,47.332939",13614616875,黑龙江省,齐齐哈尔市,龙江县,齐齐哈尔市
沐锦美发沙龙,七道街东二马路志刚广场南30米沐锦美发沙龙,"123.191302,47.338022",18445208887,黑龙江省,齐齐哈尔市,龙江县,齐齐哈尔市
时光造型(龙城学苑店),延顺路126号,"123.204696,47.333384",15846233677,黑龙江省,齐齐哈尔市,龙江县,齐齐哈尔市
风格造型,北市街196号,"123.199116,47.338018",15663177809,黑龙江省,齐齐哈尔市,龙江县,齐齐哈尔市
首尔美业,益民购物商场北门东南80米,"123.190139,47.334110",[],黑龙江省,齐齐哈尔市,龙江县,齐齐哈尔市
名剪美发,邮政小区东北门东60米,"123.189110,47.336544",18686902197,黑龙江省,齐齐哈尔市,龙江县,齐齐哈尔市
可-可烫染工作室,七道街龙城学苑南门东侧可-可烫染工作室,"123.203540,47.332476",13234933986;15663154682,黑龙江省,齐齐哈尔市,龙江县,齐齐哈尔市
3AY发型设计皮肤管理(金色家园店),金色家园4号楼106商服,"123.197631,47.334809",15174647771,黑龙江省,齐齐哈尔市,龙江县,齐齐哈尔市
尚艺造型(文化街店),龙城学院6号楼,"123.203228,47.332612",15648375057,黑龙江省,齐齐哈尔市,龙江县,齐齐哈尔市
名丝美发(华龙苑店),华龙苑西南门旁,"123.185694,47.339525",18746292519,黑龙江省,齐齐哈尔市,龙江县,齐齐哈尔市
娇阳美发,北苑小区11号,"123.035939,47.077701",15645283170,黑龙江省,齐齐哈尔市,龙江县,齐齐哈尔市
领尚美发化妆品,龙江县购物广场(文化街店),"123.189756,47.334335",18249522321,黑龙江省,齐齐哈尔市,龙江县,齐齐哈尔市
发遇造型(益诚府园店),延顺路148号,"123.205104,47.333917",13763573043,黑龙江省,齐齐哈尔市,龙江县,齐齐哈尔市
龙江县特别特发艺,[],"123.201934,47.336921",13149520037,黑龙江省,齐齐哈尔市,龙江县,齐齐哈尔市
艺梦芳洲美容美发会所,头站镇府东街93号,"123.259491,46.961346",[],黑龙江省,齐齐哈尔市,龙江县,齐齐哈尔市
李髮Hair Salon,云顶花园8号楼12号商服,"123.191070,47.341201",15645269939,黑龙江省,齐齐哈尔市,龙江县,齐齐哈尔市
阿艺烫染工作室(龙景综合楼店),北市街2正东方向150米龙景综合楼,"123.191817,47.340936",13946251315,黑龙江省,齐齐哈尔市,龙江县,齐齐哈尔市
新面孔轻奢美业(益诚府园店),益诚府园西门旁,"123.200654,47.335418",[],黑龙江省,齐齐哈尔市,龙江县,齐齐哈尔市
派剪发型设计室(龙城学苑店),龙城世家二期B区一段6号楼00单元01层,"123.203280,47.332601",13763530866,黑龙江省,齐齐哈尔市,龙江县,齐齐哈尔市
飘逸美发沙龙(乡企家属楼店),乡企家属楼西北门旁,"123.182672,47.335499",[],黑龙江省,齐齐哈尔市,龙江县,齐齐哈尔市
靓剪发艺(县府街店),县府街与建设路交叉口西北100米,"123.189836,47.337844",[],黑龙江省,齐齐哈尔市,龙江县,齐齐哈尔市
漫莎美发沙龙(康城御园店),通达街114号,"123.201891,47.341976",[],黑龙江省,齐齐哈尔市,龙江县,齐齐哈尔市
简·易发型设计室(庆华小区店),镇府街125号庆华小区,"123.186192,47.329552",[],黑龙江省,齐齐哈尔市,龙江县,齐齐哈尔市
悦来悦美造型(康城御园店),康城御园西南门东70米,"123.203612,47.341356",15084511143,黑龙江省,齐齐哈尔市,龙江县,齐齐哈尔市
好再来理发店(新谊路店),四道街三马路龙电花园b区120号,"123.192069,47.332706",[],黑龙江省,齐齐哈尔市,龙江县,齐齐哈尔市
龙隆美发旗舰店,县府街与正阳路交叉口东140米(华龙名苑10号楼),"123.188678,47.338305",[],黑龙江省,齐齐哈尔市,龙江县,齐齐哈尔市
古贝专业造型(邮政小区店),劳动街147号邮政小区,"123.188150,47.336517",[],黑龙江省,齐齐哈尔市,龙江县,齐齐哈尔市
蓝梦发艺(购物广场店),购物广场(文化街店),"123.189423,47.333716",[],黑龙江省,齐齐哈尔市,龙江县,齐齐哈尔市
城北理发(方正花园店),龙域首府南门西320米,"123.197339,47.343629",[],黑龙江省,齐齐哈尔市,龙江县,齐齐哈尔市
娟子美发(丝纺厂楼店),新谊路与镇府街交叉口东北40米,"123.190173,47.329906",[],黑龙江省,齐齐哈尔市,龙江县,齐齐哈尔市
新摩登时尚烫染店,华龙苑西南门东南60米,"123.186131,47.339343",13089739911,黑龙江省,齐齐哈尔市,龙江县,齐齐哈尔市
迎宾理发店,青平路14号,"123.193022,47.327358",[],黑龙江省,齐齐哈尔市,龙江县,齐齐哈尔市
东野造型,北市街87号,"123.192075,47.340362",18395715217,黑龙江省,齐齐哈尔市,龙江县,齐齐哈尔市
锦言轻奢美业(康城花园店),康城花园北门东侧第五家3949,"123.193246,47.336046",18846345855,黑龙江省,齐齐哈尔市,龙江县,齐齐哈尔市
鼎阳烫染会所,县府街与建设路交叉口西北80米,"123.190135,47.337724",13796284820,黑龙江省,齐齐哈尔市,龙江县,齐齐哈尔市
橘子造型工作室,龙城学苑南门西行五十米,"123.200691,47.333566",15146679601,黑龙江省,齐齐哈尔市,龙江县,齐齐哈尔市
丽都发艺(齐齐哈尔龙江县),华龙苑西南门旁,"123.185349,47.339650",14784628563,黑龙江省,齐齐哈尔市,龙江县,齐齐哈尔市
魅烫染机构(金色家园店),金色家园西门东北50米,"123.196747,47.337208",[],黑龙江省,齐齐哈尔市,龙江县,齐齐哈尔市
蒂薇造型(兴海家园店),青平北路21号兴海家园,"123.205356,47.340926",16645776971,黑龙江省,齐齐哈尔市,龙江县,齐齐哈尔市
小亮烫染造型(金色家园店),金色家园西北门东北70米,"123.197464,47.337990",[],黑龙江省,齐齐哈尔市,龙江县,齐齐哈尔市
老九发艺,4道街3正西方向140米龙电花园C区,"123.190979,47.331388",[],黑龙江省,齐齐哈尔市,龙江县,齐齐哈尔市
子义造型,龙宾小区东北门西北130米,"123.187163,47.338485",[],黑龙江省,齐齐哈尔市,龙江县,齐齐哈尔市
品艺人生发型工作室(龙城学苑店),龙城学苑南门西260米,"123.199646,47.333916",[],黑龙江省,齐齐哈尔市,龙江县,齐齐哈尔市
欧尚剪吧,景星镇中心路127号,"123.036973,47.071795",14745871188,黑龙江省,齐齐哈尔市,龙江县,齐齐哈尔市
名流之秀烫染工作室,购物广场(文化街店),"123.189475,47.333875",[],黑龙江省,齐齐哈尔市,龙江县,齐齐哈尔市
艺恒美发工作室(金色家园店),金色家园东北门旁,"123.200226,47.337027",13804989312,黑龙江省,齐齐哈尔市,龙江县,齐齐哈尔市
欢欢轻奢美业(龙电花园A区店),龙江镇龙店花园A区6号楼00单元01层,"123.192348,47.333691",15146662452,黑龙江省,齐齐哈尔市,龙江县,齐齐哈尔市
氧发堂天然植物染发(富贵华庭小区店),富贵华庭小区246号,"123.202191,47.336804",18246232288,黑龙江省,齐齐哈尔市,龙江县,齐齐哈尔市
古典美发造型工作室(金宝店),龙江镇8道街2马路志刚广场北侧,"123.192741,47.339831",15210386051,黑龙江省,齐齐哈尔市,龙江县,齐齐哈尔市
阿勋发型工作室(翔天家园店),翔天家园东南门东北50米,"123.185177,47.331011",18545201068,黑龙江省,齐齐哈尔市,龙江县,齐齐哈尔市
一剪缘美发造型(阳光国际店),新谊路140号阳光国际,"123.193671,47.336320",[],黑龙江省,齐齐哈尔市,龙江县,齐齐哈尔市
爱秀美发造型(清华园店),长横街409号,"123.186835,47.344350",13693285831,黑龙江省,齐齐哈尔市,龙江县,齐齐哈尔市
剪名堂,中心路与通富街交叉口西北60米,"123.036507,47.072801",14745878886;14745878889,黑龙江省,齐齐哈尔市,龙江县,齐齐哈尔市
沅泽形象会馆,龙江镇龙宾小区5号楼1层外围117号,"123.188520,47.338020",18945236825,黑龙江省,齐齐哈尔市,龙江县,齐齐哈尔市
薪洋发艺,北市街158号,"123.196686,47.338939",[],黑龙江省,齐齐哈尔市,龙江县,齐齐哈尔市
小辉发艺,龙江镇县城内正阳路三道街西商会楼下,"123.181596,47.334634",[],黑龙江省,齐齐哈尔市,龙江县,齐齐哈尔市
五月天发廊(齐齐哈尔购物广场店),益民购物商场北门旁,"123.189533,47.334322",[],黑龙江省,齐齐哈尔市,龙江县,齐齐哈尔市
杏绘美业,龙城世家南门68号,"123.200564,47.339505",18646606223,黑龙江省,齐齐哈尔市,龙江县,齐齐哈尔市
天宇美发(龙电花园B区店),龙江镇龙电花园B区1号楼,"123.190968,47.333811",[],黑龙江省,齐齐哈尔市,龙江县,齐齐哈尔市
晓茹美发,217省道与商业街交叉口南80米,"122.969019,46.935665",13763552558,黑龙江省,齐齐哈尔市,龙江县,齐齐哈尔市
小涵美发(温馨家园店),温馨家园西南门旁,"123.189885,47.346471",[],黑龙江省,齐齐哈尔市,龙江县,齐齐哈尔市
名流经典发艺(龙江洗浴店),五道街正阳街139号,"123.185570,47.336353",13634834337,黑龙江省,齐齐哈尔市,龙江县,齐齐哈尔市
铭浩发艺(龙城鑫家店),龙城鑫家西南门东南60米,"123.196478,47.339007",[],黑龙江省,齐齐哈尔市,龙江县,齐齐哈尔市
染养堂植物染养,景星镇一街一委,"123.036506,47.074606",[],黑龙江省,齐齐哈尔市,龙江县,齐齐哈尔市
初见造型(华龙名苑店),建设路与科技巷交叉口北40米,"123.192484,47.339547",[],黑龙江省,齐齐哈尔市,龙江县,齐齐哈尔市
淑艳美发店,白山镇文化路3号,"123.250025,47.271461",[],黑龙江省,齐齐哈尔市,龙江县,齐齐哈尔市
屿白造型(龙城学苑店),1-108,"123.199936,47.333917",13846238355,黑龙江省,齐齐哈尔市,龙江县,齐齐哈尔市
秀染养发坊,康城御园7号楼商服102,"123.203249,47.341484",18246226447;19917711998,黑龙江省,齐齐哈尔市,龙江县,齐齐哈尔市
炫吧造型设计中心(华龙名苑店),北市街59号,"123.191185,47.340727",13945273027,黑龙江省,齐齐哈尔市,龙江县,齐齐哈尔市
氧发堂天然植物染发(康城花园店),康城花园小区北门4号楼103号氧发堂天然植物染发,"123.194274,47.335620",15545676389,黑龙江省,齐齐哈尔市,龙江县,齐齐哈尔市
米莱造型Hair Salon,[],"123.195777,47.335541",15174596457,黑龙江省,齐齐哈尔市,龙江县,齐齐哈尔市
佳剪发艺(西城雅苑店),西城雅苑西南1门旁,"123.172935,47.337231",[],黑龙江省,齐齐哈尔市,龙江县,齐齐哈尔市
沐尚造型,正阳路与通达街交叉口东北180米,"123.193712,47.346614",13634866540,黑龙江省,齐齐哈尔市,龙江县,齐齐哈尔市
云度美发,龙江镇长横街自来水公司住宅楼00单元01层101号,"123.195363,47.340979",15636217550,黑龙江省,齐齐哈尔市,龙江县,齐齐哈尔市
艾尚美发艺(新城明珠店),龙江镇新城明珠小区14号楼商服1楼,"123.206578,47.342429",15845756660,黑龙江省,齐齐哈尔市,龙江县,齐齐哈尔市
丽尚专业美发形象设计会所(方正花园店),方正花园东南门旁,"123.195004,47.342487",18603627838,黑龙江省,齐齐哈尔市,龙江县,齐齐哈尔市
艺秀造型,148号,"123.205142,47.333969",15146678849,黑龙江省,齐齐哈尔市,龙江县,齐齐哈尔市
新丝尚发型设计工作室(龙城学苑店),龙城学苑南门旁,"123.201858,47.333106",13079600093,黑龙江省,齐齐哈尔市,龙江县,齐齐哈尔市
丽丝理发店(康城花园店),新谊路140号西南方向110米康城花园,"123.193094,47.335014",15174514398,黑龙江省,齐齐哈尔市,龙江县,齐齐哈尔市
顶新美发潮牌店,七道街西二马路县府街67号,"123.184782,47.339452",13624628127,黑龙江省,齐齐哈尔市,龙江县,齐齐哈尔市
济洲岛专业发型设计中心(龙宾小区店),龙江镇劳动街龙宾小区2号楼,"123.187875,47.337055",13796284320,黑龙江省,齐齐哈尔市,龙江县,齐齐哈尔市
艺剪美发廊,通达街与华兴路交叉口西北140米,"123.187278,47.347432",15636268358,黑龙江省,齐齐哈尔市,龙江县,齐齐哈尔市
金剪发艺(北市街店),龙江镇龙江广场2号楼00单元01层,"123.191837,47.340484",15214455040,黑龙江省,齐齐哈尔市,龙江县,齐齐哈尔市
巴洛造型(新城明珠店),新城明珠西南门旁,"123.206468,47.342289",18714522451,黑龙江省,齐齐哈尔市,龙江县,齐齐哈尔市
美丽空间,中国石油广厚加油站东侧110米,"123.399725,47.083275",15045228266;18248260899,黑龙江省,齐齐哈尔市,龙江县,齐齐哈尔市
爱心理发店,康复街与中心路交叉口东20米,"123.036875,47.073625",15845251957,黑龙江省,齐齐哈尔市,龙江县,齐齐哈尔市
名剪堂,商业街与217省道交叉口西140米,"122.967145,46.936404",18714353383,黑龙江省,齐齐哈尔市,龙江县,齐齐哈尔市
美村时尚烫染店,建设路华龙名苑,"123.192316,47.339380",[],黑龙江省,齐齐哈尔市,龙江县,齐齐哈尔市
尖端女子烫染店,县府街与建设路交叉口西北120米,"123.189684,47.338012",[],黑龙江省,齐齐哈尔市,龙江县,齐齐哈尔市
金氏形象人生美发沙龙,龙江镇九道街碧龙湾小区南门东侧,"123.197728,47.340671",[],黑龙江省,齐齐哈尔市,龙江县,齐齐哈尔市
剪子舞烫染会所(华龙名苑店),龙江镇八道街华龙名苑2号楼,"123.191617,47.340562",[],黑龙江省,齐齐哈尔市,龙江县,齐齐哈尔市
龙江县小翠美发,[],"123.190489,47.332381",[],黑龙江省,齐齐哈尔市,龙江县,齐齐哈尔市
DY.HairSalon美发沙龙,六道街二马路与七道街之间国税局对面,"123.190423,47.336495",15545636263,黑龙江省,齐齐哈尔市,龙江县,齐齐哈尔市
伯爵美发沙龙(华龙学苑店),华龙学苑南门旁,"123.205505,47.331656",[],黑龙江省,齐齐哈尔市,龙江县,齐齐哈尔市
名峰美发烫染店,新谊路140号阳光国际,"123.192222,47.336864",[],黑龙江省,齐齐哈尔市,龙江县,齐齐哈尔市
乐尚烫染会所(七道街康城花园店),县府街151号,"123.192875,47.336775",13234948139,黑龙江省,齐齐哈尔市,龙江县,齐齐哈尔市
剪艺人生发型设计(龙电花园B区店),龙电花园B区西南门东南70米,"123.191419,47.332496",[],黑龙江省,齐齐哈尔市,龙江县,齐齐哈尔市
头站镇祺波辉美发,信用路与府东街交叉口西北140米,"123.258476,46.962735",[],黑龙江省,齐齐哈尔市,龙江县,齐齐哈尔市
凤华美发,文化街与城东路交叉口西北100米,"123.206238,47.328148",[],黑龙江省,齐齐哈尔市,龙江县,齐齐哈尔市
朱颖美发,龙江镇十道街汇豪天下小区,"123.193105,47.345194",[],黑龙江省,齐齐哈尔市,龙江县,齐齐哈尔市
剪约时尚造型(镇府街店),镇府街65号,"123.183686,47.332186",[],黑龙江省,齐齐哈尔市,龙江县,齐齐哈尔市
帝凡妮烫染造型(龙江县第六中学店),龙江县第六中学西南门旁,"123.190166,47.343499",[],黑龙江省,齐齐哈尔市,龙江县,齐齐哈尔市
巴沙廊,龙江集团水泥公司公寓西南门旁,"123.187789,47.338645",[],黑龙江省,齐齐哈尔市,龙江县,齐齐哈尔市
新浪漫专业女子烫染店,龙江镇龙城鑫家小区11号楼122号,"123.195078,47.339606",[],黑龙江省,齐齐哈尔市,龙江县,齐齐哈尔市
玉洁美发(龙景综合楼店),龙江镇八道街龙景公寓一楼,"123.191668,47.341022",[],黑龙江省,齐齐哈尔市,龙江县,齐齐哈尔市
智超美发一族,八道街农机局西20米道北,"123.192172,47.340784",[],黑龙江省,齐齐哈尔市,龙江县,齐齐哈尔市
小爵士(齐齐哈尔购物广场店),益民购物商场北门旁,"123.189283,47.334428",[],黑龙江省,齐齐哈尔市,龙江县,齐齐哈尔市
名剪之约(龙电花园A区店),龙电花园A区东北门旁,"123.192414,47.334854",[],黑龙江省,齐齐哈尔市,龙江县,齐齐哈尔市
潮尚美发造型(购物广场店),益民购物商场北门东南60米,"123.189813,47.334112",[],黑龙江省,齐齐哈尔市,龙江县,齐齐哈尔市
沐鎏·美发烫染会所,县府街124-号,"123.188647,47.338301",[],黑龙江省,齐齐哈尔市,龙江县,齐齐哈尔市
东田美发(龙城学苑店),益诚府园东南门东北50米,"123.205050,47.333892",[],黑龙江省,齐齐哈尔市,龙江县,齐齐哈尔市
纪元发艺,龙江镇志刚广场对过科技楼楼下,"123.193428,47.338844",[],黑龙江省,齐齐哈尔市,龙江县,齐齐哈尔市
彩虹发艺,龙江镇九道街六中对面,"123.188929,47.343526",[],黑龙江省,齐齐哈尔市,龙江县,齐齐哈尔市
丝缘剪艺造型(锦绣家园店),[],"123.183316,47.337352",13624629565,黑龙江省,齐齐哈尔市,龙江县,齐齐哈尔市
静茹发艺,龙江镇二道街电信公寓楼下,"123.179579,47.333927",13945283222,黑龙江省,齐齐哈尔市,龙江县,齐齐哈尔市
喜一理HairSalon美发沙龙,华龙学苑二期二中家属楼西门103门市,"123.205100,47.332930",18845254445,黑龙江省,齐齐哈尔市,龙江县,齐齐哈尔市
龙江县.毛毛美发工作室,七道街二马路与六道街之间国税局对面DY美发沙龙毛毛,"123.190651,47.336660",15545636263,黑龙江省,齐齐哈尔市,龙江县,齐齐哈尔市
理好这是一家理发店,延顺路122号,"123.204672,47.333333",[],黑龙江省,齐齐哈尔市,龙江县,齐齐哈尔市
觅·镜HairSalon美发沙龙,通达街康城御园小区一号楼一层11号,"123.201468,47.342103",15214420777,黑龙江省,齐齐哈尔市,龙江县,齐齐哈尔市
欧媲尚美发店,龙江镇十道街正阳路武装部对面,"123.193712,47.346614",[],黑龙江省,齐齐哈尔市,龙江县,齐齐哈尔市
AE造型(召香科技护肤346店),龙城鑫家,"123.197125,47.340225",[],黑龙江省,齐齐哈尔市,龙江县,齐齐哈尔市
清爽理发店,益诚府园东南门旁,"123.204957,47.333760",[],黑龙江省,齐齐哈尔市,龙江县,齐齐哈尔市
白羊座造型,劳动街与新谊路交叉口东南80米,"123.194703,47.333954",18714344311,黑龙江省,齐齐哈尔市,龙江县,齐齐哈尔市
沅禾造型Hair design,八道街华龙名苑北门对面沅禾造型,"123.192037,47.340822",13766529966,黑龙江省,齐齐哈尔市,龙江县,齐齐哈尔市
喜欢理,龙江广场1号楼00单元01层,"123.191134,47.340761",18714527877,黑龙江省,齐齐哈尔市,龙江县,齐齐哈尔市
龙江县小鹤美发店,[],"123.183553,47.337171",[],黑龙江省,齐齐哈尔市,龙江县,齐齐哈尔市
青朗美发烫染,龙江镇世贸华府22号楼6号库,"123.189341,47.345098",18249525918,黑龙江省,齐齐哈尔市,龙江县,齐齐哈尔市
银座发型设计,通富街与友谊路交叉口西80米,"123.033643,47.071900",[],黑龙江省,齐齐哈尔市,龙江县,齐齐哈尔市
一剪钟情发艺(北苑小区店),龙江镇北苑小区,"123.197004,47.349084",[],黑龙江省,齐齐哈尔市,龙江县,齐齐哈尔市
艺林烫染工作室(龙电花园B区店),龙电花园B区西南门旁,"123.191132,47.332611",[],黑龙江省,齐齐哈尔市,龙江县,齐齐哈尔市
大鹏发艺(购物广场店),益民购物商场北门东南50米,"123.189827,47.334180",15046255773,黑龙江省,齐齐哈尔市,龙江县,齐齐哈尔市
梦幻美发沙龙,益城学院,"123.198147,47.349414",[],黑龙江省,齐齐哈尔市,龙江县,齐齐哈尔市
艳羽发艺,通齐街与新谊路交叉口东40米,"123.189354,47.328333",[],黑龙江省,齐齐哈尔市,龙江县,齐齐哈尔市
天姿美容美发(康复街店),富景家园北门旁,"123.036065,47.073417",[],黑龙江省,齐齐哈尔市,龙江县,齐齐哈尔市
小中天美发沙龙,东华乡,"123.057373,46.786550",15146662242,黑龙江省,齐齐哈尔市,龙江县,齐齐哈尔市
东方美发(华龙名苑店),华龙名苑东北门东南60米,"123.192015,47.340402",13945245781,黑龙江省,齐齐哈尔市,龙江县,齐齐哈尔市
阿祖美发,八道街2马路志刚广场北行100米建设路318号,"123.192880,47.339868",16233013301,黑龙江省,齐齐哈尔市,龙江县,齐齐哈尔市
新概念发艺,兴济路东南侧,"122.698840,47.378600",[],黑龙江省,齐齐哈尔市,龙江县,齐齐哈尔市
春丽美发,066乡道与中心路交叉口南120米,"123.257373,46.962785",[],黑龙江省,齐齐哈尔市,龙江县,齐齐哈尔市
发秀造型,066乡道与商贸路交叉口西南20米,"123.259423,46.960743",[],黑龙江省,齐齐哈尔市,龙江县,齐齐哈尔市
瑞竹美业(阳光国际店),新谊路140号阳光国际,"123.195462,47.337955",[],黑龙江省,齐齐哈尔市,龙江县,齐齐哈尔市
仟星发艺,锦绣家园东南门东北70米,"123.184728,47.338251",[],黑龙江省,齐齐哈尔市,龙江县,齐齐哈尔市
龙江县森木烫染会所(富景家园店),富景家园,"123.036470,47.073300",18545600085,黑龙江省,齐齐哈尔市,龙江县,齐齐哈尔市
发工匠烫染工作室(龙盛家园店),长横街与新开路交叉口东200米,"123.185158,47.345574",15845255512,黑龙江省,齐齐哈尔市,龙江县,齐齐哈尔市
美之约美发沙龙,商贸街与朝阳路交叉口东北60米,"122.755241,47.488599",13149629651,黑龙江省,齐齐哈尔市,龙江县,齐齐哈尔市
小宁美发(北苑小区店),龙甘路81号东南方向120米北苑小区,"123.197594,47.348912",[],黑龙江省,齐齐哈尔市,龙江县,齐齐哈尔市
风尚发艺(购物广场店),五道街益民北门,"123.189421,47.334384",13895952576,黑龙江省,齐齐哈尔市,龙江县,齐齐哈尔市
晓阳发艺(碧龙湾店),碧龙湾东南门西南110米,"123.198762,47.340588",15504526033,黑龙江省,齐齐哈尔市,龙江县,齐齐哈尔市
靓点发艺,华民王宇轮胎旁,"123.455661,47.128727",18645228081,黑龙江省,齐齐哈尔市,龙江县,齐齐哈尔市
天利美发,龙景路与德育巷交叉口东北140米,"123.162560,47.325474",[],黑龙江省,齐齐哈尔市,龙江县,齐齐哈尔市
环球发型设计(华龙名苑店),华龙名苑2号楼,"123.192285,47.340448",[],黑龙江省,齐齐哈尔市,龙江县,齐齐哈尔市
金浪美发(锦绣家园店),锦绣家园西北门旁,"123.181417,47.338462",[],黑龙江省,齐齐哈尔市,龙江县,齐齐哈尔市
动感发型设计室,育才学校东南门西南50米,"123.196187,47.350567",[],黑龙江省,齐齐哈尔市,龙江县,齐齐哈尔市
雨熙美业,龙江广场10号楼00单元01层00121号,"123.188989,47.338173",17790609532,黑龙江省,齐齐哈尔市,龙江县,齐齐哈尔市
理念造型美甲美睫鲜花,华龙学院西门理念造型,"123.205734,47.333743",13069986091;13100990486,黑龙江省,齐齐哈尔市,龙江县,齐齐哈尔市
新潮发屋(正阳路店),龙江镇正阳街广电局北一中公寓1楼,"123.188924,47.340864",[],黑龙江省,齐齐哈尔市,龙江县,齐齐哈尔市
一剪红美发(城投公司综合楼店),发达水库活鱼馆(文化街南),"123.196445,47.331716",[],黑龙江省,齐齐哈尔市,龙江县,齐齐哈尔市
小天鹅美发,镇府街与新谊路交叉口东60米,"123.190646,47.329451",[],黑龙江省,齐齐哈尔市,龙江县,齐齐哈尔市
永华发厅,龙江镇九里村,"123.130026,47.352252",[],黑龙江省,齐齐哈尔市,龙江县,齐齐哈尔市
金花美发,白山乡,"123.251642,47.271427",15645246869,黑龙江省,齐齐哈尔市,龙江县,齐齐哈尔市
尚格造型(华龙名苑店),龙江镇华龙二苑北市街83号,"123.191984,47.340415",[],黑龙江省,齐齐哈尔市,龙江县,齐齐哈尔市
千百合美容美发,朝阳路与商贸街交叉口西北40米,"122.754448,47.488444",[],黑龙江省,齐齐哈尔市,龙江县,齐齐哈尔市
成光发型设计,景星镇通富街37号,"123.033994,47.071923",[],黑龙江省,齐齐哈尔市,龙江县,齐齐哈尔市
佳宝发艺,华龙名苑6号楼,"123.191060,47.339681",[],黑龙江省,齐齐哈尔市,龙江县,齐齐哈尔市
阳光发艺(科技巷店),科技巷与建设路交叉口南140米,"123.193059,47.337816",[],黑龙江省,齐齐哈尔市,龙江县,齐齐哈尔市
格美发艺(华龙名苑店),建设路与科技巷交叉口西北20米,"123.192338,47.339361",[],黑龙江省,齐齐哈尔市,龙江县,齐齐哈尔市
独品造型(市场街店),龙电花园B区西南门西60米,"123.190342,47.332907",[],黑龙江省,齐齐哈尔市,龙江县,齐齐哈尔市
慧敏美发,龙江镇六道街安平小区1号楼商服1门,"123.182065,47.339288",[],黑龙江省,齐齐哈尔市,龙江县,齐齐哈尔市
娇洋发艺,翔天家园北门旁,"123.183962,47.331605",[],黑龙江省,齐齐哈尔市,龙江县,齐齐哈尔市
黑猫美业,建设路与县府街交叉口南60米,"123.190748,47.336694",[],黑龙江省,齐齐哈尔市,龙江县,齐齐哈尔市
美多发艺剪烫染,朝阳孵化站南侧,"123.169265,47.328790",[],黑龙江省,齐齐哈尔市,龙江县,齐齐哈尔市
丸美发艺,长横街与正阳路交叉口西40米,"123.189836,47.343209",[],黑龙江省,齐齐哈尔市,龙江县,齐齐哈尔市
天阳美发,幸福路与文汇路交叉口西北80米,"123.170886,47.327352",[],黑龙江省,齐齐哈尔市,龙江县,齐齐哈尔市
特维丝发型设计(金色家园店),金色家园南1门旁,"123.197511,47.334874",[],黑龙江省,齐齐哈尔市,龙江县,齐齐哈尔市
名典发艺,济沁河乡兴济路,"122.701041,47.379812",15214450200,黑龙江省,齐齐哈尔市,龙江县,齐齐哈尔市
龙江县小中天发廊,通富街与电力路交叉口东60米,"123.032630,47.071832",[],黑龙江省,齐齐哈尔市,龙江县,齐齐哈尔市
美媚发艺,通富街与友谊路交叉口西80米,"123.033700,47.071762",13796284920,黑龙江省,齐齐哈尔市,龙江县,齐齐哈尔市
欣乐美发,文化街与青平路交叉口东40米,"123.197728,47.331680",[],黑龙江省,齐齐哈尔市,龙江县,齐齐哈尔市
倾城一绣美容工作室(金色家园店),龙江镇金色家园1号楼101室,"123.195764,47.336101",13946202566,黑龙江省,齐齐哈尔市,龙江县,齐齐哈尔市
汇媚美容工作室(阳光国际店),阳光国际科技巷57号,"123.195328,47.337709",18845258118,黑龙江省,齐齐哈尔市,龙江县,齐齐哈尔市
指为你美甲工作室(康城花园店),康城花园北门3号楼109室,"123.193396,47.336083",18746215238,黑龙江省,齐齐哈尔市,龙江县,齐齐哈尔市
龙江县摩卡彩妆工作室,志刚广场14 号楼广场侧104号商服,"123.189594,47.339842",[],黑龙江省,齐齐哈尔市,龙江县,齐齐哈尔市
奂镁美容养生工作室(电力新区店),景星镇电力新区北门建设街69号,"123.035327,47.074595",15845205552,黑龙江省,齐齐哈尔市,龙江县,齐齐哈尔市
为你美水光工作室,龙江镇二道街电信公寓楼下,"123.178773,47.334106",[],黑龙江省,齐齐哈尔市,龙江县,齐齐哈尔市
媛媛美甲工作室,金色家园北门北市街261号,"123.199617,47.337508",13079650277,黑龙江省,齐齐哈尔市,龙江县,齐齐哈尔市
尚禾造型工作室,信用路与府东街交叉口南40米,"123.259073,46.961281",[],黑龙江省,齐齐哈尔市,龙江县,齐齐哈尔市
美妍世家男士养生馆,劳动街与建设路交叉口东南80米,"123.190625,47.335525",[],黑龙江省,齐齐哈尔市,龙江县,齐齐哈尔市
经典专业烫染会所,新兴委(福田商服楼1-2层7室),"123.810823,47.156634",18746825556,黑龙江省,齐齐哈尔市,昂昂溪区,齐齐哈尔市
凯丽美发店,昂昂溪区政府1号楼,"123.812693,47.156885",19969788145,黑龙江省,齐齐哈尔市,昂昂溪区,齐齐哈尔市
一念美发沙龙,农行家属楼1门101室,"123.813713,47.155809",15636257619,黑龙江省,齐齐哈尔市,昂昂溪区,齐齐哈尔市
老根发廊,新兴街道长兴街政府2号楼,"123.812044,47.155340",[],黑龙江省,齐齐哈尔市,昂昂溪区,齐齐哈尔市
得利发艺风格设计,区府路307号,"123.808235,47.156890",15164634998;18645221217,黑龙江省,齐齐哈尔市,昂昂溪区,齐齐哈尔市
囍理造型工作室,新兴街道建行综合楼1层4室,"123.811132,47.156021",18182822066,黑龙江省,齐齐哈尔市,昂昂溪区,齐齐哈尔市
完美发艺,新兴街道农行家属楼,"123.813118,47.155804",[],黑龙江省,齐齐哈尔市,昂昂溪区,齐齐哈尔市
特别特美发,铁南街与丰源路交叉口东180米,"123.808175,47.155092",[],黑龙江省,齐齐哈尔市,昂昂溪区,齐齐哈尔市
书君美容美发中心,长兴街33号,"123.813366,47.158152",[],黑龙江省,齐齐哈尔市,昂昂溪区,齐齐哈尔市
发庄造型工作室,丰源路与铁南街交叉口东160米,"123.808201,47.154729",[],黑龙江省,齐齐哈尔市,昂昂溪区,齐齐哈尔市
集美美容美发厅,铁南街19号,"123.809580,47.160600",[],黑龙江省,齐齐哈尔市,昂昂溪区,齐齐哈尔市
木北造型(区府路店),庆华小区6号楼,"123.808016,47.153925",17604529517,黑龙江省,齐齐哈尔市,昂昂溪区,齐齐哈尔市
超然发艺,铁南街与区府路交叉口西南160米,"123.805882,47.156184",15845603265,黑龙江省,齐齐哈尔市,昂昂溪区,齐齐哈尔市
发源地美容美发,新兴街道庆华小区24号楼商服11门,"123.809576,47.155521",[],黑龙江省,齐齐哈尔市,昂昂溪区,齐齐哈尔市
黑马造型,新立委铁南街商服2号20室,"123.806776,47.156844",13846261309;15604524512,黑龙江省,齐齐哈尔市,昂昂溪区,齐齐哈尔市
静染美发造型室,新兴委,"123.809388,47.155569",13796877031,黑龙江省,齐齐哈尔市,昂昂溪区,齐齐哈尔市
顶丽美发,丰源路与铁南街交叉口东160米,"123.808125,47.154544",[],黑龙江省,齐齐哈尔市,昂昂溪区,齐齐哈尔市
蓝萱发艺,丰源路与铁南街交叉口东160米,"123.808141,47.154583",[],黑龙江省,齐齐哈尔市,昂昂溪区,齐齐哈尔市
天艺美发,区府路与长兴街交叉口东140米,"123.813497,47.155732",[],黑龙江省,齐齐哈尔市,昂昂溪区,齐齐哈尔市
潮流坊形象纹刺设计,陶然居一期,"123.813967,47.157227",13079627267,黑龙江省,齐齐哈尔市,昂昂溪区,齐齐哈尔市
鑫头领造型,丰源路与铁南街交叉口东180米,"123.808227,47.154794",[],黑龙江省,齐齐哈尔市,昂昂溪区,齐齐哈尔市
大庆发廊,兴榆路与232国道交叉口西南40米,"123.895318,47.157532",[],黑龙江省,齐齐哈尔市,昂昂溪区,齐齐哈尔市
佳琦美发造型室,昂昂溪区文化小区1号楼,"123.807566,47.158891",[],黑龙江省,齐齐哈尔市,昂昂溪区,齐齐哈尔市
云尚美发,大五福玛村村委会东北侧160米,"123.860775,47.210925",[],黑龙江省,齐齐哈尔市,昂昂溪区,齐齐哈尔市
腊梅发廊(庆华家园店),庆华家园九号楼,"123.802986,47.156986",[],黑龙江省,齐齐哈尔市,昂昂溪区,齐齐哈尔市
木星理发店,长兴街38号,"123.812096,47.155451",[],黑龙江省,齐齐哈尔市,昂昂溪区,齐齐哈尔市
时尚发型设计(同德路店),同德路与长兴街交叉口西北60米,"123.809071,47.152629",[],黑龙江省,齐齐哈尔市,昂昂溪区,齐齐哈尔市
青青发屋(丰源路),宏顺小区6号楼,"123.813441,47.153078",[],黑龙江省,齐齐哈尔市,昂昂溪区,齐齐哈尔市
阿彬烫染,长兴街与区府路交叉口西南160米,"123.810381,47.155323",[],黑龙江省,齐齐哈尔市,昂昂溪区,齐齐哈尔市
情侣发型设计室,丰源路与铁南街交叉口东南20米,"123.806132,47.154409",[],黑龙江省,齐齐哈尔市,昂昂溪区,齐齐哈尔市
原老理发店,庆华小区18号楼,"123.807704,47.154359",[],黑龙江省,齐齐哈尔市,昂昂溪区,齐齐哈尔市
鑫创意发型设计室,顺建嘉园北门旁,"123.812281,47.152935",[],黑龙江省,齐齐哈尔市,昂昂溪区,齐齐哈尔市
乐肤颜美容美发店,丰源路260号庆华家园,"123.808123,47.154491",18846337587,黑龙江省,齐齐哈尔市,昂昂溪区,齐齐哈尔市
得艺旺型发型设计室,水边路与齐杜公路交叉口东南100米,"123.997151,47.249187",[],黑龙江省,齐齐哈尔市,昂昂溪区,齐齐哈尔市
森迪发艺会所,齐杜公路与水边路交叉口西北60米,"123.995819,47.250130",[],黑龙江省,齐齐哈尔市,昂昂溪区,齐齐哈尔市
超港发廊,兴榆路与232国道交叉口东380米,"123.900070,47.156300",[],黑龙江省,齐齐哈尔市,昂昂溪区,齐齐哈尔市
喜荣美发,方正新村南门旁,"123.888175,47.157525",[],黑龙江省,齐齐哈尔市,昂昂溪区,齐齐哈尔市
琳琳理发店,鑫广达米业有限公司西北侧60米,"123.859775,47.209725",[],黑龙江省,齐齐哈尔市,昂昂溪区,齐齐哈尔市
剪约(区府路店),长兴街5号庆华购物中心,"123.808635,47.155535",[],黑龙江省,齐齐哈尔市,昂昂溪区,齐齐哈尔市
大鹏发艺,区府路与铁南街交叉口东南200米,"123.808575,47.155775",[],黑龙江省,齐齐哈尔市,昂昂溪区,齐齐哈尔市
铭门美发,铁南街与区府路交叉口东南160米,"123.808010,47.155924",[],黑龙江省,齐齐哈尔市,昂昂溪区,齐齐哈尔市
百信美发(庆华家园店),丰源路与铁南街交叉口西140米,"123.804442,47.155180",[],黑龙江省,齐齐哈尔市,昂昂溪区,齐齐哈尔市
小青烫染(庆华家园店),庆华家园12楼2号,"123.805275,47.156438",[],黑龙江省,齐齐哈尔市,昂昂溪区,齐齐哈尔市
白婧理发店,丰源路260号庆华家园,"123.802954,47.157051",[],黑龙江省,齐齐哈尔市,昂昂溪区,齐齐哈尔市
如壹美甲工作室,石油楼1层5室,"123.813998,47.155675",18746828391,黑龙江省,齐齐哈尔市,昂昂溪区,齐齐哈尔市
东方印迹纹刺工作室,碧林宾馆对面,"123.810002,47.156870",[],黑龙江省,齐齐哈尔市,昂昂溪区,齐齐哈尔市
新感觉发廊(庆华家园店),丰源路260号庆华家园,"123.804901,47.155046",[],黑龙江省,齐齐哈尔市,昂昂溪区,齐齐哈尔市
ID艾迪概念发型沙龙,中环广场南1门通道A座(卝KTV旁边),"123.953010,47.340779",15765052303,黑龙江省,齐齐哈尔市,龙沙区,齐齐哈尔市
隆隆发型沙龙(永安店),永安大街70号,"123.952593,47.344298",0452-2401814;0452-2402626,黑龙江省,齐齐哈尔市,龙沙区,齐齐哈尔市
银星造型(中环路店),中环路30号(红叶醉美火锅故事西走100米),"123.952266,47.342469",15145292837,黑龙江省,齐齐哈尔市,龙沙区,齐齐哈尔市
画间发型沙龙(永青小区店),青云街105东南方向60米永青小区,"123.954778,47.335313",17790639560,黑龙江省,齐齐哈尔市,龙沙区,齐齐哈尔市
理念美学沙龙,南市场小区8号楼网点1号,"123.963732,47.331590",18714316683,黑龙江省,齐齐哈尔市,龙沙区,齐齐哈尔市
首艺造型(齐齐哈尔龙沙区),南马路266号,"123.961868,47.334221",0452-2408066,黑龙江省,齐齐哈尔市,龙沙区,齐齐哈尔市
D-Y帝艺造型(南市场小区店),卜奎南大街166号,"123.958497,47.331267",15046228881,黑龙江省,齐齐哈尔市,龙沙区,齐齐哈尔市
TT美发沙龙(3号店),大民街道鹤城路,"123.963438,47.300881",[],黑龙江省,齐齐哈尔市,龙沙区,齐齐哈尔市
AE佰分佰造型,五福小区17号楼(卜奎南大街233号),"123.957572,47.331255",[],黑龙江省,齐齐哈尔市,龙沙区,齐齐哈尔市
金扬发型风格设计美学,卜奎南大街663号华玉府一期南门17栋103-104号金扬发型,"123.958214,47.289275",13069995767;14704655542,黑龙江省,齐齐哈尔市,龙沙区,齐齐哈尔市
艺颜轻奢发型会馆,新化小区15号楼00单元01层09号,"123.950361,47.334225",18845287348,黑龙江省,齐齐哈尔市,龙沙区,齐齐哈尔市
浪涛轻奢店,金域名都东南1门北240米,"123.964323,47.299726",13836297679,黑龙江省,齐齐哈尔市,龙沙区,齐齐哈尔市
金碧,安顺路24号(近群英楼),"123.938668,47.333091",0452-2811104;13846282897,黑龙江省,齐齐哈尔市,龙沙区,齐齐哈尔市
名扬美业,青云街128号,"123.954320,47.335202",13504622785,黑龙江省,齐齐哈尔市,龙沙区,齐齐哈尔市
TT美发沙龙(5号店),燕山街26号,"123.964598,47.300422",18946298035,黑龙江省,齐齐哈尔市,龙沙区,齐齐哈尔市
幸之运,新玛特北门01层5号幸之运,"123.957989,47.342493",18745275909,黑龙江省,齐齐哈尔市,龙沙区,齐齐哈尔市
漂亮宝贝美容美发(齐大中区店),劳动路23号齐大中区电大东斜对面,"123.928211,47.349383",0452-6156558;13303628807,黑龙江省,齐齐哈尔市,龙沙区,齐齐哈尔市
佰分佰造型,卜奎南大街233号(交通银行南50米),"123.962181,47.332458",13846249061,黑龙江省,齐齐哈尔市,龙沙区,齐齐哈尔市
凡古潮沙龙,园建街150号,"123.925189,47.346812",0452-6166761;15945235396,黑龙江省,齐齐哈尔市,龙沙区,齐齐哈尔市
她雅造型(新化一胡同),新化小区新化街20号楼一门,"123.952324,47.335784",13763563936,黑龙江省,齐齐哈尔市,龙沙区,齐齐哈尔市
玛尔造型(临江路店),锦江阁11号楼9号,"123.929468,47.336430",0452-2301818,黑龙江省,齐齐哈尔市,龙沙区,齐齐哈尔市
当代烫染美发定制店,安居路42号,"123.958968,47.338714",0452-6172958;18686939688;19904523773,黑龙江省,齐齐哈尔市,龙沙区,齐齐哈尔市
金扬发型工作室,黑龙江路与卜奎南大街交叉口东200米,"123.953851,47.296329",13836221772;18814521304,黑龙江省,齐齐哈尔市,龙沙区,齐齐哈尔市
素里美发沙龙,安智小区15号楼一层4号,"123.965392,47.338995",18345207688,黑龙江省,齐齐哈尔市,龙沙区,齐齐哈尔市
神美造型·接发·烫染店(北方新天地店),北大仓街安居路6号,"123.960698,47.338827",0452-2137575,黑龙江省,齐齐哈尔市,龙沙区,齐齐哈尔市
u美烫染名店(民航路店),民航路427号,"123.962348,47.319121",13134525431;15845651680,黑龙江省,齐齐哈尔市,龙沙区,齐齐哈尔市
喜理时尚造型(海山小区店),海山路57号,"123.960022,47.343328",15546270489,黑龙江省,齐齐哈尔市,龙沙区,齐齐哈尔市
龙沙区发主角发型工作室,青云小区26号楼通达街89号,"123.948336,47.331433",15146660823;18946214602,黑龙江省,齐齐哈尔市,龙沙区,齐齐哈尔市
美杜莎造型,卜奎南大街46号,"123.958176,47.339513",13069976611,黑龙江省,齐齐哈尔市,龙沙区,齐齐哈尔市
红风车国际,公园路小学永安大街海关大楼北海鲜1+1海鲜胡同公园路小学东,"123.951928,47.343816",0452-6197969;15946497222,黑龙江省,齐齐哈尔市,龙沙区,齐齐哈尔市
元素造型(火电小区店),火电安居小区6号楼7门市红楼后身二十中对面,"123.960254,47.337323",13946200433,黑龙江省,齐齐哈尔市,龙沙区,齐齐哈尔市
AE造型(139店),龙沙区金域名都30A号楼07号,"123.964240,47.299405",[],黑龙江省,齐齐哈尔市,龙沙区,齐齐哈尔市
帝凡妮剪单生活(火电小区店),龙安路28号安居小区火电14号楼,"123.959469,47.337001",0452-6115411,黑龙江省,齐齐哈尔市,龙沙区,齐齐哈尔市
名仕造型(安顺路店),五龙街道安顺路86号11环卫处西,"123.930039,47.333267",15945230608,黑龙江省,齐齐哈尔市,龙沙区,齐齐哈尔市
玖龙发艺人生(安居火电小区店),正阳街道百花红楼后身火电安居小区15号楼1门市,"123.961344,47.336826",0452-2438198;0452-2478198,黑龙江省,齐齐哈尔市,龙沙区,齐齐哈尔市
贵族发型沙龙(安居小区东方组团店),北大仓街114号贵族发型沙龙,"123.960915,47.338554",19645024567,黑龙江省,齐齐哈尔市,龙沙区,齐齐哈尔市
色之廊剪业,新化小区61号楼底商,"123.949896,47.336614",15045215028;15046215028,黑龙江省,齐齐哈尔市,龙沙区,齐齐哈尔市
明宇发型沙龙,卜奎南大街221号明宇发型沙龙,"123.957641,47.330714",13079665898;15765082828,黑龙江省,齐齐哈尔市,龙沙区,齐齐哈尔市
艺都发型工作室,同源路与斜阳街交叉口东50米,"123.966508,47.344545",18686843332,黑龙江省,齐齐哈尔市,龙沙区,齐齐哈尔市
金碘造型(阳光名宅店),滨湖二期阳光名宅25号楼00单元01层05号,"123.930109,47.345883",0452-2115533;13314526654,黑龙江省,齐齐哈尔市,龙沙区,齐齐哈尔市
初色轻奢美业沙龙(安居小区店),南马路282号,"123.961582,47.334268",16646272226,黑龙江省,齐齐哈尔市,龙沙区,齐齐哈尔市
指尖美发(龙沙小区南区店),越秀路65号,"123.961906,47.343070",13846219626,黑龙江省,齐齐哈尔市,龙沙区,齐齐哈尔市
简专业剪烫染,南马路268号,"123.961994,47.334200",15214403569,黑龙江省,齐齐哈尔市,龙沙区,齐齐哈尔市
圣帝美发沙龙(畅心园A区店),卜奎大街畅心园小区a区4号楼商服,"123.959069,47.319711",0452-2464456;13796887495,黑龙江省,齐齐哈尔市,龙沙区,齐齐哈尔市
深澳美容美发工作室,齐大万米楼北楼1-102,"123.934234,47.349866",18745280200,黑龙江省,齐齐哈尔市,龙沙区,齐齐哈尔市
帅发廊,永青小区14号楼,"123.956647,47.336163",13069999081;15145253689;15946493280,黑龙江省,齐齐哈尔市,龙沙区,齐齐哈尔市
头彩造型,安居路新世纪广场一层21号,"123.958851,47.338702",18686943368,黑龙江省,齐齐哈尔市,龙沙区,齐齐哈尔市
鑫天艺美发沙龙(卜奎南大街),卜奎南大街85号,"123.956954,47.337390",0452-5962733;13394469414,黑龙江省,齐齐哈尔市,龙沙区,齐齐哈尔市
润风造型(安居火电小区店),齐齐哈尔火电安居小区14号楼门市,"123.958851,47.336969",15846271980,黑龙江省,齐齐哈尔市,龙沙区,齐齐哈尔市
天宏理发店,北疆花园东区12号楼,"123.952577,47.318461",15846202229,黑龙江省,齐齐哈尔市,龙沙区,齐齐哈尔市
简美烫染沙龙,龙安路76号,"123.961867,47.337190",15146695747,黑龙江省,齐齐哈尔市,龙沙区,齐齐哈尔市
发泽造型(新立街店),恒大影城一楼115号,"123.920739,47.321885",13604522276,黑龙江省,齐齐哈尔市,龙沙区,齐齐哈尔市
尚典造型(龙安路店),正阳街道安智小区7号楼,"123.962300,47.337581",15845688836;19104627333,黑龙江省,齐齐哈尔市,龙沙区,齐齐哈尔市
沐轩造型(龙兴嘉园店),工建路94正北方向150米龙兴嘉园28号楼,"123.929673,47.348822",15846212279,黑龙江省,齐齐哈尔市,龙沙区,齐齐哈尔市
阿洋造型专业烫染名店,青云街164号,"123.954729,47.331471",17790639560,黑龙江省,齐齐哈尔市,龙沙区,齐齐哈尔市
奈斯美发沙龙(新玛特超市店),大商新玛特齐齐哈尔店北门西80米,"123.957389,47.342492",13339522217;15765041888,黑龙江省,齐齐哈尔市,龙沙区,齐齐哈尔市
X·L私人订制美发工作室,齐齐哈尔市龙沙区安居小区火电6号楼00单元01层17号,"123.961033,47.337397",13384628998,黑龙江省,齐齐哈尔市,龙沙区,齐齐哈尔市
艾蓓逸美发化妆工作室,卜奎南大街233号,"123.957677,47.330498",13796885262,黑龙江省,齐齐哈尔市,龙沙区,齐齐哈尔市
安家美业,紫金华府公园天下二期23号楼00单元01层11号,"123.963531,47.294541",19013629288,黑龙江省,齐齐哈尔市,龙沙区,齐齐哈尔市
理享美发沙龙(熙府桃园店),熙府桃园小区S1号楼0单元一层,"123.944022,47.333361",15845777020,黑龙江省,齐齐哈尔市,龙沙区,齐齐哈尔市
潮颜造型美发沙龙,御园小区28-B105室,"123.965150,47.299290",[],黑龙江省,齐齐哈尔市,龙沙区,齐齐哈尔市
赫莎造型,南马路276号,"123.961806,47.334139",13303621144,黑龙江省,齐齐哈尔市,龙沙区,齐齐哈尔市
AE造型(173店),卜奎南大街与兴顺路交叉口西北80米,"123.957639,47.331294",[],黑龙江省,齐齐哈尔市,龙沙区,齐齐哈尔市
奈丝发艺(卜奎南大街213号),卜奎南大街213号,"123.957539,47.331943",14745864447,黑龙江省,齐齐哈尔市,龙沙区,齐齐哈尔市
沐川造型(火电小区店),雄鹰南街65号火电小区,"123.960770,47.337372",[],黑龙江省,齐齐哈尔市,龙沙区,齐齐哈尔市
范斯造型,龙华路一轻综合楼1至2层,"123.960055,47.341102",[],黑龙江省,齐齐哈尔市,龙沙区,齐齐哈尔市
反时针美业(大商新玛特齐齐哈尔店),新玛特购物广场东门旁,"123.958780,47.342124",15214418338,黑龙江省,齐齐哈尔市,龙沙区,齐齐哈尔市
秀客发型工作室九年的店,安居9号楼星光儿童城对面安居路35号,"123.959400,47.338554",13504611051,黑龙江省,齐齐哈尔市,龙沙区,齐齐哈尔市
董军美发,长青路96东北方向90米纸厂小区,"123.920589,47.319119",15946495788,黑龙江省,齐齐哈尔市,龙沙区,齐齐哈尔市
阿华造型美发工作室,恒大翡翠华庭剧场商业00单元01层1号门市,"123.920805,47.321809",18846346517,黑龙江省,齐齐哈尔市,龙沙区,齐齐哈尔市
景山烫染沙龙(群意花园店),合意大街151号,"123.931529,47.334035",18946210008,黑龙江省,齐齐哈尔市,龙沙区,齐齐哈尔市
帅帅黑蝴蝶发型工作室,[],"123.950900,47.344306",[],黑龙江省,齐齐哈尔市,龙沙区,齐齐哈尔市
佐佑造型(新化小区16号楼店),新化小区16号楼社保局对面,"123.950055,47.335278",13945239726,黑龙江省,齐齐哈尔市,龙沙区,齐齐哈尔市
姐弟轻奢美业沙龙,金域名都一期31栋103室,"123.962268,47.301039",[],黑龙江省,齐齐哈尔市,龙沙区,齐齐哈尔市
你型我秀烫染店(园建街店),园建街51号,"123.926313,47.343949",13009741721,黑龙江省,齐齐哈尔市,龙沙区,齐齐哈尔市
沙龙理剪造型SALON(阳光名宅店),阳光名宅东门文化大街25号,"123.932898,47.345513",13946270604,黑龙江省,齐齐哈尔市,龙沙区,齐齐哈尔市
托尼·甲美发美甲美睫(安居小区店),南马路312号,"123.960267,47.334239",13349426780;18946262525,黑龙江省,齐齐哈尔市,龙沙区,齐齐哈尔市
首选造型(卜奎南大街店),美域造型原址,"123.957576,47.331019",15174613310,黑龙江省,齐齐哈尔市,龙沙区,齐齐哈尔市
精典美发(齐齐哈尔龙沙区),龙安路37号,"123.960442,47.338184",13199695138;15804705227,黑龙江省,齐齐哈尔市,龙沙区,齐齐哈尔市
贵宾发艺,正阳街道安智小区14号楼102号,"123.965487,47.339607",15245278899,黑龙江省,齐齐哈尔市,龙沙区,齐齐哈尔市
角落理美容美发工作室,青云街章林大院106号楼底商(途虎养车门口),"123.953817,47.338161",13069991938,黑龙江省,齐齐哈尔市,龙沙区,齐齐哈尔市
尚格美发(新宫小区科技楼店),民意路三八饭店对面,"123.940136,47.336183",18246280565,黑龙江省,齐齐哈尔市,龙沙区,齐齐哈尔市
名旺佳缘造型,五福小区10号楼4单元103室第一医院分院斜对面,"123.955160,47.332619",13204523597,黑龙江省,齐齐哈尔市,龙沙区,齐齐哈尔市
阿杰造型(龙沙小区安泰花园店),龙沙小区安泰花园南门东100米,"123.965339,47.344319",[],黑龙江省,齐齐哈尔市,龙沙区,齐齐哈尔市
美丽车间美发(金典学苑店),金典学苑1号楼7号商铺,"123.960501,47.312670",13684529767,黑龙江省,齐齐哈尔市,龙沙区,齐齐哈尔市
手艺人美发,工建路恒昌中学南门,"123.924258,47.345255",13945214514,黑龙江省,齐齐哈尔市,龙沙区,齐齐哈尔市
丝宇美发,新宫小区科技楼,"123.940830,47.335976",15845785725,黑龙江省,齐齐哈尔市,龙沙区,齐齐哈尔市
木绅发艺,黑龙江路666号,"123.953933,47.296510",13796331493;15604620126,黑龙江省,齐齐哈尔市,龙沙区,齐齐哈尔市
晓宾发艺(龙门小区店),五龙街道永安大街51号,"123.953479,47.344794",15603623678,黑龙江省,齐齐哈尔市,龙沙区,齐齐哈尔市
氧发堂天然植物染发锦江阁店,合意大街168号,"123.931029,47.334334",0452-2810338,黑龙江省,齐齐哈尔市,龙沙区,齐齐哈尔市
丝忆发型工作室,东浦胡同15号,"123.962502,47.342526",15765084255,黑龙江省,齐齐哈尔市,龙沙区,齐齐哈尔市
小宝美发烫染,公园路小学校西门旁,"123.950891,47.344322",13514608045,黑龙江省,齐齐哈尔市,龙沙区,齐齐哈尔市
爱尚美发(3合家园店),双龙路三合家园A区18号楼三单元101,"123.950721,47.279816",13946288320,黑龙江省,齐齐哈尔市,龙沙区,齐齐哈尔市
万朋美发,恒大影城南侧外商105号张亮麻辣烫西侧,"123.920620,47.321378",13836260596,黑龙江省,齐齐哈尔市,龙沙区,齐齐哈尔市
木·岩造型(安居小区店),安居小区南门西80米,"123.959679,47.334233",15663152908,黑龙江省,齐齐哈尔市,龙沙区,齐齐哈尔市
森艺美发造型店,民航路商服楼28号楼1层4号,"123.961019,47.319320",18946234445,黑龙江省,齐齐哈尔市,龙沙区,齐齐哈尔市
丝艺美发会所(群意花园店),安顺路89-12号顺意小区顺意2号楼,"123.932510,47.332676",13895992828,黑龙江省,齐齐哈尔市,龙沙区,齐齐哈尔市
帝秀烫染,新化小区8号楼,"123.952411,47.334252",15946244936,黑龙江省,齐齐哈尔市,龙沙区,齐齐哈尔市
鑫造型,北大仓街127号錱造型,"123.961021,47.338633",13766584483,黑龙江省,齐齐哈尔市,龙沙区,齐齐哈尔市
小贺美业,安馨家园22号楼00单元01层02号新工路173号,"123.966136,47.326177",13846265751,黑龙江省,齐齐哈尔市,龙沙区,齐齐哈尔市
木子美业(新合家园店),新合家园48号楼,"123.925177,47.321581",13359521239,黑龙江省,齐齐哈尔市,龙沙区,齐齐哈尔市
时尚前沿发型设计室(青云小区店),青云小区29号楼10号门市,"123.950270,47.331452",18714322770,黑龙江省,齐齐哈尔市,龙沙区,齐齐哈尔市
炫季造型(北疆雅苑店),北疆雅苑南门,"123.954672,47.320749",15164619457,黑龙江省,齐齐哈尔市,龙沙区,齐齐哈尔市
月神美发(安居小区店),火电安居小区24号楼,"123.960364,47.334898",13504619501,黑龙江省,齐齐哈尔市,龙沙区,齐齐哈尔市
墨客造型,新世纪广场120号,"123.959031,47.338727",13846245195,黑龙江省,齐齐哈尔市,龙沙区,齐齐哈尔市
帝秀理发馆(民祥小区店),民航路422号民祥小区,"123.964211,47.315876",13694521224,黑龙江省,齐齐哈尔市,龙沙区,齐齐哈尔市
咔咔理发馆,劳动路29号,"123.927656,47.349339",13911280222;17896066214,黑龙江省,齐齐哈尔市,龙沙区,齐齐哈尔市
婀娜造型(安智小区店),北大仓街187号,"123.961980,47.336603",18714319004,黑龙江省,齐齐哈尔市,龙沙区,齐齐哈尔市
金碘造型(二店),恒大名都皮草城21号门市金碘造型恒大店,"123.939523,47.318552",18045252490,黑龙江省,齐齐哈尔市,龙沙区,齐齐哈尔市
新发现理发店,永安大街与中环路交叉口北160米,"123.951216,47.343997",13845283200,黑龙江省,齐齐哈尔市,龙沙区,齐齐哈尔市
北木造型(鹤乡新城小区店),平阳街鹤乡新城13号楼,"123.967901,47.321045",13351225856,黑龙江省,齐齐哈尔市,龙沙区,齐齐哈尔市
德艺旺型美发工作室(新宫小区科技楼店),民意路168号,"123.937657,47.336977",13766582596,黑龙江省,齐齐哈尔市,龙沙区,齐齐哈尔市
艺伽造型,平阳街78号南市场小区,"123.962704,47.333836",18204664179,黑龙江省,齐齐哈尔市,龙沙区,齐齐哈尔市
众悦美发店,黑龙江路与卜奎南大街交叉口东180米,"123.953802,47.295949",18745280000,黑龙江省,齐齐哈尔市,龙沙区,齐齐哈尔市
名都时尚造型(恒大名都店),恒大名都西南门东南70米,"123.939259,47.318603",13836260426,黑龙江省,齐齐哈尔市,龙沙区,齐齐哈尔市
初然发艺沙龙,民祥小区45号09号门市,"123.964135,47.316235",[],黑龙江省,齐齐哈尔市,龙沙区,齐齐哈尔市
新亮美发工作室(火电小区店),雄鹰南街65号火电小区,"123.960991,47.337364",[],黑龙江省,齐齐哈尔市,龙沙区,齐齐哈尔市
枫·度精湛发艺(恒大翡翠华庭三期店),恒大翡翠华庭三期东门F6商服,"123.915691,47.322030",19917736050,黑龙江省,齐齐哈尔市,龙沙区,齐齐哈尔市
沐思美发沙龙店,南市场小区2号楼1-2层3号,"123.958422,47.331773",15663366680,黑龙江省,齐齐哈尔市,龙沙区,齐齐哈尔市
鑫源美发(文体街店),文体街与文体二胡同交叉口北60米,"123.938957,47.340096",13836251554,黑龙江省,齐齐哈尔市,龙沙区,齐齐哈尔市
大海专业烫染,五福小区11号楼101室,"123.955681,47.332228",15845688066,黑龙江省,齐齐哈尔市,龙沙区,齐齐哈尔市
旮旯美发(安居合意小区店),江安街道安居小区新合小区15号楼旮旯美发,"123.924547,47.324494",18846201537,黑龙江省,齐齐哈尔市,龙沙区,齐齐哈尔市
铭匠精湛发艺(谊联名居店),卜奎南大街232号谊联名居,"123.965093,47.328258",18686909379,黑龙江省,齐齐哈尔市,龙沙区,齐齐哈尔市
卡诗美发,恒大影城115号,"123.920746,47.322235",13029745000,黑龙江省,齐齐哈尔市,龙沙区,齐齐哈尔市
禾木造型,迎阳街与南马路交叉口北160米,"123.965739,47.335579",17504522055,黑龙江省,齐齐哈尔市,龙沙区,齐齐哈尔市
名丽美发工作室,安顺路160号,"123.935063,47.333144",15845608323,黑龙江省,齐齐哈尔市,龙沙区,齐齐哈尔市
鼎鑫时尚发艺(民祥小区店),[],"123.962808,47.317219",13351624527,黑龙江省,齐齐哈尔市,龙沙区,齐齐哈尔市
五贝子天然植物染发(阳光名宅店),工建路113号,"123.928068,47.345535",15946452228,黑龙江省,齐齐哈尔市,龙沙区,齐齐哈尔市
美诗发艺(三合家园B区店),恒山街与长江路交叉口南200米,"123.954041,47.279976",[],黑龙江省,齐齐哈尔市,龙沙区,齐齐哈尔市
小强美发工作室,安顺路126号,"123.935766,47.333141",13945254005,黑龙江省,齐齐哈尔市,龙沙区,齐齐哈尔市
镜美造型(北方新天地店),正阳街道卜奎南大街18号北方新天地购物广场2楼B48号,"123.958959,47.340326",0452-6118880,黑龙江省,齐齐哈尔市,龙沙区,齐齐哈尔市
首秀烫染沙龙(安顺路店),安顺路128号,"123.935845,47.333213",18704521670,黑龙江省,齐齐哈尔市,龙沙区,齐齐哈尔市
尚艺美发沙龙(齐齐哈尔龙沙区),锦江阁1期东门南170米,"123.930585,47.333579",18204626613,黑龙江省,齐齐哈尔市,龙沙区,齐齐哈尔市
永颜造型(绿溪桃源店),绿溪桃源北门新工路64号,"123.962117,47.326082",18745224422,黑龙江省,齐齐哈尔市,龙沙区,齐齐哈尔市
玖悦发艺(民祥小区店),民航路422号民祥小区,"123.964563,47.317497",[],黑龙江省,齐齐哈尔市,龙沙区,齐齐哈尔市
阿苹理容,丰恒小区41号楼,"123.947361,47.340191",13836241088,黑龙江省,齐齐哈尔市,龙沙区,齐齐哈尔市
艺+美发(绿溪桃源店),绿溪桃源小区48号门市,"123.960895,47.326528",19917752233,黑龙江省,齐齐哈尔市,龙沙区,齐齐哈尔市
铭阳发艺(民祥小区店),民祥小区44号楼,"123.963430,47.316782",13846211170,黑龙江省,齐齐哈尔市,龙沙区,齐齐哈尔市
悦己美发(畅心园B区店),畅心园B区北门旁,"123.966505,47.325750",18946239131,黑龙江省,齐齐哈尔市,龙沙区,齐齐哈尔市
氧发堂植物染发五福店(青云街店),青云街五福小区门市37号楼,"123.955083,47.331198",18245227755,黑龙江省,齐齐哈尔市,龙沙区,齐齐哈尔市
郦达尔美业,龙沙小区1号楼1号,"123.959836,47.343252",0452-8097777,黑龙江省,齐齐哈尔市,龙沙区,齐齐哈尔市
沐颜轻奢美发沙龙,金域名都31号楼00单元01层08号,"123.961999,47.301098",18045922895,黑龙江省,齐齐哈尔市,龙沙区,齐齐哈尔市
滨之江发型,滨江国际一期商业街108号,"123.910837,47.316196",[],黑龙江省,齐齐哈尔市,龙沙区,齐齐哈尔市
东风理发,斜阳街43号,"123.965679,47.343934",[],黑龙江省,齐齐哈尔市,龙沙区,齐齐哈尔市
新风尚造型,源地街丰恒小区39号门市新风尚造型,"123.943536,47.339545",[],黑龙江省,齐齐哈尔市,龙沙区,齐齐哈尔市
新尚发艺(金域名都小区店),金域名都二期,"123.964447,47.300058",18845292493,黑龙江省,齐齐哈尔市,龙沙区,齐齐哈尔市
优理发型工作室(安顺电业小区店),安顺路87号,"123.937544,47.332620",18045285505,黑龙江省,齐齐哈尔市,龙沙区,齐齐哈尔市
晓鑫发艺,青云街永裕小学对面,"123.955125,47.338704",13314654477,黑龙江省,齐齐哈尔市,龙沙区,齐齐哈尔市
赵宇专业美发(安居小区北区店),南合意路合意安居小区2号楼iv区8号,"123.929615,47.330745",13796886633,黑龙江省,齐齐哈尔市,龙沙区,齐齐哈尔市
动感美发工作室,园建街48号园艺小区23号楼101,"123.924431,47.347599",[],黑龙江省,齐齐哈尔市,龙沙区,齐齐哈尔市
梵熙造型(顺意小区店),安顺路89-12号顺意小区,"123.930413,47.331616",15765046588,黑龙江省,齐齐哈尔市,龙沙区,齐齐哈尔市
巷往造型,正阳街道安智14号楼102号底商,"123.965587,47.339652",17622814233,黑龙江省,齐齐哈尔市,龙沙区,齐齐哈尔市
⑦barbershop男发馆,新化街与新化路交叉口南60米,"123.952977,47.336289",[],黑龙江省,齐齐哈尔市,龙沙区,齐齐哈尔市
义威美发,斜阳街29号,"123.965546,47.343447",0452-2448660,黑龙江省,齐齐哈尔市,龙沙区,齐齐哈尔市
尚品造型发艺美甲会馆(合意大街店),合意路128号,"123.932416,47.336393",13069998859,黑龙江省,齐齐哈尔市,龙沙区,齐齐哈尔市
董军美发美业连锁,广厦云起溪上,"123.938425,47.328125",[],黑龙江省,齐齐哈尔市,龙沙区,齐齐哈尔市
艺剪情美发(民祥小区店),民航路422号民祥小区,"123.963352,47.316229",[],黑龙江省,齐齐哈尔市,龙沙区,齐齐哈尔市
星泽发型工作室,劳动路41号,"123.927190,47.349299",18646090680,黑龙江省,齐齐哈尔市,龙沙区,齐齐哈尔市
佳丽美发(园建街店),工建北小区西2门北110米,"123.924915,47.347892",[],黑龙江省,齐齐哈尔市,龙沙区,齐齐哈尔市
三多发艺(安居小区店),安居小区,"123.960375,47.334453",[],黑龙江省,齐齐哈尔市,龙沙区,齐齐哈尔市
卡秀造型(民祥小区店),民航路422号民祥小区,"123.961233,47.318539",13846285594,黑龙江省,齐齐哈尔市,龙沙区,齐齐哈尔市
尚艺公约美容美发旗舰店,燕山街与鹤城路交叉口西南160米,"123.964311,47.299672",[],黑龙江省,齐齐哈尔市,龙沙区,齐齐哈尔市
柒染造型工作室,金典学苑1层2号,"123.960698,47.312684",17614049176,黑龙江省,齐齐哈尔市,龙沙区,齐齐哈尔市
红狼造型,火店安居5号楼,"123.961454,47.338033",[],黑龙江省,齐齐哈尔市,龙沙区,齐齐哈尔市
红梅美发(南苑小区店),南航街道亚麻厂一号楼红梅美发,"123.942323,47.315822",[],黑龙江省,齐齐哈尔市,龙沙区,齐齐哈尔市
晓东专业染烫(阳光名宅店),阳光名宅25号楼-商服3号,"123.930776,47.346000",13946282345,黑龙江省,齐齐哈尔市,龙沙区,齐齐哈尔市
萍鑫发艺(新宫小区科技楼店),新宫小区科技楼,"123.940708,47.336021",15946497885,黑龙江省,齐齐哈尔市,龙沙区,齐齐哈尔市
格子浩美业(谊联名居店),新工路161号,"123.964860,47.326124",18249283221,黑龙江省,齐齐哈尔市,龙沙区,齐齐哈尔市
大民美发,齐昂公路与为民路交叉口南180米,"123.911376,47.269040",[],黑龙江省,齐齐哈尔市,龙沙区,齐齐哈尔市
发造型(龙兴嘉园店),园建街27号,"123.925374,47.344772",18804526455,黑龙江省,齐齐哈尔市,龙沙区,齐齐哈尔市
沈钢子造型(新宫小区科技楼店),机关房产处2号楼1单元,"123.939325,47.336475",13504520007,黑龙江省,齐齐哈尔市,龙沙区,齐齐哈尔市
约你发型工作室,谊联名居南门东十米,"123.963497,47.326328",18686949528,黑龙江省,齐齐哈尔市,龙沙区,齐齐哈尔市
丝遇美发美甲美睫店,平阳街90号观景国际售楼对面,"123.965448,47.327362",18004522567,黑龙江省,齐齐哈尔市,龙沙区,齐齐哈尔市
臻品美业尚美造型店,谊联名居1号楼00单元01层14号,"123.961661,47.326380",[],黑龙江省,齐齐哈尔市,龙沙区,齐齐哈尔市
十七美业,广厦云起溪上东门西南260米,"123.938452,47.328064",13766558240,黑龙江省,齐齐哈尔市,龙沙区,齐齐哈尔市
AC造型,新玛特北门00单元48号(北门第一家),"123.958135,47.342560",15214403321;16604521080;16640602340,黑龙江省,齐齐哈尔市,龙沙区,齐齐哈尔市
AE造型113店,雄鹰南街65号火电小区,"123.960260,47.337273",[],黑龙江省,齐齐哈尔市,龙沙区,齐齐哈尔市
发本造型,新合家园西门向南50米,"123.921548,47.320111",19013628181,黑龙江省,齐齐哈尔市,龙沙区,齐齐哈尔市
剪爱发型设计,南市场小区8号楼对面,"123.962341,47.332442",0452-2689253,黑龙江省,齐齐哈尔市,龙沙区,齐齐哈尔市
壹加美发沙龙,公园天下二期,"123.963610,47.294636",[],黑龙江省,齐齐哈尔市,龙沙区,齐齐哈尔市
發裁造型Hair Salon,乐鹤公园二期21栋106号门市發裁造型Hair Salon,"123.956697,47.295089",15603628755,黑龙江省,齐齐哈尔市,龙沙区,齐齐哈尔市
流行美美发沙龙(谊联名居店),新工路151号,"123.964378,47.326318",15604821116,黑龙江省,齐齐哈尔市,龙沙区,齐齐哈尔市
泠京美发(锦江阁店),锦江阁3号门旁,"123.930475,47.335725",15946263356,黑龙江省,齐齐哈尔市,龙沙区,齐齐哈尔市
红桃烫染设计理发店,红星小区53号楼01层02单元04号新乐街20号,"123.940142,47.335156",13763516778,黑龙江省,齐齐哈尔市,龙沙区,齐齐哈尔市
发髻salon(北疆雅苑店),北疆雅苑北门西50米,"123.954758,47.322931",13104523070,黑龙江省,齐齐哈尔市,龙沙区,齐齐哈尔市
私人染烫,龙北街与龙华路交叉口北60米,"123.968036,47.341869",[],黑龙江省,齐齐哈尔市,龙沙区,齐齐哈尔市
九零美发沙龙,平阳街137号鹤乡新城小区,"123.965836,47.322862",[],黑龙江省,齐齐哈尔市,龙沙区,齐齐哈尔市
皇冠发艺(奥悦华庭店),奥悦华庭,"123.942297,47.286327",13136631110,黑龙江省,齐齐哈尔市,龙沙区,齐齐哈尔市
夕颜美容美发工作室(合意小区店),公安医院对面合意小区1号楼5单元,"123.934630,47.340990",18946238838,黑龙江省,齐齐哈尔市,龙沙区,齐齐哈尔市
鹏祥发艺(纸厂小区店),造纸厂小区33号楼,"123.915969,47.319779",13945270839,黑龙江省,齐齐哈尔市,龙沙区,齐齐哈尔市
田斌发艺人生(北方新天地店),北方新天地B座三门1208,"123.959056,47.340260",16221227777,黑龙江省,齐齐哈尔市,龙沙区,齐齐哈尔市
lee造型,安居小区南区,"123.926356,47.325120",[],黑龙江省,齐齐哈尔市,龙沙区,齐齐哈尔市
可心美业(南市场小区店),平阳街78号南市场小区,"123.963054,47.333356",13214520444,黑龙江省,齐齐哈尔市,龙沙区,齐齐哈尔市
姐妹造型,南郊路与新立街交叉口西北380米,"123.915359,47.305653",[],黑龙江省,齐齐哈尔市,龙沙区,齐齐哈尔市
超凡发艺,龙沙小区37号楼网点4号,"123.965907,47.345452",[],黑龙江省,齐齐哈尔市,龙沙区,齐齐哈尔市
艺名美业,通达街新化小区7号楼1层17号,"123.949850,47.336164",13199661785,黑龙江省,齐齐哈尔市,龙沙区,齐齐哈尔市
东城造型,平阳街与新工路交叉口东北40米,"123.965907,47.326355",[],黑龙江省,齐齐哈尔市,龙沙区,齐齐哈尔市
5度专业烫染沙龙,[],"123.961190,47.326541",18745224005,黑龙江省,齐齐哈尔市,龙沙区,齐齐哈尔市
金榜造型(文体一胡同),文体二胡同12号,"123.938761,47.337829",13604520973,黑龙江省,齐齐哈尔市,龙沙区,齐齐哈尔市
彬美容工作室,通达街青云小区,"123.950616,47.332493",15904524201,黑龙江省,齐齐哈尔市,龙沙区,齐齐哈尔市
金米莱美甲美睫工作室,龙沙小区15号楼00单元01层04号,"123.962489,47.343339",18814524466;19997527681,黑龙江省,齐齐哈尔市,龙沙区,齐齐哈尔市
耿小豆美甲美睫工作室,紫金华府12-4-302,"123.967908,47.293974",13314661411,黑龙江省,齐齐哈尔市,龙沙区,齐齐哈尔市
梅坊美容美体工作室(南市场小区店),南市场小区6号楼05单元01层01号,"123.961897,47.332622",[],黑龙江省,齐齐哈尔市,龙沙区,齐齐哈尔市
兆涵指尖美学美甲美睫工作室,安智路32号,"123.966174,47.339924",15164652511,黑龙江省,齐齐哈尔市,龙沙区,齐齐哈尔市
禄萱美睫工作室,文体街与安顺路辅路交叉口东北20米,"123.935525,47.333125",[],黑龙江省,齐齐哈尔市,龙沙区,齐齐哈尔市
莹莹美容工作室,龙沙区一厂三宿舍小区319号楼17号,"123.936575,47.333133",13100825140,黑龙江省,齐齐哈尔市,龙沙区,齐齐哈尔市
复古男士理发馆,龙沙小区10号楼00单元1层,"123.965173,47.342538",17645205456,黑龙江省,齐齐哈尔市,龙沙区,齐齐哈尔市
peng男士理发,育新小学校西南门西北60米,"123.964539,47.331428",[],黑龙江省,齐齐哈尔市,龙沙区,齐齐哈尔市
888发式琳(幸福家园店),文博街179号888,"123.423051,46.389772",15546263888,黑龙江省,齐齐哈尔市,泰来县,齐齐哈尔市
唯一美发美容会所,经典小区5号商服,"123.418984,46.393665",0452-8238678;13946260746,黑龙江省,齐齐哈尔市,泰来县,齐齐哈尔市
阿坤发艺店(聚洋购物中心店),建设路538号聚洋购物中心F1层,"123.419222,46.392857",13079658553,黑龙江省,齐齐哈尔市,泰来县,齐齐哈尔市
一佳发型工作室,泰来镇建新街一委五组广场星苑2号楼一层14号二层14号等2处,"123.416680,46.388783",13009735799,黑龙江省,齐齐哈尔市,泰来县,齐齐哈尔市
黑猫造型(电信小区店),文博街64号,"123.418175,46.388775",[],黑龙江省,齐齐哈尔市,泰来县,齐齐哈尔市
蓝色火焰轻奢美发沙龙(广安街店),广安街与宾馆路交叉口西北20米,"123.418849,46.396256",13845244222,黑龙江省,齐齐哈尔市,泰来县,齐齐哈尔市
埃菲尔造型,交通小区1号楼商服东数6号等2处,"123.417593,46.388673",18686966010,黑龙江省,齐齐哈尔市,泰来县,齐齐哈尔市
明威造型设计室,建设街一委五组(广场星苑1号楼),"123.416316,46.388881",13136619977,黑龙江省,齐齐哈尔市,泰来县,齐齐哈尔市
北方造型名店,人民医院斜对面,"123.418516,46.395894",13054309900,黑龙江省,齐齐哈尔市,泰来县,齐齐哈尔市
木北造型(墅公馆·悦居店),东风路436号墅公馆1号楼3号商服,"123.425204,46.397295",18301383746,黑龙江省,齐齐哈尔市,泰来县,齐齐哈尔市
玛雅造型染烫专业店(文博街店),幸福家园南门东130米,"123.422601,46.389701",13614626738,黑龙江省,齐齐哈尔市,泰来县,齐齐哈尔市
五贝子天然植物染发店,泰来镇步行街北门里走30米,"123.418228,46.391211",[],黑龙江省,齐齐哈尔市,泰来县,齐齐哈尔市
北方理容(清真街店),泰来镇人民医院斜对面,"123.420713,46.397278",13114666611,黑龙江省,齐齐哈尔市,泰来县,齐齐哈尔市
派艺美发(金御华庭店),金御华庭西北门西90米,"123.420898,46.399292",13796268236,黑龙江省,齐齐哈尔市,泰来县,齐齐哈尔市
三月倾城(建设路小区店),经集巷12号,"123.421082,46.393758",13134524143,黑龙江省,齐齐哈尔市,泰来县,齐齐哈尔市
一剪钟情美发,建设街一委八组(交通小区),"123.416443,46.388519",15245255442,黑龙江省,齐齐哈尔市,泰来县,齐齐哈尔市
张浩男士理发馆(一百小区店),铁东路54号一百小区,"123.414308,46.391273",[],黑龙江省,齐齐哈尔市,泰来县,齐齐哈尔市
天奇发型工作室(尚品家园店),湖滨路25正,"123.431827,46.396320",13763533108,黑龙江省,齐齐哈尔市,泰来县,齐齐哈尔市
燕京发艺(幸福家园店),幸福家园南门旁,"123.421528,46.389558",13763492324,黑龙江省,齐齐哈尔市,泰来县,齐齐哈尔市
丽萍理发店,中央大街与汤池大街交叉口东140米,"123.768389,46.987331",[],黑龙江省,齐齐哈尔市,泰来县,齐齐哈尔市
柒月造型(建设路小区店),泰来镇百花北门24号,"123.421508,46.393725",[],黑龙江省,齐齐哈尔市,泰来县,齐齐哈尔市
艺冉造型,大兴镇中心街,"123.746173,46.877393",15561929229;18746279123,黑龙江省,齐齐哈尔市,泰来县,齐齐哈尔市
左手剪美发美甲,泰来镇光明街127新妇幼保健院对面教委3号楼,"123.422469,46.386852",13681516762,黑龙江省,齐齐哈尔市,泰来县,齐齐哈尔市
超美发型设计室,泰来镇教委3号楼,"123.422014,46.386810",[],黑龙江省,齐齐哈尔市,泰来县,齐齐哈尔市
飘雅美发,光明街111号,"123.422203,46.386836",13904828511,黑龙江省,齐齐哈尔市,泰来县,齐齐哈尔市
晶晶美发(万象丽景店),万象丽景北门西100米,"123.428627,46.395954",15214487001,黑龙江省,齐齐哈尔市,泰来县,齐齐哈尔市
首邦美发造型,大榆树乡首邦美发造型,"123.323770,46.521400",18245211253,黑龙江省,齐齐哈尔市,泰来县,齐齐哈尔市
首选造型(八一路店),泰来镇八一路农技推广中心楼下星期天火锅对面,"123.415075,46.386223",15214463234,黑龙江省,齐齐哈尔市,泰来县,齐齐哈尔市
时尚美发(金源街店),东风路333号,"123.423882,46.398866",18345295111,黑龙江省,齐齐哈尔市,泰来县,齐齐哈尔市
优尚美容美发(文博街店),文博街26号,"123.417014,46.388610",13351429998,黑龙江省,齐齐哈尔市,泰来县,齐齐哈尔市
酷美·造型(一百小区店),一百小区西南门北110米,"123.414308,46.391538",[],黑龙江省,齐齐哈尔市,泰来县,齐齐哈尔市
他她美发型设计中心,泰来镇铁东街一委二组,"123.413388,46.387361",[],黑龙江省,齐齐哈尔市,泰来县,齐齐哈尔市
天悦发型设计,金源街50号,"123.419650,46.399229",[],黑龙江省,齐齐哈尔市,泰来县,齐齐哈尔市
艺尚美发(泰来县农机小区店),益民街与建设路交叉口西80米,"123.418915,46.379885",[],黑龙江省,齐齐哈尔市,泰来县,齐齐哈尔市
标典美发工作室(阳光小区店),阳光小区建设路1128号,"123.420729,46.397748",16743655559,黑龙江省,齐齐哈尔市,泰来县,齐齐哈尔市
壹+美发空间,金碧花园小区13号楼1226号,"123.420592,46.401668",13136726303,黑龙江省,齐齐哈尔市,泰来县,齐齐哈尔市
希唯美容美发,大兴镇明珠小区,"123.748376,46.877971",13763533641,黑龙江省,齐齐哈尔市,泰来县,齐齐哈尔市
金源发艺(金源名都店),泰来镇金源名都西门,"123.427330,46.399122",[],黑龙江省,齐齐哈尔市,泰来县,齐齐哈尔市
阿飞先生美发沙龙工作室(交通局店),文博街与八一路交叉路口西50米,"123.414330,46.388267",13845228419;13845276663,黑龙江省,齐齐哈尔市,泰来县,齐齐哈尔市
百分百造型(文博街店),泰来镇交通局楼下,"123.414772,46.388267",[],黑龙江省,齐齐哈尔市,泰来县,齐齐哈尔市
9°造型,泰来镇卫星街五委六组金域华庭18号楼1-2层商服3号,"123.420736,46.398707",18814626363,黑龙江省,齐齐哈尔市,泰来县,齐齐哈尔市
杨艺发型设计,经集巷14号,"123.421210,46.393769",15145311178,黑龙江省,齐齐哈尔市,泰来县,齐齐哈尔市
发型天下,文博街89号,"123.418734,46.389199",15046261678,黑龙江省,齐齐哈尔市,泰来县,齐齐哈尔市
喜理发型工作室,文博街,"123.417672,46.388935",15145263211,黑龙江省,齐齐哈尔市,泰来县,齐齐哈尔市
秋磊理发,利百群医药南侧,"123.063412,46.609512",[],黑龙江省,齐齐哈尔市,泰来县,齐齐哈尔市
丑小鸭美发,泰来镇文博街76号,"123.418579,46.388810",18249293616,黑龙江省,齐齐哈尔市,泰来县,齐齐哈尔市
畅悦发型设计,文博街22号,"123.416706,46.388555",15946226399,黑龙江省,齐齐哈尔市,泰来县,齐齐哈尔市
发之意美容美发(欧洲小镇店),欧洲小镇单行道道南,"123.426234,46.389880",15946527220,黑龙江省,齐齐哈尔市,泰来县,齐齐哈尔市
丽锦美发(文博街店),八一路161-7号,"123.414705,46.388284",13351622208,黑龙江省,齐齐哈尔市,泰来县,齐齐哈尔市
顶点发艺(丰泰家园店),土地局楼下,"123.424409,46.390690",18249296115,黑龙江省,齐齐哈尔市,泰来县,齐齐哈尔市
理享造型,东风路202号,"123.424008,46.400166",18603622774,黑龙江省,齐齐哈尔市,泰来县,齐齐哈尔市
剪约美发(墅公馆·悦居店),民族街与飞鹤大道交叉口西南40米,"123.426392,46.397436",15946289567,黑龙江省,齐齐哈尔市,泰来县,齐齐哈尔市
将军美发厅,086乡道与抗战路交叉口西北200米,"123.681560,46.773119",15045201990,黑龙江省,齐齐哈尔市,泰来县,齐齐哈尔市
红姐造型,建设路与金源街交叉口南140米,"123.420082,46.398215",13796847518,黑龙江省,齐齐哈尔市,泰来县,齐齐哈尔市
芷间美业,建设路517号,"123.420110,46.395471",18746279291,黑龙江省,齐齐哈尔市,泰来县,齐齐哈尔市
畅响发型设计(步行街东店),建设路281-21号步行街(兴达购物广场南),"123.419076,46.390678",13845258787,黑龙江省,齐齐哈尔市,泰来县,齐齐哈尔市
鑫艾丝造型,建设路538号聚洋购物中心后门隔壁,"123.419221,46.393114",15214482139,黑龙江省,齐齐哈尔市,泰来县,齐齐哈尔市
丁丁时尚美发(欧洲小镇店),欧洲小镇南区西门北130米,"123.425709,46.389072",15946226707,黑龙江省,齐齐哈尔市,泰来县,齐齐哈尔市
理享造型,和平镇长青村兴和路与新兴街交叉口东330米,"123.148728,46.520223",15734527593,黑龙江省,齐齐哈尔市,泰来县,齐齐哈尔市
雅美丝烫染店,泰来镇指教中心对面,"123.420339,46.376215",13314653678,黑龙江省,齐齐哈尔市,泰来县,齐齐哈尔市
多米造型(文博街店),文博街51号,"123.417670,46.389035",[],黑龙江省,齐齐哈尔市,泰来县,齐齐哈尔市
SHAIRSALON轻奢.私人发型定制,中央街203号,"123.427979,46.390806",[],黑龙江省,齐齐哈尔市,泰来县,齐齐哈尔市
钱雨美容美发,平洋镇,"123.542689,46.602991",[],黑龙江省,齐齐哈尔市,泰来县,齐齐哈尔市
他她美专业发型设计(丰泰家园),丰泰家园北数第7门市,"123.423539,46.390208",[],黑龙江省,齐齐哈尔市,泰来县,齐齐哈尔市
星辰轻奢造型,电信公寓南门旁,"123.418109,46.389093",[],黑龙江省,齐齐哈尔市,泰来县,齐齐哈尔市
超级美发设计,泰来镇金源街56号,"123.420102,46.399900",[],黑龙江省,齐齐哈尔市,泰来县,齐齐哈尔市
独品形象管理中心,G111(京加线),"123.538849,46.599242",18846336397,黑龙江省,齐齐哈尔市,泰来县,齐齐哈尔市
妙恋发艺,泰来镇太来交通局家属小区,"123.414300,46.388267",[],黑龙江省,齐齐哈尔市,泰来县,齐齐哈尔市
天美造型(振兴路店),振兴路与建设路交叉口东40米,"123.420767,46.387764",[],黑龙江省,齐齐哈尔市,泰来县,齐齐哈尔市
丽艳美发(丰泰家园店),泰来镇中央街土地局楼下,"123.424409,46.390695",18746270588,黑龙江省,齐齐哈尔市,泰来县,齐齐哈尔市
李洋美容美发SPA养生会馆,平洋镇,"123.543318,46.603864",[],黑龙江省,齐齐哈尔市,泰来县,齐齐哈尔市
天鹅美发厅(建设路小区店),泰来镇东风路369号,"123.423740,46.394325",15344617668,黑龙江省,齐齐哈尔市,泰来县,齐齐哈尔市
剪单美发,职教中心东门南110米,"123.419825,46.375425",[],黑龙江省,齐齐哈尔市,泰来县,齐齐哈尔市
蓝天美容美发(中央街),步行街(兴达购物广场南),"123.418467,46.390600",18686981116,黑龙江省,齐齐哈尔市,泰来县,齐齐哈尔市
维真国际美发半永久定妆(金域华府店),建设路阳光小区538号,"123.418975,46.397725",18946214326,黑龙江省,齐齐哈尔市,泰来县,齐齐哈尔市
浪涛美业,八一路与中央街交叉口东南60米,"123.415670,46.391519",[],黑龙江省,齐齐哈尔市,泰来县,齐齐哈尔市
心一·美发造型店,万象丽景南门西70米,"123.429064,46.394440",13069631511,黑龙江省,齐齐哈尔市,泰来县,齐齐哈尔市
嘉音发型工作室,泰来县交通局旁边嘉音发型工作室,"123.415029,46.388211",[],黑龙江省,齐齐哈尔市,泰来县,齐齐哈尔市
美神美发(油米厂小区店),泰来镇龙阳嘉苑一号楼(油米厂),"123.412839,46.378675",[],黑龙江省,齐齐哈尔市,泰来县,齐齐哈尔市
金剪时光美业(金碧花园店),建设路627号金碧花园,"123.421483,46.399846",[],黑龙江省,齐齐哈尔市,泰来县,齐齐哈尔市
思美发廊,泰来镇技工学校南,"123.419780,46.375794",15174163286;15174613286,黑龙江省,齐齐哈尔市,泰来县,齐齐哈尔市
黄艳美发,313省道与084乡道交叉口东140米,"123.323161,46.521260",15046240320,黑龙江省,齐齐哈尔市,泰来县,齐齐哈尔市
潮艺造型,老客运站出站口,"123.415686,46.387603",18845250250,黑龙江省,齐齐哈尔市,泰来县,齐齐哈尔市
米莱造型,金源名都北门西160米,"123.426886,46.399967",[],黑龙江省,齐齐哈尔市,泰来县,齐齐哈尔市
格色风发艺(万象丽景C区店),万象丽景C区,"123.427968,46.397646",[],黑龙江省,齐齐哈尔市,泰来县,齐齐哈尔市
概念造型,江桥镇园丁一号楼概念造型,"123.682287,46.772037",[],黑龙江省,齐齐哈尔市,泰来县,齐齐哈尔市
顺眼造型(幸福家园店),幸福家园南门旁,"123.421644,46.389572",[],黑龙江省,齐齐哈尔市,泰来县,齐齐哈尔市
南丹妮湾美发会馆,八一路泰来客运站,"123.415665,46.388367",15590805789,黑龙江省,齐齐哈尔市,泰来县,齐齐哈尔市
阿峰美发,中央大街3号,"123.766248,46.987132",17124155558,黑龙江省,齐齐哈尔市,泰来县,齐齐哈尔市
世纪美发厅,泰来县第四中学东北门旁,"123.420837,46.374386",18714736711,黑龙江省,齐齐哈尔市,泰来县,齐齐哈尔市
上喜·烫染(欧洲小镇店),欧洲小镇,"123.426822,46.389937",[],黑龙江省,齐齐哈尔市,泰来县,齐齐哈尔市
美约形象设计,江桥园丁二号楼,"123.682749,46.771099",15004521660,黑龙江省,齐齐哈尔市,泰来县,齐齐哈尔市
鼎扬沙龙(幸福家园店),文博街141号,"123.421947,46.389603",13466718286,黑龙江省,齐齐哈尔市,泰来县,齐齐哈尔市
繁锦造型(中央名城店),电业路与金源街交叉口东南40米,"123.425582,46.399703",[],黑龙江省,齐齐哈尔市,泰来县,齐齐哈尔市
金太阳发型室(金御华庭店),金御华庭东门旁,"123.424262,46.397710",[],黑龙江省,齐齐哈尔市,泰来县,齐齐哈尔市
丝源·造型,光明街与振兴路交叉口东北40米,"123.421491,46.386749",[],黑龙江省,齐齐哈尔市,泰来县,齐齐哈尔市
萍萍私人形象设计工作室,经集巷与建设路交叉口东100米,"123.421535,46.394079",[],黑龙江省,齐齐哈尔市,泰来县,齐齐哈尔市
东阁造型,塔子城镇东北街,"123.063612,46.609909",18714736936,黑龙江省,齐齐哈尔市,泰来县,齐齐哈尔市
雅美丝造型设计,光明街与振兴路交叉口东80米,"123.422071,46.386800",[],黑龙江省,齐齐哈尔市,泰来县,齐齐哈尔市
创意发廊(文博街店),文博街63号,"123.418014,46.389078",[],黑龙江省,齐齐哈尔市,泰来县,齐齐哈尔市
锦尚美发设计,泰来镇湖畔新城5号楼12号车库,"123.429899,46.384943",[],黑龙江省,齐齐哈尔市,泰来县,齐齐哈尔市
靓雅发艺(鑫苑小区店),鑫苑小区,"123.417474,46.404751",15545687234,黑龙江省,齐齐哈尔市,泰来县,齐齐哈尔市
阳光发型设计(丰泰家园店),丰泰家园,"123.424335,46.390695",[],黑龙江省,齐齐哈尔市,泰来县,齐齐哈尔市
王子发型设计(铁东路),铁东路与文博街交叉口西南100米,"123.413423,46.387587",[],黑龙江省,齐齐哈尔市,泰来县,齐齐哈尔市
非凡造型(一百小区店),一百小区西南门旁,"123.414333,46.390923",13763499870,黑龙江省,齐齐哈尔市,泰来县,齐齐哈尔市
伊维诺造型设计(幸福家园店),泰来镇先锋街一委九组,"123.422128,46.389614",0452-8225188;15214481008;18746246969,黑龙江省,齐齐哈尔市,泰来县,齐齐哈尔市
Z坤美发(聚洋购物中心店),建设路538号聚洋购物中心,"123.419227,46.392825",13149573228,黑龙江省,齐齐哈尔市,泰来县,齐齐哈尔市
八佰伴美发造型沙龙,泰来镇汽车厂六号楼对面,"123.417250,46.404738",[],黑龙江省,齐齐哈尔市,泰来县,齐齐哈尔市
新亮典发型设计(名仕花苑店),名仕花苑北门旁,"123.421222,46.395963",[],黑龙江省,齐齐哈尔市,泰来县,齐齐哈尔市
天艺美发(振兴路店),泰来镇建设路地税局家属楼道南,"123.420511,46.383537",[],黑龙江省,齐齐哈尔市,泰来县,齐齐哈尔市
小刚·发型工作室(万象丽景店),万象丽景北门西北90米,"123.428916,46.396342",[],黑龙江省,齐齐哈尔市,泰来县,齐齐哈尔市
潇雅发型设计(八一路店),八一路432号,"123.415770,46.394220",15636235156,黑龙江省,齐齐哈尔市,泰来县,齐齐哈尔市
平范店(禾),聚洋后面,"123.418972,46.392648",15110108695,黑龙江省,齐齐哈尔市,泰来县,齐齐哈尔市
于琦美发,和平镇,"123.150688,46.520623",15214488860,黑龙江省,齐齐哈尔市,泰来县,齐齐哈尔市
含笑发廊,建设路320号,"123.420435,46.382728",[],黑龙江省,齐齐哈尔市,泰来县,齐齐哈尔市
唐潮发艺造型,学府名苑西南侧200米,"123.542621,46.603243",[],黑龙江省,齐齐哈尔市,泰来县,齐齐哈尔市
发舞飞扬(油米厂小区店),油米厂一号楼,"123.412504,46.378677",13634830623,黑龙江省,齐齐哈尔市,泰来县,齐齐哈尔市
小漾美业,经集巷与建设路交叉口东80米,"123.421325,46.393725",[],黑龙江省,齐齐哈尔市,泰来县,齐齐哈尔市
禾平范儿理发店,文化路36号经典小区,"123.418430,46.393958",[],黑龙江省,齐齐哈尔市,泰来县,齐齐哈尔市
聚源美发店,建设路627号金碧花园,"123.421258,46.399864",[],黑龙江省,齐齐哈尔市,泰来县,齐齐哈尔市
十元理发,建设路与广安街交叉口南20米,"123.420228,46.395925",[],黑龙江省,齐齐哈尔市,泰来县,齐齐哈尔市
古城造型,塔子城镇,"123.063723,46.607502",[],黑龙江省,齐齐哈尔市,泰来县,齐齐哈尔市
红绣美容美发,东方红村民委员会东侧110米,"123.614625,46.917525",[],黑龙江省,齐齐哈尔市,泰来县,齐齐哈尔市
三多美发,086乡道与抗战路交叉口西220米,"123.680975,46.772625",[],黑龙江省,齐齐哈尔市,泰来县,齐齐哈尔市
巧手发屋,克利镇四里五卫生院西北侧130米,"123.326225,46.580475",[],黑龙江省,齐齐哈尔市,泰来县,齐齐哈尔市
鑫雪美发屋,079乡道与088乡道交叉口东60米,"123.321425,46.332325",[],黑龙江省,齐齐哈尔市,泰来县,齐齐哈尔市
顶艺美发,泰来县司法局泰来司法所西侧,"123.413725,46.397475",[],黑龙江省,齐齐哈尔市,泰来县,齐齐哈尔市
小涵造型,中央大街与汤池大街交叉口东220米,"123.769575,46.987375",[],黑龙江省,齐齐哈尔市,泰来县,齐齐哈尔市
姜秀美发,八一路与广安街交叉口西北160米,"123.414275,46.397075",[],黑龙江省,齐齐哈尔市,泰来县,齐齐哈尔市
素迷美发,中国邮政(江桥邮政支局)东南侧70米,"123.683057,46.771486",[],黑龙江省,齐齐哈尔市,泰来县,齐齐哈尔市
集锦美发(盛丽桃园店),泰来镇盛丽桃园12号楼26号车库,"123.418391,46.402703",[],黑龙江省,齐齐哈尔市,泰来县,齐齐哈尔市
爱维美发造型,学府名苑东南门东北140米,"123.544858,46.605333",[],黑龙江省,齐齐哈尔市,泰来县,齐齐哈尔市
鑫圆美发(金碧花园店),建设路627号金碧花园,"123.423492,46.400362",[],黑龙江省,齐齐哈尔市,泰来县,齐齐哈尔市
美吧美业联盟,建设路538号聚洋购物中心F1层,"123.420075,46.393932",[],黑龙江省,齐齐哈尔市,泰来县,齐齐哈尔市
小云理发店,书香门第小区2期,"123.418715,46.384449",[],黑龙江省,齐齐哈尔市,泰来县,齐齐哈尔市
艺剪造型,东方红村民委员会南侧150米,"123.612851,46.916615",[],黑龙江省,齐齐哈尔市,泰来县,齐齐哈尔市
丽人发艺,利百群医药北侧,"123.063407,46.609630",[],黑龙江省,齐齐哈尔市,泰来县,齐齐哈尔市
金鼎美业(明珠景苑店),明珠景苑,"123.749165,46.877077",[],黑龙江省,齐齐哈尔市,泰来县,齐齐哈尔市
靓丽美容美发,平洋镇平洋名苑C栋,"123.539389,46.599406",[],黑龙江省,齐齐哈尔市,泰来县,齐齐哈尔市
四季红理发店,平阳镇医院对门,"123.542820,46.603868",[],黑龙江省,齐齐哈尔市,泰来县,齐齐哈尔市
丹尼造型剪烫染,313省道与084乡道交叉口东200米,"123.324028,46.521450",[],黑龙江省,齐齐哈尔市,泰来县,齐齐哈尔市
晶晶美容美发(油米厂小区店),泰来镇油米厂1号楼门市,"123.413025,46.378625",[],黑龙江省,齐齐哈尔市,泰来县,齐齐哈尔市
唯娜发艺,大兴镇中心客运站旁,"123.744873,46.876847",[],黑龙江省,齐齐哈尔市,泰来县,齐齐哈尔市
青丝美美容美发养生会馆,平洋镇,"123.542767,46.603479",[],黑龙江省,齐齐哈尔市,泰来县,齐齐哈尔市
集锦美发(泰兴警苑小区店),袁氏中医西北侧60米,"123.414805,46.407719",[],黑龙江省,齐齐哈尔市,泰来县,齐齐哈尔市
姐妹美发,东风路与光明街交叉口东南120米,"123.424892,46.386060",[],黑龙江省,齐齐哈尔市,泰来县,齐齐哈尔市
大华美容美发(丰泰家园店),泰来镇泰来县国土资源局楼下,"123.424348,46.390699",[],黑龙江省,齐齐哈尔市,泰来县,齐齐哈尔市
高雅发屋(东风路),泰来镇东风路170号,"123.424547,46.387302",[],黑龙江省,齐齐哈尔市,泰来县,齐齐哈尔市
名闯造型(装修中),泰塔线,"123.063720,46.607586",15214428299,黑龙江省,齐齐哈尔市,泰来县,齐齐哈尔市
小国工作室,文化路36号经典小区,"123.418933,46.394415",[],黑龙江省,齐齐哈尔市,泰来县,齐齐哈尔市
大鹤家美甲工作室,泰来镇建设路585号,"123.419813,46.399024",13352521025,黑龙江省,齐齐哈尔市,泰来县,齐齐哈尔市
洋阳抗衰·调理护肤工作室,金源街与电业路交叉口东南40米,"123.425725,46.399775",[],黑龙江省,齐齐哈尔市,泰来县,齐齐哈尔市
魅力蓝天美容形象管理中心,建设路与振兴路交叉口西北40米,"123.419846,46.388036",18545206586,黑龙江省,齐齐哈尔市,泰来县,齐齐哈尔市
承峰发艺(上东新城店),上东新城西北门旁,"126.100952,47.610113",15174584617,黑龙江省,齐齐哈尔市,拜泉县,齐齐哈尔市
雷云造型烫染沙龙,群英街三委20号组南四道街路西,"126.091325,47.604925",[],黑龙江省,齐齐哈尔市,拜泉县,齐齐哈尔市
潇洒美发会馆,红旗路与人民街交叉口东60米,"126.094374,47.601579",13206733886;15663151413,黑龙江省,齐齐哈尔市,拜泉县,齐齐哈尔市
大宝美业,人民街与建设路交叉口北40米,"126.091956,47.604816",13904627567,黑龙江省,齐齐哈尔市,拜泉县,齐齐哈尔市
云波美发(新泉嘉苑店),新泉嘉苑,"126.096399,47.601055",13895959628,黑龙江省,齐齐哈尔市,拜泉县,齐齐哈尔市
青岛美发,拜泉镇东三道街路南地税对面,"126.094873,47.609457",13298727087,黑龙江省,齐齐哈尔市,拜泉县,齐齐哈尔市
阿宝发艺,向阳路与县直街交叉口西南40米,"126.092126,47.607796",19545215234,黑龙江省,齐齐哈尔市,拜泉县,齐齐哈尔市
初心发艺(学府尚都店),学府尚都东南门旁,"126.103526,47.609317",18714376232,黑龙江省,齐齐哈尔市,拜泉县,齐齐哈尔市
小野发艺工作室(县直街店),老公安局楼11号门市,"126.091263,47.609459",[],黑龙江省,齐齐哈尔市,拜泉县,齐齐哈尔市
禾妍造型(新泉嘉苑店),南六商场北门禾妍造型,"126.092823,47.600921",15845862809,黑龙江省,齐齐哈尔市,拜泉县,齐齐哈尔市
天一美发,朝阳路与西安街交叉口西80米,"126.085722,47.608534",[],黑龙江省,齐齐哈尔市,拜泉县,齐齐哈尔市
胖子美发(金域时代购物广场店),红旗路金域时代购物广场(西北角),"126.092923,47.600963",[],黑龙江省,齐齐哈尔市,拜泉县,齐齐哈尔市
发之煊造型,宝泉名苑北门旁,"126.096799,47.607556",[],黑龙江省,齐齐哈尔市,拜泉县,齐齐哈尔市
朗尼造型,拜泉县宾馆楼东往西第六门市,"126.092346,47.609716",[],黑龙江省,齐齐哈尔市,拜泉县,齐齐哈尔市
東楠发艺,朝阳路与群英街交叉口东北60米,"126.085346,47.608424",15174581232,黑龙江省,齐齐哈尔市,拜泉县,齐齐哈尔市
飘逸美容美发化妆品店,202国道东50米,"125.967839,47.416252",[],黑龙江省,齐齐哈尔市,拜泉县,齐齐哈尔市
千靓时尚染烫店,朝阳路与西安街交叉口西80米,"126.085687,47.608515",[],黑龙江省,齐齐哈尔市,拜泉县,齐齐哈尔市
大苇美发,北四道街北走三十米路西,"126.086234,47.614160",15663321882,黑龙江省,齐齐哈尔市,拜泉县,齐齐哈尔市
小城造型起点(学府嘉苑店),拜泉镇学府嘉苑一号楼门市,"126.099869,47.612095",13634864636,黑龙江省,齐齐哈尔市,拜泉县,齐齐哈尔市
驻颜造型,黑龙江省齐齐哈尔市拜泉县拜泉镇县城十字街北影剧院南,"126.089027,47.610391",13009748444,黑龙江省,齐齐哈尔市,拜泉县,齐齐哈尔市
尚艺造型(建设路店),人民街与建设路交叉口东北50米,"126.092327,47.604678",[],黑龙江省,齐齐哈尔市,拜泉县,齐齐哈尔市
宏颜美发会馆上东新城店,东六南二西走路南宏颜美发会馆,"126.101715,47.610400",13079663858;16536441000,黑龙江省,齐齐哈尔市,拜泉县,齐齐哈尔市
拜泉县魔发师美发店,东三审计局门市东数第二家,"126.094379,47.610609",13946249413,黑龙江省,齐齐哈尔市,拜泉县,齐齐哈尔市
美尚美都时尚造型(朝阳路店),朝阳路与西安街交叉口东100米,"126.088147,47.608588",15146668071,黑龙江省,齐齐哈尔市,拜泉县,齐齐哈尔市
鑫派美发网红烫染潮店,人民路171号,"126.088285,47.611726",13603668434,黑龙江省,齐齐哈尔市,拜泉县,齐齐哈尔市
觅谷造型(新泉嘉苑店),新泉嘉苑西门旁,"126.094264,47.600871",13079692340,黑龙江省,齐齐哈尔市,拜泉县,齐齐哈尔市
宝丽造型微潮烫染纹绣,拜泉镇正街南三,"126.091187,47.605021",15663331876,黑龙江省,齐齐哈尔市,拜泉县,齐齐哈尔市
飘逸美发,建设路与人民街交叉口东60米,"126.092511,47.604733",[],黑龙江省,齐齐哈尔市,拜泉县,齐齐哈尔市
阿聪美发店,曙光街28号,"126.096453,47.607481",[],黑龙江省,齐齐哈尔市,拜泉县,齐齐哈尔市
韩潮发艺(韩师傅店),鑫海锦绣名苑南门西南110米,"126.091266,47.611291",[],黑龙江省,齐齐哈尔市,拜泉县,齐齐哈尔市
艺人美发会馆(金域时代购物广场店),拜泉镇南六金域购物广场南侧,"126.093573,47.600660",[],黑龙江省,齐齐哈尔市,拜泉县,齐齐哈尔市
颜美发,人民街与政府路交叉口东南60米,"126.088897,47.610182",[],黑龙江省,齐齐哈尔市,拜泉县,齐齐哈尔市
欧尚造型(金域时代购物广场店),拜泉镇南六道街,"126.093592,47.600539",13234520518;17345620678,黑龙江省,齐齐哈尔市,拜泉县,齐齐哈尔市
狂潮造型,龙泉镇,"125.967667,47.416515",15663312789,黑龙江省,齐齐哈尔市,拜泉县,齐齐哈尔市
沐光理发店,拜泉镇曙光街一委三组南四东20米路北,"126.092486,47.604681",15245800821,黑龙江省,齐齐哈尔市,拜泉县,齐齐哈尔市
巍丽美发,214省道,"126.398775,47.651825",[],黑龙江省,齐齐哈尔市,拜泉县,齐齐哈尔市
冉冉造型,正街东三往西50米冉冉造型,"126.093706,47.610055",[],黑龙江省,齐齐哈尔市,拜泉县,齐齐哈尔市
鼎富新城那茉造型,鼎富新城东南门旁,"126.103973,47.613155",13352520776,黑龙江省,齐齐哈尔市,拜泉县,齐齐哈尔市
霍方美发,211省道与007乡道交叉口东南60米,"126.407088,47.418947",[],黑龙江省,齐齐哈尔市,拜泉县,齐齐哈尔市
拜泉县大鹏发型工作室,星火街(东三道街路南),"126.093481,47.609976",13019039768,黑龙江省,齐齐哈尔市,拜泉县,齐齐哈尔市
吉美造型,拜泉镇南二道街南走二十米姜英凯二胡学校北隔壁,"126.095490,47.608430",17600667655,黑龙江省,齐齐哈尔市,拜泉县,齐齐哈尔市
卓悦美发,文化路与人民街交叉口东100米,"126.088738,47.612530",[],黑龙江省,齐齐哈尔市,拜泉县,齐齐哈尔市
沐尚美业(鑫源小区店),人民街与南城路交叉口北80米,"126.095239,47.598886",18645213592,黑龙江省,齐齐哈尔市,拜泉县,齐齐哈尔市
焦点品质造型(恒冠·世家店),南二西二路北恒冠世家1号楼7号门市,"126.086864,47.606758",15084530681,黑龙江省,齐齐哈尔市,拜泉县,齐齐哈尔市
视觉造型(向阳路店),金泉佳苑5号楼13号门市,"126.087152,47.606570",15679222876,黑龙江省,齐齐哈尔市,拜泉县,齐齐哈尔市
源艺造型(恒盛豪庭店),恒盛豪庭小区一号楼8号门市,"126.088712,47.601970",18714374766,黑龙江省,齐齐哈尔市,拜泉县,齐齐哈尔市
发都美发设计室(新泉集资楼E座店),拜泉镇新泉E号楼,"126.091715,47.602786",15545640912,黑龙江省,齐齐哈尔市,拜泉县,齐齐哈尔市
五贝子植物染发专家(锦泉名苑店),锦泉名苑9号门市五贝子植物染发,"126.095675,47.598168",13948090718,黑龙江省,齐齐哈尔市,拜泉县,齐齐哈尔市
丝源发艺,北二道街影剧院道北,"126.088844,47.610919",18746881868,黑龙江省,齐齐哈尔市,拜泉县,齐齐哈尔市
小毛烫染纹绣,人民街与育英路交叉口西北80米,"126.090295,47.606600",13946243919,黑龙江省,齐齐哈尔市,拜泉县,齐齐哈尔市
阿龙美发,三道镇,"126.407524,47.419562",[],黑龙江省,齐齐哈尔市,拜泉县,齐齐哈尔市
明岩造型,县直街与朝阳路交叉口东南60米,"126.092225,47.609246",13796301809,黑龙江省,齐齐哈尔市,拜泉县,齐齐哈尔市
酷贝美发(铭泉嘉苑店),铭泉嘉苑东南门东110米,"126.099462,47.604797",[],黑龙江省,齐齐哈尔市,拜泉县,齐齐哈尔市
理发店,晟嘉御都东区西北门东150米,"126.086323,47.609886",[],黑龙江省,齐齐哈尔市,拜泉县,齐齐哈尔市
歆一美业,鼎富新城10号门市,"126.103625,47.613034",[],黑龙江省,齐齐哈尔市,拜泉县,齐齐哈尔市
华姿染烫造型(向阳花苑店),向阳花苑东南门西北90米,"126.098913,47.610633",[],黑龙江省,齐齐哈尔市,拜泉县,齐齐哈尔市
剪约造型(恒盛豪庭店),恒盛豪庭东南门东140米,"126.090390,47.602452",[],黑龙江省,齐齐哈尔市,拜泉县,齐齐哈尔市
剑佩发廊(文明小区店),文明小区,"126.094594,47.609948",13796300825,黑龙江省,齐齐哈尔市,拜泉县,齐齐哈尔市
迪噢形象设计(铭泉嘉苑店),曙光路与建设路交叉口东南40米,"126.097021,47.605524",[],黑龙江省,齐齐哈尔市,拜泉县,齐齐哈尔市
丝路美业,人民街与红旗路交叉口东北40米,"126.093831,47.601592",[],黑龙江省,齐齐哈尔市,拜泉县,齐齐哈尔市
小明美业(鼎富新城店),鼎富新城东南门西50米,"126.103712,47.613069",[],黑龙江省,齐齐哈尔市,拜泉县,齐齐哈尔市
得艺望型烫染店,朝阳路与西安街交叉口东100米,"126.088136,47.608586",[],黑龙江省,齐齐哈尔市,拜泉县,齐齐哈尔市
英子发艺沙龙(老农机家属楼店),向阳路与曙光街交叉口东60米,"126.095823,47.609064",[],黑龙江省,齐齐哈尔市,拜泉县,齐齐哈尔市
浩仕理发店,名日星城,"126.088691,47.603779",13206722958,黑龙江省,齐齐哈尔市,拜泉县,齐齐哈尔市
宇美发会所,文化家园,"126.092437,47.608809",[],黑龙江省,齐齐哈尔市,拜泉县,齐齐哈尔市
剪名堂专业理烫染焗(晟嘉御都东区店),晟嘉御都东区西北门旁,"126.085144,47.609701",[],黑龙江省,齐齐哈尔市,拜泉县,齐齐哈尔市
二宝发型私人定制(文化家园店),文化家园南门旁,"126.093544,47.608444",[],黑龙江省,齐齐哈尔市,拜泉县,齐齐哈尔市
天一美发造型,依拜公路北50米,"125.666225,47.734571",[],黑龙江省,齐齐哈尔市,拜泉县,齐齐哈尔市
木炎美发店(朝阳路店),拜泉县星火街(东二东走路南),"126.093181,47.609921",16604614466,黑龙江省,齐齐哈尔市,拜泉县,齐齐哈尔市
大涛造型,宝泉名苑北门东北90米,"126.097618,47.607753",[],黑龙江省,齐齐哈尔市,拜泉县,齐齐哈尔市
未来造型,拜泉镇群英街3委20组教育园丁楼1-2层正街南三路西,"126.091138,47.605164",13314623110,黑龙江省,齐齐哈尔市,拜泉县,齐齐哈尔市
加减法美发,盛嘉胤都西门南边第一个门市1号G1,"126.091463,47.610649",19990077824,黑龙江省,齐齐哈尔市,拜泉县,齐齐哈尔市
鑫焱发艺,县直街与向阳路交叉口南100米,"126.092807,47.607390",15545691348;17545536416,黑龙江省,齐齐哈尔市,拜泉县,齐齐哈尔市
馨然美发(鑫海新天地花园店),拜泉镇朝阳街5号拜泉县第一中学附近,"126.101726,47.612605",0452-7328081,黑龙江省,齐齐哈尔市,拜泉县,齐齐哈尔市
拜泉县美人鱼美容美发店,拜泉镇东方红街三委十四组(正街东四),"126.096525,47.611175",[],黑龙江省,齐齐哈尔市,拜泉县,齐齐哈尔市
天意美发(梦想e居店),梦想e居,"126.085716,47.605541",15636289994;15636299994,黑龙江省,齐齐哈尔市,拜泉县,齐齐哈尔市
丝慕发型私人定制(宝泉名苑店),宝泉名苑西南门旁,"126.096579,47.606230",18045098803,黑龙江省,齐齐哈尔市,拜泉县,齐齐哈尔市
一剪缘时尚烫染(鑫海锦绣名苑店),县直街鑫海锦绣名苑,"126.090609,47.612257",13846225776,黑龙江省,齐齐哈尔市,拜泉县,齐齐哈尔市
梦琪发艺专业染烫吧,新生路与人民街交叉口东100米,"126.094018,47.603011",[],黑龙江省,齐齐哈尔市,拜泉县,齐齐哈尔市
你好漂亮,泉城印象西北门旁,"126.082248,47.605289",[],黑龙江省,齐齐哈尔市,拜泉县,齐齐哈尔市
拜泉县风之尚美发店,拜泉镇新泉小区F5号楼2号门市,"126.094050,47.601494",[],黑龙江省,齐齐哈尔市,拜泉县,齐齐哈尔市
大宝美业,正街南三南10米路西,"126.090942,47.605463",13904627567;15245805678,黑龙江省,齐齐哈尔市,拜泉县,齐齐哈尔市
向阳美发,拜泉镇东三南二农机家属楼,"126.095647,47.608973",[],黑龙江省,齐齐哈尔市,拜泉县,齐齐哈尔市
尚宏美容美发(向阳路店),向阳路与西安街交叉口东60米,"126.088680,47.606889",[],黑龙江省,齐齐哈尔市,拜泉县,齐齐哈尔市
发之枫剪烫染专业店,名日星城北门西120米,"126.086652,47.604601",[],黑龙江省,齐齐哈尔市,拜泉县,齐齐哈尔市
明珠美业(新泉嘉苑店),新泉嘉苑西门旁,"126.094323,47.600780",[],黑龙江省,齐齐哈尔市,拜泉县,齐齐哈尔市
芊惠美发,拜泉县财政局1楼4-102,"126.092678,47.604786",15045235533,黑龙江省,齐齐哈尔市,拜泉县,齐齐哈尔市
忠岩造型,恒冠金城东北门东南50米,"126.101486,47.610974",15663222368,黑龙江省,齐齐哈尔市,拜泉县,齐齐哈尔市
鑫阁造型(阳光嘉园二期店),拜泉镇阳光嘉园二期四号楼十门市,"126.096910,47.613074",[],黑龙江省,齐齐哈尔市,拜泉县,齐齐哈尔市
石头美发,向阳路与曙光街交叉口东80米,"126.095982,47.608708",[],黑龙江省,齐齐哈尔市,拜泉县,齐齐哈尔市
鑫娜发艺(融桥水岸店),镇融桥水岸门口,"126.085154,47.613446",13136737130,黑龙江省,齐齐哈尔市,拜泉县,齐齐哈尔市
百花美容美发,向阳路与人民街交叉口北40米,"126.090284,47.607832",[],黑龙江省,齐齐哈尔市,拜泉县,齐齐哈尔市
神美发艺(名日星城店),名日星城东南门西80米,"126.087623,47.603541",[],黑龙江省,齐齐哈尔市,拜泉县,齐齐哈尔市
丝蕾美发,文化路,"126.087318,47.611968",13796301650,黑龙江省,齐齐哈尔市,拜泉县,齐齐哈尔市
天使美发会馆(学府嘉苑店),鑫海新天地小区1号楼2层6号学府嘉苑,"126.100638,47.612265",[],黑龙江省,齐齐哈尔市,拜泉县,齐齐哈尔市
红晶美发,新生路与县直街交叉口西60米,"126.094417,47.603482",[],黑龙江省,齐齐哈尔市,拜泉县,齐齐哈尔市
千艺美发,长春镇胜利村十字街道,"125.667928,47.734905",[],黑龙江省,齐齐哈尔市,拜泉县,齐齐哈尔市
名剪,047乡道与211省道交叉口东240米,"125.967869,47.799338",[],黑龙江省,齐齐哈尔市,拜泉县,齐齐哈尔市
金剪子,县直街与新生路交叉口南60米,"126.095331,47.602988",[],黑龙江省,齐齐哈尔市,拜泉县,齐齐哈尔市
小五造型,宝泉华府,"126.089940,47.604069",13206500390;19545244483,黑龙江省,齐齐哈尔市,拜泉县,齐齐哈尔市
青木造型(学府嘉苑店),鑫海新天地小区1号楼2层6号学府嘉苑,"126.099202,47.613310",[],黑龙江省,齐齐哈尔市,拜泉县,齐齐哈尔市
宝洋造型,阳光嘉园二期东四北二道北,"126.096222,47.612923",19969789446,黑龙江省,齐齐哈尔市,拜泉县,齐齐哈尔市
浪莎美发,鑫源小区南门东70米,"126.097057,47.598832",[],黑龙江省,齐齐哈尔市,拜泉县,齐齐哈尔市
沙宣造型,富强镇中学东侧,"125.797208,47.478182",[],黑龙江省,齐齐哈尔市,拜泉县,齐齐哈尔市
明雨造型,东四北二阳光嘉园一期西侧2号楼明雨造型美发店,"126.095746,47.612004",15504629925,黑龙江省,齐齐哈尔市,拜泉县,齐齐哈尔市
逸炫发艺(恒盛豪庭店),恒盛豪庭东门旁,"126.089875,47.602825",15845795817,黑龙江省,齐齐哈尔市,拜泉县,齐齐哈尔市
曹老五理发店,211省道与007乡道交叉口北80米,"126.406991,47.420092",[],黑龙江省,齐齐哈尔市,拜泉县,齐齐哈尔市
TOP发型公馆,新生路与西安街交叉口东北40米,"126.090651,47.602489",[],黑龙江省,齐齐哈尔市,拜泉县,齐齐哈尔市
巧羽发艺,新生路与人民街交叉口东80米,"126.093876,47.602967",[],黑龙江省,齐齐哈尔市,拜泉县,齐齐哈尔市
子龙美发纹绣化妆品,中国石油新生加油站东侧160米,"126.166275,47.441725",[],黑龙江省,齐齐哈尔市,拜泉县,齐齐哈尔市
飞尚发艺(食品厂小区店),食品厂小区南门西70米,"126.085437,47.602958",[],黑龙江省,齐齐哈尔市,拜泉县,齐齐哈尔市
宝洋造型,新生路与县直街交叉口西100米,"126.094027,47.603358",[],黑龙江省,齐齐哈尔市,拜泉县,齐齐哈尔市
启程美发,007乡道与211省道交叉口西60米,"126.406125,47.419175",[],黑龙江省,齐齐哈尔市,拜泉县,齐齐哈尔市
丹丹发型设计,047乡道与211省道交叉口东60米,"125.965475,47.799275",[],黑龙江省,齐齐哈尔市,拜泉县,齐齐哈尔市
北方美发,047乡道与211省道交叉口东200米,"125.967375,47.799175",[],黑龙江省,齐齐哈尔市,拜泉县,齐齐哈尔市
缘梦美发,依拜公路与051乡道交叉口西240米,"125.671078,47.735231",[],黑龙江省,齐齐哈尔市,拜泉县,齐齐哈尔市
天艺美发,211省道与047乡道交叉口东南80米,"125.964975,47.798725",[],黑龙江省,齐齐哈尔市,拜泉县,齐齐哈尔市
杨松理发店,兴华乡人民政府东南侧170米,"126.061325,47.698425",[],黑龙江省,齐齐哈尔市,拜泉县,齐齐哈尔市
非凡造型,齐泰医药西侧,"126.166975,47.441725",[],黑龙江省,齐齐哈尔市,拜泉县,齐齐哈尔市
指尖舞美发,007乡道与211省道交叉口东60米,"126.407475,47.419225",[],黑龙江省,齐齐哈尔市,拜泉县,齐齐哈尔市
潮流美发烫染,县直街与南通路交叉口西北40米,"126.096544,47.600743",[],黑龙江省,齐齐哈尔市,拜泉县,齐齐哈尔市
震哥发型设计,新家园廉租住房小区一期,"126.109375,47.601075",[],黑龙江省,齐齐哈尔市,拜泉县,齐齐哈尔市
发丝美,长春镇人民政府东侧230米,"125.668075,47.734575",[],黑龙江省,齐齐哈尔市,拜泉县,齐齐哈尔市
浩云造型,梦想e居西北门西南90米,"126.083675,47.605525",[],黑龙江省,齐齐哈尔市,拜泉县,齐齐哈尔市
小冰发型设计,南三街口往北20米路西中辉超市斜对面,"126.090635,47.606057",[],黑龙江省,齐齐哈尔市,拜泉县,齐齐哈尔市
雨轩美发,兴华乡人民政府南侧230米,"126.060476,47.697714",[],黑龙江省,齐齐哈尔市,拜泉县,齐齐哈尔市
峰尚发艺,东景尚城南门旁,"126.100175,47.606748",[],黑龙江省,齐齐哈尔市,拜泉县,齐齐哈尔市
长虹照相美发,齐拜公路与拜自公路交叉口东120米,"125.804319,47.545262",[],黑龙江省,齐齐哈尔市,拜泉县,齐齐哈尔市
鑫公主美发,向阳路与县直街交叉口西南40米,"126.092212,47.607813",[],黑龙江省,齐齐哈尔市,拜泉县,齐齐哈尔市
卓雅发艺,爱农乡十字街,"125.724417,47.378643",[],黑龙江省,齐齐哈尔市,拜泉县,齐齐哈尔市
绝色美发,[],"126.092462,47.604732",[],黑龙江省,齐齐哈尔市,拜泉县,齐齐哈尔市
鑫造型,齐泰医药西侧,"126.166795,47.441663",[],黑龙江省,齐齐哈尔市,拜泉县,齐齐哈尔市
红玫瑰发艺,育英路与县直街交叉口东40米,"126.093917,47.606484",[],黑龙江省,齐齐哈尔市,拜泉县,齐齐哈尔市
艺剪钟情(文明小区店),文明小区,"126.094876,47.610361",[],黑龙江省,齐齐哈尔市,拜泉县,齐齐哈尔市
潮艺美发,211省道与007乡道交叉口北40米,"126.406923,47.419679",[],黑龙江省,齐齐哈尔市,拜泉县,齐齐哈尔市
楦染美发,文化路与人民街交叉口东80米,"126.088543,47.612481",[],黑龙江省,齐齐哈尔市,拜泉县,齐齐哈尔市
ts时尚造型,文化路,"126.086824,47.612073",[],黑龙江省,齐齐哈尔市,拜泉县,齐齐哈尔市
小好美发,县直街与新生路交叉口南60米,"126.095203,47.603021",[],黑龙江省,齐齐哈尔市,拜泉县,齐齐哈尔市
简尚造型,007乡道与211省道交叉口东60米,"126.407700,47.419346",[],黑龙江省,齐齐哈尔市,拜泉县,齐齐哈尔市
创意造型(向阳路店),恒冠·世家东北门旁,"126.087116,47.607717",[],黑龙江省,齐齐哈尔市,拜泉县,齐齐哈尔市
剪爱美发工作室(泉城壹品店),朝阳路55号泉城壹品,"126.099412,47.613742",[],黑龙江省,齐齐哈尔市,拜泉县,齐齐哈尔市
卡迪宝造型(锦秀世家店),锦绣世家南门旁,"126.086510,47.601409",[],黑龙江省,齐齐哈尔市,拜泉县,齐齐哈尔市
萱萱发屋(时尚嘉园店),拜泉镇正街西五时尚家园三号楼,"126.078970,47.606728",[],黑龙江省,齐齐哈尔市,拜泉县,齐齐哈尔市
港美发廊,拜泉镇中医院二楼,"126.090148,47.608208",[],黑龙江省,齐齐哈尔市,拜泉县,齐齐哈尔市
雅芳美发(铭泉嘉苑店),铭泉嘉苑东北门西北60米,"126.098784,47.605881",[],黑龙江省,齐齐哈尔市,拜泉县,齐齐哈尔市
美玉美发(学府嘉苑店)(暂停营业),鑫海新天地小区1号楼2层6号学府嘉苑,"126.100785,47.612382",[],黑龙江省,齐齐哈尔市,拜泉县,齐齐哈尔市
拜泉县皙欧问题皮肤管理头疗养发店,拜泉镇晟嘉御都一期101门市(西二北二)西北,"126.086411,47.609215",[],黑龙江省,齐齐哈尔市,拜泉县,齐齐哈尔市
美丽工作室,育英路与县直街交叉口东北100米,"126.094186,47.607449",13206508802,黑龙江省,齐齐哈尔市,拜泉县,齐齐哈尔市
丽丽美容工作室(名日星城店),名日星城东南门西90米,"126.087477,47.603501",18445129199;18445219199,黑龙江省,齐齐哈尔市,拜泉县,齐齐哈尔市
拜泉县宝丽眉形设计工作室,拜泉镇向阳路文化家园2号楼1-2层14号(南二东二),"126.093525,47.608425",[],黑龙江省,齐齐哈尔市,拜泉县,齐齐哈尔市
拜泉县萍之颜美容工作室,拜泉镇正街北二往北100米路东,"126.088542,47.611477",19303623444,黑龙江省,齐齐哈尔市,拜泉县,齐齐哈尔市
大月美妆工作室,恒冠豪庭小区东门旁,"126.095542,47.611981",15245809006,黑龙江省,齐齐哈尔市,拜泉县,齐齐哈尔市
八方缘名人工作室,晟嘉御都东区西南门旁,"126.084165,47.608737",15084533344,黑龙江省,齐齐哈尔市,拜泉县,齐齐哈尔市
睫境美妆工作室,拜泉镇向阳路金太阳小区3号楼12商服(南二东二),"126.091997,47.607856",[],黑龙江省,齐齐哈尔市,拜泉县,齐齐哈尔市
婵水阁美人工作室,东二道街路南二楼婵水阁美人工作室,"126.096069,47.611732",15545618345,黑龙江省,齐齐哈尔市,拜泉县,齐齐哈尔市
东来工作室,铭泉嘉苑西南门东南50米,"126.097525,47.604775",[],黑龙江省,齐齐哈尔市,拜泉县,齐齐哈尔市
柿橙穿戴甲工作室,建设路与群英街交叉口西南40米,"126.086675,47.602975",[],黑龙江省,齐齐哈尔市,拜泉县,齐齐哈尔市
朱华工作室,朝阳路与人民街交叉口西100米,"126.088175,47.608625",[],黑龙江省,齐齐哈尔市,拜泉县,齐齐哈尔市
Seven7美发空间,方兴新村17号楼03门市,"123.960618,47.361662",19904526767,黑龙江省,齐齐哈尔市,建华区,齐齐哈尔市
馨亮丝精湛发艺(旗舰店),万达华府5号楼117门市,"123.948892,47.370076",0452-2909999,黑龙江省,齐齐哈尔市,建华区,齐齐哈尔市
浪涛剪烫染沙龙(城乡路),城乡路运建小区48号楼,"123.985694,47.356395",18946293322,黑龙江省,齐齐哈尔市,建华区,齐齐哈尔市
莱美·发型,文化大街82号,"123.931328,47.355758",0452-2909961;15845719126,黑龙江省,齐齐哈尔市,建华区,齐齐哈尔市
Seven7烫发·染发风格设计(阳光花园店),阳光花园19号楼,"123.986777,47.356872",13664520114,黑龙江省,齐齐哈尔市,建华区,齐齐哈尔市
概念'S HAIR SALON(齐齐哈尔亨达名苑店),东四道街东路小区85号门市,"123.961116,47.356657",18004628617,黑龙江省,齐齐哈尔市,建华区,齐齐哈尔市
丝缘造型(阳光花园店),城乡路阳光花园19号楼,"123.987867,47.356551",13836297679,黑龙江省,齐齐哈尔市,建华区,齐齐哈尔市
MC造型(哈齐大厦店),兴隆路13号,"123.956212,47.347509",18246699021,黑龙江省,齐齐哈尔市,建华区,齐齐哈尔市
馨亮丝精湛发艺(沃尔玛东临店),劳动东路18号中瑞·悦力城F1层,"123.953652,47.350700",0452-2442345,黑龙江省,齐齐哈尔市,建华区,齐齐哈尔市
隆隆发型沙龙(电大店),劳动路华威6号楼,"123.927487,47.349648",0452-2282999,黑龙江省,齐齐哈尔市,建华区,齐齐哈尔市
玛尔造型(东市场小区西区店),中华街道东市场小区50号楼2单元202可送北门,"123.967440,47.353278",0452-2289333,黑龙江省,齐齐哈尔市,建华区,齐齐哈尔市
小野造型(齐齐哈尔万达广场店),新江路1号齐齐哈尔万达广场1F层,"123.947915,47.367736",0452-6116297;15604850217,黑龙江省,齐齐哈尔市,建华区,齐齐哈尔市
精剪美发烫染名店(坤顺小区店),朝阳西路,"123.954109,47.352245",13069999448,黑龙江省,齐齐哈尔市,建华区,齐齐哈尔市
漫抒美发造型·烫发·染发(万达华府店),万达华府北侧底商1-106,"123.947730,47.370860",0452-6113225;18814526508,黑龙江省,齐齐哈尔市,建华区,齐齐哈尔市
乐琛男士理发馆(中央公园店),中央公园s2-102,"123.955499,47.371750",0452-2307649,黑龙江省,齐齐哈尔市,建华区,齐齐哈尔市
隆隆发型沙龙(中瑞·悦力城店),劳动东路18号中瑞·悦力城F1层,"123.952656,47.351135",0452-2118811,黑龙江省,齐齐哈尔市,建华区,齐齐哈尔市
阿詹发型,福金街53号(二马路哈尔滨银行北200米),"123.959628,47.346921",0452-6175757;13234520757,黑龙江省,齐齐哈尔市,建华区,齐齐哈尔市
扎嘎·沐染,中华西路仕林国际(南通街),"123.941576,47.357489",18946220466,黑龙江省,齐齐哈尔市,建华区,齐齐哈尔市
阿詹女士精品发型定制(王仔花苑店),鑫海家园南门斜对面劳动东路83号,"123.947731,47.350420",0452-6175757;15663170757,黑龙江省,齐齐哈尔市,建华区,齐齐哈尔市
易派造型(万达广场店),万达商业街115号易派造型(齐齐哈尔万达店),"123.950784,47.367475",19997503000,黑龙江省,齐齐哈尔市,建华区,齐齐哈尔市
名媛造型(齐大店),中华西路55号,"123.942381,47.357333",0452-2734958;18845251333,黑龙江省,齐齐哈尔市,建华区,齐齐哈尔市
隆隆发型沙龙(东区店),中华西路131号,"123.939854,47.357773",0452-2510555;18045259992,黑龙江省,齐齐哈尔市,建华区,齐齐哈尔市
极致美发沙龙,鑫海家园B15号楼00单元01层07号,"123.952045,47.351875",0452-2302777;15845660900,黑龙江省,齐齐哈尔市,建华区,齐齐哈尔市
时尚姐姐·烫发 染发 接发,中央公园S6幢03号,"123.953056,47.371631",15604820035,黑龙江省,齐齐哈尔市,建华区,齐齐哈尔市
浪涛时尚秀烫染造型(东四道街店),方兴新村13号楼1楼5号门市,"123.960585,47.361002",13079617971,黑龙江省,齐齐哈尔市,建华区,齐齐哈尔市
名媛造型(王仔花苑店),轻工市场35号,"123.953194,47.348869",0452-2421166,黑龙江省,齐齐哈尔市,建华区,齐齐哈尔市
概念'S HAIR SALON(齐齐哈尔欣豪王府店),欣豪王府棚改小区A区38号楼00单元01层09,"124.003160,47.367163",0452-6197391;13936691764,黑龙江省,齐齐哈尔市,建华区,齐齐哈尔市
老男孩男士理发馆,和祥组团5号楼00单元01层13号,"123.952993,47.349491",18604620065,黑龙江省,齐齐哈尔市,建华区,齐齐哈尔市
尚美形象设计沙龙,方兴新村30号楼8号门市,"123.958345,47.363825",15344620110,黑龙江省,齐齐哈尔市,建华区,齐齐哈尔市
唤醒造型烫发染发(齐大店),文化大街159号唤醒造型,"123.929367,47.350280",18845291664,黑龙江省,齐齐哈尔市,建华区,齐齐哈尔市
圣丝烫染造型(亨达名苑店),东路小区35号楼0单元1层,"123.966487,47.358207",18745239757,黑龙江省,齐齐哈尔市,建华区,齐齐哈尔市
悠然发型沙龙,西二道街73号幸福家园2号楼,"123.952025,47.352925",13029753789,黑龙江省,齐齐哈尔市,建华区,齐齐哈尔市
上岸美发沙龙(中央公园店),中央公园小区商业街S6-101号,"123.952985,47.371632",18804520828,黑龙江省,齐齐哈尔市,建华区,齐齐哈尔市
风尚造型(新江路店),文化街道溪畔华庭B区19号楼4门103,"123.939680,47.371485",[],黑龙江省,齐齐哈尔市,建华区,齐齐哈尔市
丝予造型(万达广场商业街店),新江路1号齐齐哈尔万达广场1F层00162,"123.949228,47.368271",18845222876,黑龙江省,齐齐哈尔市,建华区,齐齐哈尔市
国潮发型设计,文化大街102号,"123.931671,47.356475",17790608687,黑龙江省,齐齐哈尔市,建华区,齐齐哈尔市
时光宝贝亲子美发沙龙(万达店),万达滨湖步行街12-127,"123.946642,47.369956",0452-6041314;18182820669,黑龙江省,齐齐哈尔市,建华区,齐齐哈尔市
潮之客造型(明园小区店),东四道街明圆小区14号楼160号,"123.960581,47.357889",18245280110,黑龙江省,齐齐哈尔市,建华区,齐齐哈尔市
北大理发店,新华小区28号楼1层,"123.957549,47.363828",15204524688,黑龙江省,齐齐哈尔市,建华区,齐齐哈尔市
帅意念造型(万达华府B区店),万达滨湖商业街4-106号,"123.947294,47.369145",15846207288,黑龙江省,齐齐哈尔市,建华区,齐齐哈尔市
剪尚瘾造型,北华小区东北门旁,"123.945779,47.367797",15845222250,黑龙江省,齐齐哈尔市,建华区,齐齐哈尔市
索美美发(万达广场店),北华小区西北门东70米,"123.943998,47.368264",15636206676,黑龙江省,齐齐哈尔市,建华区,齐齐哈尔市
艾轩发型设计(民乐路店),建设大街481号,"123.982149,47.358616",0452-2180496;18245280496,黑龙江省,齐齐哈尔市,建华区,齐齐哈尔市
左唯风格印象美发沙龙(中央公园店),中央公园,"123.952316,47.371596",13701398333;19917724144,黑龙江省,齐齐哈尔市,建华区,齐齐哈尔市
东辰发型设计工作室,文化大街与文化二胡同交叉口东北160米,"123.931620,47.356495",13212955859;15312955859,黑龙江省,齐齐哈尔市,建华区,齐齐哈尔市
流行前线发艺(卜奎大街店),卜奎大街64号,"123.955850,47.346761",13009736013,黑龙江省,齐齐哈尔市,建华区,齐齐哈尔市
名媛造型(鑫海家园店),西二道街21号(中瑞时代广场西门路对面),"123.952040,47.351461",0452-2559922,黑龙江省,齐齐哈尔市,建华区,齐齐哈尔市
炫雅经典造型,凤凰城d区21号楼,"124.002345,47.362045",18814527892,黑龙江省,齐齐哈尔市,建华区,齐齐哈尔市
艺峰烫染机构(福鼎家园店),福鼎家园12号楼1层3号,"123.971386,47.360394",13763511443,黑龙江省,齐齐哈尔市,建华区,齐齐哈尔市
巨隆美容美发(建东小区1号楼店),建设大街建东小区一号楼,"123.983875,47.349768",13945236773,黑龙江省,齐齐哈尔市,建华区,齐齐哈尔市
曼都发型(华溪小区店),卜奎北大街华溪小区12号楼,"123.957424,47.367960",13224628001,黑龙江省,齐齐哈尔市,建华区,齐齐哈尔市
木北造型(文化大街),齐大西区浏园浴池旁(文化大街74号),"123.931325,47.355596",13846208181,黑龙江省,齐齐哈尔市,建华区,齐齐哈尔市
D·M造型(卜奎北大街辅路店),卜奎北大街71号,"123.954756,47.358229",15214401162;15663320920,黑龙江省,齐齐哈尔市,建华区,齐齐哈尔市
云霞造型,中学胡同嘉成自选超市东走20米、新华小区9号楼3单元101室,"123.962937,47.348895",13204522262,黑龙江省,齐齐哈尔市,建华区,齐齐哈尔市
佳力造型(育英园丁小区店),育英园丁小区,"123.981765,47.360932",13803612868,黑龙江省,齐齐哈尔市,建华区,齐齐哈尔市
尚都美发(天增小区店),天增小区23号楼,"123.959448,47.353497",18245273337,黑龙江省,齐齐哈尔市,建华区,齐齐哈尔市
铸梦造型,凤凰城B区30号楼102商服铸梦造型,"124.003910,47.365952",13351027248,黑龙江省,齐齐哈尔市,建华区,齐齐哈尔市
沐容造型(百悦居小区店),14号楼二单元102,"123.959646,47.374502",17710977650,黑龙江省,齐齐哈尔市,建华区,齐齐哈尔市
美丝坊轻奢沙龙,[],"123.946959,47.369097",13836288666,黑龙江省,齐齐哈尔市,建华区,齐齐哈尔市
头道美业(齐大店),文化大街126号,"123.931829,47.357514",18686986987,黑龙江省,齐齐哈尔市,建华区,齐齐哈尔市
黑豹专业烫染沙龙(浏园小区店),党校街45-47号浏园小区,"123.936672,47.365278",15946480311,黑龙江省,齐齐哈尔市,建华区,齐齐哈尔市
曼都发型(中央公园店),中央公园S3,"123.955176,47.371712",18903625108,黑龙江省,齐齐哈尔市,建华区,齐齐哈尔市
美咖发型设计室,东四道街玉坤小区三号楼00单元01层,"123.957203,47.347490",13803624620,黑龙江省,齐齐哈尔市,建华区,齐齐哈尔市
雅典丽美发会所(鑫海家园店),西二道街53号鑫海家园,"123.946434,47.350834",0452-2510003,黑龙江省,齐齐哈尔市,建华区,齐齐哈尔市
蚂蚁造型,齐齐哈尔大学家属楼7号楼3单元,"123.937283,47.354466",13846298151,黑龙江省,齐齐哈尔市,建华区,齐齐哈尔市
星START轻奢造型(万达广场店),新江路1号齐齐哈尔万达广场1F层,"123.949533,47.368163",15846288085,黑龙江省,齐齐哈尔市,建华区,齐齐哈尔市
G+造型,东路小区11号楼00单元01层03号,"123.961096,47.356440",13895991613,黑龙江省,齐齐哈尔市,建华区,齐齐哈尔市
贝丝特美容美发养生会所(运建园店),玛丽亚妇产医院对面,"123.983914,47.351939",15845668585,黑龙江省,齐齐哈尔市,建华区,齐齐哈尔市
木色发型设计(华溪小区店),北华街道卜奎北大街华溪小区南区11号楼2楼,"123.957475,47.367298",0452-2551929,黑龙江省,齐齐哈尔市,建华区,齐齐哈尔市
艺腾头疗养生烫染会馆,东城街47号,"123.953638,47.349471",19845233456,黑龙江省,齐齐哈尔市,建华区,齐齐哈尔市
妮蔻创艺沙龙(凤凰·王府C座店),欣豪王府凤凰城c区37号楼0单元107号,"124.002648,47.362678",18500043888,黑龙江省,齐齐哈尔市,建华区,齐齐哈尔市
太子美发(坤顺小区店),卜奎街道坤顺小区3号楼5单元,"123.954110,47.352354",18249272226,黑龙江省,齐齐哈尔市,建华区,齐齐哈尔市
上海艺术造型,锦湖名苑丽水8楼108号商服,"123.939913,47.362119",18245291717,黑龙江省,齐齐哈尔市,建华区,齐齐哈尔市
名尚造型(中华西路店),劳技小区一号楼东侧,"123.940425,47.357825",13704523964,黑龙江省,齐齐哈尔市,建华区,齐齐哈尔市
泽发匠工作室(启明小区店),启明小区1号楼一层5号,"123.958223,47.355802",15604527217,黑龙江省,齐齐哈尔市,建华区,齐齐哈尔市
星辉·美发造型(齐大小区店),游览路71号,"123.936858,47.354350",13351420311,黑龙江省,齐齐哈尔市,建华区,齐齐哈尔市
璇艺烫染名店,中华路400号育英小区9号楼,"123.973327,47.351730",[],黑龙江省,齐齐哈尔市,建华区,齐齐哈尔市
欧轩造型工作室(建华区万达公寓店),新江路万达公寓A座801,"123.947525,47.368375",13351627272;13359529424;17713321115,黑龙江省,齐齐哈尔市,建华区,齐齐哈尔市
丝悦造型(文化小区店),林青路6号,"123.930246,47.355338",[],黑龙江省,齐齐哈尔市,建华区,齐齐哈尔市
海润造型美发工作室,齐大小区10号楼,"123.937662,47.353048",18946245020,黑龙江省,齐齐哈尔市,建华区,齐齐哈尔市
迎运男士理发馆(北关小区店),北关小区169号43号楼迎运男士理发,"123.955617,47.362029",13895993906,黑龙江省,齐齐哈尔市,建华区,齐齐哈尔市
森然造型(育英小区店),军校街育英小区20号楼1-2层10号,"123.971327,47.350448",15663182525,黑龙江省,齐齐哈尔市,建华区,齐齐哈尔市
维妮美发(奕人花园店),奕人花园2号楼门市9,"123.967928,47.360122",15303624449,黑龙江省,齐齐哈尔市,建华区,齐齐哈尔市
美尚阁发型设计,启明小区5号楼1层3号,"123.960572,47.356612",13946224299,黑龙江省,齐齐哈尔市,建华区,齐齐哈尔市
金鼎美业(齐齐哈尔建华区),民乐路2号鸿福家园12号楼金鼎美业,"123.978608,47.357898",13766559533,黑龙江省,齐齐哈尔市,建华区,齐齐哈尔市
维密造型(民乐家园店),民乐家园小区西门21号楼维密造型,"123.970559,47.358805",19904521234,黑龙江省,齐齐哈尔市,建华区,齐齐哈尔市
简悦造型,万达广场大商业0138号,"123.948270,47.367546",[],黑龙江省,齐齐哈尔市,建华区,齐齐哈尔市
极韵发型设计(引水街店),万达华府A区,"123.950011,47.369189",13846217288,黑龙江省,齐齐哈尔市,建华区,齐齐哈尔市
晓嵩美发,天增小区23号楼13号网点,"123.958771,47.353473",13836220600,黑龙江省,齐齐哈尔市,建华区,齐齐哈尔市
青颜造型(名人花园小区店),名人花园33号楼00单元01层02号,"123.962250,47.360172",13101520089,黑龙江省,齐齐哈尔市,建华区,齐齐哈尔市
董军美发31店(十七美业),城乡路44号,"123.985175,47.356350",13946215055,黑龙江省,齐齐哈尔市,建华区,齐齐哈尔市
静城美业(运建园店),建设大街372号运建园,"123.990165,47.350406",17602249545,黑龙江省,齐齐哈尔市,建华区,齐齐哈尔市
洛谷发型沙龙,黑龙江省建华区文化街道环保综合楼D单元1层3号,"123.931367,47.355708",17545535865,黑龙江省,齐齐哈尔市,建华区,齐齐哈尔市
T+梵尚造型烫染工作室(齐齐哈尔大学齐大小区店),游览路齐大购物中心旁(齐齐哈尔大学),"123.936363,47.353015",19997502228,黑龙江省,齐齐哈尔市,建华区,齐齐哈尔市
Hi•理好这是一家理发店店,万达广场商业街7号门对面二楼,"123.948692,47.368552",13763455140;18604523422,黑龙江省,齐齐哈尔市,建华区,齐齐哈尔市
简艺造型(三中店),卜奎北大街97号,"123.955146,47.359487",15214415275,黑龙江省,齐齐哈尔市,建华区,齐齐哈尔市
素境美发工作室,文化大街100号,"123.931575,47.356375",18814620911,黑龙江省,齐齐哈尔市,建华区,齐齐哈尔市
木子造型(名人花园小区店),名人花园小区西南1门旁,"123.961289,47.360209",15164614560,黑龙江省,齐齐哈尔市,建华区,齐齐哈尔市
氧发堂(万达华府B区店),万达华府B区2号门,"123.948594,47.370406",13514663337,黑龙江省,齐齐哈尔市,建华区,齐齐哈尔市
飘逸美发,文化大街浏园市场14号门市,"123.929939,47.357383",13763510847,黑龙江省,齐齐哈尔市,建华区,齐齐哈尔市
五贝子天然植物染发(回民小区店),回民小区西1门旁,"123.952615,47.352354",18745206588,黑龙江省,齐齐哈尔市,建华区,齐齐哈尔市
名剪造型(春江路店),浏园小区1号楼1层10号,"123.934437,47.365623",13351001155;15845662113,黑龙江省,齐齐哈尔市,建华区,齐齐哈尔市
尚艺发型工作室,金茂府1号商服107室,"124.002507,47.369944",17645707078,黑龙江省,齐齐哈尔市,建华区,齐齐哈尔市
颜十七美发沙龙,运建东街46号,"123.990372,47.350847",18445280088,黑龙江省,齐齐哈尔市,建华区,齐齐哈尔市
丝园理发店,浏园小区25号楼,"123.933208,47.360913",15164604168,黑龙江省,齐齐哈尔市,建华区,齐齐哈尔市
靓帅美发(名人花园小区店),名人花园东门北100米,"123.965794,47.362771",18745274510,黑龙江省,齐齐哈尔市,建华区,齐齐哈尔市
久宿原发型沙龙(北华小区店),北华小区东北门旁,"123.945803,47.367615",15822154880,黑龙江省,齐齐哈尔市,建华区,齐齐哈尔市
董军美发30店(十七美业),建设大街496号,"123.983501,47.355151",13766558240,黑龙江省,齐齐哈尔市,建华区,齐齐哈尔市
M-Y铭宇造型(玉坤东小区店),东四街道366号,"123.961292,47.346560",18845212123,黑龙江省,齐齐哈尔市,建华区,齐齐哈尔市
三造型(明园小区店),明园小区1号楼15门市,"123.956137,47.357649",13946225353,黑龙江省,齐齐哈尔市,建华区,齐齐哈尔市
爱尚美造型(双华路店),卜奎北大街双华路9号,"123.957621,47.364333",13604612550,黑龙江省,齐齐哈尔市,建华区,齐齐哈尔市
新摩登齐大店(齐齐哈尔大学齐大小区店),新摩登齐大店,"123.937258,47.354330",15845681891;16604527527,黑龙江省,齐齐哈尔市,建华区,齐齐哈尔市
莎漫造型,卜奎北大街北关小区31号楼,"123.954230,47.359006",18345290507,黑龙江省,齐齐哈尔市,建华区,齐齐哈尔市
鑫菲凡美发沙龙(亨达名苑店),三马路东路小区21号楼,"123.962869,47.354973",0452-2576783,黑龙江省,齐齐哈尔市,建华区,齐齐哈尔市
艺剪发艺(运建园店),建设街道运建园24号楼,"123.986545,47.350747",13149628989;13763514140;13763514160,黑龙江省,齐齐哈尔市,建华区,齐齐哈尔市
洛凡发型沙龙,凤凰城c区南门37号楼3门市,"124.001911,47.362412",15845671020,黑龙江省,齐齐哈尔市,建华区,齐齐哈尔市
首领美发沙龙烫染工作室,明园小区西区北门东300米,"123.959868,47.360071",15765066997,黑龙江省,齐齐哈尔市,建华区,齐齐哈尔市
小资美容美发会馆,卜奎街道解放门市场南门斜对面,"123.956273,47.351368",13895999636,黑龙江省,齐齐哈尔市,建华区,齐齐哈尔市
五贝子植物染发(东路店),东四道街96号,"123.960591,47.360535",0452-2558188,黑龙江省,齐齐哈尔市,建华区,齐齐哈尔市
剪美发艺(文化大街店),文化大街136号,"123.931861,47.357700",13504619627,黑龙江省,齐齐哈尔市,建华区,齐齐哈尔市
久森发型设计工作室(盛和湾店),盛和湾小区s1号楼105门市,"123.982307,47.351104",13079692027,黑龙江省,齐齐哈尔市,建华区,齐齐哈尔市
木子造型(建设大街店),建设大街516号,"123.983368,47.355766",15946266071,黑龙江省,齐齐哈尔市,建华区,齐齐哈尔市
原艺造型(北京壹号院店),凤凰大街219号,"124.001899,47.368538",13613649037,黑龙江省,齐齐哈尔市,建华区,齐齐哈尔市
凡古潮沙龙齐大店,文化大街56号,"123.931267,47.355375",19969786292,黑龙江省,齐齐哈尔市,建华区,齐齐哈尔市
云朵发型设计室,卜奎北大街333号医学院体育场3号,"123.947299,47.379431",13304522835,黑龙江省,齐齐哈尔市,建华区,齐齐哈尔市
丝路造型(奕人花园店),奕人花园南门旁,"123.968246,47.360250",13114665521,黑龙江省,齐齐哈尔市,建华区,齐齐哈尔市
小天使美容美发(北关小区店),北关小区东门旁,"123.955776,47.362745",13836291961,黑龙江省,齐齐哈尔市,建华区,齐齐哈尔市
新感觉发艺(凤凰金茂府店),明海公路凤凰金茂府西侧一号楼109室,"124.002505,47.369907",13836295818,黑龙江省,齐齐哈尔市,建华区,齐齐哈尔市
宏勃烫染(建东小区店),建东小区18号楼,"123.987705,47.349719",13796331727,黑龙江省,齐齐哈尔市,建华区,齐齐哈尔市
壹间理发店,军校街与中华路交叉口西南180米,"123.967208,47.352250",13654588124,黑龙江省,齐齐哈尔市,建华区,齐齐哈尔市
凯尚造型(安居西园小区南区店),春江路安居西园小区30号楼,"123.932254,47.366489",17194776567,黑龙江省,齐齐哈尔市,建华区,齐齐哈尔市
头领美发,广信路50号,"123.957215,47.350827",15084594447,黑龙江省,齐齐哈尔市,建华区,齐齐哈尔市
德艺专业烫染(浏园小区店),西园街16号,"123.933140,47.365873",15804524849,黑龙江省,齐齐哈尔市,建华区,齐齐哈尔市
桃蹊美业(溪畔华庭A区店),溪畔华庭A区13号楼,"123.944664,47.369527",13836295667,黑龙江省,齐齐哈尔市,建华区,齐齐哈尔市
好好理发(明园小区东区店),双华南路明园小区19号楼0单元一层18号,"123.960038,47.359712",[],黑龙江省,齐齐哈尔市,建华区,齐齐哈尔市
晶炜专业烫染(东路小区店),亨达名苑东门北60米,"123.966586,47.357312",[],黑龙江省,齐齐哈尔市,建华区,齐齐哈尔市
宁玛发艺(锦湖名苑丽水园店),锦湖名苑丽水园113门市,"123.940155,47.362805",13079662067,黑龙江省,齐齐哈尔市,建华区,齐齐哈尔市
丹丹发艺(百悦居小区店),齐双公路与北一街交叉口西240米,"123.960544,47.374195",18845292519,黑龙江省,齐齐哈尔市,建华区,齐齐哈尔市
名爵剪烫染,明园小区西区北门东340米,"123.960185,47.360047",0452-2568559,黑龙江省,齐齐哈尔市,建华区,齐齐哈尔市
红玫瑰杜尚美发厅,天增小区人民银行楼02单元10层01号,"123.959441,47.354342",13100823730,黑龙江省,齐齐哈尔市,建华区,齐齐哈尔市
俪斯堡美发美容养生馆,双华路方兴新村30号楼,"123.958487,47.363867",13763515077,黑龙江省,齐齐哈尔市,建华区,齐齐哈尔市
氧发堂天然植物染发(王仔花苑店),劳动东路45号,"123.951194,47.350340",0452-2213368,黑龙江省,齐齐哈尔市,建华区,齐齐哈尔市
老红玫瑰美发厅,石牌小区74号楼,"123.956738,47.354491",[],黑龙江省,齐齐哈尔市,建华区,齐齐哈尔市
风云秀场烫染沙龙(亨达名苑店),东四道街东路小区11号楼6号,"123.961073,47.356667",13796863994,黑龙江省,齐齐哈尔市,建华区,齐齐哈尔市
寻野造型,文化组团西门北90米,"123.926233,47.356783",19531980810,黑龙江省,齐齐哈尔市,建华区,齐齐哈尔市
名门秀客美发工作室(回民小区店),回民小区南门南50米,"123.953315,47.353342",18746826117,黑龙江省,齐齐哈尔市,建华区,齐齐哈尔市
安之酸植物营养染发护发连锁(运建园店),建设大街372号运建园,"123.988648,47.350166",13694520016,黑龙江省,齐齐哈尔市,建华区,齐齐哈尔市
慧子美容美发瘦身养生会馆(天增小区东区店),玉坤东小区9号楼,"123.960091,47.348715",13199691107;13304522263,黑龙江省,齐齐哈尔市,建华区,齐齐哈尔市
七月造型,文化街道北华小区7号楼2单元1层2号,"123.944489,47.368085",[],黑龙江省,齐齐哈尔市,建华区,齐齐哈尔市
新方舟美发(溪畔华庭A区店),溪畔华庭A区8号楼一单元103,"123.945643,47.368320",13946227306;18686945676,黑龙江省,齐齐哈尔市,建华区,齐齐哈尔市
一九八六快剪(天增小区店),玉坤东小区9号楼72号一九八六快剪,"123.960144,47.348735",[],黑龙江省,齐齐哈尔市,建华区,齐齐哈尔市
顶尚名丝美发(裕民西小区店),东四道街340正东方向70米裕民西小区,"123.962087,47.348780",13136600291,黑龙江省,齐齐哈尔市,建华区,齐齐哈尔市
晴雅时尚染烫(安居西园小区北区店),文化街道西园小区48号9门市,"123.933534,47.368897",[],黑龙江省,齐齐哈尔市,建华区,齐齐哈尔市
精简美发(齐大小区店),游览路齐大小区14号楼,"123.936090,47.352924",18945289280,黑龙江省,齐齐哈尔市,建华区,齐齐哈尔市
艾尚美美发(园丁楼店),锦湖雅居纯水岸南门南80米,"123.947496,47.358194",[],黑龙江省,齐齐哈尔市,建华区,齐齐哈尔市
海英发艺(华溪小区店),华溪小区2号楼,"123.958069,47.365993",[],黑龙江省,齐齐哈尔市,建华区,齐齐哈尔市
添源造型(北华小区店),新江路60号,"123.946781,47.367301",[],黑龙江省,齐齐哈尔市,建华区,齐齐哈尔市
2+3发型工作室,方兴新村小区17号1号门市,"123.960607,47.361532",13019789651,黑龙江省,齐齐哈尔市,建华区,齐齐哈尔市
艺佰佳美发店(齐大店),文化街道,"123.931413,47.353756",13349421631,黑龙江省,齐齐哈尔市,建华区,齐齐哈尔市
金小牙美容美发,凤凰陈B区6号楼一单元102,"124.005856,47.364697",13352528808,黑龙江省,齐齐哈尔市,建华区,齐齐哈尔市
时尚·尚美,城乡路130号,"123.989997,47.356662",13845237152,黑龙江省,齐齐哈尔市,建华区,齐齐哈尔市
爱心美发(运建园店),建设大街372号运建园,"123.985331,47.351101",15146683668,黑龙江省,齐齐哈尔市,建华区,齐齐哈尔市
时尚先生美发空间,卜奎北大街与齐双公路交叉口西300米,"123.953106,47.371604",[],黑龙江省,齐齐哈尔市,建华区,齐齐哈尔市
阿旭造型烫染工作室(凤凰·王府B座店),凤凰大街与建北路交叉口北240米,"124.003898,47.364325",15004561329,黑龙江省,齐齐哈尔市,建华区,齐齐哈尔市
财貌双全理发馆,东路小区17号楼一层2号,"123.961225,47.355825",15204529818,黑龙江省,齐齐哈尔市,建华区,齐齐哈尔市
宝航美发,建设大街471号福顺小区,"123.980865,47.352125",18845219609,黑龙江省,齐齐哈尔市,建华区,齐齐哈尔市
丽娜美发工作室,凤凰大街与苗圃路交叉口东北80米,"124.002425,47.370175",15145217808,黑龙江省,齐齐哈尔市,建华区,齐齐哈尔市
港沪齐发廊,玉坤小区1号楼3单元,"123.959457,47.347524",0452-2427390,黑龙江省,齐齐哈尔市,建华区,齐齐哈尔市
风潮精雕细琢美发工作室,东市场小区34号楼00单元01层37号,"123.968874,47.353322",15344522788,黑龙江省,齐齐哈尔市,建华区,齐齐哈尔市
绝色造型烫染店,浏园小区39号楼,"123.935201,47.368330",13836255296,黑龙江省,齐齐哈尔市,建华区,齐齐哈尔市
颜妍美发店,东市场小区西区西门旁,"123.961257,47.352624",19904526869,黑龙江省,齐齐哈尔市,建华区,齐齐哈尔市
不知名美发店,游览路与上士胡同交叉口北260米,"123.935970,47.354363",13314522256,黑龙江省,齐齐哈尔市,建华区,齐齐哈尔市
帝艺造型万达店,新江路1号齐齐哈尔万达广场1F层,"123.949836,47.367872",18724474164,黑龙江省,齐齐哈尔市,建华区,齐齐哈尔市
鑫淼发艺,裕民一街23号,"123.964238,47.346848",13384621279,黑龙江省,齐齐哈尔市,建华区,齐齐哈尔市
晓光发型设计(北华小区店),北华小区15号楼,"123.946053,47.367096",13514682872;18603620981,黑龙江省,齐齐哈尔市,建华区,齐齐哈尔市
姐妹发艺(凤凰金茂府店),凤凰大街(凤凰金茂府),"124.002139,47.370785",13796333942,黑龙江省,齐齐哈尔市,建华区,齐齐哈尔市
沐颜美发沙龙,凤凰大街与双华路交叉口东南100米,"124.003415,47.365456",[],黑龙江省,齐齐哈尔市,建华区,齐齐哈尔市
时柒·hairsalon,卜奎北大街118号方兴新村17号楼,"123.960425,47.361625",[],黑龙江省,齐齐哈尔市,建华区,齐齐哈尔市
圣鑫美发(玉坤东小区店),玉坤东小区东门北60米,"123.961280,47.346606",[],黑龙江省,齐齐哈尔市,建华区,齐齐哈尔市
琪秀造型(亨达名苑店),东路小区41号楼00单元01层23号,"123.964032,47.359689",15304622273,黑龙江省,齐齐哈尔市,建华区,齐齐哈尔市
时代发艺(双华南路店),方兴新村8号楼,"123.959060,47.360127",13803628724,黑龙江省,齐齐哈尔市,建华区,齐齐哈尔市
兀轻奢微潮沙龙(文化小区店),林青路与文化大街交叉口西40米,"123.930348,47.355333",18045270801,黑龙江省,齐齐哈尔市,建华区,齐齐哈尔市
名师造型工作室(奕人花园店),奕人花园21号楼4号门市,"123.966991,47.362916",15645221653;15645227506,黑龙江省,齐齐哈尔市,建华区,齐齐哈尔市
梓睿发型设计工作室,中华路608号,"123.986838,47.349951",[],黑龙江省,齐齐哈尔市,建华区,齐齐哈尔市
顶尖发型设计(春江路),浏园安居32号楼,"123.934975,47.365784",13796242277,黑龙江省,齐齐哈尔市,建华区,齐齐哈尔市
潮派造型,卜奎北大街10号,"123.955622,47.357413",13946288647,黑龙江省,齐齐哈尔市,建华区,齐齐哈尔市
日尚美发(凤凰·王府B座店),凤凰大街与建北路交叉口北240米,"124.004128,47.364331",[],黑龙江省,齐齐哈尔市,建华区,齐齐哈尔市
靓宏发型设计室,朝阳路天增小区23号楼1层,"123.959122,47.353473",13846218252,黑龙江省,齐齐哈尔市,建华区,齐齐哈尔市
隆丝达发艺(明园小区店),明园小区西1门北170米,"123.955809,47.358949",13766553516,黑龙江省,齐齐哈尔市,建华区,齐齐哈尔市
鼎尖烫染造型(奕人花园店),奕人花园22号楼南9号商服,"123.968505,47.363069",18045229993,黑龙江省,齐齐哈尔市,建华区,齐齐哈尔市
壹柒美发,龙沙路与裕民一街交叉口西100米,"123.962853,47.346078",18604528992,黑龙江省,齐齐哈尔市,建华区,齐齐哈尔市
柏美造型(浏园小区店),党校街45-47号浏园小区,"123.935123,47.365780",13836245889,黑龙江省,齐齐哈尔市,建华区,齐齐哈尔市
烫染接发,文化北大街与引水街交叉口西南280米,"123.946646,47.369202",[],黑龙江省,齐齐哈尔市,建华区,齐齐哈尔市
铭俊造型,北斗胡同齐齐哈尔市第二医院,"123.954439,47.357335",13069687733,黑龙江省,齐齐哈尔市,建华区,齐齐哈尔市
卡斯尔男士理发馆(王仔花苑店),卜奎商业街20号,"123.951333,47.351177",16645777996,黑龙江省,齐齐哈尔市,建华区,齐齐哈尔市
阿凯造型(回民小区店),回民小区南门南50米,"123.953405,47.353339",[],黑龙江省,齐齐哈尔市,建华区,齐齐哈尔市
时光倒流(锦湖名苑丽水园店),南通街锦湖名苑丽水园8号楼00单元1层,"123.939911,47.362177",0452-2510666,黑龙江省,齐齐哈尔市,建华区,齐齐哈尔市
丽时美发沙龙(明园小区店),卜奎北大街名园小区6号楼,"123.955823,47.358713",18246696363,黑龙江省,齐齐哈尔市,建华区,齐齐哈尔市
丝北造型(奕人花园店),双华南路奕人花园3号楼门市,"123.968746,47.360279",13304526837,黑龙江省,齐齐哈尔市,建华区,齐齐哈尔市
五贝子天然植物染发(北京壹号院店),凤凰大街壹号院2号商服105,"124.001925,47.367306",18745206588,黑龙江省,齐齐哈尔市,建华区,齐齐哈尔市
大旭美业(运建店),运建小区8号楼1层3门,"123.987224,47.351948",15845712848,黑龙江省,齐齐哈尔市,建华区,齐齐哈尔市
聚美造型(安居小区北区店),西园街与新江路交叉口西南160米,"123.935256,47.370132",13836244845,黑龙江省,齐齐哈尔市,建华区,齐齐哈尔市
天艺发型设计(万寿路店),卜奎街道天增小区18号楼7门,"123.960241,47.351605",[],黑龙江省,齐齐哈尔市,建华区,齐齐哈尔市
迎滨烫染美睫纹绣(凤凰城欣豪王府A区店),凤凰城A区迎滨烫染,"124.006853,47.368166",13514606169,黑龙江省,齐齐哈尔市,建华区,齐齐哈尔市
名都造型(北关小区店),北关小区51号楼197门市,"123.955901,47.363078",0452-2287771;13796338733,黑龙江省,齐齐哈尔市,建华区,齐齐哈尔市
天祺美发(明园小区店),西大桥街道明园小区19号楼19号门,"123.960013,47.359693",15945238802,黑龙江省,齐齐哈尔市,建华区,齐齐哈尔市
品恒发艺形象设计(浏园小区店),党校街45-47号浏园小区,"123.936177,47.369814",15946247222,黑龙江省,齐齐哈尔市,建华区,齐齐哈尔市
玫瑰美发(明园小区西区店),明园小区一区8号,"123.956496,47.359884",[],黑龙江省,齐齐哈尔市,建华区,齐齐哈尔市
可心发艺(安居西园小区中区店),文化街道安居西园小区中区12号楼底商4号,"123.932809,47.367953",[],黑龙江省,齐齐哈尔市,建华区,齐齐哈尔市
永红美发,林兴一胡同与中华西路交叉口西南60米,"123.928701,47.358448",[],黑龙江省,齐齐哈尔市,建华区,齐齐哈尔市
平港美发,西虹桥社区劳技小区4号楼3单元,"123.941989,47.357894",[],黑龙江省,齐齐哈尔市,建华区,齐齐哈尔市
选择专业染烫造型(安居西园小区中区7号楼店),西园小区7号楼9门市,"123.932903,47.368817",[],黑龙江省,齐齐哈尔市,建华区,齐齐哈尔市
顶剪美发工作室(育英小区店),中华路400号育英小区,"123.974052,47.352235",[],黑龙江省,齐齐哈尔市,建华区,齐齐哈尔市
老迷人染烫店,文化路林艺委华威楼1-7号,"123.928036,47.349696",[],黑龙江省,齐齐哈尔市,建华区,齐齐哈尔市
木玛发廊(溪畔华庭A区店),溪畔华庭A区西南门西210米,"123.941955,47.369586",[],黑龙江省,齐齐哈尔市,建华区,齐齐哈尔市
啊宝美发(明园小区西区店),明园小区西区北门东50米,"123.957637,47.359799",[],黑龙江省,齐齐哈尔市,建华区,齐齐哈尔市
氧发堂天然植物染发(浏园店),党校街119号,"123.935535,47.363895",13845239299,黑龙江省,齐齐哈尔市,建华区,齐齐哈尔市
新标榜造型,东市场小区18号楼9号门市,"123.962848,47.350983",13763583063,黑龙江省,齐齐哈尔市,建华区,齐齐哈尔市
楠·美妆造型工作室,文化街道林青路14号,"123.929796,47.355398",15804528191,黑龙江省,齐齐哈尔市,建华区,齐齐哈尔市
元铄美甲工作室(万达店),新江路1号万达广场A栋A座2层245号,"123.948578,47.368468",13149620401,黑龙江省,齐齐哈尔市,建华区,齐齐哈尔市
不晚美甲美睫工作室(溪畔华庭店),溪畔华庭A区7号楼3单元102室,"123.944612,47.368678",16616048885,黑龙江省,齐齐哈尔市,建华区,齐齐哈尔市
快乐家美甲设计工作室,文化街道中华西路60号齐大小区14号楼5单元103室,"123.936717,47.353080",18204620050,黑龙江省,齐齐哈尔市,建华区,齐齐哈尔市
Jin nail art·美甲美睫工作室(金色世家店),金色世家,"123.954029,47.371127",[],黑龙江省,齐齐哈尔市,建华区,齐齐哈尔市
颐美工作室,双华路18号,"123.958308,47.363944",[],黑龙江省,齐齐哈尔市,建华区,齐齐哈尔市
恒琪美容美体工作室,民乐小区9号楼-3号门市,"123.973210,47.357901",18045277362,黑龙江省,齐齐哈尔市,建华区,齐齐哈尔市
喜上眉梢纹绣美睫工作室,万达华府A区,"123.949925,47.369150",[],黑龙江省,齐齐哈尔市,建华区,齐齐哈尔市
建华区岩男士理发店,建设街道民乐家园31号楼00单元1层8号,"123.971341,47.360100",13314665721,黑龙江省,齐齐哈尔市,建华区,齐齐哈尔市
TT美发沙龙,龙华路398号和平小区8号楼1层15号,"123.981525,47.340525",[],黑龙江省,齐齐哈尔市,铁锋区,齐齐哈尔市
隆隆发型沙龙(铁东店),中华东路繁荣小区三号楼,"124.004842,47.345586",0452-2520222,黑龙江省,齐齐哈尔市,铁锋区,齐齐哈尔市
章光101头发健康连锁(龙北街店),龙北街36号,"123.968648,47.342838",15566801306,黑龙江省,齐齐哈尔市,铁锋区,齐齐哈尔市
悦沐烫染工作室(铁锋区),新民公寓底层00单元01层01-1号,"123.973616,47.344739",13349426621,黑龙江省,齐齐哈尔市,铁锋区,齐齐哈尔市
火姑娘发艺(中华路店),中华路716号,"123.990016,47.349088",0452-2912289,黑龙江省,齐齐哈尔市,铁锋区,齐齐哈尔市
阿东造型(景新小区店),景新小区9号楼一楼2号,"123.980755,47.342754",15174534618;18745221716,黑龙江省,齐齐哈尔市,铁锋区,齐齐哈尔市
剪艺美发,站前街道南局宅南树园小区8号楼3单元,"123.989185,47.338955",13836299445;15204520565,黑龙江省,齐齐哈尔市,铁锋区,齐齐哈尔市
艳丽美发按摩(繁荣小区店),繁荣小区东北1门旁,"124.009996,47.343852",[],黑龙江省,齐齐哈尔市,铁锋区,齐齐哈尔市
名剪秀客专业美发(曙光新城店),人民小区南门109公交站斜对面,"124.016675,47.337912",15522339961;16510628880,黑龙江省,齐齐哈尔市,铁锋区,齐齐哈尔市
宏红美发,铁峰区龙北街36号,"123.968689,47.343544",13514689998,黑龙江省,齐齐哈尔市,铁锋区,齐齐哈尔市
花瓣雨美容美发(站前大街店),站前大街南汇小区7栋3号,"123.991307,47.334147",0452-8077728;18686989991,黑龙江省,齐齐哈尔市,铁锋区,齐齐哈尔市
阿斌艺剪,平安北街70号新民小区16号楼,"123.974078,47.343988",15945239926,黑龙江省,齐齐哈尔市,铁锋区,齐齐哈尔市
艺剪人生烫染会所(北文化小区店),光荣街道车辆厂北文化2号楼门市,"124.016781,47.343494",13351422500,黑龙江省,齐齐哈尔市,铁锋区,齐齐哈尔市
阿良发型工作室,站前街道中华路696-1电苑小区,"123.988925,47.349316",15765059395,黑龙江省,齐齐哈尔市,铁锋区,齐齐哈尔市
丽华美容美发(北和平1号楼店),南局宅北和平1号楼,"123.990300,47.333954",[],黑龙江省,齐齐哈尔市,铁锋区,齐齐哈尔市
开心家美发店,先锋街92号,"124.002925,47.341175",13069999312,黑龙江省,齐齐哈尔市,铁锋区,齐齐哈尔市
崔凯形象公社(新民小区店),新民小区1号楼2单元,"123.977237,47.342094",[],黑龙江省,齐齐哈尔市,铁锋区,齐齐哈尔市
悦丞美发(前程小区店),前程小区2号楼,"124.011870,47.343972",0452-8617778;15545219385,黑龙江省,齐齐哈尔市,铁锋区,齐齐哈尔市
大华美发(西局宅店),西局宅小区北1门旁,"123.990874,47.347066",0452-2141106,黑龙江省,齐齐哈尔市,铁锋区,齐齐哈尔市
阿川造型(龙北街店),龙北街78号,"123.969087,47.344098",13895999596,黑龙江省,齐齐哈尔市,铁锋区,齐齐哈尔市
灰姑娘美容美发(西局宅小区店),太顺街29号,"123.990764,47.343302",15904527721,黑龙江省,齐齐哈尔市,铁锋区,齐齐哈尔市
小海剪艺(龙北街店),龙北街假肢厂院里,"123.968841,47.342955",18814528282,黑龙江省,齐齐哈尔市,铁锋区,齐齐哈尔市
董军美发89店,红旗街71号,"124.012841,47.339419",13766580827,黑龙江省,齐齐哈尔市,铁锋区,齐齐哈尔市
头号玩家美发店,新民胡同1号一楼南侧,"123.974251,47.342039",15845643766,黑龙江省,齐齐哈尔市,铁锋区,齐齐哈尔市
小刚美业,南局宅南树园小区3号楼门市,"123.991709,47.338358",13945236343,黑龙江省,齐齐哈尔市,铁锋区,齐齐哈尔市
东尚烫染沙龙(鑫欣花园店),先锋街鑫欣花园2号楼,"124.004108,47.340932",14794526665,黑龙江省,齐齐哈尔市,铁锋区,齐齐哈尔市
晓辉发型设计室(光荣小区二东区店),保卫路,"124.030536,47.344209",13079608066;13351324669,黑龙江省,齐齐哈尔市,铁锋区,齐齐哈尔市
飘然发型设计(中华东路店),中华东路人民小区34号楼,"124.018161,47.342482",13796331860;13836268136,黑龙江省,齐齐哈尔市,铁锋区,齐齐哈尔市
鑫大地发艺空间(繁荣小区店),中华东路繁荣小区34号楼,"124.002955,47.341717",15645226251,黑龙江省,齐齐哈尔市,铁锋区,齐齐哈尔市
神韵造型(新民小区店),新民小区13号楼景新农贸市场西门,"123.975544,47.343515",17610663210,黑龙江省,齐齐哈尔市,铁锋区,齐齐哈尔市
超燃造型(繁荣小区店),繁荣小区38号楼S8,"124.005402,47.341114",13945205414,黑龙江省,齐齐哈尔市,铁锋区,齐齐哈尔市
TT造型,南山鑫苑28号楼1号门市,"123.982396,47.329833",13251528868,黑龙江省,齐齐哈尔市,铁锋区,齐齐哈尔市
小贤发艺(和平家园店),和平家园南门旁,"123.981033,47.331499",13199690044,黑龙江省,齐齐哈尔市,铁锋区,齐齐哈尔市
欣欣美发(繁荣小区店),光荣街道繁荣小区33号楼,"124.003918,47.341647",18814620759,黑龙江省,齐齐哈尔市,铁锋区,齐齐哈尔市
和颜悦色美容美发,黎明街64号附近,"124.012390,47.341429",18345281237,黑龙江省,齐齐哈尔市,铁锋区,齐齐哈尔市
艺剪造型美甲美睫(运建园店),工校街81号,"123.991622,47.348572",13704825220,黑龙江省,齐齐哈尔市,铁锋区,齐齐哈尔市
创意廊美发沙龙,木海街120号附近,"123.976976,47.328053",18345209955,黑龙江省,齐齐哈尔市,铁锋区,齐齐哈尔市
小超造型(光荣小区新三区店),光荣小区316号楼门市,"124.029215,47.347243",15545638388,黑龙江省,齐齐哈尔市,铁锋区,齐齐哈尔市
新尚人烫染工作室,中华东路114号,"124.005820,47.345300",18245291568,黑龙江省,齐齐哈尔市,铁锋区,齐齐哈尔市
军嫂美发,中央胡同与景新街交叉口东80米,"123.979025,47.342625",13803627386,黑龙江省,齐齐哈尔市,铁锋区,齐齐哈尔市
主流造型(龙安路店),龙安路与平阳南北街交叉口东40米,"123.969456,47.338046",18645210004;18846301551,黑龙江省,齐齐哈尔市,铁锋区,齐齐哈尔市
都市丽人染烫造型店,消防二中队五路口警卫17号楼门市,"124.010961,47.339765",13945266796,黑龙江省,齐齐哈尔市,铁锋区,齐齐哈尔市
阿雷造型(中东路店),中东小区3号楼1层,"123.983688,47.342427",13845203112,黑龙江省,齐齐哈尔市,铁锋区,齐齐哈尔市
美丽时尚专业染烫,龙华小区12号楼,"123.972744,47.334931",18246681964,黑龙江省,齐齐哈尔市,铁锋区,齐齐哈尔市
创意美容美发(中央胡同店),景新小区南门西南80米,"123.978852,47.342629",15845681788,黑龙江省,齐齐哈尔市,铁锋区,齐齐哈尔市
剪美发艺(光荣小区一区店),光荣一区122栋剪美发艺,"124.028131,47.344324",15164610553,黑龙江省,齐齐哈尔市,铁锋区,齐齐哈尔市
鑫靓点美发(繁荣小区店),警卫街与红旗路交叉口西260米,"124.005222,47.341148",[],黑龙江省,齐齐哈尔市,铁锋区,齐齐哈尔市
小霞美发(繁荣小区店),先锋街与中华东路交叉口南220米,"124.004365,47.344154",[],黑龙江省,齐齐哈尔市,铁锋区,齐齐哈尔市
思悦艺剪,中华东路94号,"124.005225,47.345640",[],黑龙江省,齐齐哈尔市,铁锋区,齐齐哈尔市
艺剪美发(禧园小区店),禧园小区北门旁,"124.013115,47.327363",[],黑龙江省,齐齐哈尔市,铁锋区,齐齐哈尔市
艺格造型(前程小区店),前程小区,"124.010574,47.344059",[],黑龙江省,齐齐哈尔市,铁锋区,齐齐哈尔市
喜欢理理发店,新浦家园,"123.989189,47.324001",[],黑龙江省,齐齐哈尔市,铁锋区,齐齐哈尔市
剪派造型(民主街店),齐铁地区南局宅东兴路0011栋02单元1层,"123.988918,47.339833",13836263902,黑龙江省,齐齐哈尔市,铁锋区,齐齐哈尔市
联美发廊,东苑小区生产六栋7-3号,"124.009631,47.345687",[],黑龙江省,齐齐哈尔市,铁锋区,齐齐哈尔市
梵禧造型,南马路15号,"123.975625,47.333886",[],黑龙江省,齐齐哈尔市,铁锋区,齐齐哈尔市
超艺美发美甲(鑫欣花园店),鑫欣花园8号楼,"124.004927,47.339772",13763514027,黑龙江省,齐齐哈尔市,铁锋区,齐齐哈尔市
觉悟·精剪(南山鑫苑店),站前街道南山鑫苑67号楼10号,"123.976805,47.325635",18045299661,黑龙江省,齐齐哈尔市,铁锋区,齐齐哈尔市
鑫尚艺美发沙龙(和平家园店),和平家园南门东130米,"123.982087,47.331411",13836263677,黑龙江省,齐齐哈尔市,铁锋区,齐齐哈尔市
詹晨造型美发工作室,龙南小区5号一层04号,"123.970489,47.340447",[],黑龙江省,齐齐哈尔市,铁锋区,齐齐哈尔市
标新造型,建设大街与中东路交叉口南60米,"123.983075,47.341975",[],黑龙江省,齐齐哈尔市,铁锋区,齐齐哈尔市
阿强发型设计(光荣小区一区店),光荣一区北西大门旁,"124.028198,47.344328",13114523399,黑龙江省,齐齐哈尔市,铁锋区,齐齐哈尔市
名帝美业,光荣街道铁锋区警卫小区17号楼,"124.011934,47.340550",15164663267,黑龙江省,齐齐哈尔市,铁锋区,齐齐哈尔市
俏佳人发型设计(光荣小区一区店),光荣街道光荣1区122号楼一楼,"124.027282,47.344465",[],黑龙江省,齐齐哈尔市,铁锋区,齐齐哈尔市
短发玩家发型设计室,东都汇a03区25号楼3单元102室,"124.014688,47.335040",15146510321,黑龙江省,齐齐哈尔市,铁锋区,齐齐哈尔市
枫度造型,建设小区曙光13号楼04单元01层01号,"124.022473,47.338829",18686935565,黑龙江省,齐齐哈尔市,铁锋区,齐齐哈尔市
凯丽发屋(新民小区店),平安北街70号新民小区,"123.974321,47.343877",18745295211,黑龙江省,齐齐哈尔市,铁锋区,齐齐哈尔市
紫蝶发艺,新工地景秀小区16号楼,"123.970661,47.324001",15845204402,黑龙江省,齐齐哈尔市,铁锋区,齐齐哈尔市
比优特美发造型,北局宅路与自卫街交叉口东南60米,"123.993886,47.351384",[],黑龙江省,齐齐哈尔市,铁锋区,齐齐哈尔市
鑫磊发艺(繁荣小区店),先锋街繁荣小区30号楼三单元103室,"124.003050,47.342902",18103620018,黑龙江省,齐齐哈尔市,铁锋区,齐齐哈尔市
匠心造型(人民小区店),铁东大市场斜对面黎明街40号,"124.016475,47.342851",[],黑龙江省,齐齐哈尔市,铁锋区,齐齐哈尔市
小头发美发,大润发超市一层,"124.010675,47.339175",13199677747,黑龙江省,齐齐哈尔市,铁锋区,齐齐哈尔市
发舞台发型设计,铁峰区大岗子人民小区,"124.022008,47.340038",18246292225,黑龙江省,齐齐哈尔市,铁锋区,齐齐哈尔市
鑫天艺美发,黎明街45号,"124.013193,47.341061",0452-2537919;13836256002;15645222123,黑龙江省,齐齐哈尔市,铁锋区,齐齐哈尔市
诱惑力专业烫染(新民小区店),平安北街70号新民小区16号楼,"123.973981,47.343994",[],黑龙江省,齐齐哈尔市,铁锋区,齐齐哈尔市
小燕时尚美发,中华东路334号人民小区,"124.017069,47.339653",13766566740,黑龙江省,齐齐哈尔市,铁锋区,齐齐哈尔市
木北造型(南局宅三路店),南树园小区8号楼,"123.989633,47.338830",13766551958,黑龙江省,齐齐哈尔市,铁锋区,齐齐哈尔市
小刚美发(纺织小区店),北局宅纺织路5号楼1单元102室九佰街杂货铺旁,"123.995759,47.351358",13836263382,黑龙江省,齐齐哈尔市,铁锋区,齐齐哈尔市
鑫靓影美发(人民小区店),中华东路334号人民小区,"124.017609,47.340680",15145245855,黑龙江省,齐齐哈尔市,铁锋区,齐齐哈尔市
丝源造型,南浦路与曙光大街交叉口西280米,"124.012975,47.328125",[],黑龙江省,齐齐哈尔市,铁锋区,齐齐哈尔市
杰克发型,火车站南局宅一路南花园小区北门,"123.990406,47.334964",[],黑龙江省,齐齐哈尔市,铁锋区,齐齐哈尔市
好来登烫染,先锋街先锋小区14号楼3-楼门市,"124.003274,47.344714",[],黑龙江省,齐齐哈尔市,铁锋区,齐齐哈尔市
艾珊发艺(人民小区店),齐齐哈尔市人民小区16号楼,"124.017901,47.341241",[],黑龙江省,齐齐哈尔市,铁锋区,齐齐哈尔市
联美发廊,自卫街与北局宅路交叉口西南40米,"123.993870,47.353190",[],黑龙江省,齐齐哈尔市,铁锋区,齐齐哈尔市
靓典专业烫染(新民一路),新民小区东1门南170米,"123.977326,47.342884",[],黑龙江省,齐齐哈尔市,铁锋区,齐齐哈尔市
天天黎明发型设计,平阳三胡同与平安南街交叉口西20米,"123.972332,47.337749",[],黑龙江省,齐齐哈尔市,铁锋区,齐齐哈尔市
卓艺美发,景新小区东北门南160米,"123.981625,47.342875",[],黑龙江省,齐齐哈尔市,铁锋区,齐齐哈尔市
美丽徕发廊,东湖路与先锋街交叉口东180米,"124.001410,47.335969",[],黑龙江省,齐齐哈尔市,铁锋区,齐齐哈尔市
名齐美发(光荣二东区店),光荣小区215号楼,"124.029667,47.344430",[],黑龙江省,齐齐哈尔市,铁锋区,齐齐哈尔市
艾琳发型设计(人民小区店),人民小区15号楼下商服,"124.017725,47.340975",[],黑龙江省,齐齐哈尔市,铁锋区,齐齐哈尔市
超奇发廊(自卫小区店),巨龙综合市场东南门旁,"123.995643,47.353419",[],黑龙江省,齐齐哈尔市,铁锋区,齐齐哈尔市
小贺造型发廊,龙华街道龙华小区20号楼东侧,"123.975681,47.337478",[],黑龙江省,齐齐哈尔市,铁锋区,齐齐哈尔市
无限极美容美发,联通大道87号联通名苑,"124.036691,47.342370",[],黑龙江省,齐齐哈尔市,铁锋区,齐齐哈尔市
鑫眀明理发店,御联名苑26号楼1单101,"124.050535,47.347622",[],黑龙江省,齐齐哈尔市,铁锋区,齐齐哈尔市
非比寻常美容美发(人民小区店),通东街道人民小区2号楼对面,"124.017676,47.340832",[],黑龙江省,齐齐哈尔市,铁锋区,齐齐哈尔市
山歌美发,南山鑫苑12-1加油站对面,"123.981976,47.330902",19003629119,黑龙江省,齐齐哈尔市,铁锋区,齐齐哈尔市
金丝造型,通东街道繁荣小区36号楼,"124.004651,47.341295",[],黑龙江省,齐齐哈尔市,铁锋区,齐齐哈尔市
小坤美发,繁荣小区23号楼4单元103号,"124.005544,47.342670",[],黑龙江省,齐齐哈尔市,铁锋区,齐齐哈尔市
一剪名杨,光荣街道曙光大街361号曙光3号楼,"124.026551,47.348054",13846287638,黑龙江省,齐齐哈尔市,铁锋区,齐齐哈尔市
辉扬发型(光荣小区新三区店),光荣小区新三区东南门西60米,"124.029351,47.347224",[],黑龙江省,齐齐哈尔市,铁锋区,齐齐哈尔市
摩登发型室(西局宅小区店),太顺街西局宅小区4号,"123.992564,47.346749",[],黑龙江省,齐齐哈尔市,铁锋区,齐齐哈尔市
文化理发,铁路南局宅北和平1号A3单元,"123.989840,47.333893",[],黑龙江省,齐齐哈尔市,铁锋区,齐齐哈尔市
红红发艺(铁路小区店),铁路小区,"123.998343,47.352770",[],黑龙江省,齐齐哈尔市,铁锋区,齐齐哈尔市
大鹏专业烫染(新民小区店),新民小区16号楼,"123.974175,47.343891",[],黑龙江省,齐齐哈尔市,铁锋区,齐齐哈尔市
众鑫发艺(长安小区店),齐齐哈尔农场综合服务中心西侧70米,"124.138593,47.359319",[],黑龙江省,齐齐哈尔市,铁锋区,齐齐哈尔市
短发前线,黑龙江交通职业技术学院东南门东北460米,"123.991425,47.348275",[],黑龙江省,齐齐哈尔市,铁锋区,齐齐哈尔市
华龙美发(南和平店),南和平小区西北2门旁,"123.988411,47.332826",13846267821,黑龙江省,齐齐哈尔市,铁锋区,齐齐哈尔市
天恩发艺(曙光新城店),东湖街道曙光新城21号楼3单元,"124.019431,47.335901",13796331760,黑龙江省,齐齐哈尔市,铁锋区,齐齐哈尔市
0度造型(新工路店),站前街道新工路景新花园22号楼2单元102室,"123.974666,47.326102",18746839210,黑龙江省,齐齐哈尔市,铁锋区,齐齐哈尔市
俏丽发艺(光荣小区一区店),光荣小区123,"124.029525,47.344075",18945282586,黑龙江省,齐齐哈尔市,铁锋区,齐齐哈尔市
炫丽红美容美发(龙南小区客运楼店),龙南小区客运楼,"123.970290,47.338918",15946485624,黑龙江省,齐齐哈尔市,铁锋区,齐齐哈尔市
宏润美发店,鑫欣花园11号楼1层05室宏润美业,"124.005837,47.339691",13199693331,黑龙江省,齐齐哈尔市,铁锋区,齐齐哈尔市
宏莉来发艺,新光荣二区209号楼三门,"124.028169,47.347105",13251624263,黑龙江省,齐齐哈尔市,铁锋区,齐齐哈尔市
小武美发工作室,龙南街渤海湾正门东20米,"123.968711,47.336490",15946231980,黑龙江省,齐齐哈尔市,铁锋区,齐齐哈尔市
中意美发,车辆厂曙光九号楼东侧,"124.024755,47.343145",13763561933,黑龙江省,齐齐哈尔市,铁锋区,齐齐哈尔市
五贝子天然植物染发(中华东路店),中华东路44号桥洞子南侧,"124.002393,47.346175",15046202075,黑龙江省,齐齐哈尔市,铁锋区,齐齐哈尔市
木木造型,先锋街繁荣小区32号楼二单元101,"124.003017,47.342176",13351927202,黑龙江省,齐齐哈尔市,铁锋区,齐齐哈尔市
随缘剪吧(光荣小区二东区店),光荣二区226号楼(随缘剪吧),"124.029825,47.344325",13796333347,黑龙江省,齐齐哈尔市,铁锋区,齐齐哈尔市
三三美发造型,龙华小区和平幼儿园南门对面,"123.973609,47.337106",15245205561,黑龙江省,齐齐哈尔市,铁锋区,齐齐哈尔市
鼎典美业,黎明街人民小区,"124.012384,47.339748",[],黑龙江省,齐齐哈尔市,铁锋区,齐齐哈尔市
韩南城美发(郝小宝美业铁锋店),龙华路374号,"123.981790,47.340491",[],黑龙江省,齐齐哈尔市,铁锋区,齐齐哈尔市
多姿发艺,龙南小区9号楼,"123.970096,47.338253",[],黑龙江省,齐齐哈尔市,铁锋区,齐齐哈尔市
回头率姐弟时尚造型(东湖路店),东湖工业小区4号楼,"124.001929,47.335838",15344611069,黑龙江省,齐齐哈尔市,铁锋区,齐齐哈尔市
丽丽美发(景新小区店),景新小区14号楼14号,"123.980608,47.343785",13704612799,黑龙江省,齐齐哈尔市,铁锋区,齐齐哈尔市
尚鑫苑美发(南山鑫苑店),红星路以南大乘寺以北南山鑫苑36栋,"123.977709,47.328071",[],黑龙江省,齐齐哈尔市,铁锋区,齐齐哈尔市
银梦美发(铁路小区店),北居宅劳动路7号楼,"123.998615,47.353394",[],黑龙江省,齐齐哈尔市,铁锋区,齐齐哈尔市
特领造型,龙南小区8号楼南36号商服,"123.968171,47.338168",[],黑龙江省,齐齐哈尔市,铁锋区,齐齐哈尔市
微微美发(站前北大街店),劳动小区东南2门东南90米,"124.001295,47.353488",13704525756,黑龙江省,齐齐哈尔市,铁锋区,齐齐哈尔市
婷婷发室(劳动小区店),北居宅劳动小区18号楼,"123.999899,47.355988",[],黑龙江省,齐齐哈尔市,铁锋区,齐齐哈尔市
艺彩专业美发(馨卉小区店),中华东路51号馨卉小区3号楼,"124.004574,47.347147",[],黑龙江省,齐齐哈尔市,铁锋区,齐齐哈尔市
你型我秀,北局宅街道自卫社区东南侧100米,"123.996624,47.354803",[],黑龙江省,齐齐哈尔市,铁锋区,齐齐哈尔市
杨梅造型,工业小区2号楼,"124.001886,47.335847",[],黑龙江省,齐齐哈尔市,铁锋区,齐齐哈尔市
杰美发型设计,平安南街与龙平胡同交叉口东北60米,"123.972761,47.335364",[],黑龙江省,齐齐哈尔市,铁锋区,齐齐哈尔市
欣心艺剪,自卫街与北局宅路交叉口北60米,"123.993387,47.352330",[],黑龙江省,齐齐哈尔市,铁锋区,齐齐哈尔市
菲比专业美发,合作街与中华东路交叉口南120米,"124.007945,47.344063",[],黑龙江省,齐齐哈尔市,铁锋区,齐齐哈尔市
简约美发沙龙(平安南街店),平安南街与龙平胡同交叉口东20米,"123.972727,47.334773",[],黑龙江省,齐齐哈尔市,铁锋区,齐齐哈尔市
佑米造型(禧园小区店),禧园小区,"124.013312,47.327185",13384528063,黑龙江省,齐齐哈尔市,铁锋区,齐齐哈尔市
艾尚精湛发艺(馨卉小区店),中华东路51号馨卉小区,"124.004737,47.347399",[],黑龙江省,齐齐哈尔市,铁锋区,齐齐哈尔市
采熠美容美发屋(光荣小区一区店),光荣小区一区西北门旁,"124.027186,47.344668",[],黑龙江省,齐齐哈尔市,铁锋区,齐齐哈尔市
晓萍发廊,南浦街道南浦路铁峰政务服务中心道北,"124.011405,47.328042",15304527519,黑龙江省,齐齐哈尔市,铁锋区,齐齐哈尔市
发丝缘理发,远见路与曙光大街交叉口东南40米,"124.026454,47.347528",15945232455,黑龙江省,齐齐哈尔市,铁锋区,齐齐哈尔市
千丝美发,先锋街先锋小区六号楼1楼,"124.002837,47.343862",[],黑龙江省,齐齐哈尔市,铁锋区,齐齐哈尔市
东昵造型,站前街道南树园小区7号楼,"123.991230,47.338477",13104528744,黑龙江省,齐齐哈尔市,铁锋区,齐齐哈尔市
赢赢美发造型,警卫街警卫小区16号楼,"124.010461,47.343728",[],黑龙江省,齐齐哈尔市,铁锋区,齐齐哈尔市
阿伟造型(繁荣小区店),警卫街与红旗路交叉口西340米,"124.004250,47.341404",[],黑龙江省,齐齐哈尔市,铁锋区,齐齐哈尔市
引尚发廊(繁荣小区店),先锋街繁荣小区,"124.004290,47.341380",15946243010,黑龙江省,齐齐哈尔市,铁锋区,齐齐哈尔市
王首艺理发店,东太平小区东北门旁,"123.993082,47.343441",[],黑龙江省,齐齐哈尔市,铁锋区,齐齐哈尔市
铭剪发艺(建设小区店),曙光大街66号建设小区,"124.021598,47.337017",15145267118,黑龙江省,齐齐哈尔市,铁锋区,齐齐哈尔市
聚祺形象定制,红旗路35号,"124.010762,47.339833",17614522296,黑龙江省,齐齐哈尔市,铁锋区,齐齐哈尔市
美题造型工作室,红旗路4号,"124.010447,47.339910",18246290606,黑龙江省,齐齐哈尔市,铁锋区,齐齐哈尔市
简约美发,龙华小区16号楼门市,"123.974241,47.337985",[],黑龙江省,齐齐哈尔市,铁锋区,齐齐哈尔市
喜阳红美发店,运建园东北1门东北320米,"123.993593,47.356293",13704623737,黑龙江省,齐齐哈尔市,铁锋区,齐齐哈尔市
理享发艺,新民小区16号楼1-11门市,"123.973924,47.343830",18814669530,黑龙江省,齐齐哈尔市,铁锋区,齐齐哈尔市
佳艺美发纹绣,党群服务中心东北侧130米,"123.973893,47.337006",[],黑龙江省,齐齐哈尔市,铁锋区,齐齐哈尔市
文雅发廊(自卫小区店),自卫职工小区10号楼,"123.995159,47.352926",13514686020,黑龙江省,齐齐哈尔市,铁锋区,齐齐哈尔市
飞越美发(南山鑫苑店),南山鑫苑49号楼,"123.979717,47.327587",[],黑龙江省,齐齐哈尔市,铁锋区,齐齐哈尔市
丽君美发(南山鑫苑店),红星路以南大乘寺以北南山鑫苑,"123.977639,47.327642",[],黑龙江省,齐齐哈尔市,铁锋区,齐齐哈尔市
东方名剪(禧园小区店),禧园小区,"124.013725,47.327125",15164601090,黑龙江省,齐齐哈尔市,铁锋区,齐齐哈尔市
景风专业烫染工作室(龙南小区店),龙南小区,"123.969222,47.340033",[],黑龙江省,齐齐哈尔市,铁锋区,齐齐哈尔市
再回首美发(景新小区店),景新小区15,"123.980572,47.343330",13796863464,黑龙江省,齐齐哈尔市,铁锋区,齐齐哈尔市
艾美发艺,龙华小区22号楼3单元,"123.974422,47.336491",[],黑龙江省,齐齐哈尔市,铁锋区,齐齐哈尔市
元素造型,自卫街与北局宅路交叉口北180米,"123.994041,47.354898",[],黑龙江省,齐齐哈尔市,铁锋区,齐齐哈尔市
鑫艺美发(人民小区店),车辆厂人民小区11号楼,"124.016993,47.339516",15846287112,黑龙江省,齐齐哈尔市,铁锋区,齐齐哈尔市
迎宾美发(东湖南小区店),东湖街道东湖南小区10号楼,"124.003275,47.335125",[],黑龙江省,齐齐哈尔市,铁锋区,齐齐哈尔市
丝秀美发,齐铁地区南局宅新和平小区0008栋01单元01层01号,"123.986282,47.331556",[],黑龙江省,齐齐哈尔市,铁锋区,齐齐哈尔市
爱千丝专业美发(嘉自卫小区店),嘉自卫小区东门西南70米,"123.997584,47.356672",[],黑龙江省,齐齐哈尔市,铁锋区,齐齐哈尔市
郝小宝高端发型工作室(和平小区店),龙华路374号,"123.981876,47.340497",13069979899,黑龙江省,齐齐哈尔市,铁锋区,齐齐哈尔市
靓点造型,北局宅街道自卫社区西南侧90米,"123.994747,47.354902",15845665459,黑龙江省,齐齐哈尔市,铁锋区,齐齐哈尔市
新美美发,东太平小区东北门西100米,"123.992113,47.343585",[],黑龙江省,齐齐哈尔市,铁锋区,齐齐哈尔市
选择专业烫染,北居宅自卫路8号楼1单元101,"123.993705,47.352925",[],黑龙江省,齐齐哈尔市,铁锋区,齐齐哈尔市
金乌烫发(繁荣小区店),繁荣小区东北门西南160米,"124.007369,47.343935",13796869930,黑龙江省,齐齐哈尔市,铁锋区,齐齐哈尔市
晓风发型设计(繁荣小区店),繁荣小区36号楼一楼,"124.004387,47.341363",[],黑龙江省,齐齐哈尔市,铁锋区,齐齐哈尔市
丽萍美容美发(建设小区店),建设小区29号楼(誉鸣乡洗浴旁边),"124.024902,47.337575",[],黑龙江省,齐齐哈尔市,铁锋区,齐齐哈尔市
小华美发,东湖工业小区3号楼,"124.001177,47.336043",[],黑龙江省,齐齐哈尔市,铁锋区,齐齐哈尔市
芸芸发室,技校小区十一号楼一单元,"124.005324,47.348695",[],黑龙江省,齐齐哈尔市,铁锋区,齐齐哈尔市
萱萱发廊(人民小区店),中华东路334号人民小区,"124.017106,47.339736",[],黑龙江省,齐齐哈尔市,铁锋区,齐齐哈尔市
晶晶美发,繁荣小区内,"124.004371,47.344158",[],黑龙江省,齐齐哈尔市,铁锋区,齐齐哈尔市
铭宣美业(齐齐哈尔正源生活广场店),光荣路派出所对过,"124.026112,47.345982",[],黑龙江省,齐齐哈尔市,铁锋区,齐齐哈尔市
鑫形象美发,东湖路与先锋街交叉口东180米,"124.001332,47.336010",[],黑龙江省,齐齐哈尔市,铁锋区,齐齐哈尔市
纤纤美发设计室(新民小区店),平安北街70号新民小区,"123.973491,47.343299",15146685705,黑龙江省,齐齐哈尔市,铁锋区,齐齐哈尔市
伊娃美发,职工街1号,"123.996659,47.354754",[],黑龙江省,齐齐哈尔市,铁锋区,齐齐哈尔市
鑫雨发艺(光荣小区一区店),保卫路与铁工街交叉口东南200米,"124.030940,47.342912",[],黑龙江省,齐齐哈尔市,铁锋区,齐齐哈尔市
艺剪钟情发艺(铁路小区店),铁路小区3号楼,"123.998342,47.352789",[],黑龙江省,齐齐哈尔市,铁锋区,齐齐哈尔市
丽杰美发(职工街店),职工街60号,"123.998345,47.357156",[],黑龙江省,齐齐哈尔市,铁锋区,齐齐哈尔市
美焱美发,纺化路与铁南站东街交叉口东340米,"123.992425,47.322725",[],黑龙江省,齐齐哈尔市,铁锋区,齐齐哈尔市
丝恩造型设计,新浦家园,"123.989025,47.324025",[],黑龙江省,齐齐哈尔市,铁锋区,齐齐哈尔市
淼剪造型,新浦家园东南侧230米,"123.993225,47.322625",[],黑龙江省,齐齐哈尔市,铁锋区,齐齐哈尔市
欣欣烫染造型,锋尚人家,"124.005396,47.359798",[],黑龙江省,齐齐哈尔市,铁锋区,齐齐哈尔市
丝艺专业美发沙龙(鑫欣花园店),鑫欣花园,"124.005949,47.341001",[],黑龙江省,齐齐哈尔市,铁锋区,齐齐哈尔市
丝缘美发工作室,红旗路与黎明街交叉口西北120米,"124.010380,47.339967",[],黑龙江省,齐齐哈尔市,铁锋区,齐齐哈尔市
美多美发(人民小区店),人民小区15号楼下,"124.017706,47.340982",[],黑龙江省,齐齐哈尔市,铁锋区,齐齐哈尔市
千艺美发(禧园小区店),南浦路与南化大街交叉口西380米,"124.011609,47.326417",[],黑龙江省,齐齐哈尔市,铁锋区,齐齐哈尔市
小美发艺(人民小区店),人民小区8号楼对面,"124.017105,47.339714",[],黑龙江省,齐齐哈尔市,铁锋区,齐齐哈尔市
晓凤理发(景秀花园店),新工路198号景秀花园,"123.971895,47.324003",[],黑龙江省,齐齐哈尔市,铁锋区,齐齐哈尔市
小斌发艺(南虹小区北区店),红星路南虹小区8号楼4单元102,"123.986447,47.329771",[],黑龙江省,齐齐哈尔市,铁锋区,齐齐哈尔市
源与众不同发艺店,保卫路与铁工街交叉口东100米,"124.030478,47.343857",[],黑龙江省,齐齐哈尔市,铁锋区,齐齐哈尔市
纯剪造型(新民小区店),龙华街道新民小区17号楼,"123.974014,47.343890",[],黑龙江省,齐齐哈尔市,铁锋区,齐齐哈尔市
剪艺人生,红星路以南大乘寺以北南山鑫苑,"123.980861,47.328786",[],黑龙江省,齐齐哈尔市,铁锋区,齐齐哈尔市
金鑫美发店,东湖南小区十栋东数二门一楼,"124.003460,47.335167",[],黑龙江省,齐齐哈尔市,铁锋区,齐齐哈尔市
鑫起点美甲美睫工作室(新民小区店),同乐胡同新民小区18号楼三单元101,"123.976105,47.343736",15636285221,黑龙江省,齐齐哈尔市,铁锋区,齐齐哈尔市
木兮美甲美睫工作室,军校街3号,"123.969185,47.341793",15636004208,黑龙江省,齐齐哈尔市,铁锋区,齐齐哈尔市
天鹰理容工作室,人民小区50号楼商服8号,"124.012449,47.339450",[],黑龙江省,齐齐哈尔市,铁锋区,齐齐哈尔市
沐颜美业工作室(繁荣小区店),中华东路繁荣小区3号楼1层3号,"124.005751,47.345349",15164678198,黑龙江省,齐齐哈尔市,铁锋区,齐齐哈尔市
美匠纹绣美甲美睫工作室(禧园小区店),禧园小区门口里30号楼一单元门市,"124.013296,47.326983",18746861948,黑龙江省,齐齐哈尔市,铁锋区,齐齐哈尔市
醒颜美甲工作室,中华东路东苑小区解放5号楼一单元1-1,"124.006358,47.345884",15645260009,黑龙江省,齐齐哈尔市,铁锋区,齐齐哈尔市
朵丽施科技护肤工作室,平安北街70号新民小区,"123.976643,47.342906",[],黑龙江省,齐齐哈尔市,铁锋区,齐齐哈尔市
攸洋美甲美睫工作室(鹤乡茗苑店),鹤乡茗苑12号楼00单元01层06号,"124.025637,47.342866",15845216501;15846275822,黑龙江省,齐齐哈尔市,铁锋区,齐齐哈尔市
朵微美甲工作室(南山鑫苑店),南山鑫苑39号楼3单元202室,"123.978093,47.327705",18845219960,黑龙江省,齐齐哈尔市,铁锋区,齐齐哈尔市
小白工作室(鹤城馨苑店),先锋街53号鹤城馨苑,"124.001349,47.342747",15164680051,黑龙江省,齐齐哈尔市,铁锋区,齐齐哈尔市
北环美发淋浴,讷河市实验小学后身胡同内,"124.884623,48.488279",[],黑龙江省,齐齐哈尔市,讷河市,齐齐哈尔市
国民姐姐美发店,兴业路91号,"124.884563,48.479868",13624523210,黑龙江省,齐齐哈尔市,讷河市,齐齐哈尔市
张杰美发私人形象定制,西北街康安小区8号楼00单元01层05号商服,"124.876108,48.483701",13614613323,黑龙江省,齐齐哈尔市,讷河市,齐齐哈尔市
一剪钟情美发沙龙,通江社区015酱菜厂综合楼,"124.873164,48.482838",15545651370;18845655107,黑龙江省,齐齐哈尔市,讷河市,齐齐哈尔市
木兰街潮流剪烫染,拉哈镇永新路房产3号楼,"124.612086,48.204972",15845713322,黑龙江省,齐齐哈尔市,讷河市,齐齐哈尔市
经典美发(齐齐哈尔讷河市),168乡道与164乡道交叉口南200米,"124.698850,48.347752",[],黑龙江省,齐齐哈尔市,讷河市,齐齐哈尔市
三毛美发(光明小区店),东南街光明小区3号商住楼00单元01层02号,"124.885047,48.480680",[],黑龙江省,齐齐哈尔市,讷河市,齐齐哈尔市
晓影染烫,雨亭街道西桥西新浪家园斜对过,"124.870096,48.480672",[],黑龙江省,齐齐哈尔市,讷河市,齐齐哈尔市
大·韩形象设计,中心大街343-351号附近,"124.886296,48.482711",14798073333,黑龙江省,齐齐哈尔市,讷河市,齐齐哈尔市
伊然美发(育才家园店),育才街路东育才小区6号楼,"124.878484,48.475836",[],黑龙江省,齐齐哈尔市,讷河市,齐齐哈尔市
田小美发,雨亭街道人民医院家属楼,"124.886123,48.483617",15084567319,黑龙江省,齐齐哈尔市,讷河市,齐齐哈尔市
芭莎轻奢微潮烫染美发店,东北街六建一号楼一层115号商服,"124.892119,48.482963",18845201208,黑龙江省,齐齐哈尔市,讷河市,齐齐哈尔市
品尚造型(农乐街店),通江路,"124.888834,48.482275",13251629099,黑龙江省,齐齐哈尔市,讷河市,齐齐哈尔市
髮逸轩烫染接发私人定制,正阳街32号,"124.608771,48.202661",13846517992;15845675910,黑龙江省,齐齐哈尔市,讷河市,齐齐哈尔市
雅轩发型工作室(兴业家园店),兴业家园,"124.892717,48.480765",18031416068,黑龙江省,齐齐哈尔市,讷河市,齐齐哈尔市
上禾美发工作室,育才街288号,"124.877767,48.477048",15601846878,黑龙江省,齐齐哈尔市,讷河市,齐齐哈尔市
源艺烫染工作室,西南街电影公司楼,"124.877271,48.480843",15663111668,黑龙江省,齐齐哈尔市,讷河市,齐齐哈尔市
米兰造型,兴业路与光明巷交叉口东80米,"124.884934,48.479958",13766523265,黑龙江省,齐齐哈尔市,讷河市,齐齐哈尔市
头发乱了染烫设计室(通江路店),11号楼三门,"124.890457,48.480841",15845777797,黑龙江省,齐齐哈尔市,讷河市,齐齐哈尔市
标榜染烫,通江路与环城东大街交叉口东北40米,"124.891740,48.482926",18246212131,黑龙江省,齐齐哈尔市,讷河市,齐齐哈尔市
唯野造型,西南街三号万米楼南数第八家,"124.877809,48.478186",15164663321,黑龙江省,齐齐哈尔市,讷河市,齐齐哈尔市
大飞造型(通江路店),通江路191号,"124.888364,48.482186",15174504667,黑龙江省,齐齐哈尔市,讷河市,齐齐哈尔市
天姿造型(通江路店),北极星洗浴西20米通江街169号,"124.888775,48.482230",13199648999,黑龙江省,齐齐哈尔市,讷河市,齐齐哈尔市
0度造型(通江路店),东坪小区东南门东160米,"124.890831,48.482537",18904526843,黑龙江省,齐齐哈尔市,讷河市,齐齐哈尔市
梦阳烫染沙龙(盛世嘉园店),盛世嘉园25号楼,"124.891749,48.476726",15046235577,黑龙江省,齐齐哈尔市,讷河市,齐齐哈尔市
卡尔造型(中心大街店),建安小区西门旁,"124.883058,48.477060",13796323131,黑龙江省,齐齐哈尔市,讷河市,齐齐哈尔市
金美造型(昌盛小区店),昌盛小区南门旁,"124.888851,48.478698",18245222402,黑龙江省,齐齐哈尔市,讷河市,齐齐哈尔市
朋客造型(盛世嘉园店),太阳城10号楼朋客造型,"124.889998,48.477720",15911104707,黑龙江省,齐齐哈尔市,讷河市,齐齐哈尔市
红武染烫店,西南街老一百楼00单元01层东数第一个门市,"124.881572,48.479733",13766525998,黑龙江省,齐齐哈尔市,讷河市,齐齐哈尔市
指尖发型设计,中心街北极星西50米边道南,"124.888690,48.482250",15699625776,黑龙江省,齐齐哈尔市,讷河市,齐齐哈尔市
小丽美发(昌盛小区店),东南街昌盛小区3号综合楼00单元01层24号,"124.888275,48.479475",[],黑龙江省,齐齐哈尔市,讷河市,齐齐哈尔市
动感造型(通江路店),通江街道北极星西侧,"124.888219,48.482145",[],黑龙江省,齐齐哈尔市,讷河市,齐齐哈尔市
明月发艺,通江路147号北极星西侧,"124.889276,48.482271",[],黑龙江省,齐齐哈尔市,讷河市,齐齐哈尔市
美述发型工作室,康安路百旺家园1号楼10号,"124.872543,48.482566",15663525565,黑龙江省,齐齐哈尔市,讷河市,齐齐哈尔市
红叶美发沙龙(馨苑家园店),馨苑小区六号楼,"124.887092,48.485967",[],黑龙江省,齐齐哈尔市,讷河市,齐齐哈尔市
君子男士理发馆,东南街太阳城5号楼31号门市,"124.887531,48.477813",18204521679,黑龙江省,齐齐哈尔市,讷河市,齐齐哈尔市
蜜·「麦阿蜜」烫染形象设计店,农乐街与通江路交叉口东北20米,"124.886375,48.482425",13069999404,黑龙江省,齐齐哈尔市,讷河市,齐齐哈尔市
理想染烫纹绣(3号万米楼店),育才街259号,"124.877856,48.478521",13946259660,黑龙江省,齐齐哈尔市,讷河市,齐齐哈尔市
尼西染烫,育才街电影公司综合楼1楼107门市,"124.877312,48.480633",13796899692,黑龙江省,齐齐哈尔市,讷河市,齐齐哈尔市
慕名造型,嘉禾花园南1门西110米,"124.878407,48.483393",18946242503,黑龙江省,齐齐哈尔市,讷河市,齐齐哈尔市
美茂造型,永顺小区1号车库,"124.885946,48.479156",15214444038,黑龙江省,齐齐哈尔市,讷河市,齐齐哈尔市
小玲美发,农乐街与康安路交叉口东南80米,"124.886175,48.483424",19589689777,黑龙江省,齐齐哈尔市,讷河市,齐齐哈尔市
小宇造型,老政府人民广场对面,"124.884524,48.483767",[],黑龙江省,齐齐哈尔市,讷河市,齐齐哈尔市
c位造型,中心大街南段c位造型,"124.883070,48.474564",13514672688,黑龙江省,齐齐哈尔市,讷河市,齐齐哈尔市
红人馆美发(中心大街店),鑫海商厦对面胡同,"124.882655,48.480303",13199667532,黑龙江省,齐齐哈尔市,讷河市,齐齐哈尔市
沙宣轻奢烫染沙龙,嘉禾花园南1门旁,"124.879762,48.483471",15754527815,黑龙江省,齐齐哈尔市,讷河市,齐齐哈尔市
名剪美发(锦祥三期店),锦祥三期西门3号楼111号门市,"124.879729,48.463954",15046278378,黑龙江省,齐齐哈尔市,讷河市,齐齐哈尔市
小刘美发,通江路165号,"124.889158,48.482271",15145235966,黑龙江省,齐齐哈尔市,讷河市,齐齐哈尔市
糖果造型(育才街店),育才街与建设路交叉口南60米,"124.877819,48.476858",[],黑龙江省,齐齐哈尔市,讷河市,齐齐哈尔市
美丝造型(通江路店),通江路西桥西20米路北美丝造型,"124.870115,48.480730",15045213255,黑龙江省,齐齐哈尔市,讷河市,齐齐哈尔市
日尚造型,馨浪家园对面,"124.870560,48.480717",15845717488,黑龙江省,齐齐哈尔市,讷河市,齐齐哈尔市
望角造型(兴旺御园店),贵银名苑西门南80米,"124.892105,48.481168",13895972981;15845749780,黑龙江省,齐齐哈尔市,讷河市,齐齐哈尔市
双双美发化妆品,通江街道运管楼楼下,"124.865051,48.479998",[],黑龙江省,齐齐哈尔市,讷河市,齐齐哈尔市
梦朗造型,中心大街与环城南路交叉口西北80米,"124.882561,48.476249",[],黑龙江省,齐齐哈尔市,讷河市,齐齐哈尔市
黑朗理容,环城北路与农乐街交叉口东160米,"124.886836,48.487962",18246200655,黑龙江省,齐齐哈尔市,讷河市,齐齐哈尔市
东田造型(通江路店),老二所喜乐水饺对面东田造型,"124.887176,48.482435",15945212567,黑龙江省,齐齐哈尔市,讷河市,齐齐哈尔市
名尚美发造型会馆,北二道街全友家居对面,"124.880710,48.483422",15214434765,黑龙江省,齐齐哈尔市,讷河市,齐齐哈尔市
讷河市金鑫染发形象店,东南街亚奥棕合楼00单元01层25号门市,"124.886475,48.480675",15946272373,黑龙江省,齐齐哈尔市,讷河市,齐齐哈尔市
旺仔新派烫染,南京街与永新路交叉口南150米,"124.610071,48.203803",[],黑龙江省,齐齐哈尔市,讷河市,齐齐哈尔市
讷河市大勇美发店(书香花园店),五一区书香花园二期3号楼00单元01层08号,"124.895809,48.481110",13945275609,黑龙江省,齐齐哈尔市,讷河市,齐齐哈尔市
讷河市阿宇造型工作室(书香花园店),文化节书香花园小区3号楼00单元01层09号,"124.895792,48.481108",15900275711,黑龙江省,齐齐哈尔市,讷河市,齐齐哈尔市
天天理发店,拉哈镇文昌社区,"124.613164,48.207602",13163405055,黑龙江省,齐齐哈尔市,讷河市,齐齐哈尔市
学苑小区北门轩艺造型,通江路61号,"124.895532,48.482962",13704627294,黑龙江省,齐齐哈尔市,讷河市,齐齐哈尔市
野狼美发(育才家园店),育才街育才小区,"124.878432,48.476172",[],黑龙江省,齐齐哈尔市,讷河市,齐齐哈尔市
阿栋造型(学苑小区店),通江街道通江路东门外燃料楼,"124.894597,48.483225",[],黑龙江省,齐齐哈尔市,讷河市,齐齐哈尔市
遇剪造型,昌胜北门东100米,"124.894145,48.476163",15845777127,黑龙江省,齐齐哈尔市,讷河市,齐齐哈尔市
LT造型设计,团结嘉禾杨光小区正门北边第二个屋LT造型设计,"124.608347,48.107461",15545635513,黑龙江省,齐齐哈尔市,讷河市,齐齐哈尔市
靓丽坊美发工作室,中心大街30号,"124.882508,48.473334",[],黑龙江省,齐齐哈尔市,讷河市,齐齐哈尔市
金手指发艺(盛世嘉园店),太阳城2号楼,"124.888925,48.478375",13634629190,黑龙江省,齐齐哈尔市,讷河市,齐齐哈尔市
欧美美容美发会馆,二克浅中心小学东南侧220米,"124.587523,48.480940",[],黑龙江省,齐齐哈尔市,讷河市,齐齐哈尔市
首艺造型,东南街防疫站综合楼00单元01层13号门市,"124.889006,48.482261",[],黑龙江省,齐齐哈尔市,讷河市,齐齐哈尔市
秀丝坊造型(公园畔店),公园畔小区8号楼北商服03号门市,"124.886628,48.474688",15845712220,黑龙江省,齐齐哈尔市,讷河市,齐齐哈尔市
小野时尚烫染(育才街店),育才街虹池洗浴斜对面,"124.877319,48.480770",18846351345,黑龙江省,齐齐哈尔市,讷河市,齐齐哈尔市
欣艺美发,雨亭社区016街坊兴旺御园二期11号楼00单元01层04号欣艺美发,"124.890564,48.480746",13624522232,黑龙江省,齐齐哈尔市,讷河市,齐齐哈尔市
脱壳造型,新祥街与文兴路交叉口北140米,"124.879514,48.464403",[],黑龙江省,齐齐哈尔市,讷河市,齐齐哈尔市
杨先生美发工作室,南二道街亚奥综合楼,"124.886036,48.480335",13704625452,黑龙江省,齐齐哈尔市,讷河市,齐齐哈尔市
醒慕造型(盛世嘉园店),农乐街盛世嘉园,"124.887847,48.476941",[],黑龙江省,齐齐哈尔市,讷河市,齐齐哈尔市
钰见烫染造型,西南街水泥厂家属楼00单元01层13号门市,"124.866099,48.480149",17610706153,黑龙江省,齐齐哈尔市,讷河市,齐齐哈尔市
星雨美发(馨苑家园店),通江路561号馨苑家园,"124.886658,48.485107",[],黑龙江省,齐齐哈尔市,讷河市,齐齐哈尔市
丝曼美发(时代家园店),通江街道时代家园7号楼,"124.882339,48.486569",[],黑龙江省,齐齐哈尔市,讷河市,齐齐哈尔市
AN美发工作室,兴业路光明小区3号楼,"124.885132,48.481130",17600601519,黑龙江省,齐齐哈尔市,讷河市,齐齐哈尔市
匠心烫染工作室(建安小区店),中心大街与环城南路交叉口北80米,"124.883249,48.476306",18646649875,黑龙江省,齐齐哈尔市,讷河市,齐齐哈尔市
梦妮美发,[],"124.887772,48.486248",18004520234,黑龙江省,齐齐哈尔市,讷河市,齐齐哈尔市
韩涵专业烫染设计,一条街携手传媒旁,"124.859210,48.476030",18945211241,黑龙江省,齐齐哈尔市,讷河市,齐齐哈尔市
非凡造型(建设路店),昌盛小区,"124.887578,48.478561",13234609993,黑龙江省,齐齐哈尔市,讷河市,齐齐哈尔市
阿坤发艺(幸福小区店),幸福小区,"124.894409,48.476335",15206368736,黑龙江省,齐齐哈尔市,讷河市,齐齐哈尔市
紫荆花发艺,康安路与育才街交叉口东60米,"124.877380,48.483268",[],黑龙江省,齐齐哈尔市,讷河市,齐齐哈尔市
王子形象设计(贵银名苑店),兴业路与环城东大街交叉口东220米,"124.894629,48.481281",13251526575,黑龙江省,齐齐哈尔市,讷河市,齐齐哈尔市
阿涛美发工作室,老房产局东侧,"124.885081,48.479953",18246211432,黑龙江省,齐齐哈尔市,讷河市,齐齐哈尔市
丹丹美业,南京街122号,"124.611484,48.202223",13624520809,黑龙江省,齐齐哈尔市,讷河市,齐齐哈尔市
秀芳美容美发,东南街昌盛小区11号楼,"124.889672,48.477881",13664626787,黑龙江省,齐齐哈尔市,讷河市,齐齐哈尔市
讷河齐剪(锦祥三期店),城南新区锦祥三期23号楼00单元01层2号门市,"124.881824,48.466010",0452-3770000,黑龙江省,齐齐哈尔市,讷河市,齐齐哈尔市
发韩轩专业美发纹绣美甲美睫(翠湖名苑店),雨亭街道翠湖名苑8号楼1层19号,"124.879793,48.470091",15663227058,黑龙江省,齐齐哈尔市,讷河市,齐齐哈尔市
叶子美发专业烫染,民安路与农乐街交叉口西160米,"124.883175,48.485541",[],黑龙江省,齐齐哈尔市,讷河市,齐齐哈尔市
起点美容美发美甲(贵银名苑店),永新巷与通江路交叉口南100米,"124.894515,48.482081",[],黑龙江省,齐齐哈尔市,讷河市,齐齐哈尔市
娇美美容美发,中心大街与民安路交叉口西北80米,"124.880265,48.486113",[],黑龙江省,齐齐哈尔市,讷河市,齐齐哈尔市
银·座,建设路昌盛南门西50米,"124.888512,48.478546",[],黑龙江省,齐齐哈尔市,讷河市,齐齐哈尔市
理享造型,民安路54号,"124.884355,48.485960",15245739364,黑龙江省,齐齐哈尔市,讷河市,齐齐哈尔市
发小型故事,农乐街与通江路交叉口北40米,"124.886343,48.482535",[],黑龙江省,齐齐哈尔市,讷河市,齐齐哈尔市
小强美发,蔬菜综合楼101号门市,"124.868089,48.480487",15146660741,黑龙江省,齐齐哈尔市,讷河市,齐齐哈尔市
美玲美容美发,老莱镇中心街南,"125.008792,48.653742",[],黑龙江省,齐齐哈尔市,讷河市,齐齐哈尔市
金利发廊,育才街与民安路交叉口东南60米,"124.876417,48.484502",18714334345,黑龙江省,齐齐哈尔市,讷河市,齐齐哈尔市
先生你好男士理发,北极星西侧先生你好男士理发,"124.889202,48.482275",[],黑龙江省,齐齐哈尔市,讷河市,齐齐哈尔市
经典发艺(拉哈铁路综合楼店),黑龙江齐齐哈尔龙开加油站西侧80米,"124.626526,48.205414",[],黑龙江省,齐齐哈尔市,讷河市,齐齐哈尔市
隆隆发艺(锦程学苑店),锦程学苑东北门旁,"124.604775,48.197794",13624525666,黑龙江省,齐齐哈尔市,讷河市,齐齐哈尔市
顶尖造型(锦程学苑店),锦程学苑东北1门旁,"124.604062,48.198763",[],黑龙江省,齐齐哈尔市,讷河市,齐齐哈尔市
隆隆发廊,康安小区,"124.876109,48.483760",[],黑龙江省,齐齐哈尔市,讷河市,齐齐哈尔市
悦靓时尚染烫,学府名宛1号楼,"124.886915,48.486164",[],黑龙江省,齐齐哈尔市,讷河市,齐齐哈尔市
东方靓点剪染烫,国家税务总局讷河市税务局拉哈税务分局东侧130米,"124.611094,48.203966",[],黑龙江省,齐齐哈尔市,讷河市,齐齐哈尔市
小伟理发店,幸福小区,"124.894519,48.476342",[],黑龙江省,齐齐哈尔市,讷河市,齐齐哈尔市
如意美发美甲造型设计室(兴业路店),兴业路与光明巷交叉口东100米,"124.885157,48.479963",[],黑龙江省,齐齐哈尔市,讷河市,齐齐哈尔市
角色造型(幸福小区店),幸福小区,"124.893802,48.476295",[],黑龙江省,齐齐哈尔市,讷河市,齐齐哈尔市
剪爱美发,056乡道与诚信街交叉口南80米,"124.799331,48.186239",[],黑龙江省,齐齐哈尔市,讷河市,齐齐哈尔市
王里发烫染工作室,东南街楼老卫校综合楼00单元01层北数第三门市,"124.886834,48.479489",15663145068,黑龙江省,齐齐哈尔市,讷河市,齐齐哈尔市
你型我塑,康安路与育才街交叉口东40米,"124.877078,48.483247",13009734576,黑龙江省,齐齐哈尔市,讷河市,齐齐哈尔市
嘟嘟造型,东南街太阳城23号楼00单元01层03号商服,"124.891079,48.476594",13351321506,黑龙江省,齐齐哈尔市,讷河市,齐齐哈尔市
欧卡(育才街店),育才街323号,"124.877815,48.476872",[],黑龙江省,齐齐哈尔市,讷河市,齐齐哈尔市
欣欣美发(欣欣店),二道街北方市场综合楼楼下底楼,"124.861464,48.481949",[],黑龙江省,齐齐哈尔市,讷河市,齐齐哈尔市
榜样形象专业精剪烫染,拉哈镇老二百西,"124.605721,48.201240",[],黑龙江省,齐齐哈尔市,讷河市,齐齐哈尔市
审美造型(育才街店),育才街与通江路交叉口东南80米,"124.877343,48.480508",[],黑龙江省,齐齐哈尔市,讷河市,齐齐哈尔市
美之源时尚烫染(湖畔家园店),湖畔家园北门东50米,"124.883541,48.469390",18724327789,黑龙江省,齐齐哈尔市,讷河市,齐齐哈尔市
氧发堂天然植物染发(盛世嘉园店),昌盛小区南门东120米,"124.890375,48.478825",[],黑龙江省,齐齐哈尔市,讷河市,齐齐哈尔市
格瑞染烫会所,农乐街与通江路交叉口西北40米,"124.885979,48.482498",[],黑龙江省,齐齐哈尔市,讷河市,齐齐哈尔市
金剪子剪烫染,锦程学苑东北门北80米,"124.604907,48.198207",[],黑龙江省,齐齐哈尔市,讷河市,齐齐哈尔市
番禧造型,锦祥三期1号楼00单元01层16号,"124.879768,48.463664",15945212041,黑龙江省,齐齐哈尔市,讷河市,齐齐哈尔市
讷河市方圆百理发艺店,兴旺乡乡直农资市场综合楼一期4号楼00单元01层17号,"124.607611,48.107223",13836237517,黑龙江省,齐齐哈尔市,讷河市,齐齐哈尔市
大海理发,永新路与兴隆街交叉口东380米,"124.606589,48.201309",[],黑龙江省,齐齐哈尔市,讷河市,齐齐哈尔市
剪爱发艺(通江路店),通江路老客运站对面,"124.874302,48.480684",[],黑龙江省,齐齐哈尔市,讷河市,齐齐哈尔市
素颜美发(日新综合楼店),中心大街时代家园西北侧约70米,"124.880256,48.488211",[],黑龙江省,齐齐哈尔市,讷河市,齐齐哈尔市
峰尚染烫,通江路561号馨苑家园,"124.887125,48.486084",[],黑龙江省,齐齐哈尔市,讷河市,齐齐哈尔市
3M造型,农乐街与康安路交叉口西南20米,"124.885588,48.483934",[],黑龙江省,齐齐哈尔市,讷河市,齐齐哈尔市
乐萱染烫(昌盛小区店),昌盛小区2号楼,"124.887679,48.479661",13514676978,黑龙江省,齐齐哈尔市,讷河市,齐齐哈尔市
凯凯美发摄影,长发镇中心街,"124.946289,48.337155",13212820168,黑龙江省,齐齐哈尔市,讷河市,齐齐哈尔市
大军美发(盛世嘉园店),盛世嘉园25号楼,"124.891944,48.476755",18246212828,黑龙江省,齐齐哈尔市,讷河市,齐齐哈尔市
丽妍精湛发艺,通府巷与康安路交叉口南60米,"124.882829,48.483275",[],黑龙江省,齐齐哈尔市,讷河市,齐齐哈尔市
瞧我造型(爱民巷店),同安医院艺术团楼下,"124.880280,48.480775",13634621626,黑龙江省,齐齐哈尔市,讷河市,齐齐哈尔市
思卓理发,圣麟嘉园东1门南150米,"124.878602,48.472777",17713328225,黑龙江省,齐齐哈尔市,讷河市,齐齐哈尔市
独领发型工作室(碧水林园店),雨亭街道碧水林园2号楼门市,"124.883659,48.471531",[],黑龙江省,齐齐哈尔市,讷河市,齐齐哈尔市
爱尚美发,讷克公路北30米,"124.921561,48.404226",[],黑龙江省,齐齐哈尔市,讷河市,齐齐哈尔市
流星雨美发圣源理疗(贵银名苑店),贵银名苑东北门旁,"124.894575,48.481855",[],黑龙江省,齐齐哈尔市,讷河市,齐齐哈尔市
芊芊丝语造型设计(3号万米楼店),育才街243号3号万米楼,"124.877763,48.478877",[],黑龙江省,齐齐哈尔市,讷河市,齐齐哈尔市
晓华美发,一条街与兴民巷交叉口东140米,"124.861975,48.474675",[],黑龙江省,齐齐哈尔市,讷河市,齐齐哈尔市
华姿美发,通江街道建华村村民委员会西南侧50米,"124.861836,48.474787",[],黑龙江省,齐齐哈尔市,讷河市,齐齐哈尔市
剪约造型(正阳街店),正阳街中国工商银行永新路支行西南侧约150米,"124.608498,48.204169",[],黑龙江省,齐齐哈尔市,讷河市,齐齐哈尔市
凤红美发,孔国乡,"125.186165,48.526137",13234639099,黑龙江省,齐齐哈尔市,讷河市,齐齐哈尔市
剪艺人生,057乡道南70米,"124.607274,48.109583",13199648258,黑龙江省,齐齐哈尔市,讷河市,齐齐哈尔市
尊容剪染烫,中心大街与民安路交叉口东南40米,"124.881057,48.485115",15045213535,黑龙江省,齐齐哈尔市,讷河市,齐齐哈尔市
妆妍造型(兴旺御园店),兴业路24号兴旺御园,"124.891285,48.481733",13204520876,黑龙江省,齐齐哈尔市,讷河市,齐齐哈尔市
红武烫染工作室,中心大街与建设路交叉口东南20米,"124.882826,48.477684",[],黑龙江省,齐齐哈尔市,讷河市,齐齐哈尔市
魔剪发艺,育才街与建设路交叉口东南100米,"124.878325,48.476625",[],黑龙江省,齐齐哈尔市,讷河市,齐齐哈尔市
托尼的福,贵发综合楼336号,"124.877981,48.476154",15201429654,黑龙江省,齐齐哈尔市,讷河市,齐齐哈尔市
芝华本草植物染发养发头疗,通江路与二轻巷交叉口西北40米,"124.870575,48.480775",[],黑龙江省,齐齐哈尔市,讷河市,齐齐哈尔市
蒂凡尼烫染工作室,国家税务总局讷河市税务局拉哈税务分局东南侧60米,"124.609925,48.204075",[],黑龙江省,齐齐哈尔市,讷河市,齐齐哈尔市
剪约美发,贵银名苑东南门东70米,"124.894075,48.481225",[],黑龙江省,齐齐哈尔市,讷河市,齐齐哈尔市
格林造型,民安路与民乐巷交叉口东340米,"124.898988,48.486183",[],黑龙江省,齐齐哈尔市,讷河市,齐齐哈尔市
主流美发纹绣达人殿,时代家园售楼中心对面大兴安岭楼下,"124.880169,48.486363",[],黑龙江省,齐齐哈尔市,讷河市,齐齐哈尔市
艾美造型(昌盛小区店),兴业路与农乐街交叉口东140米,"124.888728,48.480285",15845711231,黑龙江省,齐齐哈尔市,讷河市,齐齐哈尔市
名将造型,育才街建设路,"124.877130,48.477747",13069730404,黑龙江省,齐齐哈尔市,讷河市,齐齐哈尔市
丽都专业美发(学苑小区店),文化街学苑小区三号楼楼1层,"124.896750,48.481529",[],黑龙江省,齐齐哈尔市,讷河市,齐齐哈尔市
一片天染烫造型(碧水林园店),雨亭街道碧水林园6号楼门市,"124.883594,48.469845",[],黑龙江省,齐齐哈尔市,讷河市,齐齐哈尔市
精剪染烫会馆(中心大街店),那家火锅北侧,"124.881428,48.483790",[],黑龙江省,齐齐哈尔市,讷河市,齐齐哈尔市
阿峰造型,惠中综合楼108号门市,"124.877862,48.476682",13101625556,黑龙江省,齐齐哈尔市,讷河市,齐齐哈尔市
韩嘉子造型(锦祥馨苑2期店),锦祥2期东门旁,"124.878961,48.464429",[],黑龙江省,齐齐哈尔市,讷河市,齐齐哈尔市
欧雅烫染造型(时代家园店),建设路49号时代家园,"124.879940,48.487435",[],黑龙江省,齐齐哈尔市,讷河市,齐齐哈尔市
沙宣造型,国家税务总局讷河市税务局拉哈税务分局东侧150米,"124.611359,48.203953",[],黑龙江省,齐齐哈尔市,讷河市,齐齐哈尔市
伊甸园美发厅,民安路117号,"124.880035,48.485541",15174642946,黑龙江省,齐齐哈尔市,讷河市,齐齐哈尔市
城人之美发型设计室,讷克公路与054乡道交叉口西40米,"125.162225,48.430475",[],黑龙江省,齐齐哈尔市,讷河市,齐齐哈尔市
新感觉美发,利用巷原大刚胡同路东,"124.876297,48.480323",13514685789,黑龙江省,齐齐哈尔市,讷河市,齐齐哈尔市
秋香发屋,中心大街与环城北路交叉口南80米,"124.880097,48.486932",18724480688,黑龙江省,齐齐哈尔市,讷河市,齐齐哈尔市
东巍美发造型(碧水林园店),文化路与中心大街交叉口西20米,"124.884081,48.469814",[],黑龙江省,齐齐哈尔市,讷河市,齐齐哈尔市
大飞美发(时代家园店),建设路49号时代家园,"124.883721,48.486546",[],黑龙江省,齐齐哈尔市,讷河市,齐齐哈尔市
云鹏造型(弘苑家园店),弘苑家园,"124.876864,48.477198",15146667573,黑龙江省,齐齐哈尔市,讷河市,齐齐哈尔市
小昱造型,万米楼2号楼中医院东20米,"124.881999,48.477969",[],黑龙江省,齐齐哈尔市,讷河市,齐齐哈尔市
贵竹美发,电业局东50米,"124.868945,48.480131",[],黑龙江省,齐齐哈尔市,讷河市,齐齐哈尔市
美滋滋美发,虹池洗浴对面,"124.877364,48.480451",15845749865,黑龙江省,齐齐哈尔市,讷河市,齐齐哈尔市
晨雨美发,讷克公路与054乡道交叉口西40米,"125.161817,48.429955",[],黑龙江省,齐齐哈尔市,讷河市,齐齐哈尔市
小平美发,中国体育彩票西北侧,"124.606957,48.110399",[],黑龙江省,齐齐哈尔市,讷河市,齐齐哈尔市
鑫港纯剪派专业染烫室,环城东大街东平小区,"124.890927,48.483627",15845234363,黑龙江省,齐齐哈尔市,讷河市,齐齐哈尔市
聚星造型专业剪烫染,爱民巷与兴业路交叉口西北140米,"124.878786,48.480289",[],黑龙江省,齐齐哈尔市,讷河市,齐齐哈尔市
大卓美业,平安巷与通江路交叉口南60米,"124.873096,48.480225",[],黑龙江省,齐齐哈尔市,讷河市,齐齐哈尔市
发之缘美发工作室,克山农场克山农产附近东南方向73米,"125.393225,48.301316",[],黑龙江省,齐齐哈尔市,讷河市,齐齐哈尔市
隆隆美发厅,克山农场,"125.392911,48.302107",[],黑龙江省,齐齐哈尔市,讷河市,齐齐哈尔市
枫叶发艺(锦程学苑店),锦程学苑东北门西北50米,"124.604692,48.198000",[],黑龙江省,齐齐哈尔市,讷河市,齐齐哈尔市
小晓轻奢造型,兴业路24号兴旺御园,"124.890075,48.480925",[],黑龙江省,齐齐哈尔市,讷河市,齐齐哈尔市
77造型(兴旺御园店),兴业路24号兴旺御园,"124.890354,48.480864",[],黑龙江省,齐齐哈尔市,讷河市,齐齐哈尔市
明艺发型工作室,学子嘉园3期,"124.904011,48.486180",[],黑龙江省,齐齐哈尔市,讷河市,齐齐哈尔市
燊辉发廊,驴充充汽车充电站(拉哈镇红光糖厂钟三饭店)南侧110米,"124.624675,48.219825",[],黑龙江省,齐齐哈尔市,讷河市,齐齐哈尔市
志宏美业,金地花园西侧210米,"125.390275,48.303225",[],黑龙江省,齐齐哈尔市,讷河市,齐齐哈尔市
尔彬发艺工作室,学子嘉园,"124.902461,48.486194",[],黑龙江省,齐齐哈尔市,讷河市,齐齐哈尔市
小坤发艺,依讷公路与174乡道交叉口东南100米,"124.972825,48.209775",[],黑龙江省,齐齐哈尔市,讷河市,齐齐哈尔市
发现造型,国家税务总局讷河市税务局拉哈税务分局西南侧140米,"124.608825,48.203425",[],黑龙江省,齐齐哈尔市,讷河市,齐齐哈尔市
画儿美发,中通代收点(正阳街店)东侧,"124.607475,48.201725",[],黑龙江省,齐齐哈尔市,讷河市,齐齐哈尔市
洋洋美发,学苑小区,"124.895725,48.482075",[],黑龙江省,齐齐哈尔市,讷河市,齐齐哈尔市
星域造型,通江路与育才街交叉口西80米,"124.875975,48.481225",[],黑龙江省,齐齐哈尔市,讷河市,齐齐哈尔市
发丝缘时尚美发,泰华巷与通江路交叉口北100米,"124.880060,48.482388",[],黑龙江省,齐齐哈尔市,讷河市,齐齐哈尔市
爱尚美发,055乡道与讷五公路交叉口北60米,"125.430837,48.550363",[],黑龙江省,齐齐哈尔市,讷河市,齐齐哈尔市
青禾Ching Ho美甲美睫工作室,兴业路104号,"124.883491,48.480040",13803638175,黑龙江省,齐齐哈尔市,讷河市,齐齐哈尔市
花想容美容工作室,圣麟嘉园东1门旁,"124.878444,48.473862",18045055933,黑龙江省,齐齐哈尔市,讷河市,齐齐哈尔市
富富纹绣工作室(通江花苑小区店),运管楼东侧60米,"124.865810,48.480039",[],黑龙江省,齐齐哈尔市,讷河市,齐齐哈尔市
易佳工作室,通江路561号馨苑家园,"124.888275,48.486075",18524663877;18724489920,黑龙江省,齐齐哈尔市,讷河市,齐齐哈尔市
YY·瑶瑶美甲工作室,昌盛小区8号楼南面车库15号门,"124.888851,48.479678",13895977732;15174506578,黑龙江省,齐齐哈尔市,讷河市,齐齐哈尔市
爱臭美美容工作室,东门外六建二号楼,"124.893010,48.483066",[],黑龙江省,齐齐哈尔市,讷河市,齐齐哈尔市
楷模造型·接发·烫染(天安路店),地明二区东区东门旁,"129.589043,44.600349",0453-8312777;15734534000,黑龙江省,牡丹江市,爱民区,牡丹江市
华美造型(天安路店),天安路59号,"129.591443,44.597184",0453-8105532;15174667545,黑龙江省,牡丹江市,爱民区,牡丹江市
依磊造型(熙雅寓家园店),新华路西祥伦街31号熙雅寓小区门市,"129.597142,44.598892",15945348084,黑龙江省,牡丹江市,爱民区,牡丹江市
伊美知造型(京江上城店),京江上城小区7号楼115门,"129.600019,44.594083",[],黑龙江省,牡丹江市,爱民区,牡丹江市
匠人造型(东方锦绣家园店),康佳街38号,"129.604131,44.594937",13514552988,黑龙江省,牡丹江市,爱民区,牡丹江市
楷模造型·接发·烫染·胡须管理(红旗店),通乡路金龙家园19号楼,"129.580834,44.602134",13274579993,黑龙江省,牡丹江市,爱民区,牡丹江市
海滨造型(北龙静河小区店),东新荣街271号,"129.618722,44.596819",15304538426,黑龙江省,牡丹江市,爱民区,牡丹江市
沙朗烫染造型(御园林小区店),新华市场北门对面,"129.600008,44.599839",[],黑龙江省,牡丹江市,爱民区,牡丹江市
米洛造型(康居新城A区店),康居新城A区6号底商,"129.579985,44.592501",13258516703,黑龙江省,牡丹江市,爱民区,牡丹江市
张杰造型(东新荣街店),北龙静河小区东南门旁,"129.619597,44.597116",13845366664,黑龙江省,牡丹江市,爱民区,牡丹江市
晨凯CK造型美发连锁桥北一分店,纺织二路35号银龙家园4号楼112号门市,"129.608689,44.606367",0453-6821886,黑龙江省,牡丹江市,爱民区,牡丹江市
梦美丝发艺(曙光新城店),曙光新城纺织二路21号楼门市,"129.605329,44.610497",13836307374,黑龙江省,牡丹江市,爱民区,牡丹江市
风尚造型(文化街店),华隆文苑北门旁,"129.568104,44.587213",[],黑龙江省,牡丹江市,爱民区,牡丹江市
新野造型(爱民店),中华路康佳街30号,"129.603948,44.594922",15145330726,黑龙江省,牡丹江市,爱民区,牡丹江市
上品发艺(东新荣街店),新荣小区东南门东80米,"129.609355,44.593645",13836308873,黑龙江省,牡丹江市,爱民区,牡丹江市
京韩专业烫染沙龙(吉祥花园店),吉祥花园东区南门西100米,"129.594592,44.595763",13514550887,黑龙江省,牡丹江市,爱民区,牡丹江市
她雅造型(西新荣街店),兴平路中山家园东侧19号楼104,"129.582617,44.587059",0453-6535457,黑龙江省,牡丹江市,爱民区,牡丹江市
匠人造型名店(总店),西新荣街向阳市场铁路16号楼,"129.600041,44.591001",13766666420,黑龙江省,牡丹江市,爱民区,牡丹江市
顺艺专业剪烫工作室,新荣小区东南门东60米,"129.609176,44.593594",[],黑龙江省,牡丹江市,爱民区,牡丹江市
千艺发型私人定制(京江上城店),西圣林街京江上城小区7号楼,"129.600156,44.594103",13945388216,黑龙江省,牡丹江市,爱民区,牡丹江市
尚格美容美发(地明店),兴平路845号绿地凯旋城大门对面,"129.577021,44.597332",13089898879,黑龙江省,牡丹江市,爱民区,牡丹江市
东爵造型(天安路店),天安路412附近,"129.589202,44.599941",18045359188,黑龙江省,牡丹江市,爱民区,牡丹江市
沐染造型,地明小区,"129.577939,44.596623",15603634858,黑龙江省,牡丹江市,爱民区,牡丹江市
丝浓发艺(向阳市场店),向阳市场21号,"129.600525,44.591225",15945325558,黑龙江省,牡丹江市,爱民区,牡丹江市
发丝缘造型(向阳街店),天安路向阳街351号,"129.591677,44.594619",18645319626,黑龙江省,牡丹江市,爱民区,牡丹江市
理享造型,康居新城A西北门东北60米,"129.580819,44.593505",18904878123,黑龙江省,牡丹江市,爱民区,牡丹江市
娟娟发艺(兴东小区店),兴平东路兴东小区33号楼,"129.584743,44.587927",13836315560,黑龙江省,牡丹江市,爱民区,牡丹江市
晓晓发型设计(兴平小区店),兴平路40号兴平小区,"129.584229,44.588118",15945335121,黑龙江省,牡丹江市,爱民区,牡丹江市
剪爱造型(西圣林街店),西圣林街55号京江上城,"129.600490,44.594240",13945397792,黑龙江省,牡丹江市,爱民区,牡丹江市
星雨烫染造型(金龙家园店),金龙家园5号楼28号门市,"129.578628,44.601909",18645388578,黑龙江省,牡丹江市,爱民区,牡丹江市
卓越烫染造型旗舰店(文化街店),文化街与西林路交叉口西200米,"129.565957,44.586555",13946364882,黑龙江省,牡丹江市,爱民区,牡丹江市
名思造型(康居新城B区店),康居新城B区东南1门旁,"129.584931,44.589456",13614606993,黑龙江省,牡丹江市,爱民区,牡丹江市
京潮专业发型设计,仁寿路72号新华市场东门旁,"129.600816,44.598934",17600751321,黑龙江省,牡丹江市,爱民区,牡丹江市
顶头尚丝私人发型定制(北方小区店),北方小区东南门旁,"129.591864,44.593219",15636388410,黑龙江省,牡丹江市,爱民区,牡丹江市
飘丽廊发型工作室(金龙家园店),金龙家园8号楼105门市,"129.579908,44.601890",13069837688,黑龙江省,牡丹江市,爱民区,牡丹江市
靓格造型(师范小区店),西祥伦街师范小区二号楼,"129.596573,44.598529",13604639692,黑龙江省,牡丹江市,爱民区,牡丹江市
港澳造型(新荣小区店),中华路9号(气象局对面),"129.607266,44.593414",13504833578,黑龙江省,牡丹江市,爱民区,牡丹江市
剪爱造型(兴中路店),兴中路园丁小区4号楼,"129.569831,44.590260",13045331123,黑龙江省,牡丹江市,爱民区,牡丹江市
绅阁男士理发馆,文化街西林路诗苑新城6号楼101门市,"129.567761,44.586615",13766658944,黑龙江省,牡丹江市,爱民区,牡丹江市
维博蒙造型(地明2区店),天安路438号地明2区,"129.588430,44.601402",13009888939;13514500456,黑龙江省,牡丹江市,爱民区,牡丹江市
木北护肤造型(世茂假日山水店),体育街154号,"129.603394,44.607825",15945751935,黑龙江省,牡丹江市,爱民区,牡丹江市
铭宇造型,塔机厂师范学院南门对面,"129.563678,44.585774",18304532009,黑龙江省,牡丹江市,爱民区,牡丹江市
艺廊造型(文化街店),文化街160号,"129.565518,44.586782",19904538132,黑龙江省,牡丹江市,爱民区,牡丹江市
海峰造型染烫店(兴平2区店),中山家园32号门市,"129.583225,44.586375",15845306091,黑龙江省,牡丹江市,爱民区,牡丹江市
博时发艺,新丹溪16号楼106门市,"129.616024,44.601830",15204535832,黑龙江省,牡丹江市,爱民区,牡丹江市
双面造型(康居新城),兴平路康居新城A6号楼底商A区西门口,"129.580482,44.591989",15694531771,黑龙江省,牡丹江市,爱民区,牡丹江市
爱民区温度烫染造型店,新华路西晓云街24号,"129.600173,44.597161",15945756796;18645258518,黑龙江省,牡丹江市,爱民区,牡丹江市
魅尚造型(中华路店),中华路150号,"129.605045,44.596237",13694534250,黑龙江省,牡丹江市,爱民区,牡丹江市
华彩发型设计(兴东小区店),兴东小区西南门旁,"129.584732,44.587827",[],黑龙江省,牡丹江市,爱民区,牡丹江市
阿强造型(北方小区店),西晓云街23号附近,"129.591382,44.593294",15145330495,黑龙江省,牡丹江市,爱民区,牡丹江市
大辉发艺,建纺织二路曙光新城小区37号楼旁,"129.607219,44.607502",[],黑龙江省,牡丹江市,爱民区,牡丹江市
明明时尚专业造型,机床小区东北门旁,"129.600374,44.593517",13204531855,黑龙江省,牡丹江市,爱民区,牡丹江市
姜铃造型(康居新城A区店),康居新城A西门旁,"129.580442,44.591786",15145336508,黑龙江省,牡丹江市,爱民区,牡丹江市
创美美容美发(康居新城A区店),兴平路晓云街康居新城b区b一号楼b104门市创美发艺,"129.581954,44.591025",15245357787,黑龙江省,牡丹江市,爱民区,牡丹江市
佰源理发工作室(曙光新城店),北山街道纺织二路曙光新城43号楼楼下,"129.605711,44.608872",13674539177,黑龙江省,牡丹江市,爱民区,牡丹江市
佳明美发(向阳2区店),天安东二路,"129.597494,44.590572",13766591158,黑龙江省,牡丹江市,爱民区,牡丹江市
蒙恩路发型设计,兴平东路76号门市,"129.584262,44.588342",15146330509,黑龙江省,牡丹江市,爱民区,牡丹江市
伟琦造型,天安路地明2区5号楼优贝汉堡隔壁,"129.588815,44.600761",13163618370;13264032888,黑龙江省,牡丹江市,爱民区,牡丹江市
顶剪造型(新荣小区店),新荣街中华路69号门市,"129.607064,44.593687",15245333861,黑龙江省,牡丹江市,爱民区,牡丹江市
华特美发型设计(杏树林小区店),西海林街明月西路杏树林二区15号楼,"129.587329,44.586419",18845333228,黑龙江省,牡丹江市,爱民区,牡丹江市
叁-ONE形象设计中心,诗苑新城1号楼114门市,"129.564986,44.586354",13069781233,黑龙江省,牡丹江市,爱民区,牡丹江市
鑫鑫发艺(牡丹江爱民区),诗苑新城1号楼,"129.566438,44.586108",[],黑龙江省,牡丹江市,爱民区,牡丹江市
木一造型(杨树林小区二区店),康安路26号杨树林小区二区,"129.590759,44.588079",[],黑龙江省,牡丹江市,爱民区,牡丹江市
奇奇美造型(康居新城B区店),康居新城B区1号楼,"129.582150,44.590830",18245331002,黑龙江省,牡丹江市,爱民区,牡丹江市
老无名造型(向阳小区店),天安路242号,"129.592503,44.595376",13009882309,黑龙江省,牡丹江市,爱民区,牡丹江市
芭莎廊精剪发型设计(铁建小区店),铁路农场铁建小区2号楼门市,"129.577227,44.582403",13766599149,黑龙江省,牡丹江市,爱民区,牡丹江市
简艺造型工作室(阳光博苑店),西祥伦街801号阳光博苑,"129.583757,44.595698",13339531707,黑龙江省,牡丹江市,爱民区,牡丹江市
阿森·造型(亲民店),希望家园E9号楼102门市东地明街339号,"129.620195,44.609354",[],黑龙江省,牡丹江市,爱民区,牡丹江市
红旗发屋(学院风景店),学院风景南门西50米,"129.574159,44.603055",[],黑龙江省,牡丹江市,爱民区,牡丹江市
束发造型(新陆家园店),向阳街与天安路交叉口西150米,"129.590465,44.594615",18245350103,黑龙江省,牡丹江市,爱民区,牡丹江市
名望造型,东方锦绣家园东北门旁,"129.605797,44.594916",15945372655,黑龙江省,牡丹江市,爱民区,牡丹江市
绿源美发,西地明街与民安路交叉口东140米,"129.595077,44.601129",[],黑龙江省,牡丹江市,爱民区,牡丹江市
淑云理发店(天安路),天安路153号,"129.592275,44.593602",13514553761,黑龙江省,牡丹江市,爱民区,牡丹江市
标新染烫吧(杨树林小区二区店),西新荣街杨树林二区27号楼21号门市,"129.590605,44.588030",[],黑龙江省,牡丹江市,爱民区,牡丹江市
兴源美发(自来水小区店),自来水小区东门旁,"129.579625,44.591125",[],黑龙江省,牡丹江市,爱民区,牡丹江市
巧手造型(银龙家园店),东地明街纺织二路银龙家园小区4号楼门市,"129.608811,44.606404",[],黑龙江省,牡丹江市,爱民区,牡丹江市
多多美发沙龙(柞树林小区店),西海林街235号柞树林小区,"129.594972,44.587594",[],黑龙江省,牡丹江市,爱民区,牡丹江市
大坤造型,北山街道天安路地明街与祥伦街之间牡坊红旗小区7号楼6单元102室,"129.590074,44.599313",13604634227,黑龙江省,牡丹江市,爱民区,牡丹江市
莓梅造型,逸品尚城,"129.570625,44.582425",[],黑龙江省,牡丹江市,爱民区,牡丹江市
天地美业,文化街154号,"129.566262,44.587021",[],黑龙江省,牡丹江市,爱民区,牡丹江市
沐本造型,天安路与西祥伦街交叉口东南60米,"129.591825,44.596575",[],黑龙江省,牡丹江市,爱民区,牡丹江市
团团理发店,北安小一路与康佳街交叉口西北20米,"129.618194,44.599808",13946366458,黑龙江省,牡丹江市,爱民区,牡丹江市
风格美发名店,兴中路林校东门对面馨原浴池隔壁,"129.570009,44.591472",18249305000,黑龙江省,牡丹江市,爱民区,牡丹江市
文明理发店,北山街道北安街龙江小区2号楼,"129.614209,44.608778",13836372323,黑龙江省,牡丹江市,爱民区,牡丹江市
楷模造型·烫染超市(师院店),师范学院南门对面K超市内,"129.563875,44.585775",[],黑龙江省,牡丹江市,爱民区,牡丹江市
彩凤美发(春晖园C区店),春晖园C区,"129.566341,44.571305",[],黑龙江省,牡丹江市,爱民区,牡丹江市
晓洁发廊,春晖园C区,"129.566511,44.571467",13624536293,黑龙江省,牡丹江市,爱民区,牡丹江市
唯美形象设计(西圣林街店),康居新城B区东南1门东230米,"129.586834,44.589992",13089899352,黑龙江省,牡丹江市,爱民区,牡丹江市
双美发型设计室,兴平路地明街地质5号楼,"129.577546,44.595555",13836355920;15246335225,黑龙江省,牡丹江市,爱民区,牡丹江市
朋克造型(柏树林小区店),西新荣街天安路路口往东50米,"129.595862,44.589568",15645638876,黑龙江省,牡丹江市,爱民区,牡丹江市
理棠造型,兴平路兴平小区3号楼3号门市,"129.582601,44.587945",[],黑龙江省,牡丹江市,爱民区,牡丹江市
审美造型(东新荣街店),重阳小区西南1门旁,"129.623358,44.597914",[],黑龙江省,牡丹江市,爱民区,牡丹江市
王明造型,金龙家园五号楼,"129.578925,44.601875",13514554800,黑龙江省,牡丹江市,爱民区,牡丹江市
向阳理发店,环球大道与东地明街交叉口南140米,"129.604775,44.602925",[],黑龙江省,牡丹江市,爱民区,牡丹江市
时代殿堂SALON(白桦林小区店),西新荣街与天安东二路交叉口东南20米,"129.597893,44.589939",13763431213,黑龙江省,牡丹江市,爱民区,牡丹江市
巨匠造型(颐景山水店),颐景山水东地明街265号,"129.617304,44.608461",13903638393,黑龙江省,牡丹江市,爱民区,牡丹江市
艺尚染烫吧,北安街60号新丹溪小区,"129.616041,44.601880",[],黑龙江省,牡丹江市,爱民区,牡丹江市
剪锋美发沙龙,体育街世茂假日山水小区28号楼104门市,"129.601661,44.607371",[],黑龙江省,牡丹江市,爱民区,牡丹江市
靓丽烫染形象店,康居新城B区西圣圣林街669号,"129.582891,44.588822",18104534394,黑龙江省,牡丹江市,爱民区,牡丹江市
喜理造型,锦绣前程南门西100米,"129.588688,44.595504",[],黑龙江省,牡丹江市,爱民区,牡丹江市
剪约之美发型设计,东祥伦街与中华路交叉口西南80米,"129.601847,44.600114",13763605856,黑龙江省,牡丹江市,爱民区,牡丹江市
三千汇美发工作室,牡三公路与东地明街交叉口南120米,"129.601503,44.602020",[],黑龙江省,牡丹江市,爱民区,牡丹江市
海燕发艺(新荣小区店),新荣小区西南2门旁,"129.606543,44.594575",[],黑龙江省,牡丹江市,爱民区,牡丹江市
未来造型,东地明街167号曙光新城,"129.607117,44.608894",[],黑龙江省,牡丹江市,爱民区,牡丹江市
宇鸿专业美发(北方小区店),北方家属2号楼9号门市,"129.590138,44.592900",13845362576,黑龙江省,牡丹江市,爱民区,牡丹江市
名沙造型,吉祥花园东北门旁,"129.595436,44.597187",[],黑龙江省,牡丹江市,爱民区,牡丹江市
红头绳美发室(北方小区店),西晓云街北方综合楼三楼131门市,"129.588087,44.592289",15174668875,黑龙江省,牡丹江市,爱民区,牡丹江市
龙阁发艺(金龙家园店),金龙家园西区北门东50米,"129.579238,44.602239",[],黑龙江省,牡丹江市,爱民区,牡丹江市
简艺造型(广厦新城店),东新荣街与东三北路交叉口东60米,"129.619443,44.596521",13136887868,黑龙江省,牡丹江市,爱民区,牡丹江市
一佳造型(文化街店),文化街与东直路交叉口东140米,"129.565965,44.586814",15846786562,黑龙江省,牡丹江市,爱民区,牡丹江市
跨世纪美发,向阳4区15号楼跨世纪美发,"129.599888,44.591411",18245300503,黑龙江省,牡丹江市,爱民区,牡丹江市
贵雅美发屋,牡三公路与东地明街交叉口东南60米,"129.601537,44.602729",13763603668,黑龙江省,牡丹江市,爱民区,牡丹江市
发晶造型店,纺织二路曙光新城46号楼107号,"129.605205,44.609838",15045080265,黑龙江省,牡丹江市,爱民区,牡丹江市
大众发艺(杨树林小区店),明月路8号杨树林小区,"129.587548,44.586637",13614636377,黑龙江省,牡丹江市,爱民区,牡丹江市
大海发艺(悦翔名苑店),兴平街道天安路天晴街42号大海发艺,"129.587758,44.601487",15945318807,黑龙江省,牡丹江市,爱民区,牡丹江市
时风美发(白桦林小区店),白桦林小区西南2门旁,"129.596801,44.589326",15174667580,黑龙江省,牡丹江市,爱民区,牡丹江市
雅廊造型艺术空间,兴平路40号兴平小区2号楼,"129.584212,44.588381",13329430806,黑龙江省,牡丹江市,爱民区,牡丹江市
鑫尚造型,西晓云街379号门市,"129.582920,44.591308",13370902923,黑龙江省,牡丹江市,爱民区,牡丹江市
喜乐造型,西地名街450号,"129.577423,44.595540",13945348004,黑龙江省,牡丹江市,爱民区,牡丹江市
小付美发(北龙静河小区店),东三北路71号,"129.618159,44.597298",13836372335,黑龙江省,牡丹江市,爱民区,牡丹江市
纤艺剪烫染造型(重阳小区店),大庆街道东新荣街370号工商三号楼101室,"129.623002,44.597759",13694535459,黑龙江省,牡丹江市,爱民区,牡丹江市
伟丽造型(曙光新城店),曙光新城小区13号楼1门市,"129.607473,44.609032",13904837258,黑龙江省,牡丹江市,爱民区,牡丹江市
靓丽发艺(春晖园C区店),春晖园小区C6号楼门市,"129.566059,44.572555",[],黑龙江省,牡丹江市,爱民区,牡丹江市
至尚精剪发艺,黄花街道西地名街兴平路口,"129.577042,44.595458",[],黑龙江省,牡丹江市,爱民区,牡丹江市
一格专业美发(康居新城A区店),文化街1号,"129.580574,44.591518",[],黑龙江省,牡丹江市,爱民区,牡丹江市
靓点理发店,中华路与东祥伦街交叉口西北40米,"129.602340,44.600697",[],黑龙江省,牡丹江市,爱民区,牡丹江市
领航美发(兴平路店),康居新城A西门西北60米,"129.580050,44.592396",[],黑龙江省,牡丹江市,爱民区,牡丹江市
忆彩造型(金龙家园店),爱民区医学院对面(金龙家园)4号楼车库门市,"129.577746,44.601825",13946365417,黑龙江省,牡丹江市,爱民区,牡丹江市
长红美发(新丹溪小区店),新丹溪17号楼,"129.614563,44.601437",13945344865,黑龙江省,牡丹江市,爱民区,牡丹江市
靓典美容美发(西新荣街店),康安路26号杨树林小区二区27栋,"129.590657,44.588047",[],黑龙江省,牡丹江市,爱民区,牡丹江市
港湾发型设计(新丹溪小区店),新单溪小区23号楼,"129.614951,44.602431",[],黑龙江省,牡丹江市,爱民区,牡丹江市
鑫鑫烫染吧,西新荣街中山家园,"129.580263,44.584849",[],黑龙江省,牡丹江市,爱民区,牡丹江市
金沐形象设计(师范小区店),西祥伦街124号师范小区,"129.595527,44.598040",[],黑龙江省,牡丹江市,爱民区,牡丹江市
海造型(颐景山水店),颐景山水西区A21栋,"129.619082,44.610338",[],黑龙江省,牡丹江市,爱民区,牡丹江市
一泽造型(曙光新城店),纺织二路曙光新城43号楼下好日子北侧,"129.606252,44.609058",[],黑龙江省,牡丹江市,爱民区,牡丹江市
梵画造型(凯旋城A区店),凯旋城A区东北门东南70米,"129.576574,44.596813",[],黑龙江省,牡丹江市,爱民区,牡丹江市
爱民区悦目发型设计,体育街世贸假日山水小区29号楼104室,"129.602864,44.607632",[],黑龙江省,牡丹江市,爱民区,牡丹江市
牡丹江市爱民区回守美发造型店,新华路西晓云街百批发宿舍中栋14号2单元101号,"129.599963,44.597323",13644534572,黑龙江省,牡丹江市,爱民区,牡丹江市
港汇烫染店,北安街60号新丹溪小区,"129.616114,44.600780",[],黑龙江省,牡丹江市,爱民区,牡丹江市
雨欣发艺,兴平路40号兴平小区,"129.582720,44.587893",[],黑龙江省,牡丹江市,爱民区,牡丹江市
锋艺造型(火车头小区一区店),火车头小区一区东南门旁,"129.576101,44.583529",[],黑龙江省,牡丹江市,爱民区,牡丹江市
红纬发艺(颐景山水店),颐景山水西区西南门东140米,"129.619483,44.609163",[],黑龙江省,牡丹江市,爱民区,牡丹江市
素境发廊,东新荣街376号,"129.623125,44.597825",[],黑龙江省,牡丹江市,爱民区,牡丹江市
艳子发艺(曙光新城店),东地明街167号曙光新城,"129.607051,44.611533",[],黑龙江省,牡丹江市,爱民区,牡丹江市
回首烫染造型,北山街道新华路晓云街百批宿舍中栋,"129.600063,44.597408",[],黑龙江省,牡丹江市,爱民区,牡丹江市
东铭造型(天安二区店),天安二区1号楼1楼康安路21号,"129.592323,44.588096",[],黑龙江省,牡丹江市,爱民区,牡丹江市
淇滨湾发型设计(阳光博苑店),阳光博苑小区院内,"129.583070,44.595522",[],黑龙江省,牡丹江市,爱民区,牡丹江市
天使发廊(火车头小区一区店),火车头小区二区北门东130米,"129.579648,44.584367",[],黑龙江省,牡丹江市,爱民区,牡丹江市
珈奈造型,兴中路87号,"129.570164,44.591118",[],黑龙江省,牡丹江市,爱民区,牡丹江市
鑫港造型(新丹溪小区店),北安四道街新丹溪,"129.615672,44.600927",[],黑龙江省,牡丹江市,爱民区,牡丹江市
尚美造型(圣林小区店),圣林小区北门旁,"129.622046,44.600556",[],黑龙江省,牡丹江市,爱民区,牡丹江市
剃头匠(新丹溪小区店),北安街60号新丹溪小区34号楼,"129.617292,44.600769",15904530966,黑龙江省,牡丹江市,爱民区,牡丹江市
新感觉美发美妆工作室,仁寿路与东祥伦街交叉口西北180米,"129.599236,44.601252",13945362006,黑龙江省,牡丹江市,爱民区,牡丹江市
奈斯造型,文化街与东直路交叉口东南100米,"129.565323,44.586235",13504606551,黑龙江省,牡丹江市,爱民区,牡丹江市
唯美发艺(新丹溪小区店),北安街新丹溪13号楼门市,"129.615448,44.601275",13845371345,黑龙江省,牡丹江市,爱民区,牡丹江市
英子美发(北山名苑店),北山街道北山名苑小区34号楼一楼车库,"129.592804,44.598833",15545309618,黑龙江省,牡丹江市,爱民区,牡丹江市
丝美发艺(新丹溪小区店),北安街新丹溪9号楼,"129.615857,44.601052",13845348654,黑龙江省,牡丹江市,爱民区,牡丹江市
佳艺造型(新丹溪店),桥北新丹溪小区10号楼市111,"129.615393,44.600777",15846768072,黑龙江省,牡丹江市,爱民区,牡丹江市
德兰剪艺(向阳2区店),向阳2区东北门东北50米,"129.598404,44.591188",13504830291,黑龙江省,牡丹江市,爱民区,牡丹江市
原艺发吧(曙光新城店),北山街道纺织二路曙光新城40号楼,"129.606772,44.607925",15174679640,黑龙江省,牡丹江市,爱民区,牡丹江市
唯美养生(向阳2区店),2区东北门旁,"129.598515,44.590817",18745328298,黑龙江省,牡丹江市,爱民区,牡丹江市
施美美发(杏树林小区店),杏树林二区东南门旁,"129.587330,44.586417",18745331508,黑龙江省,牡丹江市,爱民区,牡丹江市
世纪新美发,西地明街与兴平路交叉口东北100米,"129.577975,44.596925",[],黑龙江省,牡丹江市,爱民区,牡丹江市
巧匠造型(中山家园店),兴平路25号中山家园,"129.580866,44.585006",[],黑龙江省,牡丹江市,爱民区,牡丹江市
金英理发店,西圣林街五星路80号金英理发店,"129.598846,44.593970",[],黑龙江省,牡丹江市,爱民区,牡丹江市
百年造型,杏树林二区西北门旁,"129.586511,44.586739",[],黑龙江省,牡丹江市,爱民区,牡丹江市
三毛专业美发形象设计烫染吧(北龙静河小区店),东新荣街静河小区(四号楼大门)旁边,"129.618174,44.597274",13614609025,黑龙江省,牡丹江市,爱民区,牡丹江市
曙光发型设计(曙光新城店),东地明街167号曙光新城,"129.605534,44.612006",0453-5681068;13845377928,黑龙江省,牡丹江市,爱民区,牡丹江市
新团结理发店,北安街60号新丹溪小区,"129.615931,44.601017",[],黑龙江省,牡丹江市,爱民区,牡丹江市
森艺造型(鲲鹏五宿舍店),明月西路8号,"129.586924,44.586542",[],黑龙江省,牡丹江市,爱民区,牡丹江市
艳丽美发,西祥伦街801号阳光博苑,"129.582631,44.594391",[],黑龙江省,牡丹江市,爱民区,牡丹江市
飘逸烫染,二区东南门旁,"129.584786,44.586196",[],黑龙江省,牡丹江市,爱民区,牡丹江市
新潮发艺(春晖园店),海林公路春晖园,"129.568406,44.574492",[],黑龙江省,牡丹江市,爱民区,牡丹江市
欣盛发廊(曙光新城店),东地明街167号曙光新城,"129.607103,44.609204",[],黑龙江省,牡丹江市,爱民区,牡丹江市
鑫艺造型,[],"129.566529,44.586217",13514576265,黑龙江省,牡丹江市,爱民区,牡丹江市
天意造型,黄花六条路与海林公路交叉口西240米,"129.561175,44.570225",[],黑龙江省,牡丹江市,爱民区,牡丹江市
小禹造型,师范学院校内西苑小区4号楼106室,"129.557495,44.588021",18645438332,黑龙江省,牡丹江市,爱民区,牡丹江市
名都发艺(新丹溪小区店),新丹溪小区6号楼门市,"129.616091,44.600656",[],黑龙江省,牡丹江市,爱民区,牡丹江市
鑫丝路发廊(地明小区店),兴平街道兴平路地名街地名小区9号楼,"129.577866,44.597178",13946334901,黑龙江省,牡丹江市,爱民区,牡丹江市
冀泽造型,西新荣街与天安东一路交叉口西60米,"129.595654,44.589573",18045330993,黑龙江省,牡丹江市,爱民区,牡丹江市
慕可造型店,康居新城A西门西北140米,"129.579723,44.592885",[],黑龙江省,牡丹江市,爱民区,牡丹江市
首艺美容美发(北方小区店),向阳街康安路晓云街北方综合楼3号楼门市,"129.589004,44.592446",13845358766,黑龙江省,牡丹江市,爱民区,牡丹江市
艺峰造型(春晖园A区店),黄花街道春晖园西苑A16号楼门市,"129.571157,44.574565",18545375537,黑龙江省,牡丹江市,爱民区,牡丹江市
慕尚造型,文化街76号,"129.563304,44.585173",[],黑龙江省,牡丹江市,爱民区,牡丹江市
审美造型(牡丹江大学家属区店),牡丹江大学家属区,"129.568496,44.592029",13614534308,黑龙江省,牡丹江市,爱民区,牡丹江市
闺蜜烫染工作室(园丁小区店),兴中路园小区4号楼1单元102,"129.569898,44.590148",15045304614;18766204912,黑龙江省,牡丹江市,爱民区,牡丹江市
宏焱发廊(祥合林苑店),文化街祥合林苑7号楼,"129.570141,44.587282",[],黑龙江省,牡丹江市,爱民区,牡丹江市
称心美发(西新荣街店),明月路8号杨树林小区,"129.588251,44.586956",15245308469,黑龙江省,牡丹江市,爱民区,牡丹江市
沐沐美业,牡纺红旗2号楼1单元101,"129.595938,44.601321",13604606919,黑龙江省,牡丹江市,爱民区,牡丹江市
彬彬造型(向阳3区店),向阳1区西南门西270米,"129.596758,44.590027",[],黑龙江省,牡丹江市,爱民区,牡丹江市
红纬发艺,颐景山水西区,"129.615939,44.607647",[],黑龙江省,牡丹江市,爱民区,牡丹江市
尚雨发艺(向阳3区店),西新荣街向阳三区31号楼,"129.597223,44.590381",13946361407,黑龙江省,牡丹江市,爱民区,牡丹江市
丹扬美发(春晖园C区店),黄花街道紫光小学c区9号楼,"129.566609,44.571570",[],黑龙江省,牡丹江市,爱民区,牡丹江市
领尚发型设计(新丹溪小区店),北安街新丹溪10号楼,"129.615667,44.600952",15754539780,黑龙江省,牡丹江市,爱民区,牡丹江市
华逸造型(曙光新城店),纺织二路(曙光新城),"129.605181,44.611486",15245302692,黑龙江省,牡丹江市,爱民区,牡丹江市
丹遇林十元快剪美睫美甲店,天安路204号,"129.594421,44.589093",13945301124;13946331124;18246339993,黑龙江省,牡丹江市,爱民区,牡丹江市
尚艺造型(圣林小区店),北安街好日子生鲜超市后身,"129.620974,44.599513",13504836950,黑龙江省,牡丹江市,爱民区,牡丹江市
鑫鑫美发(柏树林小区店),西新荣街天安路柏树林小区32号楼,"129.595169,44.589406",[],黑龙江省,牡丹江市,爱民区,牡丹江市
精剪廊专业烫染,北安街60号新丹溪小区,"129.616539,44.599978",[],黑龙江省,牡丹江市,爱民区,牡丹江市
高高美甲工作室,西晓云街与新华路交叉口西60米,"129.599954,44.597599",13394531991,黑龙江省,牡丹江市,爱民区,牡丹江市
焕颜美容工作室,山水美地小区东门33号楼101室,"129.589702,44.606980",18346365456,黑龙江省,牡丹江市,爱民区,牡丹江市
故里美甲工作室,凯旋城A区9号-0-103门市,"129.576719,44.596996",17845509992,黑龙江省,牡丹江市,爱民区,牡丹江市
禧番美甲工作室,北安路119号,"129.618068,44.600509",13206876221,黑龙江省,牡丹江市,爱民区,牡丹江市
艾美美颜工作室(北龙静河小区店),北龙静河小区东南门西90米,"129.619212,44.596986",15945320203,黑龙江省,牡丹江市,爱民区,牡丹江市
不桐美甲工作室,通乡街与红旗路交叉口东南160米,"129.577714,44.601877",13766659368,黑龙江省,牡丹江市,爱民区,牡丹江市
柒悦美甲工作室,东地明街167号曙光新城,"129.608225,44.609575",13836306017;17204534407,黑龙江省,牡丹江市,爱民区,牡丹江市
牡丹江市爱民区亦念美容工作室,颐景山水小区A17-104门室,"129.617872,44.610463",[],黑龙江省,牡丹江市,爱民区,牡丹江市
恬心美甲工作室,康佳街与北安小二路交叉口西180米,"129.615725,44.600125",13555568273,黑龙江省,牡丹江市,爱民区,牡丹江市
衡远纹身工作室,黄花街道兴中路预备役2区3号楼4单元302室,"129.570263,44.591137",19845139357,黑龙江省,牡丹江市,爱民区,牡丹江市
青峦指艺变美工作室,文化街191号牡师院西苑小区家属3号楼106门室青峦指艺,"129.557750,44.587755",15636370616,黑龙江省,牡丹江市,爱民区,牡丹江市
落日里·工作室,牡丹江师范学院西苑住宅小区-1号楼B座1602室,"129.558011,44.587048",13763709796;18845331041,黑龙江省,牡丹江市,爱民区,牡丹江市
董冰造型(东二店),东二条路平安街与爱民街之间159号,"129.622969,44.584309",0453-6888567,黑龙江省,牡丹江市,东安区,牡丹江市
MY TIME美源时间形象设计(星元小区店),景福街34号星元小区,"129.618636,44.587357",0453-6660660,黑龙江省,牡丹江市,东安区,牡丹江市
董冰造型(七星店),牡丹江百货大楼北门东60米,"129.617298,44.584947",0453-6401777,黑龙江省,牡丹江市,东安区,牡丹江市
古贝造型会所(东二条路店),紫云二区西南门西北80米,"129.622894,44.584425",0453-6926166;13384535222,黑龙江省,牡丹江市,东安区,牡丹江市
楷模造型·接发·烫染(七星街店),大润发东安店南门旁,"129.619722,44.585825",0453-6192333,黑龙江省,牡丹江市,东安区,牡丹江市
聚美时代美容美发,景福公馆106门市,"129.616624,44.587052",13089835345;13136868123,黑龙江省,牡丹江市,东安区,牡丹江市
深港美发美容美甲(塞纳丽舍北区店),江南绿地世纪城乌苏里路20号,"129.626680,44.556683",0453-6510111,黑龙江省,牡丹江市,东安区,牡丹江市
CK造型烫染(景福店),景福街121号平安大厦,"129.618517,44.587602",15204531852,黑龙江省,牡丹江市,东安区,牡丹江市
liu小白造型(步行街店),东小一条路北小日照街步行街方向路口,"129.616842,44.589322",13624532207,黑龙江省,牡丹江市,东安区,牡丹江市
Model楷模·接发·烫染(江山悦店),保利江山悦南门东30米37号楼105门市,"129.641941,44.559610",0453-6615333;13241832333;18546333666,黑龙江省,牡丹江市,东安区,牡丹江市
名榜美容美发(七星街店),七星街与东小三条街交叉口东30米,"129.625103,44.587503",13644638888,黑龙江省,牡丹江市,东安区,牡丹江市
慕梵造型,七星街东小一条路南20米,"129.620291,44.585851",15945373337,黑龙江省,牡丹江市,东安区,牡丹江市
永辉造型,东三条路长安街与新安街之间225号,"129.628332,44.580626",18604638882,黑龙江省,牡丹江市,东安区,牡丹江市
楷模造型·接发·烫染(花都店),兴隆街与泼雪泉路交叉口东60米,"129.625731,44.549772",[],黑龙江省,牡丹江市,东安区,牡丹江市
尚丝美烫染造型(工商小区店),东二条路与东三条路之间平安街道南118号门市,"129.624783,44.583526",0453-8852888,黑龙江省,牡丹江市,东安区,牡丹江市
梦幻造型,北小爱民街109号,"129.621302,44.585316",18645306631,黑龙江省,牡丹江市,东安区,牡丹江市
米娜造型(保利江山悦店),东兴街道也河街保利江山悦39号楼105号底商(林福宫饭店隔壁),"129.641025,44.559325",13264149550,黑龙江省,牡丹江市,东安区,牡丹江市
1号烫染立新工作室(东平安街店),平安街东一条路与东二条路之间68号,"129.622256,44.582681",0453-8687778,黑龙江省,牡丹江市,东安区,牡丹江市
东尼造型(东新安街店),东新安街与福民街之间东六条132号,"129.637187,44.581461",0453-5762680;18645388445,黑龙江省,牡丹江市,东安区,牡丹江市
洪良造型美容(星元小区店),步行街与景福街交口道南景福街138号,"129.618482,44.587284",0453-8910999,黑龙江省,牡丹江市,东安区,牡丹江市
新野造型(江南店),卧龙街105号,"129.641038,44.554062",0453-6663001,黑龙江省,牡丹江市,东安区,牡丹江市
晨凯CK造型烫染(东安店),东一条路与东二条路之间平安街72号,"129.622595,44.582802",0453-6980886,黑龙江省,牡丹江市,东安区,牡丹江市
飞丝美发,东小四条路与东新安街交叉口南20米,"129.632683,44.580811",16619989444,黑龙江省,牡丹江市,东安区,牡丹江市
与十造型(紫云小区一区店),东四条路爱民街122号,"129.627325,44.586246",0453-8570666,黑龙江省,牡丹江市,东安区,牡丹江市
楷模造型·假发·烫染(未来城店),一号楼105门市,"129.639195,44.550213",0453-6187333,黑龙江省,牡丹江市,东安区,牡丹江市
亚细亚造型(建行小区店),新安街与长安街之间市政路52号,"129.624567,44.579599",0453-6303888,黑龙江省,牡丹江市,东安区,牡丹江市
丽本美学工作室,卧龙街威虎山路德远天宸小区23号楼1单元101室,"129.641451,44.551663",0453-6181951;15046332083,黑龙江省,牡丹江市,东安区,牡丹江市
靓仔造型(兴隆街店),江南转盘道对面,"129.627331,44.550738",13694676050,黑龙江省,牡丹江市,东安区,牡丹江市
滚石美发店,会展街雍华庭2-101门市,"129.634425,44.558125",13704536691,黑龙江省,牡丹江市,东安区,牡丹江市
潮流造型(景福街店),东小一路与东二之间景福街99号(老太太鸡爪旁边),"129.619857,44.587987",18088739066,黑龙江省,牡丹江市,东安区,牡丹江市
CK造型(德远天宸店),卧龙街与威虎山路交叉口西南120米,"129.640947,44.554034",0453-6699886;15694531181,黑龙江省,牡丹江市,东安区,牡丹江市
美雅造型(牡丹江东盛大厦店),东安区东一条路东牡丹街71号东盛大厦107室,"129.622528,44.581390",13644533997,黑龙江省,牡丹江市,东安区,牡丹江市
曼都造型高级美发会所(世茂南外滩2期店),[],"129.642531,44.555171",0453-6939789,黑龙江省,牡丹江市,东安区,牡丹江市
新偶像剪廊(鸿峰花园店),鸿峰小区东五条路清福街73号,"129.636060,44.578853",13504536650,黑龙江省,牡丹江市,东安区,牡丹江市
领秀国际发型连锁机构(国际花都店),兴隆街684号,"129.627695,44.549785",13766666025,黑龙江省,牡丹江市,东安区,牡丹江市
小明造型(牡丹江东安区),东七条路新安街与福民街靓景小区门市,"129.640931,44.582595",13555013633;15145342904,黑龙江省,牡丹江市,东安区,牡丹江市
嘉辉造型(世茂南外滩2期店),世贸南外滩卧龙街59号,"129.642210,44.555074",18946360808,黑龙江省,牡丹江市,东安区,牡丹江市
精功美业(东新安小区店),东六条路122号,"129.636904,44.581755",[],黑龙江省,牡丹江市,东安区,牡丹江市
贰零贰叁·2023造型,柴市路长安街104号,"129.625726,44.580502",13206882023,黑龙江省,牡丹江市,东安区,牡丹江市
远屿航造型,迪纳公寓,"129.627744,44.557551",13054342826,黑龙江省,牡丹江市,东安区,牡丹江市
天籁意境美发工作室(星元小区店),景福街东小一条路,"129.618820,44.587509",0453-8584111,黑龙江省,牡丹江市,东安区,牡丹江市
视诀男士理发馆(江南店),卧龙街世茂南外滩二期19号楼102号门市,"129.644117,44.555653",[],黑龙江省,牡丹江市,东安区,牡丹江市
布鲁斯男士理发馆,东四条路282号,"129.630975,44.580282",15846746114,黑龙江省,牡丹江市,东安区,牡丹江市
名门发行工作室(东小一条路店),爱民街东站一条路,"129.621119,44.584104",13945381349,黑龙江省,牡丹江市,东安区,牡丹江市
山屿造型,国际花都2幢,"129.626927,44.549782",[],黑龙江省,牡丹江市,东安区,牡丹江市
陈曦造型(南外滩店),卧龙街世贸南外滩二期南门东侧19号楼103门市,"129.643972,44.555610",15245303205,黑龙江省,牡丹江市,东安区,牡丹江市
百乐造型(东盛嘉园店),东二条路200号东盛嘉园,"129.622121,44.582597",0453-6910928,黑龙江省,牡丹江市,东安区,牡丹江市
宝玉经典发艺(保利江山悦店),保利江山悦36栋,"129.642242,44.559693",18945336661,黑龙江省,牡丹江市,东安区,牡丹江市
港仔专业美发,柴市路与东长安街交叉口南100米,"129.626013,44.580101",13945360020,黑龙江省,牡丹江市,东安区,牡丹江市
Done帝万美发造型,星河传说迪纳公寓24-109号D one奢享发艺美学,"129.627552,44.558482",0453-6953777;13314539678,黑龙江省,牡丹江市,东安区,牡丹江市
广铭发艺(东新安小区店),福民街83号,"129.637450,44.580994",13836372225,黑龙江省,牡丹江市,东安区,牡丹江市
OnceNow安大发型设计概念店,东小一条路爱民街与南小之间OnceNow,"129.621342,44.584136",15846782224,黑龙江省,牡丹江市,东安区,牡丹江市
小伟·造型设计,北小平安街与平安街之间东三条路157号,"129.625887,44.584713",15545318700,黑龙江省,牡丹江市,东安区,牡丹江市
梵希造型(东二条路店),东二条路景福街交叉路口44号,"129.620104,44.588259",15754639235,黑龙江省,牡丹江市,东安区,牡丹江市
秀客造型,百好花园和塞纳丽舍之间斗银河路72号西门旁105门市,"129.624964,44.552929",13836372938,黑龙江省,牡丹江市,东安区,牡丹江市
洺尚造型(景福小区店),景福街105号,"129.619509,44.587611",13208434660,黑龙江省,牡丹江市,东安区,牡丹江市
威美发廊(江南分店),兴隆街百好花园小区1号回迁楼,"129.625644,44.550328",15046391028;15645345785,黑龙江省,牡丹江市,东安区,牡丹江市
明剪造型,日照街39号(诚信大厦附近),"129.621975,44.590175",13845344537,黑龙江省,牡丹江市,东安区,牡丹江市
优剪(兴隆街店),兴隆街道633号,"129.626017,44.550330",13136885636;13766606656,黑龙江省,牡丹江市,东安区,牡丹江市
腾野形象salon style,镜泊湖路124号,"129.632800,44.554160",15246341712,黑龙江省,牡丹江市,东安区,牡丹江市
坤造型烫染店,巴塞阳光正门口,"129.604566,44.542021",15145388884;15145388889,黑龙江省,牡丹江市,东安区,牡丹江市
登来喜烫染造型(江南华府店),江南华府西北2门东130米,"129.645715,44.555528",18704530685,黑龙江省,牡丹江市,东安区,牡丹江市
海涛造型(书香华府店),东七条路228号与东长安街交叉路口北侧(书香华府),"129.639196,44.585459",18045307553,黑龙江省,牡丹江市,东安区,牡丹江市
新天艺美发(花园西小区店),花园西小区西南门旁,"129.626764,44.573228",15304531686,黑龙江省,牡丹江市,东安区,牡丹江市
大众发艺(东小二条路店),东小二条路67号,"129.622237,44.589047",18245302281,黑龙江省,牡丹江市,东安区,牡丹江市
晓宇造型(北紫云小区店),爱民街东三东四之间15号门市晓宇造型,"129.626213,44.586288",18346366614,黑龙江省,牡丹江市,东安区,牡丹江市
风尚美发(福民街店),牡丹江市环境卫生管理处西北门西80米,"129.630780,44.578950",18249331318,黑龙江省,牡丹江市,东安区,牡丹江市
聚美造型(东平安小区店),东三条路179号,"129.626710,44.583478",13945368707,黑龙江省,牡丹江市,东安区,牡丹江市
贰号院美发沙龙,东四条路南小沿江街16号,"129.636120,44.575495",15804530444,黑龙江省,牡丹江市,东安区,牡丹江市
素艺美发造型(江达国际花园店),共和街江达国际花园3号楼42号门市素艺美发造型,"129.622487,44.542020",15099920031,黑龙江省,牡丹江市,东安区,牡丹江市
哈喽造型设计(锦绣江南店),锦绣江南东门北50米,"129.624835,44.544758",[],黑龙江省,牡丹江市,东安区,牡丹江市
湖北发社(东一条路店),丽水蓝天北门东130米,"129.627691,44.573176",13114534668,黑龙江省,牡丹江市,东安区,牡丹江市
恩典时代美发造型,清福小区,"129.637274,44.576572",13836333968,黑龙江省,牡丹江市,东安区,牡丹江市
简约风尚美发会所,东小一条路景福街105号,"129.619596,44.587905",18545388456,黑龙江省,牡丹江市,东安区,牡丹江市
梵丝染发馆,东新安街410号东新安小区,"129.634990,44.581607",[],黑龙江省,牡丹江市,东安区,牡丹江市
小生美发店,东安区华威小区,"129.627452,44.578311",18249374968,黑龙江省,牡丹江市,东安区,牡丹江市
蒂依夫人美业(世茂南外滩4期店),世茂南外滩北门西390米,"129.638035,44.557710",[],黑龙江省,牡丹江市,东安区,牡丹江市
青奢品质烫染店(东平安街店),东一条路平安街66号,"129.622697,44.582988",0453-6996886,黑龙江省,牡丹江市,东安区,牡丹江市
清香造型,东二条路南小日照街,"129.619511,44.589120",18604632065,黑龙江省,牡丹江市,东安区,牡丹江市
白发一族(天豪花园店),东小三条路七星街26号,"129.625127,44.587504",18804533669,黑龙江省,牡丹江市,东安区,牡丹江市
缇雨造型(东新安小区店),东新安街410号东新安小区,"129.635503,44.581835",[],黑龙江省,牡丹江市,东安区,牡丹江市
沐秀造型,领秀城14号楼106门市东南门旁,"129.638213,44.550550",[],黑龙江省,牡丹江市,东安区,牡丹江市
金兴发艺程娟工作室,牡丹江市环境卫生管理处西北门西110米,"129.630597,44.578875",13845345689,黑龙江省,牡丹江市,东安区,牡丹江市
慕野造型(康泰小区店),康泰小区西门旁,"129.634950,44.585693",[],黑龙江省,牡丹江市,东安区,牡丹江市
金玲秀美发造型工作室,东三条路平安街240号,"129.626036,44.583848",16221651666,黑龙江省,牡丹江市,东安区,牡丹江市
迎春美发(海洋靓景北院店),海洋靓景北院7号楼,"129.640030,44.581834",18249331662,黑龙江省,牡丹江市,东安区,牡丹江市
拐角造型(大润发店),东安区步行街东小一条路南小景福街154号,"129.618675,44.586785",18324636845,黑龙江省,牡丹江市,东安区,牡丹江市
发现造型,东菜园街与牛角湖西街交叉口南80米,"129.628989,44.574591",[],黑龙江省,牡丹江市,东安区,牡丹江市
楓尚造型(东新安小区店),新安街道南388号东新安小区,"129.634839,44.581571",13694537723;15004532613,黑龙江省,牡丹江市,东安区,牡丹江市
天一发艺(南小景福街店),南小景福街140号,"129.619688,44.587095",15246338166,黑龙江省,牡丹江市,东安区,牡丹江市
发苑发型,东牡丹街87号,"129.628166,44.582615",13946336293,黑龙江省,牡丹江市,东安区,牡丹江市
王磊造型(馨园小区店),馨园小区西北门东50米,"129.632977,44.575807",[],黑龙江省,牡丹江市,东安区,牡丹江市
爱丽丝(七星街店),东小二条路日照街,"129.621196,44.590038",15846758507,黑龙江省,牡丹江市,东安区,牡丹江市
极简美发工作室(东盛大厦店),东牡丹街61号东盛大厦F1层,"129.622101,44.581235",[],黑龙江省,牡丹江市,东安区,牡丹江市
铭人造型,东七条路长安街路口东南角,"129.639812,44.585137",15765015203,黑龙江省,牡丹江市,东安区,牡丹江市
慕颜造型,维罗纳小区13号楼101,"129.640639,44.543473",18545318885,黑龙江省,牡丹江市,东安区,牡丹江市
花皇美容美发(工商小区店),平安街120号,"129.624894,44.583549",[],黑龙江省,牡丹江市,东安区,牡丹江市
炫目造型(新安小区店),福民街东四东五之间175号,"129.633704,44.579848",13089898953,黑龙江省,牡丹江市,东安区,牡丹江市
美宣(江南华府店),江南华府东南门西120米,"129.645475,44.552725",[],黑龙江省,牡丹江市,东安区,牡丹江市
阿冰造型(长安新城店),东五条路长安街口道南20米,"129.633071,44.582840",13466662962,黑龙江省,牡丹江市,东安区,牡丹江市
享理造型店,兴隆街巴塞阳光小区1号楼103室,"129.603347,44.541515",15046391401,黑龙江省,牡丹江市,东安区,牡丹江市
理享美发沙龙,东长安街与东小三条路交叉口西20米,"129.628037,44.581746",17645307518,黑龙江省,牡丹江市,东安区,牡丹江市
美格经典发艺(星元房产有限公司景福3区店),东二条路南小景福街,"129.621417,44.587623",13766603567,黑龙江省,牡丹江市,东安区,牡丹江市
靓点发艺(环龙湾店),兴隆镇六峰湖小区5号楼,"129.606636,44.543493",15145383419,黑龙江省,牡丹江市,东安区,牡丹江市
顾的理发店Good barbershop,东三东四南市街221号,"129.632460,44.576006",[],黑龙江省,牡丹江市,东安区,牡丹江市
梵古造型(领秀城店),卧龙街10号领秀城15幢,"129.638991,44.550779",[],黑龙江省,牡丹江市,东安区,牡丹江市
名港美发(绿苑小区一区店),绿苑1区东南1门西80米,"129.635558,44.582181",[],黑龙江省,牡丹江市,东安区,牡丹江市
秀艺造型(信大福民3区店),南市街141号,"129.629414,44.575669",18714530332,黑龙江省,牡丹江市,东安区,牡丹江市
小旭造型,东小二条路与日照街交叉口西北40米,"129.621020,44.590628",18845384125,黑龙江省,牡丹江市,东安区,牡丹江市
小威美发(东四小区店),东四小区东北门东南60米,"129.632020,44.584504",[],黑龙江省,牡丹江市,东安区,牡丹江市
琳汐造型,星元房产有限公司景福3区西北门东120米,"129.622687,44.588605",[],黑龙江省,牡丹江市,东安区,牡丹江市
新新美发(南小景福街店),东小三条路南小景福街36号,"129.623444,44.588653",[],黑龙江省,牡丹江市,东安区,牡丹江市
沐泽造型(绿苑小区一区店),绿苑1区西北门东90米,"129.635232,44.583664",[],黑龙江省,牡丹江市,东安区,牡丹江市
美坤造型,东安区东二条路180号,"129.623422,44.582904",15245330969,黑龙江省,牡丹江市,东安区,牡丹江市
名佳造型(环龙湾店),莲花湖东路1149门市名佳造型,"129.603872,44.542435",[],黑龙江省,牡丹江市,东安区,牡丹江市
格调名剪(牡丹江东盛大厦店),东牡丹街61号东盛大厦F1层,"129.622596,44.581427",17745318883,黑龙江省,牡丹江市,东安区,牡丹江市
小光造型(绿苑小区三区店),东六条路45号,"129.634781,44.585364",[],黑龙江省,牡丹江市,东安区,牡丹江市
贰零贰四造型,东新安街与东三条路交叉口东40米,"129.629145,44.579793",18045399422,黑龙江省,牡丹江市,东安区,牡丹江市
传奇专业烫染(新阳绿洲康城店),林机小区东1门东北90米,"129.637914,44.575172",13514525672,黑龙江省,牡丹江市,东安区,牡丹江市
好平发艺,福民街155号,"129.633624,44.579824",[],黑龙江省,牡丹江市,东安区,牡丹江市
剪道造型(东七条路店),东七条路与东长安街交叉口南60米,"129.639760,44.584602",[],黑龙江省,牡丹江市,东安区,牡丹江市
北盛发廊(怡兴小区店),兴隆街道怡兴花园小区2号楼103室,"129.605978,44.539258",15245391293,黑龙江省,牡丹江市,东安区,牡丹江市
伊莱美容美发纹身,北小七星街景福社区2号楼,"129.620534,44.586726",13766664075,黑龙江省,牡丹江市,东安区,牡丹江市
吕龙发艺,星元房产有限公司日照小区东南门旁,"129.623911,44.589930",13836311855,黑龙江省,牡丹江市,东安区,牡丹江市
好友发艺(书香华府店),东七条路书香华府9号楼,"129.637847,44.586459",[],黑龙江省,牡丹江市,东安区,牡丹江市
精艺造型(书香华府店),书香华府东南门旁,"129.638740,44.585131",[],黑龙江省,牡丹江市,东安区,牡丹江市
绮丽剪业(新安小区店),清福小区G区东南门旁,"129.633546,44.579836",[],黑龙江省,牡丹江市,东安区,牡丹江市
柏特发艺,东牡丹街46号,"129.625457,44.581514",13945385198,黑龙江省,牡丹江市,东安区,牡丹江市
东阁发艺,世纪阳光西北2门东北110米,"129.642133,44.578979",[],黑龙江省,牡丹江市,东安区,牡丹江市
海飞丝发廊(新阳·绿洲康城店),东七条路沿江街绿洲康城19号楼,"129.639005,44.575406",13945329383,黑龙江省,牡丹江市,东安区,牡丹江市
八运燕美发名店,东三条路与柴市路之间福民街道北309号,"129.628380,44.578316",13684532988,黑龙江省,牡丹江市,东安区,牡丹江市
阿君理发(东兴小区店),东新安街181号,"129.629659,44.580434",[],黑龙江省,牡丹江市,东安区,牡丹江市
宁造型,镜泊湖东路88号彩虹湾,"129.639371,44.545231",[],黑龙江省,牡丹江市,东安区,牡丹江市
千慧美业(聚美店),景福街与东小太平路交叉口北20米,"129.616525,44.587075",[],黑龙江省,牡丹江市,东安区,牡丹江市
超淼美发烫染造型,新安小区(福民街),"129.632175,44.579625",[],黑龙江省,牡丹江市,东安区,牡丹江市
天沅发艺,南市街花园小区,"129.628768,44.574297",[],黑龙江省,牡丹江市,东安区,牡丹江市
英菲造型(巴塞阳光店),兴隆街巴塞阳光幼儿园旁,"129.605073,44.542201",[],黑龙江省,牡丹江市,东安区,牡丹江市
得意造型(紫云小区二区店),紫云小区二区,"129.625443,44.584732",[],黑龙江省,牡丹江市,东安区,牡丹江市
洋利造型,东小一条路南小日照街,"129.618728,44.588656",[],黑龙江省,牡丹江市,东安区,牡丹江市
阳阳理发店,紫云小区二区,"129.625354,44.584897",[],黑龙江省,牡丹江市,东安区,牡丹江市
云聚发艺(星元房产有限公司景福3区店),南小景福街81号,"129.621723,44.587912",[],黑龙江省,牡丹江市,东安区,牡丹江市
珍珍发屋(东七条路店),东七条路106号,"129.640042,44.584873",13845375097,黑龙江省,牡丹江市,东安区,牡丹江市
丹凤美发(步行街店),东小一条路北小日照街,"129.617716,44.589506",18714391982,黑龙江省,牡丹江市,东安区,牡丹江市
小义的理发店,兴隆街55号环龙湾,"129.603284,44.542255",15945314100,黑龙江省,牡丹江市,东安区,牡丹江市
乐草元韵呓造型(江达国际花园店),共和街江达国际花园北门4栋102门市,"129.622035,44.541909",13384630919,黑龙江省,牡丹江市,东安区,牡丹江市
博夫造型工作室,[],"129.622374,44.590634",17604539915,黑龙江省,牡丹江市,东安区,牡丹江市
香香美发(六峰湖小区店),六峰湖小区正门院内5号楼,"129.607362,44.543146",13845309338,黑龙江省,牡丹江市,东安区,牡丹江市
首艺发型公社(东新安小区店),福民街115号,"129.635771,44.580501",15246336648,黑龙江省,牡丹江市,东安区,牡丹江市
名门润秀烫染造型(东一条路店),东一条路南市街422号,"129.625677,44.574967",13604630377,黑龙江省,牡丹江市,东安区,牡丹江市
泳河男士理发馆,乌苏里路中也乜河1号楼124门市,"129.628040,44.550995",18698198886,黑龙江省,牡丹江市,东安区,牡丹江市
艺豪造型,东三条路景福街,"129.623548,44.588502",[],黑龙江省,牡丹江市,东安区,牡丹江市
老的理发店,市政路与东新安街交叉口北60米,"129.625088,44.579356",[],黑龙江省,牡丹江市,东安区,牡丹江市
剪约发艺,东二条路与南小景福街交叉口西南80米,"129.620414,44.586878",15545313660,黑龙江省,牡丹江市,东安区,牡丹江市
丽海美发(东二条路店),东二条路86号,"129.621110,44.586747",13644636008,黑龙江省,牡丹江市,东安区,牡丹江市
美客造型工作室(东小六条路店),海洋靓景3号楼,"129.639024,44.582080",[],黑龙江省,牡丹江市,东安区,牡丹江市
青丝廊专业美发(清福小区E区店),南小沿江街41号清福小区E区,"129.636703,44.576760",15145398413,黑龙江省,牡丹江市,东安区,牡丹江市
品尚造型,海洋靓景北院,"129.640125,44.581925",[],黑龙江省,牡丹江市,东安区,牡丹江市
惟尔派发艺,北小景福街11号,"129.622213,44.589430",13303637980;13836367980,黑龙江省,牡丹江市,东安区,牡丹江市
千慧美业,乜河街113号,"129.631302,44.556887",[],黑龙江省,牡丹江市,东安区,牡丹江市
旭日红发艺,阳明街道东七条路新安街与长安街之间429号,"129.640379,44.584340",15845306521,黑龙江省,牡丹江市,东安区,牡丹江市
艺美造型(爱民街店),东长安街78号,"129.624991,44.580507",18746332161,黑龙江省,牡丹江市,东安区,牡丹江市
视诀国潮男士理发馆,东三条路长安街与新安街之间,"129.628412,44.580639",[],黑龙江省,牡丹江市,东安区,牡丹江市
靓美造型,东小一条路北小东平安街靓美造型,"129.621757,44.583538",18246347273,黑龙江省,牡丹江市,东安区,牡丹江市
太姬美发馆(牡丹恒大绿洲店),镜泊湖路476号牡丹江恒大绿洲,"129.642717,44.535464",[],黑龙江省,牡丹江市,东安区,牡丹江市
迪凯(华华)美发,东小一条路北小平安街,"129.621823,44.583521",13555004530,黑龙江省,牡丹江市,东安区,牡丹江市
华溢博造型工作室,东三条路65号,"129.623545,44.588522",[],黑龙江省,牡丹江市,东安区,牡丹江市
阿威发艺,新安街道牡丹江东一条路清真寺,"129.624423,44.577782",13694685817,黑龙江省,牡丹江市,东安区,牡丹江市
红利美容美发,东牡丹街东五条路与东六条路之间绿苑小区二区7号楼,"129.634660,44.584094",13199362518,黑龙江省,牡丹江市,东安区,牡丹江市
简约造型(六峰湖小区店),六峰湖小区1号楼7号门市,"129.607910,44.543588",18645305526,黑龙江省,牡丹江市,东安区,牡丹江市
艾莎烫染造型,南小七星街与东小一条路交叉口东北20米,"129.620549,44.585709",[],黑龙江省,牡丹江市,东安区,牡丹江市
顶尚美发(华威小区店),东三条路新安街华威小区19号楼,"129.628573,44.578689",13836351380,黑龙江省,牡丹江市,东安区,牡丹江市
黑猫美发设计室(新安小区店),新安小区(福民街),"129.633444,44.580821",15846762980,黑龙江省,牡丹江市,东安区,牡丹江市
红鱼美发,东七条路与林川街交叉口东南40米,"129.639975,44.584975",13624538611,黑龙江省,牡丹江市,东安区,牡丹江市
沐名造型(东四小区店),东四小区东北门东南60米,"129.632009,44.584524",13945374813,黑龙江省,牡丹江市,东安区,牡丹江市
名扬造型,新阳绿洲康城19号楼105门市,"129.639139,44.575400",13504531797,黑龙江省,牡丹江市,东安区,牡丹江市
托天发艺,南小景福街64号,"129.622607,44.587890",[],黑龙江省,牡丹江市,东安区,牡丹江市
九千盈烫染经典店,华威小区东南门旁,"129.628655,44.578408",15204536676,黑龙江省,牡丹江市,东安区,牡丹江市
金剪子烫染工作室,北小东平安街与东小一条路交叉口西南60米,"129.621236,44.583110",[],黑龙江省,牡丹江市,东安区,牡丹江市
汇泉美发室(民航小区店),七星街58-a附近,"129.623426,44.586544",13946397742,黑龙江省,牡丹江市,东安区,牡丹江市
晓辰造型,东长安街与东小三条路交叉口西20米153号,"129.628158,44.581767",15245333733,黑龙江省,牡丹江市,东安区,牡丹江市
新时尚美发造型,七星街道北小爱民街与东小一条路交叉口东40米,"129.621288,44.585134",13644637651,黑龙江省,牡丹江市,东安区,牡丹江市
月北美发店,东七条路与东新安街交叉口北80米,"129.640385,44.584299",[],黑龙江省,牡丹江市,东安区,牡丹江市
云龙发艺(星元房产有限公司景福3区店),星元房产有限公司景福3区东南门旁,"129.621653,44.587976",13766614568,黑龙江省,牡丹江市,东安区,牡丹江市
百姓理发店,东五条路与东新安街交叉口西北60米,"129.633520,44.581987",[],黑龙江省,牡丹江市,东安区,牡丹江市
黄金造型(丽水蓝天店),花园西小区西南门西南50米,"129.626216,44.573064",15945752922,黑龙江省,牡丹江市,东安区,牡丹江市
凤凰美发,东大批发城负一层29厅,"129.621963,44.580204",0453-6956633,黑龙江省,牡丹江市,东安区,牡丹江市
俊客专业美发,东六条路鸿峰花园4号楼,"129.636625,44.579975",[],黑龙江省,牡丹江市,东安区,牡丹江市
香香美发厅(福民1区店),东三条路406正南方向90米信大福民1区,"129.628374,44.578168",13089840286,黑龙江省,牡丹江市,东安区,牡丹江市
林鑫发艺,南市街42号,"129.624922,44.575178",[],黑龙江省,牡丹江市,东安区,牡丹江市
铭都美容美发(环龙湾店),环龙湾东南门东90米,"129.606398,44.543370",[],黑龙江省,牡丹江市,东安区,牡丹江市
万利美发设计,东新安街与东五条路交叉口西南20米,"129.633878,44.581321",13694680577,黑龙江省,牡丹江市,东安区,牡丹江市
明洞造型,雍华庭南门旁,"129.634430,44.557293",[],黑龙江省,牡丹江市,东安区,牡丹江市
新卓越美发造型,世茂南外滩1期东南门旁,"129.637475,44.553475",[],黑龙江省,牡丹江市,东安区,牡丹江市
阿俊造型(日照街店),东一条路东小一条路日照街115号,"129.617356,44.589099",[],黑龙江省,牡丹江市,东安区,牡丹江市
仙剪阁,东二条路与东平安街交叉口南80米,"129.623575,44.582675",[],黑龙江省,牡丹江市,东安区,牡丹江市
客多多快剪,东一步行街55号大润发(东安店),"129.619125,44.586425",[],黑龙江省,牡丹江市,东安区,牡丹江市
小贾的化妆工作室,东小一条路北小爱民街(华隆美食街)平台5号门市,"129.620022,44.584734",17642009267,黑龙江省,牡丹江市,东安区,牡丹江市
雲墨纹身工作室,东三条路249号,"129.628254,44.580743",15590883031;15764546366,黑龙江省,牡丹江市,东安区,牡丹江市
CC的美甲工作室(东大劝业场店),太平路199号东大劝业场,"129.620425,44.580375",[],黑龙江省,牡丹江市,东安区,牡丹江市
壹一美甲工作室,南小爱民街与东小一条路交叉口西南40米,"129.620985,44.583717",[],黑龙江省,牡丹江市,东安区,牡丹江市
乐乐工作室,星河传说·聚星岛,"129.630648,44.557858",[],黑龙江省,牡丹江市,东安区,牡丹江市
爵士烫染造型(山城社区店),文化街160号,"131.165300,44.396423",13351237233;13763611287,黑龙江省,牡丹江市,绥芬河市,牡丹江市
几何匠造发型工作室,新兴街131号,"131.166182,44.400918",15945741991,黑龙江省,牡丹江市,绥芬河市,牡丹江市
静静时尚发型设计,新华街182号,"131.167494,44.395418",13766612022,黑龙江省,牡丹江市,绥芬河市,牡丹江市
欧尚女士烫染旗舰店,青云路185号四季春酒店对面,"131.167616,44.398135",0453-3999970;15645393030,黑龙江省,牡丹江市,绥芬河市,牡丹江市
老狼发艺,聚源街24号,"131.161369,44.397812",13904843663,黑龙江省,牡丹江市,绥芬河市,牡丹江市
七月造型,时尚E人网吧对面,"131.160059,44.397007",15245312040,黑龙江省,牡丹江市,绥芬河市,牡丹江市
简爱形象设计,时代广场B-14,"131.148781,44.398214",15945398822,黑龙江省,牡丹江市,绥芬河市,牡丹江市
咔咔发型工作室(牡丹江绥芬河市),绥芬河镇文化街172号,"131.165375,44.396475",13946385500,黑龙江省,牡丹江市,绥芬河市,牡丹江市
美乐理发店,新兴街北侧金桥公寓楼下美乐理发店,"131.160892,44.402001",13514521705;15245333880,黑龙江省,牡丹江市,绥芬河市,牡丹江市
东子发型工作室(山城社区店),新华街139号山城社区,"131.165074,44.396387",15145320737,黑龙江省,牡丹江市,绥芬河市,牡丹江市
沐喜美甲美发,聚源3号楼1单元,"131.161024,44.398197",13836325556,黑龙江省,牡丹江市,绥芬河市,牡丹江市
千惠美发(利华家园店),新华街274号,"131.170770,44.395936",13514512825,黑龙江省,牡丹江市,绥芬河市,牡丹江市
潮流之尚形象设计(山城社区店),绥芬河镇文化街176号,"131.165625,44.396466",13351239255,黑龙江省,牡丹江市,绥芬河市,牡丹江市
小刚造型(旗镇街店),绥芬河镇聚源街42号,"131.161025,44.397959",[],黑龙江省,牡丹江市,绥芬河市,牡丹江市
大春发型工作室,青云路103号,"131.166907,44.401294",[],黑龙江省,牡丹江市,绥芬河市,牡丹江市
诱惑力美发(平安街店),绥芬河镇平安街20号,"131.160137,44.391781",[],黑龙江省,牡丹江市,绥芬河市,牡丹江市
虹珊美发,珠江路与乌苏里大街交叉口北60米,"131.148517,44.410591",13945335712,黑龙江省,牡丹江市,绥芬河市,牡丹江市
王子烫染名店,绥芬河镇迎新街79号,"131.163818,44.394505",[],黑龙江省,牡丹江市,绥芬河市,牡丹江市
剪艺发型设计,新华街与青云路交叉口西20米,"131.167843,44.395735",13836349617;15146328737,黑龙江省,牡丹江市,绥芬河市,牡丹江市
鑫颖美发嘎里娅路门牌号195号,嘎里娅路195号,"131.160134,44.403549",15046371702,黑龙江省,牡丹江市,绥芬河市,牡丹江市
美艺美发(育才小区店),乌苏里大街51号,"131.146117,44.410796",13514512193,黑龙江省,牡丹江市,绥芬河市,牡丹江市
晓庆发艺(旗苑嘉园店),旗苑嘉园B区南门西80米,"131.142381,44.394077",13504607860,黑龙江省,牡丹江市,绥芬河市,牡丹江市
漫妮美发,银桥宾馆后身热力3号楼,"131.160854,44.402694",13304534645,黑龙江省,牡丹江市,绥芬河市,牡丹江市
俊玲发艺,绥芬河镇新兴街145号,"131.166404,44.400988",13946325705,黑龙江省,牡丹江市,绥芬河市,牡丹江市
阿莲发艺(利华家园店),绥芬河镇丽华家园2号楼新华街302号,"131.171656,44.396062",13664631486,黑龙江省,牡丹江市,绥芬河市,牡丹江市
创意时尚烫染(青云路店),绥芬河镇文化街188号,"131.167317,44.397697",[],黑龙江省,牡丹江市,绥芬河市,牡丹江市
伊妍美容美发,绥芬河镇青云路通亚街欧品蛋糕旁边,"131.167633,44.397764",[],黑龙江省,牡丹江市,绥芬河市,牡丹江市
雯洁美容院,绥芬河镇迎新街116号,"131.165746,44.394218",[],黑龙江省,牡丹江市,绥芬河市,牡丹江市
文丽美容美发美体,新华街206号,"131.167752,44.395506",0453-3999891,黑龙江省,牡丹江市,绥芬河市,牡丹江市
弘磊发艺(宝城-翰林苑店),迎泽丽都东门西北50米,"131.132658,44.388414",18249380788,黑龙江省,牡丹江市,绥芬河市,牡丹江市
艺际时尚烫染,文化街与山城路交叉口东40米,"131.166445,44.396589",[],黑龙江省,牡丹江市,绥芬河市,牡丹江市
小彬时尚造型,绥芬河镇聚源街25号,"131.160525,44.397775",[],黑龙江省,牡丹江市,绥芬河市,牡丹江市
新丝路形象设计,梨树街铁路浴池一区门市,"131.160082,44.397010",13836348551,黑龙江省,牡丹江市,绥芬河市,牡丹江市
小蝶美发(澳运阳光花园店),绥芬河镇奥运阳光花园2号楼8号门市,"131.142127,44.410412",18842516433,黑龙江省,牡丹江市,绥芬河市,牡丹江市
美君发艺(旗苑嘉园店),阜宁镇阜新街-249号,"131.142484,44.394083",13634636253,黑龙江省,牡丹江市,绥芬河市,牡丹江市
梵欧发艺,大直路与梨树街交叉口西南40米,"131.159400,44.396772",13504607631,黑龙江省,牡丹江市,绥芬河市,牡丹江市
南希美发,绥芬河镇大直路66号,"131.159516,44.396370",13763610396,黑龙江省,牡丹江市,绥芬河市,牡丹江市
小静发艺,青云路205号,"131.168314,44.397398",15945397437,黑龙江省,牡丹江市,绥芬河市,牡丹江市
慧子造型,青云路68号,"131.166510,44.400519",15246393009,黑龙江省,牡丹江市,绥芬河市,牡丹江市
创艺发型设计,绥芬河镇青云路123号(四季面条隔壁),"131.166948,44.400516",13664631703,黑龙江省,牡丹江市,绥芬河市,牡丹江市
深港专业烫染,"山城路文化街集资1号楼1单元102室,文化街117号","131.165919,44.396549",18714423113,黑龙江省,牡丹江市,绥芬河市,牡丹江市
毛毛烫染工作室,迎新街与大直路交叉口东20米,"131.160947,44.393528",13009899298,黑龙江省,牡丹江市,绥芬河市,牡丹江市
梵慕造型,迎新街110号,"131.165970,44.394499",13206864450,黑龙江省,牡丹江市,绥芬河市,牡丹江市
自由时尚造型,绥芬河镇聚源街29号,"131.161172,44.398136",[],黑龙江省,牡丹江市,绥芬河市,牡丹江市
珍美发艺(世纪花园店),绥芬河镇通天路200号,"131.164118,44.393982",[],黑龙江省,牡丹江市,绥芬河市,牡丹江市
丽波美发,大直路76号,"131.159499,44.396262",[],黑龙江省,牡丹江市,绥芬河市,牡丹江市
首艺烫染造型(山城路店),山城路254号,"131.166612,44.394058",13634536231,黑龙江省,牡丹江市,绥芬河市,牡丹江市
丽娜造型,通亚街与珍珠路交叉口西40米,"131.169579,44.398221",[],黑龙江省,牡丹江市,绥芬河市,牡丹江市
名匠造型(通亚街店),橡山街11号,"131.161596,44.398376",[],黑龙江省,牡丹江市,绥芬河市,牡丹江市
小美发艺,绥芬河镇银桥宾馆后身,"131.160842,44.402735",[],黑龙江省,牡丹江市,绥芬河市,牡丹江市
明朗造型,绥芬河镇铁路浴池一区,"131.160206,44.397025",[],黑龙江省,牡丹江市,绥芬河市,牡丹江市
金子发艺工作室,绥芬河镇新开街11号,"131.162595,44.399489",[],黑龙江省,牡丹江市,绥芬河市,牡丹江市
名仕发廊,通珍街万事利楼,"131.168582,44.397294",[],黑龙江省,牡丹江市,绥芬河市,牡丹江市
雅典形象设计,文化街与大直路交叉口东60米,"131.160675,44.395876",13199388316,黑龙江省,牡丹江市,绥芬河市,牡丹江市
苏可顶级发型品牌,绥芬河镇通亚街190号,"131.169637,44.398232",[],黑龙江省,牡丹江市,绥芬河市,牡丹江市
木子造型,绥芬河市聚源3号楼55号,"131.160560,44.398330",[],黑龙江省,牡丹江市,绥芬河市,牡丹江市
沐名美发,聚源街与梨树街交叉口北40米,"131.160864,44.397548",[],黑龙江省,牡丹江市,绥芬河市,牡丹江市
凯文美发形象设计,梨树街与大直路交叉口东40米,"131.160017,44.396998",13514522295,黑龙江省,牡丹江市,绥芬河市,牡丹江市
摩卡造型,海融·富华苑南门东80米,"131.135210,44.395997",[],黑龙江省,牡丹江市,绥芬河市,牡丹江市
新潮美发(同福街店),同福街政府家属楼76号,"131.153230,44.406849",[],黑龙江省,牡丹江市,绥芬河市,牡丹江市
鑫鑫发型设计,迎新街与大直路交叉口东20米,"131.160649,44.393437",[],黑龙江省,牡丹江市,绥芬河市,牡丹江市
风尚造型,青云路与新兴街交叉口南40米,"131.166651,44.400470",[],黑龙江省,牡丹江市,绥芬河市,牡丹江市
纤艺造型(通亚街店),通亚街五彩楼174号,"131.169292,44.398151",13936349873,黑龙江省,牡丹江市,绥芬河市,牡丹江市
永峰美业,通亚街与珍珠路交叉口西40米,"131.169565,44.398218",18249316111,黑龙江省,牡丹江市,绥芬河市,牡丹江市
小双发艺,新兴街与青云路交叉口东40米,"131.167199,44.400762",15174691325,黑龙江省,牡丹江市,绥芬河市,牡丹江市
小东造型,青云路168号,"131.168267,44.396083",13504607355,黑龙江省,牡丹江市,绥芬河市,牡丹江市
小达发艺(旗镇街店),绥芬河镇聚源街38号,"131.161262,44.397836",15946345993,黑龙江省,牡丹江市,绥芬河市,牡丹江市
文东发艺,新荣街与通亚街交叉口西北20米,"131.166226,44.397951",13664637804,黑龙江省,牡丹江市,绥芬河市,牡丹江市
铭塑烫染名店,通亚街与青云路交叉口东80米,"131.168510,44.397988",13604839546,黑龙江省,牡丹江市,绥芬河市,牡丹江市
梦巴黎美发,远航路与电力街交叉口西60米,"131.152204,44.405434",13946325243,黑龙江省,牡丹江市,绥芬河市,牡丹江市
红发屋,新兴街143号,"131.166257,44.400974",13224635234,黑龙江省,牡丹江市,绥芬河市,牡丹江市
玉莲概念发艺,绥芬河镇花园路平安街18号,"131.160058,44.391769",15945396466,黑龙江省,牡丹江市,绥芬河市,牡丹江市
U·美私人订制,通亚街203号,"131.169567,44.398399",13115531444,黑龙江省,牡丹江市,绥芬河市,牡丹江市
交点发艺,绥芬河镇海融富华苑13号楼,"131.132246,44.397337",[],黑龙江省,牡丹江市,绥芬河市,牡丹江市
雪林发艺,新兴街135号,"131.166167,44.400963",[],黑龙江省,牡丹江市,绥芬河市,牡丹江市
典点烫染(宝城-翰林苑店),宝城-翰林苑西门旁,"131.133642,44.386951",[],黑龙江省,牡丹江市,绥芬河市,牡丹江市
审美造型烫染中心,青云路与通珍街交叉口西北40米,"131.167366,44.397613",[],黑龙江省,牡丹江市,绥芬河市,牡丹江市
洋艺发型设计(时代广场2期店),时代广场南门东50米,"131.150521,44.399047",13664637622,黑龙江省,牡丹江市,绥芬河市,牡丹江市
丝艺时尚烫染潮牌,通亚街与青云路交叉口东100米,"131.168696,44.398031",[],黑龙江省,牡丹江市,绥芬河市,牡丹江市
靓丽发艺,新兴街与青云路交叉口西北20米,"131.166475,44.400978",18045319630,黑龙江省,牡丹江市,绥芬河市,牡丹江市
艾米美发(绥芬河店),嘎丽娅路与新兴街交叉口东北140米,"131.160245,44.403906",[],黑龙江省,牡丹江市,绥芬河市,牡丹江市
婷婷美发(利华家园店),绥芬河镇新华街320号,"131.172114,44.396157",[],黑龙江省,牡丹江市,绥芬河市,牡丹江市
靓颖美发,绥芬河市交警队集资楼门市,"131.160078,44.402832",[],黑龙江省,牡丹江市,绥芬河市,牡丹江市
简剪形象设计,绥芬河镇凯华商厦后身会晤路9号,"131.162048,44.402443",[],黑龙江省,牡丹江市,绥芬河市,牡丹江市
安红发型设计,大直路177号,"131.161144,44.391431",15046377175,黑龙江省,牡丹江市,绥芬河市,牡丹江市
晓秋发艺,绥芬河镇聚源2号楼,"131.161195,44.397843",[],黑龙江省,牡丹江市,绥芬河市,牡丹江市
焕洁美发,青云路与南环路交叉口北140米,"131.168929,44.393219",[],黑龙江省,牡丹江市,绥芬河市,牡丹江市
鑫蕊发艺,青云路与迎新街交叉口东南20米,"131.168580,44.394487",[],黑龙江省,牡丹江市,绥芬河市,牡丹江市
亚色理发店,文化街与青云路交叉口西20米,"131.167525,44.396975",[],黑龙江省,牡丹江市,绥芬河市,牡丹江市
小欧发艺,通亚街128号,"131.168142,44.397930",[],黑龙江省,牡丹江市,绥芬河市,牡丹江市
艳辉美发,振兴路与新兴街交叉口西北180米,"131.169679,44.402402",[],黑龙江省,牡丹江市,绥芬河市,牡丹江市
欣紫美发,花园路与平安街交叉口西北40米,"131.158987,44.392004",[],黑龙江省,牡丹江市,绥芬河市,牡丹江市
小军美发,新安街33号中门市,"131.163727,44.398940",13845318898,黑龙江省,牡丹江市,绥芬河市,牡丹江市
相遇理发店,文化街与花园路交叉口东北40米,"131.158875,44.395625",[],黑龙江省,牡丹江市,绥芬河市,牡丹江市
东尼造型,聚源街与梨树街交叉口北80米,"131.160822,44.397992",[],黑龙江省,牡丹江市,绥芬河市,牡丹江市
茗艺美业,花园路与梨树街交叉口西北100米,"131.157587,44.397762",[],黑龙江省,牡丹江市,绥芬河市,牡丹江市
本色美发,新兴街与嘎丽娅路交叉口东40米,"131.159666,44.402827",[],黑龙江省,牡丹江市,绥芬河市,牡丹江市
金满艺美发,嘎丽娅路与新兴街交叉口东北160米,"131.160425,44.403875",[],黑龙江省,牡丹江市,绥芬河市,牡丹江市
剪约造型,新华街与山城路交叉口东80米,"131.167011,44.395389",[],黑龙江省,牡丹江市,绥芬河市,牡丹江市
琳琳美发,花园路与迎新街交叉口西北60米,"131.158614,44.393523",[],黑龙江省,牡丹江市,绥芬河市,牡丹江市
慧美发屋,阜宁镇海融富华苑12号楼,"131.134875,44.397925",[],黑龙江省,牡丹江市,绥芬河市,牡丹江市
添雅发艺(福宁雅居店),福宁雅居西门东南70米,"131.141312,44.387085",[],黑龙江省,牡丹江市,绥芬河市,牡丹江市
滚石美发,通亚街与珍珠路交叉口西60米,"131.169331,44.398366",[],黑龙江省,牡丹江市,绥芬河市,牡丹江市
顺意发屋,大直路与长安街交叉口西北80米,"131.161194,44.389827",[],黑龙江省,牡丹江市,绥芬河市,牡丹江市
莎朗美发,绥芬河镇长江路34号,"131.153596,44.406827",[],黑龙江省,牡丹江市,绥芬河市,牡丹江市
晓薇发艺(海融·富华苑店),阜宁镇富华街1号东北方向190米海融·富华苑,"131.134619,44.396310",[],黑龙江省,牡丹江市,绥芬河市,牡丹江市
影慧理发,新华街与花园路交叉口东北40米,"131.159000,44.394555",[],黑龙江省,牡丹江市,绥芬河市,牡丹江市
金豆豆发艺,绥芬河镇花园路143号,"131.159466,44.392358",[],黑龙江省,牡丹江市,绥芬河市,牡丹江市
杰子发型设计,大直路254号,"131.161230,44.389845",[],黑龙江省,牡丹江市,绥芬河市,牡丹江市
爽婷美发(旗苑嘉园B区店),旗苑嘉园东南门旁,"131.144437,44.394223",[],黑龙江省,牡丹江市,绥芬河市,牡丹江市
姝艺美容工作室,新华街与山城路交叉口西60米,"131.165420,44.395131",[],黑龙江省,牡丹江市,绥芬河市,牡丹江市
多多美甲美睫工作室,通天路209号太阳购物公寓1004室,"131.164300,44.395884",[],黑龙江省,牡丹江市,绥芬河市,牡丹江市
冠颜国际纤渺管理形象店,山城社区东北门北80米,"131.165959,44.396748",[],黑龙江省,牡丹江市,绥芬河市,牡丹江市
肤域·专业祛痘(绥芬河店),通天路98号通天路兴绥大厦,"131.164225,44.398475",[],黑龙江省,牡丹江市,绥芬河市,牡丹江市
博琳美容(绥芬河店),黄河路山景嘉园1-10号门市,"131.146712,44.409574",15945394543,黑龙江省,牡丹江市,绥芬河市,牡丹江市
美容SPA会所,新华街156号,"131.165660,44.395184",[],黑龙江省,牡丹江市,绥芬河市,牡丹江市
梦巴黎专业美发沙龙(阳光3区友好店),阳光三区门市,"131.130586,44.060831",0453-3668186,黑龙江省,牡丹江市,东宁市,牡丹江市
深港发艺,东宁镇黄金公司吉信家属楼1号门市,"131.127403,44.066896",0453-3658877;0453-3688898,黑龙江省,牡丹江市,东宁市,牡丹江市
小影美发(路畅小区店),路畅小区西门旁,"131.132877,44.059956",13946393943;15945383455,黑龙江省,牡丹江市,东宁市,牡丹江市
美吧发型设计(福联安居楼店),工联街福联小区4号门市,"131.130057,44.060938",[],黑龙江省,牡丹江市,东宁市,牡丹江市
薇薇发艺,通盛街与细林巷交叉口北40米,"131.132669,44.064173",18246320063,黑龙江省,牡丹江市,东宁市,牡丹江市
头等舱造型(兴发小区店),金叶小区西北门旁,"131.129106,44.066769",13214630206,黑龙江省,牡丹江市,东宁市,牡丹江市
艾菲儿美发,东宁市房产14号楼,"131.120266,44.064704",13836391611,黑龙江省,牡丹江市,东宁市,牡丹江市
木子发艺理发店,绥阳镇建荣街景园小区27号门市,"130.891577,44.425932",[],黑龙江省,牡丹江市,东宁市,牡丹江市
绝色造型(天成2区店),天成小区2区,"130.889208,44.425877",[],黑龙江省,牡丹江市,东宁市,牡丹江市
时尚元素美容美发(江南二区店),东宁镇江南二区,"131.127503,44.066010",15846462221,黑龙江省,牡丹江市,东宁市,牡丹江市
爵士美发(通盛街店),通盛街84号,"131.126037,44.067294",15246386378,黑龙江省,牡丹江市,东宁市,牡丹江市
魔剪(通盛街店),通盛街与细林巷交叉口北40米,"131.132709,44.064108",[],黑龙江省,牡丹江市,东宁市,牡丹江市
老狼发艺,301国道与兴阳街交叉口西南180米,"130.892376,44.425906",15945480783,黑龙江省,牡丹江市,东宁市,牡丹江市
蒂梵尼(鸿祥家园店),鸿祥家园北门旁,"131.122603,44.064541",15945385989,黑龙江省,牡丹江市,东宁市,牡丹江市
照磊剪发廊(幸福小区店),福联安居楼东北门旁,"131.129918,44.061321",[],黑龙江省,牡丹江市,东宁市,牡丹江市
斯为美发艺(明德花园店),馨苑2区南门南50米,"131.126231,44.056552",15246384568;15946324177,黑龙江省,牡丹江市,东宁市,牡丹江市
千艺发型室(吉祥大厦店),东宁镇北兴小区a座31号门市吉祥大厦东门,"131.132132,44.063464",15174680521,黑龙江省,牡丹江市,东宁市,牡丹江市
唯美发艺,老黑山镇老黑山村村民委员会西侧160米,"130.868875,43.740175",[],黑龙江省,牡丹江市,东宁市,牡丹江市
丝路发艺,纺织路与河北街交叉路口东南侧(财政小区西北侧),"131.120379,44.069450",[],黑龙江省,牡丹江市,东宁市,牡丹江市
剪艺人生(光明小区店),光明街19-3号附近,"131.116415,44.066951",13946383608,黑龙江省,牡丹江市,东宁市,牡丹江市
玉红发廊,东宁镇繁荣街东兴路宝信商场后身,"131.128525,44.065125",[],黑龙江省,牡丹江市,东宁市,牡丹江市
质朴美发沙龙,光明街与纺织路交叉口东60米,"131.121397,44.067457",15545037717,黑龙江省,牡丹江市,东宁市,牡丹江市
青丝绣坊时尚发艺,纺织小区利源祥酒店楼下,"131.120706,44.065703",[],黑龙江省,牡丹江市,东宁市,牡丹江市
尚品时尚造型,通胜街84号,"131.126069,44.066591",18714426987,黑龙江省,牡丹江市,东宁市,牡丹江市
觅镜,盛和城3号楼1号门市,"131.126134,44.072591",15246389665;18745388500,黑龙江省,牡丹江市,东宁市,牡丹江市
格尔美发艺工作室(兴发小区店),兴发小区1号门市(通盛街),"131.129090,44.066792",15246333340,黑龙江省,牡丹江市,东宁市,牡丹江市
发朴造型烫染专业店,市工联街幸福小区南侧8号门市,"131.129634,44.061343",13946300554,黑龙江省,牡丹江市,东宁市,牡丹江市
审美(美容美体烫染造型店),东宁市机关幼儿园南门东80米,"131.124387,44.064879",13763611117,黑龙江省,牡丹江市,东宁市,牡丹江市
鑫苑发艺(明德花园店),黑龙江省牡丹江市东宁市东宁镇明德花园小区7号楼9号门市,"131.127317,44.056588",[],黑龙江省,牡丹江市,东宁市,牡丹江市
婷婷发型工作室,繁荣小区北门旁,"131.120620,44.064810",15645330606,黑龙江省,牡丹江市,东宁市,牡丹江市
聚点形象设计,中心小区c栋聚点发艺,"131.129069,44.065526",15945380078,黑龙江省,牡丹江市,东宁市,牡丹江市
小爱美发(路畅小区店),路畅小区,"131.131422,44.059364",13836390897,黑龙江省,牡丹江市,东宁市,牡丹江市
天艺发型室(锦绣家园店),绥滨小区a座33号,"131.112658,44.066681",[],黑龙江省,牡丹江市,东宁市,牡丹江市
夕禾发型工作室,学府小区东门旁纺织小区3号门市,"131.120725,44.065975",18714422671,黑龙江省,牡丹江市,东宁市,牡丹江市
影艺造型(彩虹花园店),东宁镇彩虹花园a座,"131.121592,44.066434",18946368827,黑龙江省,牡丹江市,东宁市,牡丹江市
芒果造型(金苑小区店),东兴路40号,"131.130389,44.065316",18945332992,黑龙江省,牡丹江市,东宁市,牡丹江市
享理,东宁市,"131.120600,44.067381",[],黑龙江省,牡丹江市,东宁市,牡丹江市
爱尚理拉女发V潮店,通盛街与三江路交叉口东南40米,"131.125925,44.067328",[],黑龙江省,牡丹江市,东宁市,牡丹江市
小柳美发,繁荣街106号10号门市,"131.124621,44.064666",[],黑龙江省,牡丹江市,东宁市,牡丹江市
首尔美发沙龙,福乐幼儿园东南门西50米,"131.121626,44.061375",13766612310,黑龙江省,牡丹江市,东宁市,牡丹江市
小也发艺,彩虹小区a栋,"131.122072,44.066450",15146327079,黑龙江省,牡丹江市,东宁市,牡丹江市
美源烫染专业机构,东宁镇繁荣小区东侧门市116号,"131.121361,44.063982",[],黑龙江省,牡丹江市,东宁市,牡丹江市
慕凡发艺(兴发小区店),通盛路兴发小区9号门市,"131.129535,44.066764",[],黑龙江省,牡丹江市,东宁市,牡丹江市
沙轩造型(幸福小区店),绥阳镇幸福小区10号门市,"130.883687,44.418640",[],黑龙江省,牡丹江市,东宁市,牡丹江市
深度造型,中心小区A栋20号门市,"131.128692,44.066610",13089859796,黑龙江省,牡丹江市,东宁市,牡丹江市
博丽发屋,中华南路与幸福路交叉口北120米,"131.127481,44.059545",[],黑龙江省,牡丹江市,东宁市,牡丹江市
新宇发式林,301国道与兴阳街交叉口西180米,"130.892191,44.426000",13114637973,黑龙江省,牡丹江市,东宁市,牡丹江市
美琪发艺,东宁镇振华小区1号楼,"131.121255,44.059462",[],黑龙江省,牡丹江市,东宁市,牡丹江市
剪艺轩专业烫染,301国道与兴阳街交叉口西南220米,"130.891950,44.425715",[],黑龙江省,牡丹江市,东宁市,牡丹江市
理享造型,兴阳街9号,"130.892541,44.425714",15344536797,黑龙江省,牡丹江市,东宁市,牡丹江市
喜头发型工作室,黄金小区14号门市,"131.128469,44.066868",[],黑龙江省,牡丹江市,东宁市,牡丹江市
第六感发型设计(新馨家园店),东宁镇新馨家园C栋4号门市,"131.131573,44.066001",[],黑龙江省,牡丹江市,东宁市,牡丹江市
尚欧造型,双泉路4号,"131.131777,44.067943",17382875389,黑龙江省,牡丹江市,东宁市,牡丹江市
有空造型,幸福小区2号门市,"131.129325,44.061791",17831073895,黑龙江省,牡丹江市,东宁市,牡丹江市
尚剪造型烫染,东苑三区2号楼6号门市,"131.140130,44.058736",15246388853,黑龙江省,牡丹江市,东宁市,牡丹江市
艺格发型设计室,东宁镇东苑路22号二校斜对面,"131.135870,44.058582",18677726543,黑龙江省,牡丹江市,东宁市,牡丹江市
靓点发艺(新馨家园店),新馨家园东南门旁,"131.132182,44.066113",18745386876,黑龙江省,牡丹江市,东宁市,牡丹江市
超群造型,东宁镇纺织路与河北街交叉口东南党校家属楼11号门市,"131.120246,44.069686",18745381181,黑龙江省,牡丹江市,东宁市,牡丹江市
舒雅美发,富源小区东侧50米,"130.886430,44.425610",[],黑龙江省,牡丹江市,东宁市,牡丹江市
名爵时尚造型,东宁镇西安花园2号楼10号门市,"131.118989,44.060416",[],黑龙江省,牡丹江市,东宁市,牡丹江市
维尔美发艺,东宁镇山城酒店旁边,"131.130625,44.061375",[],黑龙江省,牡丹江市,东宁市,牡丹江市
唯美发型设计室,西安花园1号楼,"131.120295,44.060973",[],黑龙江省,牡丹江市,东宁市,牡丹江市
魅丽异族发型设计,市绥阳镇发廊街景源一区8号门市,"130.892308,44.425721",13766620691,黑龙江省,牡丹江市,东宁市,牡丹江市
卓越美发(金苑小区店),东兴路与通胜路交叉口南60米,"131.130661,44.065639",13704635931,黑龙江省,牡丹江市,东宁市,牡丹江市
鑫意美发(彩虹花园店),东宁镇彩虹花园a座,"131.121339,44.066428",[],黑龙江省,牡丹江市,东宁市,牡丹江市
绝色发艺(西安花园南区店),东宁镇西安花园多3号楼,"131.120345,44.060123",[],黑龙江省,牡丹江市,东宁市,牡丹江市
大众美发(三江路店),东宁镇中华路劳动局楼下,"131.125380,44.067299",[],黑龙江省,牡丹江市,东宁市,牡丹江市
艺廊美发,东宁镇中心小区北门19号,"131.128675,44.066888",[],黑龙江省,牡丹江市,东宁市,牡丹江市
士青美发(富丽家园店),301国道与绥阳西大桥交叉口北380米,"130.878769,44.421747",13836390043,黑龙江省,牡丹江市,东宁市,牡丹江市
起点造型,绥阳镇兴阳街平安快捷宾馆对面,"130.886136,44.425766",[],黑龙江省,牡丹江市,东宁市,牡丹江市
慧金美业,绥阳镇景源二区,"130.891084,44.426197",[],黑龙江省,牡丹江市,东宁市,牡丹江市
金城发艺,兴华3区西南门东南130米,"131.115021,44.066959",13945305851,黑龙江省,牡丹江市,东宁市,牡丹江市
旭阳发艺,东兴路20-1附近,"131.129598,44.065337",[],黑龙江省,牡丹江市,东宁市,牡丹江市
滚石发艺(幸福小区店),福联安居楼东北门旁,"131.129639,44.061408",[],黑龙江省,牡丹江市,东宁市,牡丹江市
首艺造型(东兴路店),东宁镇东兴路诚信建材商场,"131.131917,44.068006",[],黑龙江省,牡丹江市,东宁市,牡丹江市
名廊造型工作室(河北街店),东宁镇嘉乐小区对面,"131.122514,44.070573",15946323702,黑龙江省,牡丹江市,东宁市,牡丹江市
芳芳造型,富源小区南侧,"130.885763,44.425706",[],黑龙江省,牡丹江市,东宁市,牡丹江市
美奇特发艺,绥阳镇中心学校西北侧,"130.888138,44.425083",[],黑龙江省,牡丹江市,东宁市,牡丹江市
主流造型连锁机构,江南小区,"131.126407,44.065801",[],黑龙江省,牡丹江市,东宁市,牡丹江市
喜欢理烫染工作室,中心小区19号门市,"131.128764,44.066579",18246322893,黑龙江省,牡丹江市,东宁市,牡丹江市
木槿造型(金苑小区店),市东兴路与昌盛街交叉口,"131.130270,44.065667",18714424447,黑龙江省,牡丹江市,东宁市,牡丹江市
美登高发艺(金苑小区店),东宁镇金苑小区老烟草公司红绿灯处农行对面,"131.130826,44.065880",18845352456,黑龙江省,牡丹江市,东宁市,牡丹江市
经典时尚烫染店(天成2区店),绥阳镇天成二区,"130.889925,44.425656",[],黑龙江省,牡丹江市,东宁市,牡丹江市
名匠创艺空间,301国道与兴阳街交叉口西南180米,"130.892605,44.425716",[],黑龙江省,牡丹江市,东宁市,牡丹江市
桂杰美容美发刮脸(阳光小区店),绥阳镇阳光小区,"130.892375,44.426475",15246386215,黑龙江省,牡丹江市,东宁市,牡丹江市
婀娜烫染工作室,东宁镇二粮店小区,"131.132659,44.060843",[],黑龙江省,牡丹江市,东宁市,牡丹江市
美尚发艺(东苑一区店),东苑一区东北门旁,"131.144191,44.059555",15945389266,黑龙江省,牡丹江市,东宁市,牡丹江市
艺剪造型,东宁镇城投二区1层门市,"131.125618,44.066795",18745389288,黑龙江省,牡丹江市,东宁市,牡丹江市
佳奇发屋,301国道与兴阳街交叉口西80米,"130.893286,44.426697",[],黑龙江省,牡丹江市,东宁市,牡丹江市
剪名堂美发,市西江路与健康街交叉口西北40米,"131.119069,44.060248",[],黑龙江省,牡丹江市,东宁市,牡丹江市
河南理发店,绥阳镇(青山酒家旁),"130.888431,44.420802",13845322772,黑龙江省,牡丹江市,东宁市,牡丹江市
花想容美容美发,市绥阳镇中心学校西北侧,"130.888071,44.425132",[],黑龙江省,牡丹江市,东宁市,牡丹江市
佳美发艺,301国道与兴阳街交叉口西南300米,"130.891936,44.424628",[],黑龙江省,牡丹江市,东宁市,牡丹江市
美格·剪发·烫染·造型,绥阳林业一小西北1门旁,"130.885644,44.419822",[],黑龙江省,牡丹江市,东宁市,牡丹江市
汇鑫发艺,东宁镇东方宾馆斜对面,"131.125509,44.066924",[],黑龙江省,牡丹江市,东宁市,牡丹江市
维尔美发艺,彩虹花园南2门旁,"131.122114,44.066451",[],黑龙江省,牡丹江市,东宁市,牡丹江市
C+造型,通胜路65号,"131.128367,44.066895",17303638517,黑龙江省,牡丹江市,东宁市,牡丹江市
洺序健康染发,正阳小区东南侧70米,"130.889125,44.421075",[],黑龙江省,牡丹江市,东宁市,牡丹江市
徐静发艺,老黑山镇老黑山村村民委员会西侧200米,"130.868425,43.740225",[],黑龙江省,牡丹江市,东宁市,牡丹江市
七月上美发店,纺织路与河北街交叉口东南100米,"131.120425,44.069125",[],黑龙江省,牡丹江市,东宁市,牡丹江市
JUESE造型,天成小区2区,"130.889225,44.425875",[],黑龙江省,牡丹江市,东宁市,牡丹江市
春霞美容美发,中国邮政(金厂邮政支局)东侧150米,"130.795075,44.266925",[],黑龙江省,牡丹江市,东宁市,牡丹江市
靓丽美容美发,建政街与建国路交叉口西北100米,"131.122875,44.059175",[],黑龙江省,牡丹江市,东宁市,牡丹江市
名洋发型,兴阳街与301国道交叉口西南200米,"130.892375,44.425725",[],黑龙江省,牡丹江市,东宁市,牡丹江市
美丝美剪,兴阳街与301国道交叉口西260米,"130.891261,44.425928",[],黑龙江省,牡丹江市,东宁市,牡丹江市
优尔美烫染剪发吧,西江路与康兴街交叉口东南20米,"131.119725,44.063125",[],黑龙江省,牡丹江市,东宁市,牡丹江市
程程美发,三江路与吉庆胡同交叉口南40米,"131.125575,44.066825",[],黑龙江省,牡丹江市,东宁市,牡丹江市
初颜美发,汇功世纪城东北2门旁,"131.122875,44.058825",[],黑龙江省,牡丹江市,东宁市,牡丹江市
零度造型,西江路与康兴街交叉口东南20米,"131.119729,44.063109",[],黑龙江省,牡丹江市,东宁市,牡丹江市
文静美发(东苑一区店),宏源街与东环路交叉口西140米,"131.143348,44.058115",[],黑龙江省,牡丹江市,东宁市,牡丹江市
千姿汇发型设计,东宁镇金苑小区5号门市,"131.130676,44.065723",[],黑龙江省,牡丹江市,东宁市,牡丹江市
飞飞造型(彩虹花园店),彩虹花园南2门旁,"131.121526,44.066433",[],黑龙江省,牡丹江市,东宁市,牡丹江市
玉霞美发,301国道与兴阳街交叉口西南300米,"130.892037,44.424702",[],黑龙江省,牡丹江市,东宁市,牡丹江市
艾美莱美发(繁荣小区店),北安路与康兴街交叉口西北60米,"131.121215,44.063866",[],黑龙江省,牡丹江市,东宁市,牡丹江市
发之缘美发(北安路店),北安路与康兴街交叉口西北40米,"131.121323,44.063616",[],黑龙江省,牡丹江市,东宁市,牡丹江市
鸿运当头发艺(东苑小区五区店),东苑5区西南门旁,"131.138786,44.059418",[],黑龙江省,牡丹江市,东宁市,牡丹江市
小迪名剪(福江花园店),健康街与西江路交叉口南180米,"131.119160,44.058373",[],黑龙江省,牡丹江市,东宁市,牡丹江市
中老年理发店(亨源商贸城店),东山路10东升路东宁边贸大厦楼下,"131.129438,44.062359",[],黑龙江省,牡丹江市,东宁市,牡丹江市
名扬美发,东宁镇北兴小区,"131.132830,44.063312",[],黑龙江省,牡丹江市,东宁市,牡丹江市
吉祥发艺(东苑一区店),民益街与东环路交叉口西100米,"131.144325,44.059525",[],黑龙江省,牡丹江市,东宁市,牡丹江市
北方发屋,绥阳镇青山酒家对面,"130.886965,44.420180",[],黑龙江省,牡丹江市,东宁市,牡丹江市
红贵族专业烫染旗舰店,绥阳镇学府小区B栋115号附近,"130.885605,44.419804",[],黑龙江省,牡丹江市,东宁市,牡丹江市
红玲发艺,东宁镇东苑2区3号楼9号门市,"131.141825,44.059425",[],黑龙江省,牡丹江市,东宁市,牡丹江市
新东方发艺(幸福小区店),东宁镇药材楼下,"131.129310,44.061769",[],黑龙江省,牡丹江市,东宁市,牡丹江市
鑫焱造型,东升路与工联街交叉口南40米,"131.129062,44.061176",[],黑龙江省,牡丹江市,东宁市,牡丹江市
大理发店,纺织路与河北街交叉口南80米,"131.120073,44.069304",[],黑龙江省,牡丹江市,东宁市,牡丹江市
紫凝美发,兴阳街421附近,"130.887560,44.427277",[],黑龙江省,牡丹江市,东宁市,牡丹江市
美慧美发室(繁荣小区店),东宁镇繁荣小区门市,"131.121157,44.063687",[],黑龙江省,牡丹江市,东宁市,牡丹江市
小齐美发(兴华三区店),兴华三区二号楼39号车库,"131.118225,44.069559",[],黑龙江省,牡丹江市,东宁市,牡丹江市
金玉缘理发店,绥阳林业局西山9号楼,"130.878113,44.422604",[],黑龙江省,牡丹江市,东宁市,牡丹江市
威联烫染沙龙,东苑5区西南门旁,"131.139314,44.059301",[],黑龙江省,牡丹江市,东宁市,牡丹江市
自然发艺(通盛街店),东宁镇北兴A区8号门市,"131.132761,44.063289",[],黑龙江省,牡丹江市,东宁市,牡丹江市
剪艺发型设计室,东宁二中东门南100米,"131.119612,44.062697",[],黑龙江省,牡丹江市,东宁市,牡丹江市
海岩理发店,幸福小区东南门旁,"131.130464,44.061421",[],黑龙江省,牡丹江市,东宁市,牡丹江市
鑫雨发艺,东兴路与双泉街交叉口东北100米,"131.131966,44.068042",[],黑龙江省,牡丹江市,东宁市,牡丹江市
魔方美发烫染,绥阳镇发廊街28门市,"130.891483,44.425858",[],黑龙江省,牡丹江市,东宁市,牡丹江市
海燕发型,301国道与兴阳街交叉口西南220米,"130.892008,44.425712",[],黑龙江省,牡丹江市,东宁市,牡丹江市
恩典时代(热电小区店),热电小区北1门东70米,"131.114152,44.066506",[],黑龙江省,牡丹江市,东宁市,牡丹江市
欧尚发艺(锦绣家园店)(暂停营业),东宁市绥滨小区A栋25号门市,"131.113044,44.066778",0453-3620000,黑龙江省,牡丹江市,东宁市,牡丹江市
头头是道造型(暂停营业),纺织路与繁荣街交叉口西北80米,"131.120752,44.065315",[],黑龙江省,牡丹江市,东宁市,牡丹江市
绥阳邱岩美容工作室,绥阳镇凤凰路广厦楼214-203号门市,"130.893348,44.425351",18814532931,黑龙江省,牡丹江市,东宁市,牡丹江市
纤姿美容工作室,通胜路18号江南湖二期,"131.132725,44.065975",[],黑龙江省,牡丹江市,东宁市,牡丹江市
秋姐工作室,天成小区2区,"130.888425,44.425925",[],黑龙江省,牡丹江市,东宁市,牡丹江市
丹丹时尚坊(金街商城店),东宁镇金街商城B区39厅,"131.128325,44.065031",[],黑龙江省,牡丹江市,东宁市,牡丹江市
小勇新创意发型工作室(永乐巷店),宁安镇幸福里三期,"129.479624,44.349369",15846470451,黑龙江省,牡丹江市,宁安市,牡丹江市
楷模造型·接发·烫染(宁安店),东大街天香一号楼楷模造型,"129.471541,44.343604",18604533978,黑龙江省,牡丹江市,宁安市,牡丹江市
富贵人发型,宁安镇封闭市场对面,"129.467178,44.345033",13766628133,黑龙江省,牡丹江市,宁安市,牡丹江市
鼎豪私人会所,西大街与通江路交叉口南50米,"129.469696,44.343234",0453-7896408,黑龙江省,牡丹江市,宁安市,牡丹江市
LG造型(宁安农场),宁安农场胜荣小区3号楼10门市,"129.347967,44.176178",18610484242,黑龙江省,牡丹江市,宁安市,牡丹江市
派森造型,东京城镇天福家园门市阿记烧烤城对面,"129.217622,44.116337",13836393201,黑龙江省,牡丹江市,宁安市,牡丹江市
深之港造型(宁安店),通江路西世纪商城综合楼017号,"129.470008,44.342769",0453-7932888;0453-8511333;13199381555,黑龙江省,牡丹江市,宁安市,牡丹江市
首艺发型工作室(永乐巷店),幸福里·郦园北门旁,"129.477755,44.348717",[],黑龙江省,牡丹江市,宁安市,牡丹江市
深港美容美发连锁,团结路与201国道交叉口西南200米,"129.218449,44.118412",[],黑龙江省,牡丹江市,宁安市,牡丹江市
金帝美发名店,西大街与文化路交叉口西南40米,"129.466250,44.342646",[],黑龙江省,牡丹江市,宁安市,牡丹江市
楷模造型·接发·烫染(鑫街店),环卫路上京金典小区南门2号楼0114门市,"129.471355,44.348466",[],黑龙江省,牡丹江市,宁安市,牡丹江市
滚石烫染造型沙龙,中心西街工商局家属楼门市,"129.466065,44.345486",13946357770,黑龙江省,牡丹江市,宁安市,牡丹江市
王雨美容美发,宁安镇通江路世纪商城综合楼,"129.469864,44.343363",13946390601,黑龙江省,牡丹江市,宁安市,牡丹江市
朝阳印象专业美发沙龙,牡丹江市宁安市中心街与团结路交叉口西南方向286米左右,"129.218341,44.117524",15846468896,黑龙江省,牡丹江市,宁安市,牡丹江市
忆初时尚造型(东兴花园店),宁安市东大街北227号东兴花园8号门市,"129.474022,44.344702",13946315348,黑龙江省,牡丹江市,宁安市,牡丹江市
亮剪造型(通江路店),通江路87号,"129.470701,44.342279",15945484284,黑龙江省,牡丹江市,宁安市,牡丹江市
沐色烫染精品店,瑞合领袖名都西门南侧,"129.471230,44.350531",13946357035;18511068522,黑龙江省,牡丹江市,宁安市,牡丹江市
俪人造型,东京城镇团结路金刚山饭店对面,"129.217908,44.116761",18324631293,黑龙江省,牡丹江市,宁安市,牡丹江市
名仕专业染烫,中心西街15号封闭市场西侧对面公安局家属楼下门市,"129.466602,44.344936",[],黑龙江省,牡丹江市,宁安市,牡丹江市
夜玫瑰发型设计,公安局南楼门市,"129.467725,44.344512",18945325828,黑龙江省,牡丹江市,宁安市,牡丹江市
乐草元古贝造型,宁安镇工会胡同,"129.469065,44.343039",13766628672;13946392199,黑龙江省,牡丹江市,宁安市,牡丹江市
选择造型(团结路店),团结路金刚山冷面馆旁,"129.217949,44.116803",[],黑龙江省,牡丹江市,宁安市,牡丹江市
桂林美发,城区街道邮局北胡同,"129.468819,44.346239",[],黑龙江省,牡丹江市,宁安市,牡丹江市
好人缘美发,邮局后身迎春胡同,"129.468405,44.346164",[],黑龙江省,牡丹江市,宁安市,牡丹江市
善缘美发,邮局后迎春胡同,"129.468284,44.346152",[],黑龙江省,牡丹江市,宁安市,牡丹江市
大彬发艺,东京城团结路大彬发艺,"129.218789,44.117614",[],黑龙江省,牡丹江市,宁安市,牡丹江市
天奕烫染造型,古塔西街烟草宾馆西侧塑料厂北楼门市天奕烫染造型,"129.468929,44.340702",15246039222,黑龙江省,牡丹江市,宁安市,牡丹江市
宝丽发艺,西关小区典式二号楼,"129.462277,44.341363",15945357900,黑龙江省,牡丹江市,宁安市,牡丹江市
笑迎发廊,西关小区油厂楼对过,"129.462475,44.340891",15945748295,黑龙江省,牡丹江市,宁安市,牡丹江市
格林造型(鑫宇花园店),鑫宇花园北1门西70米,"129.471601,44.349800",[],黑龙江省,牡丹江市,宁安市,牡丹江市
领秀专业烫染形象店(团结路店),东京城林业局金刚山对面,"129.217769,44.116534",18845305886,黑龙江省,牡丹江市,宁安市,牡丹江市
丽娟美发工作室,团结路与201国道交叉口西南260米,"129.217634,44.118320",[],黑龙江省,牡丹江市,宁安市,牡丹江市
鑫鑫发艺,东京城镇步行街对面,"129.219120,44.118042",13845398333;15214536844,黑龙江省,牡丹江市,宁安市,牡丹江市
华贵美发,宁安镇古塔东街77号,"129.476763,44.342420",13089843776,黑龙江省,牡丹江市,宁安市,牡丹江市
尚美专业烫染吧旗舰店,东京城镇林兴小区三号楼西数第一个门市,"129.205195,44.114450",18246310875,黑龙江省,牡丹江市,宁安市,牡丹江市
靓雅美发(鑫宇花园店),鑫宇花园东南门旁,"129.473568,44.348960",15561931827,黑龙江省,牡丹江市,宁安市,牡丹江市
晓美发艺,镜泊东街28号领秀恋恋山城,"129.470671,44.353800",13352537567,黑龙江省,牡丹江市,宁安市,牡丹江市
领尚发艺专业染烫(宁安鑫街店),宁安鑫街,"129.469961,44.347400",13199330733,黑龙江省,牡丹江市,宁安市,牡丹江市
云冬发制发型工作室,新街路128号福泰家园东门北侧,"129.477303,44.344440",15145377775,黑龙江省,牡丹江市,宁安市,牡丹江市
百分百洗浴美发,072县道与012乡道交叉口东北60米,"129.242430,44.328730",0453-7881567,黑龙江省,牡丹江市,宁安市,牡丹江市
秀客造型,鑫街与环卫路交叉口东140米,"129.473492,44.348377",13263530970,黑龙江省,牡丹江市,宁安市,牡丹江市
东方名剪,鑫园小区东北门东140米,"129.215111,44.113073",[],黑龙江省,牡丹江市,宁安市,牡丹江市
晓丽美容美发,兴场路与中心街交叉口西南60米,"129.348555,44.173241",[],黑龙江省,牡丹江市,宁安市,牡丹江市
月神美发,通江路与渤海街交叉口南60米,"129.468670,44.346230",[],黑龙江省,牡丹江市,宁安市,牡丹江市
沙龙发廊(民安小区店),民安小区,"129.204787,44.115641",[],黑龙江省,牡丹江市,宁安市,牡丹江市
金剪子美发纹身(城后西街店),公安局家属楼2号楼门市房,"129.464971,44.344163",[],黑龙江省,牡丹江市,宁安市,牡丹江市
雕刻人生烫染品质店(团结路店),东京城镇盛街(步行街)东面,"129.218531,44.118045",[],黑龙江省,牡丹江市,宁安市,牡丹江市
晓英发艺(鑫宇花园店),新宇花园3号楼门市,"129.474358,44.349180",13945342666,黑龙江省,牡丹江市,宁安市,牡丹江市
墨色美发造型(瑞合新城店),环卫路与北仓东街交叉口北120米,"129.470281,44.356602",[],黑龙江省,牡丹江市,宁安市,牡丹江市
明洞发型设计,城后西街与文化路交叉口东80米,"129.467375,44.344175",13845327885,黑龙江省,牡丹江市,宁安市,牡丹江市
王子烫染工作室(鑫街朝鲜风情),朝鲜民族风情街2号楼,"129.474106,44.348483",15331860822,黑龙江省,牡丹江市,宁安市,牡丹江市
你好漂亮发型印象(领秀恋恋山城店),镜泊东街28号领秀恋恋山城,"129.472111,44.352487",15545035220,黑龙江省,牡丹江市,宁安市,牡丹江市
丝雨发型工作室,宁安鑫街,"129.475565,44.348614",15246308611,黑龙江省,牡丹江市,宁安市,牡丹江市
匠心烫染工坊(鑫海家园店),城区街道东大街鑫海家园3号楼10号门市,"129.473135,44.344526",13694535376,黑龙江省,牡丹江市,宁安市,牡丹江市
尚意造型烫染会所(鑫海家园店),东大街北323号,"129.471890,44.344142",17745315111,黑龙江省,牡丹江市,宁安市,牡丹江市
乙桐造型美发美甲美睫,环卫路与市场北头道街交叉口西30米,"129.471164,44.348199",18088733450,黑龙江省,牡丹江市,宁安市,牡丹江市
乔艳发艺,渤海镇人民政府西侧,"129.168706,44.121080",[],黑龙江省,牡丹江市,宁安市,牡丹江市
最佳剪艺,宁安市矿产局家属楼第二门市,"129.468116,44.340853",15246308918,黑龙江省,牡丹江市,宁安市,牡丹江市
韩式明家造型沙龙,文化路与西大街交叉口北40米,"129.466697,44.343300",18745318567,黑龙江省,牡丹江市,宁安市,牡丹江市
华剪发型设计,公安局粉楼1号楼2单元旁边门市,"129.464720,44.343806",13766624506,黑龙江省,牡丹江市,宁安市,牡丹江市
红霞起源美发(鑫宇花园店),宁安镇鑫宇花园3号楼门市,"129.474245,44.349019",13634535166,黑龙江省,牡丹江市,宁安市,牡丹江市
剪艺造型,世纪楼,"129.219141,44.118061",13199331956,黑龙江省,牡丹江市,宁安市,牡丹江市
新起点发型设计,东京城镇天福一期南门,"129.216829,44.115996",13664539820,黑龙江省,牡丹江市,宁安市,牡丹江市
领航发艺(牡丹江宁安市),宁安镇东大街东兴小区1号楼4门市,"129.474648,44.344894",18545315877,黑龙江省,牡丹江市,宁安市,牡丹江市
博妍形象设计(宁安鑫街店),上京金典小区南门东60米,"129.470971,44.348207",18903634855;18904844655,黑龙江省,牡丹江市,宁安市,牡丹江市
剪端发型设计工作室,西安路与城后西街交叉口南60米,"129.464274,44.343272",15945712353,黑龙江省,牡丹江市,宁安市,牡丹江市
佳丽剪吧,西关路与钟楼西街交叉口西北100米,"129.462404,44.341071",15046393123,黑龙江省,牡丹江市,宁安市,牡丹江市
7号美发会馆(领秀恋恋山城店),恋恋山城2号楼门市0116号,"129.472097,44.352467",13845387577,黑龙江省,牡丹江市,宁安市,牡丹江市
1+1美容美发,东京城镇林业广场1+1美容美发,"129.209817,44.114655",[],黑龙江省,牡丹江市,宁安市,牡丹江市
金名发艺(地中海·阳光店),地中海·阳光南门旁,"129.480248,44.350815",13136878805,黑龙江省,牡丹江市,宁安市,牡丹江市
成美私人美发会所(领秀名都店),瑞合领秀名都北门旁,"129.471966,44.351951",[],黑龙江省,牡丹江市,宁安市,牡丹江市
奈斯造型,团结路与201国道交叉口西南160米,"129.219387,44.118432",[],黑龙江省,牡丹江市,宁安市,牡丹江市
剪爱美发(古塔西街店),古塔西街烟草宾馆西塑料厂门市,"129.468360,44.340605",[],黑龙江省,牡丹江市,宁安市,牡丹江市
亨纳斯发型设计工作室,团结路福寿堂药店旁,"129.218798,44.117963",[],黑龙江省,牡丹江市,宁安市,牡丹江市
金领染烫造型,宁安镇工会胡同,"129.469029,44.342723",[],黑龙江省,牡丹江市,宁安市,牡丹江市
起点美发,团结路与201国道交叉口西南240米,"129.218706,44.117866",[],黑龙江省,牡丹江市,宁安市,牡丹江市
添才造型(地中海·阳光店),地中海·阳光西北门西170米,"129.478542,44.352922",[],黑龙江省,牡丹江市,宁安市,牡丹江市
潇洒理容,西大街与西安路交叉口东南20米,"129.464909,44.342327",[],黑龙江省,牡丹江市,宁安市,牡丹江市
枫度造型(福泰家园店),新街路106号福泰家园,"129.474368,44.344528",18246308183,黑龙江省,牡丹江市,宁安市,牡丹江市
米兰美发,王吉生口腔诊所南侧130米,"129.223214,44.119135",[],黑龙江省,牡丹江市,宁安市,牡丹江市
博朗美发,东京城镇电业局楼下,"129.223277,44.119098",[],黑龙江省,牡丹江市,宁安市,牡丹江市
韩尚美发瘦身,西安路与西大街交叉口北40米,"129.464652,44.342832",[],黑龙江省,牡丹江市,宁安市,牡丹江市
小吉星发廊(京诚花园3区店),东京城镇京城花园三区门市,"129.217138,44.118215",13664534314,黑龙江省,牡丹江市,宁安市,牡丹江市
发匠美发工作室,东大街以南新街路以西福泰家园3号门市240,"129.474536,44.344669",15946334142,黑龙江省,牡丹江市,宁安市,牡丹江市
孟丹形象设计(上京金典小区店),上京金典小区一号楼016号,"129.470093,44.348197",[],黑龙江省,牡丹江市,宁安市,牡丹江市
美缘美发工作室,东京城镇林业镜林华庭6号楼北门1号,"129.215725,44.116575",[],黑龙江省,牡丹江市,宁安市,牡丹江市
左剪造型时尚烫染旗舰店,东大街北227号东兴花园,"129.474810,44.344945",[],黑龙江省,牡丹江市,宁安市,牡丹江市
慕尚发艺,光明小区1号楼门市,"129.467560,44.340688",[],黑龙江省,牡丹江市,宁安市,牡丹江市
美华发型设计工作室,西大街妇幼保健院西50米工行家属楼,"129.465257,44.342381",[],黑龙江省,牡丹江市,宁安市,牡丹江市
创意美容烫染形象设计,光明小区13号楼4门市,"129.464702,44.341630",[],黑龙江省,牡丹江市,宁安市,牡丹江市
国荣理发店,城后东街与通江路交叉口东北80米,"129.470307,44.345139",13298740258,黑龙江省,牡丹江市,宁安市,牡丹江市
新美度造型(宁安店),西大街春城2号177门市房新美度造型,"129.463085,44.342423",18945329321,黑龙江省,牡丹江市,宁安市,牡丹江市
唯美发艺,渤沙线北侧,"128.974531,44.168966",18745397554,黑龙江省,牡丹江市,宁安市,牡丹江市
小艳发屋,中心西街与西关路交叉口东100米,"129.462595,44.344342",15945393917,黑龙江省,牡丹江市,宁安市,牡丹江市
紫丁香美发,团结街与西安路交叉口东40米,"129.464161,44.345119",15930596282,黑龙江省,牡丹江市,宁安市,牡丹江市
小江发廊,古塔西街与南关路交叉口西80米,"129.468937,44.340998",[],黑龙江省,牡丹江市,宁安市,牡丹江市
顶暄美业(地中海·阳光店),地中海·阳光南门西180米,"129.478973,44.350711",[],黑龙江省,牡丹江市,宁安市,牡丹江市
黑天鹅美发,东京城林业局第二小学东南门东北150米,"129.217037,44.115882",13664534586,黑龙江省,牡丹江市,宁安市,牡丹江市
美时美刻发廊(中心西街店),团结街与文化路交叉口西60米,"129.465045,44.345378",15903639566,黑龙江省,牡丹江市,宁安市,牡丹江市
时尚名剪(光明小区店),西大街南88号,"129.465089,44.342353",[],黑龙江省,牡丹江市,宁安市,牡丹江市
时光造型,东大街与通江路交叉口东80米,"129.471051,44.343371",[],黑龙江省,牡丹江市,宁安市,牡丹江市
梦思美发,世纪楼西南侧,"129.218744,44.117842",[],黑龙江省,牡丹江市,宁安市,牡丹江市
经典丝美,团结路与201国道交叉口西南160米,"129.219099,44.118546",[],黑龙江省,牡丹江市,宁安市,牡丹江市
春杰美发,东京城镇龙门小区3号楼门市,"129.213332,44.121286",[],黑龙江省,牡丹江市,宁安市,牡丹江市
潮帅剪艺,宁安市公安局家属楼一号楼门市,"129.464865,44.343828",18714401485,黑龙江省,牡丹江市,宁安市,牡丹江市
醒目理发店,宁安镇镜泊西街65号,"129.464220,44.350706",[],黑龙江省,牡丹江市,宁安市,牡丹江市
审美京城美发,团结路与201国道交叉口西南200米,"129.218860,44.118189",[],黑龙江省,牡丹江市,宁安市,牡丹江市
鑫红美发(鑫园小区店),东京城镇贮木场楼下,"129.214438,44.113239",[],黑龙江省,牡丹江市,宁安市,牡丹江市
春霞美发,兰岗镇(农村信用社对面),"129.415610,44.266071",15246302919,黑龙江省,牡丹江市,宁安市,牡丹江市
冉芳发艺,城区街道通江路钟楼东街金色丽园,"129.471186,44.342241",[],黑龙江省,牡丹江市,宁安市,牡丹江市
陈默造型,振兴路10号,"129.215021,44.113420",17704530534,黑龙江省,牡丹江市,宁安市,牡丹江市
花都美发,世纪楼,"129.219166,44.118097",[],黑龙江省,牡丹江市,宁安市,牡丹江市
明悦美发,东京城镇地方电业楼下门市先锋餐厅对过,"129.223122,44.119005",[],黑龙江省,牡丹江市,宁安市,牡丹江市
简艺造型(宁安鑫街店),宁安鑫街,"129.470792,44.348094",13634535425,黑龙江省,牡丹江市,宁安市,牡丹江市
镜镜发艺,鼓楼东街与通江路交叉口东60米,"129.471328,44.342214",[],黑龙江省,牡丹江市,宁安市,牡丹江市
唯美专业美发,烟草5号楼,"129.471207,44.343029",13945355587,黑龙江省,牡丹江市,宁安市,牡丹江市
小红烫染工作室,中心东街40号幸福里郦园,"129.476525,44.348075",[],黑龙江省,牡丹江市,宁安市,牡丹江市
晓河美发,城后西街与文化路交叉口东40米,"129.466825,44.344125",[],黑龙江省,牡丹江市,宁安市,牡丹江市
梵星造型,金泰嘉园,"129.469525,44.351675",[],黑龙江省,牡丹江市,宁安市,牡丹江市
妮妮美发,古塔西街与文化路交叉口东40米,"129.468425,44.340725",[],黑龙江省,牡丹江市,宁安市,牡丹江市
千之慧·千慧美业(宁安店),东大街与通江路交叉口东40米,"129.470484,44.343448",[],黑龙江省,牡丹江市,宁安市,牡丹江市
历霞发艺,文化路与西大街交叉口西北60米,"129.466442,44.343363",[],黑龙江省,牡丹江市,宁安市,牡丹江市
爱佳剪艺,古塔西街与文化路交叉口东北20米,"129.468088,44.340798",[],黑龙江省,牡丹江市,宁安市,牡丹江市
发之缘造型,镜泊镇人民政府东侧,"128.922249,43.794029",[],黑龙江省,牡丹江市,宁安市,牡丹江市
立民理发店,201国道与团结路交叉口东南240米,"129.221935,44.117999",[],黑龙江省,牡丹江市,宁安市,牡丹江市
旭日美发,西关路与钟楼西街交叉口西北60米,"129.462377,44.341137",[],黑龙江省,牡丹江市,宁安市,牡丹江市
晓光理发,201国道与团结路交叉口东南260米,"129.222750,44.118358",[],黑龙江省,牡丹江市,宁安市,牡丹江市
阿东美发工作室,盛荣小区,"129.348054,44.176218",17812111734,黑龙江省,牡丹江市,宁安市,牡丹江市
东方靓典美发烫发,宁安镇通江路水务局家属楼西南门市房,"129.470389,44.340422",[],黑龙江省,牡丹江市,宁安市,牡丹江市
俪人造型,世纪楼,"129.219187,44.118127",[],黑龙江省,牡丹江市,宁安市,牡丹江市
剪约造型(西安路店),中心西街与西安路交叉口东北20米,"129.464152,44.344829",[],黑龙江省,牡丹江市,宁安市,牡丹江市
小芹美发,安居小区东北1门东南50米,"129.474885,44.345720",[],黑龙江省,牡丹江市,宁安市,牡丹江市
名扬形象设计(领秀恋恋山城店),镜泊东街28号领秀恋恋山城,"129.474009,44.354213",15846468845,黑龙江省,牡丹江市,宁安市,牡丹江市
名剪时代发廊,审计局楼下门市,"129.464479,44.344965",[],黑龙江省,牡丹江市,宁安市,牡丹江市
时尚发艺,南湖加油站西南侧150米,"128.921438,43.792442",[],黑龙江省,牡丹江市,宁安市,牡丹江市
世纪发艺,钟楼西街与安宁胡同交叉口东60米,"129.465827,44.341172",[],黑龙江省,牡丹江市,宁安市,牡丹江市
静雅发艺,西大街与西关路交叉口东北20米,"129.462322,44.342210",[],黑龙江省,牡丹江市,宁安市,牡丹江市
雨洁发屋(大鸿运楼店),西大街大鸿运楼东1门市,"129.463226,44.342073",[],黑龙江省,牡丹江市,宁安市,牡丹江市
冬梅专业发型设计,渤海镇人民政府西北侧120米,"129.168239,44.121903",[],黑龙江省,牡丹江市,宁安市,牡丹江市
越雅发屋,福和祥药店西北侧,"129.166474,44.121283",13514596766,黑龙江省,牡丹江市,宁安市,牡丹江市
新港湾美发城(月神美容院分店),东京城镇火车站十字路口,"129.223138,44.119027",[],黑龙江省,牡丹江市,宁安市,牡丹江市
荣艳纹绣工作室,团结路与百兴街交叉口北120米,"129.216641,44.116088",[],黑龙江省,牡丹江市,宁安市,牡丹江市
小旭美妆工作室,城后西街与西安路交叉口东北40米,"129.464590,44.344062",18246305897,黑龙江省,牡丹江市,宁安市,牡丹江市
纤韵美学设计,幸福里悦府,"129.481225,44.349625",[],黑龙江省,牡丹江市,宁安市,牡丹江市
意境形象设计(华隆店),西七条路长安街108号,"129.600512,44.573344",0453-6570333,黑龙江省,牡丹江市,西安区,牡丹江市
董冰造型(西一店),长安街太平路西一条路之间,"129.617796,44.578203",0453-6225456,黑龙江省,牡丹江市,西安区,牡丹江市
深港造型(万达店),万达广场1号门2层2001,"129.601996,44.570697",0453-8330888;13945325925,黑龙江省,牡丹江市,西安区,牡丹江市
小宇造型(发艺店),新长安小区西南门旁,"129.601377,44.572772",15945331498,黑龙江省,牡丹江市,西安区,牡丹江市
GODBOY追溯.造型沙龙(新长安小区店),西六条路新安街西40米263号道北,"129.603952,44.572479",0453-6426556,黑龙江省,牡丹江市,西安区,牡丹江市
米兰造型(牡丹江西安区),"西七条路,万达广场后身,第二条商业街里8ー131","129.602722,44.567833",0453-6897778;18745332321,黑龙江省,牡丹江市,西安区,牡丹江市
贝曼形象设计,西四条路长安街139号,"129.608646,44.575620",15810514277,黑龙江省,牡丹江市,西安区,牡丹江市
名殿造型,西新安街65号,"129.616185,44.576183",0453-6789333;18704533399,黑龙江省,牡丹江市,西安区,牡丹江市
首艺造型(牡丹江西安区),西长安街158号,"129.609443,44.575877",0453-8830727;13946360902,黑龙江省,牡丹江市,西安区,牡丹江市
慕梵男士理发馆(长安街店),西一长安街西侧50米道北102号,"129.616490,44.578028",13766653337;13836385587,黑龙江省,牡丹江市,西安区,牡丹江市
C位美学(新长安小区店),新长安小区东北门西北90米,"129.603440,44.573684",0453-8901888;13766592323,黑龙江省,牡丹江市,西安区,牡丹江市
深港美容(七星店),七星街于解放路交叉口深港发艺2楼,"129.614626,44.584165",0453-8557777,黑龙江省,牡丹江市,西安区,牡丹江市
美丽车间发型公社(烫染店),西七条路新安街与长安街之间93号,"129.601769,44.572048",18346346690,黑龙江省,牡丹江市,西安区,牡丹江市
美丽汇造型(华侨小区店),西安区西一条路230号,"129.616769,44.578522",0453-6619966,黑龙江省,牡丹江市,西安区,牡丹江市
首艺造型(万达分店),温春镇西新安街万达广场6号门左侧对面1-3号,"129.600536,44.568678",[],黑龙江省,牡丹江市,西安区,牡丹江市
他她造型(华隆1区店),西长安街209号华隆小区一区,"129.602861,44.573836",13945393623,黑龙江省,牡丹江市,西安区,牡丹江市
海燕JOVIALITY·疗愈美肤SPA空间,西一条路189号(牡丹街口新玛特后身),"129.616912,44.578997",0453-6923444;13694539227,黑龙江省,牡丹江市,西安区,牡丹江市
盛佳发艺(华隆一区店),西六条路与西七条路之间牡丹街346号,"129.601181,44.574313",13504532555,黑龙江省,牡丹江市,西安区,牡丹江市
烈焰造型(牡丹江西安区),解放路8号,"129.613497,44.586664",13694683821,黑龙江省,牡丹江市,西安区,牡丹江市
视诀国潮男士理发馆·假发·烫染(西一店),长安街与牡丹街之间西一条路道西218号,"129.616573,44.578747",[],黑龙江省,牡丹江市,西安区,牡丹江市
第一印象造型(牡丹江西安区),西安区爱民街西三西四之间绿洲春城门市104号,"129.607558,44.580590",13504833155,黑龙江省,牡丹江市,西安区,牡丹江市
CK造型(万达店),万达二道街8-116号,"129.603475,44.568049",0453-6999886,黑龙江省,牡丹江市,西安区,牡丹江市
萧杨的美发店,西四条路平安街与牡丹街之间,"129.607520,44.577554",18903630688,黑龙江省,牡丹江市,西安区,牡丹江市
楷模造型·接发·烫染(万达店),万达华府北区东北1门东南90米,"129.603502,44.568507",0453-6252333,黑龙江省,牡丹江市,西安区,牡丹江市
老船长造型,西一条路北小西平安街与平安街之间,"129.614867,44.581154",13766606104,黑龙江省,牡丹江市,西安区,牡丹江市
天意造型(商住城小区店),商住城小区东北门旁,"129.616239,44.579000",0453-8123333,黑龙江省,牡丹江市,西安区,牡丹江市
小东造型(信大玉花园小区店),解放路七星街与景福街之间74号,"129.614009,44.585275",18845333435,黑龙江省,牡丹江市,西安区,牡丹江市
海艺发艺,西安区西三社区西门旁,"129.613375,44.575875",15945380067,黑龙江省,牡丹江市,西安区,牡丹江市
金港美发沙龙(解放路店),新宏基大厦东南门旁,"129.616547,44.581571",0453-6948877,黑龙江省,牡丹江市,西安区,牡丹江市
大玲造型(西新安小区店),西新安小区,"129.606762,44.573362",15846755132,黑龙江省,牡丹江市,西安区,牡丹江市
名姿造型(西一条路店),西一条路259号,"129.618449,44.576204",13766659663,黑龙江省,牡丹江市,西安区,牡丹江市
简造型美发(西二社区店),简造型西一条路长安街与新安街之间248号,"129.617201,44.577624",18246357771,黑龙江省,牡丹江市,西安区,牡丹江市
树成造型(七星园二区店),西安区解放路35号七星街与景福街之间,"129.614475,44.584921",15945315352,黑龙江省,牡丹江市,西安区,牡丹江市
喜来登烫染(滨江分店),西南市街滨江花园小区164号门市巨无霸旁,"129.618095,44.566376",18245309996,黑龙江省,牡丹江市,西安区,牡丹江市
新梦想造型,西一条路景福街与七星街之间65号新梦想造型,"129.612903,44.584851",19804631348,黑龙江省,牡丹江市,西安区,牡丹江市
怡方造型,西五条路77号,"129.604710,44.576921",13359886626,黑龙江省,牡丹江市,西安区,牡丹江市
引领时尚造型烫染店(西二社区店),西一条路与邮政路之间新安街47号,"129.617068,44.576462",13946313188,黑龙江省,牡丹江市,西安区,牡丹江市
百分百(华侨南苑小区海浪路),海浪路华侨南苑小区,"129.612070,44.568444",13504839586,黑龙江省,牡丹江市,西安区,牡丹江市
海诺发艺(华隆一区店),西牡丹街338号,"129.601921,44.574493",13804828110,黑龙江省,牡丹江市,西安区,牡丹江市
风尚美发造型(西七条路店),平安新村西南门旁,"129.600293,44.574523",18645784466,黑龙江省,牡丹江市,西安区,牡丹江市
缘分·造型,火炬街道西平安街466号沿江小区2号楼,"129.594407,44.574083",15603637899,黑龙江省,牡丹江市,西安区,牡丹江市
纤手造型,解放路景福街与七星街之间纤手造型,"129.613812,44.585514",15174668900,黑龙江省,牡丹江市,西安区,牡丹江市
快发10元快剪(万达广场店),沿江街道西新安街358号万达广场B1层比优特超市出口处,"129.599725,44.569925",13945305693,黑龙江省,牡丹江市,西安区,牡丹江市
SH·理理美发沙龙,西九条路146号,"129.596269,44.569967",0453-6668896;18249365632,黑龙江省,牡丹江市,西安区,牡丹江市
一木造型(新宏基大厦店),平安街47号,"129.614789,44.580766",13845368440;15145388027,黑龙江省,牡丹江市,西安区,牡丹江市
达人馆造型(牡丹江西安区),西小太平路28号七星园二区,"129.614637,44.584716",[],黑龙江省,牡丹江市,西安区,牡丹江市
彬子发型,水泥街道办市场街21号,"129.498398,44.430180",13766651127,黑龙江省,牡丹江市,西安区,牡丹江市
聚美时代美容美发店(西七店),沿江街道西七条路102号,"129.601366,44.571959",[],黑龙江省,牡丹江市,西安区,牡丹江市
名发师聚艺堂(新玛特店),西一条路224号附近,"129.616720,44.578595",13351035981,黑龙江省,牡丹江市,西安区,牡丹江市
潮流·时代,宁北路宝坻小区十二号楼门市,"129.603079,44.584473",[],黑龙江省,牡丹江市,西安区,牡丹江市
程程造型(滨江城市花园店),南市街滨江城市花园院内15号楼137号门市,"129.620210,44.566862",18645319050,黑龙江省,牡丹江市,西安区,牡丹江市
逸阁造型(西七条路店),西安区西七条路与西长安街交叉口南80米,"129.601023,44.572524",13303639887,黑龙江省,牡丹江市,西安区,牡丹江市
东升设计沙龙·个人工作室(万达店),易航华府小区6号楼122门市,"129.598921,44.569131",15246340508,黑龙江省,牡丹江市,西安区,牡丹江市
艺洋发艺(杜鹃园小区店),西二条路118号,"129.611096,44.582236",13804806098,黑龙江省,牡丹江市,西安区,牡丹江市
依磊造型西四店,西四条路牡丹街与长安街80号,"129.608390,44.576205",15945342114;15945348084,黑龙江省,牡丹江市,西安区,牡丹江市
进磊REGAL美发沙龙,西七条路万达一道天街148号进磊REGAL美发沙龙,"129.602290,44.569412",18845331313,黑龙江省,牡丹江市,西安区,牡丹江市
艾发儿修面造型(西一景福店),信大玉花园小区西南门旁,"129.612605,44.585474",17758858359,黑龙江省,牡丹江市,西安区,牡丹江市
境象美学馆,西九海浪路观澜国际498号,"129.604985,44.559876",18904849677,黑龙江省,牡丹江市,西安区,牡丹江市
国际造型(华隆城市花园店),华隆城市花园东南1门旁,"129.620848,44.568384",13504832745;13555004188,黑龙江省,牡丹江市,西安区,牡丹江市
小龙造型(西小二条路店),西小二条路与西新安街交叉口南40米,"129.614012,44.574847",[],黑龙江省,牡丹江市,西安区,牡丹江市
东匠造型,西一条路长安街往西15米,"129.616779,44.577830",15946333633,黑龙江省,牡丹江市,西安区,牡丹江市
可乐造型,西七条路长安街与牡丹街之间华隆市场西门旁边可乐造型55号,"129.601055,44.573735",15945375193,黑龙江省,牡丹江市,西安区,牡丹江市
老船长美容美发(南市街总店),西南市街丹江一区门市87号,"129.617612,44.564724",15945315191,黑龙江省,牡丹江市,西安区,牡丹江市
彼岸造型,新立街与西一条路交叉口西40米,"129.618317,44.575359",13614630612,黑龙江省,牡丹江市,西安区,牡丹江市
吉祥鸟发型设计,搬运小区,"129.613620,44.581202",[],黑龙江省,牡丹江市,西安区,牡丹江市
勃然造型店,长安街西八条路江城美的二区六号楼12号门市,"129.597438,44.572138",0453-6678222;13766663565,黑龙江省,牡丹江市,西安区,牡丹江市
慕名造型(西平安街店),西三条路与西四条路之间平安街道北,"129.607495,44.578615",13514586062,黑龙江省,牡丹江市,西安区,牡丹江市
阿龙造型工作室(新立街店),西四条路新立街243号,"129.609733,44.572735",13766667323,黑龙江省,牡丹江市,西安区,牡丹江市
DV造型(新阳·绿洲春城店),西三条路6号新阳·绿洲春城,"129.607178,44.580469",[],黑龙江省,牡丹江市,西安区,牡丹江市
老三造型(水利小区2区店),西长安街471号,"129.591901,44.570433",13514563222,黑龙江省,牡丹江市,西安区,牡丹江市
大海造型形象店,西安区西二条路327号,"129.618628,44.572092",13804810249,黑龙江省,牡丹江市,西安区,牡丹江市
靖轩造型,牡丹街与长安街之间西小三条路29号,"129.610179,44.576816",18346368991,黑龙江省,牡丹江市,西安区,牡丹江市
E+Hair Salon一家美发店,西二条路长安街道南楼104号,"129.613278,44.576755",[],黑龙江省,牡丹江市,西安区,牡丹江市
名派造型(京桃园店),景福街227号,"129.610897,44.585203",18645313115,黑龙江省,牡丹江市,西安区,牡丹江市
莱丝造型创意会所(南市街店),西二条路南市街路口广发银行对面,"129.619089,44.572111",13845369393,黑龙江省,牡丹江市,西安区,牡丹江市
芒果造型(西二条路店),西安区西二条路新立街,"129.617238,44.572807",19904537327,黑龙江省,牡丹江市,西安区,牡丹江市
伟华发艺,西安区解放路与日照街路口226号,"129.613125,44.587471",18545397797,黑龙江省,牡丹江市,西安区,牡丹江市
名爵造型(西十一条路店),阅江城小区A2号楼101门市,"129.595524,44.555858",13946338589,黑龙江省,牡丹江市,西安区,牡丹江市
秘丝造型(信大玉花园小区店),信大玉花园小区西南门旁,"129.612885,44.585021",18604539990,黑龙江省,牡丹江市,西安区,牡丹江市
名颜美发(牡丹宝邸店),火炬街道宁北街牡丹宝邸20号楼1楼,"129.601050,44.583704",13766605936,黑龙江省,牡丹江市,西安区,牡丹江市
唯美廊时尚造型烫染(扬帆小区店),西牡丹街517号,"129.594692,44.572611",13763605752,黑龙江省,牡丹江市,西安区,牡丹江市
爱乐烫染造型(万达华府店),西八西九之间万达华府C区南门14号楼112门市,"129.600153,44.568091",18645348453,黑龙江省,牡丹江市,西安区,牡丹江市
时间之间无敏染护小屋(西一条路店),西一条路长安街与新安街之间道东249号,"129.617835,44.577233",13522303515;18600539816,黑龙江省,牡丹江市,西安区,牡丹江市
東吉造型,西二条路新安街与新立街之间213号,"129.615569,44.575292",18245334563,黑龙江省,牡丹江市,西安区,牡丹江市
九月造型(海浪小区三区店),海浪路239号海浪小区三区,"129.604807,44.561322",18245332578,黑龙江省,牡丹江市,西安区,牡丹江市
琳欣剪艺,江滨街道西三条路南市街113号,"129.617110,44.564394",13766661707,黑龙江省,牡丹江市,西安区,牡丹江市
伊丽莎白发廊(蓝翎小区店),波斯特购物中心西南门旁,"129.615903,44.582126",[],黑龙江省,牡丹江市,西安区,牡丹江市
领秀沙龙(西五条路店),西长安街181号,"129.605798,44.574762",13514561568;15846786688,黑龙江省,牡丹江市,西安区,牡丹江市
大华理发店,京桃园,"129.610365,44.585009",[],黑龙江省,牡丹江市,西安区,牡丹江市
港都造型(西新安街店),西新安街48号,"129.618444,44.576603",0453-6175111;13104538822,黑龙江省,牡丹江市,西安区,牡丹江市
纤丝秀·造型,华侨小区西南门旁,"129.597393,44.574080",15946358069,黑龙江省,牡丹江市,西安区,牡丹江市
小秀造型(米兰园二小区店),米兰园二小区东门旁,"129.594098,44.573688",13904845516,黑龙江省,牡丹江市,西安区,牡丹江市
八度发型会所,海浪路华侨南苑小区4号楼门市,"129.612176,44.568536",15603631617,黑龙江省,牡丹江市,西安区,牡丹江市
花间创意美发salon(华隆二区店),西七西八牡丹街道南416号,"129.598679,44.573532",13115633433,黑龙江省,牡丹江市,西安区,牡丹江市
秀发型工作室(七星街),杜鹃园小区西北3门旁,"129.609649,44.582710",13945395862,黑龙江省,牡丹江市,西安区,牡丹江市
莎登造型(果品小区店),西四条路166西北方向90米果品小区,"129.610437,44.572681",13836360034,黑龙江省,牡丹江市,西安区,牡丹江市
遇见·造型专业店,西四条路新立一道街天威小区对面177号遇见造型,"129.611430,44.571994",18801404566,黑龙江省,牡丹江市,西安区,牡丹江市
风度造型美甲(海浪小区店),沿江街道海浪路牡丹城A区4号楼,"129.607010,44.562362",[],黑龙江省,牡丹江市,西安区,牡丹江市
尚瘾美发工作室,宁北路西六条路与西七条路之间,"129.597997,44.579470",[],黑龙江省,牡丹江市,西安区,牡丹江市
SG TIMES(万达店),SGtimes万达广场2号门二楼,"129.599980,44.570031",0453-6190333,黑龙江省,牡丹江市,西安区,牡丹江市
唯依造型(华隆一区店),西长安街209号华隆一区,"129.600919,44.574233",[],黑龙江省,牡丹江市,西安区,牡丹江市
永岐造型(江城美地二区店),红立方音乐会所西北门旁,"129.597010,44.572005",13555018477,黑龙江省,牡丹江市,西安区,牡丹江市
曼迪经典发艺,西一条路与太平路之间新安街道南20号门市,"129.619507,44.576793",18714444663,黑龙江省,牡丹江市,西安区,牡丹江市
阿唐造型工作室,先锋街道新立街公交站(佳和馨居附近),"129.615489,44.574577",13555018812,黑龙江省,牡丹江市,西安区,牡丹江市
源宿美发沙龙(江城美地四区店),西七条路与西八条路之间,"129.600255,44.570936",15945311101,黑龙江省,牡丹江市,西安区,牡丹江市
名兰理发店,百合园一小区东北门东南210米,"129.613182,44.586676",[],黑龙江省,牡丹江市,西安区,牡丹江市
梁子造型,江滨大街与江滨一道街交叉口南40米,"129.616245,44.561226",13766609450,黑龙江省,牡丹江市,西安区,牡丹江市
曼巴造型烫染,长安街西九与西十条路之间,"129.594813,44.571475",13836363385,黑龙江省,牡丹江市,西安区,牡丹江市
古贝造型,七星街西二条路路口古贝造型,"129.610643,44.582978",13514552629,黑龙江省,牡丹江市,西安区,牡丹江市
艺剪坊(新安街店),西一条路新安街南国贸小区37号楼,"129.617320,44.575612",17745388979,黑龙江省,牡丹江市,西安区,牡丹江市
大鹏发艺工作室,西二条路兴盛旅店旁,"129.613920,44.577819",[],黑龙江省,牡丹江市,西安区,牡丹江市
小文造型烫染旗舰店,西南市街与通江胡同交叉口北100米,"129.618084,44.565286",13504534038,黑龙江省,牡丹江市,西安区,牡丹江市
乐草元云朵造型,沿江小区西门旁,"129.594585,44.573406",[],黑龙江省,牡丹江市,西安区,牡丹江市
兄弟美发(尚品鸿城店),西牡丹街与301国道交叉口西南120米,"129.587625,44.570004",[],黑龙江省,牡丹江市,西安区,牡丹江市
素里SOLA美发造型(万达店),西七条路新安街与长安街之间道东93-A,"129.601708,44.572059",13009888789,黑龙江省,牡丹江市,西安区,牡丹江市
名匠发艺(西八条路店),西八条路江城美地-四区,"129.598989,44.571431",[],黑龙江省,牡丹江市,西安区,牡丹江市
红晨发型设计,新立街与西二条路交叉口西40米,"129.615342,44.574528",[],黑龙江省,牡丹江市,西安区,牡丹江市
美源造型(牡丹宝邸店),宁北街与光华街交叉口西120米,"129.603874,44.586023",15904531070,黑龙江省,牡丹江市,西安区,牡丹江市
帅博造型,西牡丹街与西五条路交叉口东40米,"129.606075,44.575825",[],黑龙江省,牡丹江市,西安区,牡丹江市
角色发艺,西牡丹街399号,"129.600649,44.574450",13089888936,黑龙江省,牡丹江市,西安区,牡丹江市
王宁造型(北龙艺花园店),北龙艺花园东北门旁,"129.617098,44.572644",18954445410,黑龙江省,牡丹江市,西安区,牡丹江市
宝来十元快剪,西小一条路与北小西平安街交叉口南20米,"129.613613,44.580780",[],黑龙江省,牡丹江市,西安区,牡丹江市
茗艺造型(大安小区店),西二条路西菜园街口土地局家属楼,"129.619658,44.568832",[],黑龙江省,牡丹江市,西安区,牡丹江市
嘉乐·造型,西六条路85号,"129.601847,44.576312",[],黑龙江省,牡丹江市,西安区,牡丹江市
剪廊造型,西安区解放路七星街与景福街之间65号,"129.614207,44.585428",18944530505,黑龙江省,牡丹江市,西安区,牡丹江市
小平升华美发,西一条路长安街与新安街之间239号,"129.617844,44.577349",13514597298,黑龙江省,牡丹江市,西安区,牡丹江市
MC造型(佳和馨居小区店),西二条路298号,"129.616209,44.573637",15145353452,黑龙江省,牡丹江市,西安区,牡丹江市
狼剪造型(天威小区店),天威小区西北门旁,"129.610821,44.572028",13604606536,黑龙江省,牡丹江市,西安区,牡丹江市
3石烫染造型,西安区五中南门对面牡丹城A区5号楼门市3石造型,"129.607252,44.562643",13766606348,黑龙江省,牡丹江市,西安区,牡丹江市
拾七造型工作室,西三条路南市街252号,"129.616688,44.564058",[],黑龙江省,牡丹江市,西安区,牡丹江市
百度发艺(江城美地一区店),江城美地一区西北门旁,"129.594042,44.570762",18545311196,黑龙江省,牡丹江市,西安区,牡丹江市
番禧·hair salon,西二条路新立街口道西,"129.615856,44.574253",[],黑龙江省,牡丹江市,西安区,牡丹江市
浩宸形象设计,西小三条路56号,"129.610260,44.576230",15840847453,黑龙江省,牡丹江市,西安区,牡丹江市
千垚美业(北龙小区店),北龙小区,"129.619273,44.575654",[],黑龙江省,牡丹江市,西安区,牡丹江市
W SALON(商住城小区店),西一条路212号商住城小区,"129.616344,44.579014",[],黑龙江省,牡丹江市,西安区,牡丹江市
风尚专业烫·染超市,江滨一区综合4号楼,"129.615915,44.560939",18245301693,黑龙江省,牡丹江市,西安区,牡丹江市
名剪造型(华侨南苑小区店),海浪路华侨南苑南门,"129.611976,44.568376",13945322990,黑龙江省,牡丹江市,西安区,牡丹江市
鸿森造型,民族八号楼东北门旁,"129.602144,44.575928",[],黑龙江省,牡丹江市,西安区,牡丹江市
喜来登发型机构(西四分店),西四条路长安街与西新安街之间东侧,"129.609528,44.575022",13836316303,黑龙江省,牡丹江市,西安区,牡丹江市
丹丹造型,西小四条路新立一道街路口东20米,"129.609725,44.571938",13604639562,黑龙江省,牡丹江市,西安区,牡丹江市
鼎豪造型工作室,西牡丹街与西一条路交叉口东北80米,"129.617105,44.579649",[],黑龙江省,牡丹江市,西安区,牡丹江市
小宇造型(瑞合·西城国际店),西平安街与西十一条路交叉口东北140米,"129.588848,44.573555",[],黑龙江省,牡丹江市,西安区,牡丹江市
青青造型(海浪小区三区店),海浪路海浪三区6号楼15号车库,"129.604418,44.562373",[],黑龙江省,牡丹江市,西安区,牡丹江市
毫末造型设计,新泰锦绣城35号楼105-1号门市,"129.607194,44.564425",18846711003,黑龙江省,牡丹江市,西安区,牡丹江市
金佰爵发艺,江滨三道街与江滨大街交叉口南20米,"129.614708,44.560107",15045326128,黑龙江省,牡丹江市,西安区,牡丹江市
精艺美发(七星街店),杜鹃园小区西北3门旁,"129.609927,44.582793",13514590344,黑龙江省,牡丹江市,西安区,牡丹江市
剪艺人生(扬帆小区店),扬帆小区东南门旁,"129.593843,44.572339",[],黑龙江省,牡丹江市,西安区,牡丹江市
梁匠造型烫染,江滨大街与江滨一道街交叉口江滨综四楼3单元102室,"129.616138,44.561004",13555002276;13904849339,黑龙江省,牡丹江市,西安区,牡丹江市
森美造型短发故事店,西一条路与西新安街交叉口北80米,"129.617752,44.577344",[],黑龙江省,牡丹江市,西安区,牡丹江市
八方美发厅(北方5区店),北方5区东南1门旁,"129.601225,44.578492",[],黑龙江省,牡丹江市,西安区,牡丹江市
蒂依夫人美业,月牙湖街与西南市街交叉口东60米,"129.618564,44.568298",[],黑龙江省,牡丹江市,西安区,牡丹江市
金榜发型设计(扬帆小区店),扬帆小区东北1门旁,"129.594257,44.573358",15246328273,黑龙江省,牡丹江市,西安区,牡丹江市
宏兴美发厅,温春村村委会南侧,"129.496914,44.436108",[],黑龙江省,牡丹江市,西安区,牡丹江市
万千盈发艺(沿江小区店),沿江小区西门旁,"129.594581,44.573489",13946369795,黑龙江省,牡丹江市,西安区,牡丹江市
卓绝造型,西四条路1号北方宿舍,"129.607012,44.580021",18753250425,黑龙江省,牡丹江市,西安区,牡丹江市
渴望发屋,温春镇水泥市场4号,"129.499151,44.430181",13694633281,黑龙江省,牡丹江市,西安区,牡丹江市
徐东形象设计(宏大·逸居时代店),宏大逸居时代院里8号楼112门市,"129.595551,44.579747",18745393711,黑龙江省,牡丹江市,西安区,牡丹江市
一佰咖啡·美发沙龙,西一与西小一之间平安街道北,"129.614307,44.580645",13694683862,黑龙江省,牡丹江市,西安区,牡丹江市
时间之间无敏染护小屋阿东店,七星街西二条路与西三条路之间北方医院正对面292号,"129.609324,44.582623",15754538205,黑龙江省,牡丹江市,西安区,牡丹江市
FLYHair美睫美甲美肌(万达店),新泰锦绣城二期北门,"129.605202,44.567337",13199393068,黑龙江省,牡丹江市,西安区,牡丹江市
金环美发,新安街西小四条路高开小区4号楼,"129.609426,44.572536",[],黑龙江省,牡丹江市,西安区,牡丹江市
艺阁造型(海浪小区1区店),海浪小区1区西北门东北130米,"129.612765,44.568101",[],黑龙江省,牡丹江市,西安区,牡丹江市
首选造型,新立街与西小二条路交叉口东北40米,"129.614820,44.574411",13945367312,黑龙江省,牡丹江市,西安区,牡丹江市
容颜造型(北龙小区店),北龙小区,"129.619413,44.575700",13903635681,黑龙江省,牡丹江市,西安区,牡丹江市
名发师,西长安街与水道街交叉口西北100米,"129.617928,44.579358",[],黑龙江省,牡丹江市,西安区,牡丹江市
聚点造型(丁香园小区店),平安街西九丁香园小区31号楼4单元101,"129.593440,44.574304",18946306665,黑龙江省,牡丹江市,西安区,牡丹江市
美廊造型(爱民街店),北方5区东北3门旁,"129.603159,44.579150",13555018868,黑龙江省,牡丹江市,西安区,牡丹江市
GL造型(米兰园一小区店),平安街西八条路道南,"129.596536,44.574731",13604634147,黑龙江省,牡丹江市,西安区,牡丹江市
乐野国潮·烫染超市,西一条路与西长安街交叉口西北60米,"129.616696,44.578639",[],黑龙江省,牡丹江市,西安区,牡丹江市
榜首造型,西长安街与西四条路交叉口东40米,"129.609369,44.575527",18245392989,黑龙江省,牡丹江市,西安区,牡丹江市
丰曦造型,西牡丹街与西五条路交叉口东80米,"129.606582,44.576019",13206885687,黑龙江省,牡丹江市,西安区,牡丹江市
辛未造型工作室(新泰·锦绣城2期店),海浪路新泰锦绣城二期27号楼102门市,"129.606741,44.565910",[],黑龙江省,牡丹江市,西安区,牡丹江市
金尚美发(北龙小区店),北龙小区,"129.619191,44.575628",[],黑龙江省,牡丹江市,西安区,牡丹江市
心艺美业(杜鹃园小区南区店),七星街264号,"129.610262,44.582907",15145393520,黑龙江省,牡丹江市,西安区,牡丹江市
张府造型,滨江家园北门北70米,"129.619075,44.568275",[],黑龙江省,牡丹江市,西安区,牡丹江市
港湾发型工作室,西四条路新立一道街163号,"129.611123,44.572429",18182836161,黑龙江省,牡丹江市,西安区,牡丹江市
楷模造型·接发·烫染(新玛特店),西一条路长安街路口203号,"129.617225,44.578575",0453-6264666;18246316556,黑龙江省,牡丹江市,西安区,牡丹江市
禾焱·Salon,西三条路长安街与西四条路之间道南140号,"129.609937,44.575800",0453-6195177,黑龙江省,牡丹江市,西安区,牡丹江市
梦之意芳香世家美容美发会所,宏大花园西南门南70米,"129.598332,44.577862",[],黑龙江省,牡丹江市,西安区,牡丹江市
凯艺造型(解放路店),日照街景福街之间解放路47号,"129.613679,44.586245",[],黑龙江省,牡丹江市,西安区,牡丹江市
伊丽莎白造型,西牡丹街与邮政路交叉口西北20米,"129.614975,44.578875",[],黑龙江省,牡丹江市,西安区,牡丹江市
剪约造型(七星园二区店),太平路44号,"129.614687,44.584663",[],黑龙江省,牡丹江市,西安区,牡丹江市
喜又这是一家理发店,江城美地5区西北门东北230米,"129.595950,44.572858",17164139777,黑龙江省,牡丹江市,西安区,牡丹江市
华燕造型,西长安街与西小四条路交叉口东北80米,"129.607825,44.575925",[],黑龙江省,牡丹江市,西安区,牡丹江市
卡哇伊烫染造型,牡丹街道牡丹街西四西五之间路南,"129.606818,44.574133",18245300902,黑龙江省,牡丹江市,西安区,牡丹江市
西唯造型,江滨大街5号,"129.616265,44.561763",[],黑龙江省,牡丹江市,西安区,牡丹江市
舒美造型,玫瑰园小区西北门西70米,"129.594381,44.576402",[],黑龙江省,牡丹江市,西安区,牡丹江市
艳艳造型,西小二条路与立新街交叉口西北40米,"129.614930,44.573292",[],黑龙江省,牡丹江市,西安区,牡丹江市
发丝缘发艺,华隆2区西北门北50米,"129.598836,44.573917",[],黑龙江省,牡丹江市,西安区,牡丹江市
剪色坊发艺(华隆一区店),华隆1区西北门东50米,"129.602161,44.574600",13845375836,黑龙江省,牡丹江市,西安区,牡丹江市
指尖舞造型(罗兰斯堡小区店),西四条路东侧新立街与立新街之间,"129.611428,44.572014",15174660516,黑龙江省,牡丹江市,西安区,牡丹江市
顺发造型,西四条路与海浪路交叉口东南40米,"129.613431,44.568635",[],黑龙江省,牡丹江市,西安区,牡丹江市
阳光美发,邮政路新立街路口国贸北区28号楼1单元,"129.617020,44.574987",[],黑龙江省,牡丹江市,西安区,牡丹江市
美格发型工作室(海浪小区3区店),沿江街道海浪路海浪三区五号楼美阁发廊,"129.604627,44.562028",[],黑龙江省,牡丹江市,西安区,牡丹江市
我型我秀发艺,海林公路南30米,"129.498784,44.566850",[],黑龙江省,牡丹江市,西安区,牡丹江市
赵洋工作室,南小景福街西小太平路183号,"129.614982,44.585200",18645266117,黑龙江省,牡丹江市,西安区,牡丹江市
名流发型设计(西二社区店),先锋街道西一条路258号,"129.617266,44.577571",15945331733,黑龙江省,牡丹江市,西安区,牡丹江市
高姗造型(平安嘉园小区店),西二条路133号平安嘉园小区,"129.614838,44.579920",[],黑龙江省,牡丹江市,西安区,牡丹江市
墨尚纹身工作室,湖北大厦,"129.621087,44.573478",13384632025,黑龙江省,牡丹江市,西安区,牡丹江市
M.Nail美甲工作室,万达华府c区南门128号门市,"129.599030,44.567765",17713335944,黑龙江省,牡丹江市,西安区,牡丹江市
玖恩国芮皮肤管理工作室,西七条路与西八条路之间道南270号门市,"129.596663,44.578459",15604836777,黑龙江省,牡丹江市,西安区,牡丹江市
小美美甲工作室(罗兰新城店),罗兰新城1号楼三单元501室,"129.608206,44.570677",18944602593,黑龙江省,牡丹江市,西安区,牡丹江市
水木年华健康管理工作室,西平安街与西九条路交叉口西南40米,"129.593676,44.573883",[],黑龙江省,牡丹江市,西安区,牡丹江市
名模发艺(牡丹江海林市),子荣街华联北楼楼下,"129.388251,44.575212",0453-8887567;15734533444,黑龙江省,牡丹江市,海林市,牡丹江市
荣华发型设计室(共和小区店),海林镇共和小区东侧,"129.384702,44.572244",0453-8180222;15946353678,黑龙江省,牡丹江市,海林市,牡丹江市
她他造型机构(幸福二区店),和平街59号幸福小区二区,"129.392056,44.572812",15945710998,黑龙江省,牡丹江市,海林市,牡丹江市
鬼剪旗舰店,幸福路馨怡嘉园2号楼对面,"129.393453,44.576888",15245373899,黑龙江省,牡丹江市,海林市,牡丹江市
名街专业剪烫染,新海路与和平街交叉口西南80米,"129.386511,44.572866",13199391228;13766648452,黑龙江省,牡丹江市,海林市,牡丹江市
小雨点美发会所,海林镇胜利街第一小学楼下门市,"129.383495,44.571394",13763613595,黑龙江省,牡丹江市,海林市,牡丹江市
韩社造型设计室(幸福三区店),幸福小区三区西北门旁,"129.391909,44.571532",[],黑龙江省,牡丹江市,海林市,牡丹江市
倾城时尚造型(俊景园店),俊景园3号楼32号门市,"129.388646,44.577132",13045315118,黑龙江省,牡丹江市,海林市,牡丹江市
宏宇发型设计,朝阳街与河西路交叉口西90米路北,"129.393241,44.576058",17790653500,黑龙江省,牡丹江市,海林市,牡丹江市
顶尚美发(牡丹江海林市),新华街与林海路交叉口南120米,"129.392817,44.579487",15214537787,黑龙江省,牡丹江市,海林市,牡丹江市
鑫丽美发工作室,海林镇和平小区一号楼,"129.384225,44.575525",13214637136,黑龙江省,牡丹江市,海林市,牡丹江市
小也发艺(奋斗路店),海林市人民银行家属楼17426号楼6门市,"129.386487,44.576078",18945327582,黑龙江省,牡丹江市,海林市,牡丹江市
新美丽美发(丽海花园店),海林鑫源服装有限公司南门旁,"129.397700,44.580885",[],黑龙江省,牡丹江市,海林市,牡丹江市
琳娜专业烫染(丽海花园店),海烟路468号丽海花园,"129.398874,44.580915",[],黑龙江省,牡丹江市,海林市,牡丹江市
8AM美发沙龙,海林镇幸福路规划3号楼,"129.392617,44.572835",[],黑龙江省,牡丹江市,海林市,牡丹江市
程超造型(馨怡嘉园店),馨怡家园5号楼门市,"129.393835,44.576707",[],黑龙江省,牡丹江市,海林市,牡丹江市
梦柏BO造型,馨怡家园12号楼4门市,"129.393603,44.577588",18645361466,黑龙江省,牡丹江市,海林市,牡丹江市
海林市巅峰之秀日韩造型室(幸福小区二区店),幸福二区东门10号门市,"129.392228,44.572729",15331937809,黑龙江省,牡丹江市,海林市,牡丹江市
蒙妮坦时尚发型设计,工程公司10号楼,"129.391721,44.580778",13634530433,黑龙江省,牡丹江市,海林市,牡丹江市
超群发艺(幸福小区一区店),幸福路与和平街交叉口东南角,"129.391813,44.571975",13946371077,黑龙江省,牡丹江市,海林市,牡丹江市
尚艺造型(新华街店),新华街58号金恒小区北门,"129.398488,44.580426",18604539722,黑龙江省,牡丹江市,海林市,牡丹江市
锦义缘发艺(鑫林小区店),鑫林小区西门旁,"129.388512,44.583494",[],黑龙江省,牡丹江市,海林市,牡丹江市
尚北造型(公园小区店),公园小区西门南220米,"129.399769,44.573979",13206885568,黑龙江省,牡丹江市,海林市,牡丹江市
冰涵精剪坊(丽海花园店),海烟路468号丽海花园,"129.397361,44.581691",13946330997,黑龙江省,牡丹江市,海林市,牡丹江市
新感觉造型(和平小区南区店),奋斗路96号,"129.385762,44.574242",15945717399,黑龙江省,牡丹江市,海林市,牡丹江市
晓英美容美发工作室,友谊路与学子街交叉口北100米,"129.687991,44.762173",13514540888,黑龙江省,牡丹江市,海林市,牡丹江市
小不点美发(牡丹江海林市),和平小区北区,"129.384617,44.578391",[],黑龙江省,牡丹江市,海林市,牡丹江市
杨达发艺,柴河林业局平安三区8号楼,"129.687682,44.758720",0453-7548772;13136877898,黑龙江省,牡丹江市,海林市,牡丹江市
名城·造型(龙城国际花园店),龙城国际花园东门北90米,"129.385252,44.588626",[],黑龙江省,牡丹江市,海林市,牡丹江市
引领风潮专业发型设计烫染店,镇政府楼下,"129.384586,44.581009",[],黑龙江省,牡丹江市,海林市,牡丹江市
齐园精剪室(九鼎锦绣城店),九鼎锦绣城A区东门南130米,"129.388375,44.585404",[],黑龙江省,牡丹江市,海林市,牡丹江市
鑫鑫美发(林苑小区店),林苑社区东门旁,"129.387998,44.581737",[],黑龙江省,牡丹江市,海林市,牡丹江市
大天姿专业美发设计,海林林业局新华街林苑三区18号楼2门市,"129.389035,44.580889",[],黑龙江省,牡丹江市,海林市,牡丹江市
伊人族时尚烫染,封闭市场西门馨怡家园1号楼122号门市,"129.393615,44.575248",[],黑龙江省,牡丹江市,海林市,牡丹江市
容丝发廊(平安小区三区店),希望路与安平街交叉口北60米,"129.688406,44.758104",[],黑龙江省,牡丹江市,海林市,牡丹江市
美梦丝发屋,佛山路雨菲蔬菜水果干调对面,"129.072861,44.814320",18745304792,黑龙江省,牡丹江市,海林市,牡丹江市
花城美容美发,海林镇胜利街第一小学北门市,"129.384786,44.570990",13945393865,黑龙江省,牡丹江市,海林市,牡丹江市
美王发艺,新华街与海烟路交叉口东180米,"129.403003,44.580309",[],黑龙江省,牡丹江市,海林市,牡丹江市
维斯发型设计(方兴小区店),奋斗路与雪原街交叉口南100米,"129.384904,44.571663",13946303848,黑龙江省,牡丹江市,海林市,牡丹江市
卉美格时尚烫染(白头山三区店),白头山小区三区1-3号楼东北门旁,"129.378742,44.577002",[],黑龙江省,牡丹江市,海林市,牡丹江市
领尖造型美食一条街店,休闲广场小区136门市,"129.386325,44.575875",13684533338,黑龙江省,牡丹江市,海林市,牡丹江市
婷婷发型设计,友谊路步行街,"129.688307,44.765063",13634539773,黑龙江省,牡丹江市,海林市,牡丹江市
丝丝柔发艺,学府美地小区北2门西100米,"129.381382,44.579600",[],黑龙江省,牡丹江市,海林市,牡丹江市
未来美发工作室,幸福二区和平街,"129.391819,44.572403",15764638372,黑龙江省,牡丹江市,海林市,牡丹江市
明阳发艺(青岛花园步行街店),和平街93正北方向50米青岛花园2期,"129.387449,44.574187",15545037034;18304538585,黑龙江省,牡丹江市,海林市,牡丹江市
冰秀发型设计,子荣街28号,"129.397740,44.572971",15946356300,黑龙江省,牡丹江市,海林市,牡丹江市
得艺旺型造型工作室,新华街236号牡林公司十号楼4门市,"129.391150,44.580906",13684642224,黑龙江省,牡丹江市,海林市,牡丹江市
红蜻蜓发艺(锦绣嘉园店),锦绣嘉园东门南60米,"129.377256,44.571964",[],黑龙江省,牡丹江市,海林市,牡丹江市
发尖烫染店,林苑小区南门旁,"129.387307,44.581309",[],黑龙江省,牡丹江市,海林市,牡丹江市
美丝特美发,柴河镇南市场繁荣街,"129.686767,44.749188",18204631892,黑龙江省,牡丹江市,海林市,牡丹江市
时尚前沿专业烫染名店(华泰购物广场店),华泰购物广场,"129.386231,44.571021",[],黑龙江省,牡丹江市,海林市,牡丹江市
美婷造型,青岛花园二期10号楼中心区31委1层03室,"129.389095,44.574055",15245375331,黑龙江省,牡丹江市,海林市,牡丹江市
剪爱专业美发工作室,柴河林业局平安一区,"129.687238,44.759293",15946319072;18249301393,黑龙江省,牡丹江市,海林市,牡丹江市
印象发型工作室(林业机关小区店),海林市机关小区4号楼461号门市,"129.385154,44.579506",15561959205,黑龙江省,牡丹江市,海林市,牡丹江市
潮艺发型工作室,海林林业局黑龙江省海林市林苑二区19号楼,"129.387311,44.580920",[],黑龙江省,牡丹江市,海林市,牡丹江市
中意美发,海林镇新海村家属楼,"129.386567,44.573004",0453-7227013,黑龙江省,牡丹江市,海林市,牡丹江市
小强发艺(馨怡嘉园店),馨怡嘉园西南门北70米,"129.393825,44.576590",15764639917,黑龙江省,牡丹江市,海林市,牡丹江市
茗源造型(尚品家园店),[],"129.399537,44.577095",[],黑龙江省,牡丹江市,海林市,牡丹江市
东尼美发会所(和兴瀚城店),海林镇和兴瀚城13号楼10号门市,"129.400571,44.577584",18204634528,黑龙江省,牡丹江市,海林市,牡丹江市
千艺美发(锦绣家园小区店),大海林林业局锦绣家园14号楼,"128.927868,44.468716",13614636386,黑龙江省,牡丹江市,海林市,牡丹江市
幻美时尚烫染,富裕路与和平街交叉路口,"129.388158,44.573132",18324530120,黑龙江省,牡丹江市,海林市,牡丹江市
影星发型设计室(俊景园店),俊景园东侧门市,"129.389178,44.577391",18745307577,黑龙江省,牡丹江市,海林市,牡丹江市
丽都美容美发沙龙(友谊路步行街店),友谊路步行街,"129.689596,44.768324",13845379720,黑龙江省,牡丹江市,海林市,牡丹江市
名师形象设计,和平街幸福一区60号,"129.390837,44.572341",13946303332,黑龙江省,牡丹江市,海林市,牡丹江市
亮点专业烫染(休闲家园店),海林市休闲家园3号楼1单元,"129.387642,44.576094",18245366825,黑龙江省,牡丹江市,海林市,牡丹江市
玉环发廊(友谊路步行街店),柴河林业局平安三区15号楼,"129.686889,44.757323",18245364068,黑龙江省,牡丹江市,海林市,牡丹江市
鑫丽时美发造型店,长汀镇大海林局和谐家园13号楼4门市,"128.922268,44.473770",13089857865,黑龙江省,牡丹江市,海林市,牡丹江市
深港专业美发美甲纹绣,公园小区6号楼1门市,"129.400217,44.574650",0453-7223006,黑龙江省,牡丹江市,海林市,牡丹江市
沙宣专业烫染,新海路197号,"129.388096,44.575664",[],黑龙江省,牡丹江市,海林市,牡丹江市
新意发艺,佛山路与河堤路交叉口南40米,"129.072125,44.814455",13206871665,黑龙江省,牡丹江市,海林市,牡丹江市
盈盈发艺,林兴路与繁荣街交叉口东南340米,"129.685078,44.746896",18045338870,黑龙江省,牡丹江市,海林市,牡丹江市
鑫美理烫发店,新海村家属楼楼下,"129.386493,44.572822",[],黑龙江省,牡丹江市,海林市,牡丹江市
头发乱了烫染店(胜利街店),胜利街173号,"129.381271,44.572183",[],黑龙江省,牡丹江市,海林市,牡丹江市
铭匠发艺(公园小区店),公园小区北区南门旁,"129.400733,44.574664",[],黑龙江省,牡丹江市,海林市,牡丹江市
百乐发艺(丽海花园店),丽海花园东1门南330米,"129.400293,44.581524",[],黑龙江省,牡丹江市,海林市,牡丹江市
喜林国际发型设计研讨机构,子荣街与新海路交叉口东南80米,"129.388357,44.574648",13359685050,黑龙江省,牡丹江市,海林市,牡丹江市
青青发艺(幸福小区一区店),幸福小区一区西北门旁,"129.390469,44.571582",[],黑龙江省,牡丹江市,海林市,牡丹江市
漫品美发,三道河子镇迎宾路,"129.778128,45.304318",[],黑龙江省,牡丹江市,海林市,牡丹江市
美约造型店,幸福小区三区西北门北200米,"129.392131,44.572903",13504600011,黑龙江省,牡丹江市,海林市,牡丹江市
思田造型,和平小区北门思田造型,"129.383870,44.575749",15636390625,黑龙江省,牡丹江市,海林市,牡丹江市
禾川形象,新华街89号,"129.399175,44.580775",18645358616,黑龙江省,牡丹江市,海林市,牡丹江市
八佰伴美发形象设计(朝阳街店),海林镇银河小区楼下门市,"129.392918,44.576108",[],黑龙江省,牡丹江市,海林市,牡丹江市
小宝发型(高丽花园店),子荣街与西河路交叉口西120米,"129.381679,44.576258",[],黑龙江省,牡丹江市,海林市,牡丹江市
波仔的店,幸福路43号,"129.391283,44.571169",13945323785,黑龙江省,牡丹江市,海林市,牡丹江市
渼树造型,海林镇中心区31委(新天地二期东侧),"129.385606,44.573298",15582405444,黑龙江省,牡丹江市,海林市,牡丹江市
经典发型设计(友谊路店),柴河镇百批楼经典发廊,"129.689128,44.768712",18714391745,黑龙江省,牡丹江市,海林市,牡丹江市
春吹柳絮烫染机构(富强小区店),富强小区东南门旁,"129.390257,44.571802",[],黑龙江省,牡丹江市,海林市,牡丹江市
金玉发型设计,新海路与雪原街交叉口北60米,"129.386474,44.572777",[],黑龙江省,牡丹江市,海林市,牡丹江市
晓萍理发店,馨怡家园1号楼门市,"129.394781,44.575463",13836323448,黑龙江省,牡丹江市,海林市,牡丹江市
简美造型,安置小区,"129.381267,44.576960",[],黑龙江省,牡丹江市,海林市,牡丹江市
天使美发机构,柴河镇友谊家园1号楼,"129.687872,44.764062",15699633848,黑龙江省,牡丹江市,海林市,牡丹江市
海林市理丝美容美发会所(和平小区店),和平小区东1门南370米,"129.386412,44.575853",[],黑龙江省,牡丹江市,海林市,牡丹江市
新亚发艺,长汀镇一小楼下,"128.913609,44.477754",15246350227,黑龙江省,牡丹江市,海林市,牡丹江市
淑利发廊(鑫林小区店),鑫林小区西门旁,"129.388545,44.583476",18845393589,黑龙江省,牡丹江市,海林市,牡丹江市
老中青理发店(海浪路店),金水湾小区西南门旁,"129.391533,44.568062",[],黑龙江省,牡丹江市,海林市,牡丹江市
可新发型设计室,海林鑫源服装有限公司南门东150米,"129.399209,44.580921",[],黑龙江省,牡丹江市,海林市,牡丹江市
雅丝乐时尚烫染(馨怡嘉园店),海林镇馨怡家园二号楼,"129.393860,44.576005",[],黑龙江省,牡丹江市,海林市,牡丹江市
王红美发(平安小区三区店),平安小区三区,"129.686919,44.756422",15045326118,黑龙江省,牡丹江市,海林市,牡丹江市
周三发艺,佛山路与河堤路交叉口东40米,"129.072426,44.814794",[],黑龙江省,牡丹江市,海林市,牡丹江市
审美发型设计(友谊路店),友谊路步行街,"129.689117,44.768665",18745308339,黑龙江省,牡丹江市,海林市,牡丹江市
奈丝造型,柴河林业局步行街46号,"129.688237,44.764169",17710162626;19214539598,黑龙江省,牡丹江市,海林市,牡丹江市
青雨造型工作室,华林御景B区6号楼新华北区24委1层06室,"129.391480,44.581281",18045357054,黑龙江省,牡丹江市,海林市,牡丹江市
吉祥鸟发艺(和兴翰城店),和兴翰城南2门旁,"129.401571,44.577380",[],黑龙江省,牡丹江市,海林市,牡丹江市
云尚发型工作室(白头山小区三区店),白头山三区东门旁,"129.379247,44.576579",[],黑龙江省,牡丹江市,海林市,牡丹江市
老船长美容美发,友谊街与083县道交叉口西南400米,"129.111375,44.452375",[],黑龙江省,牡丹江市,海林市,牡丹江市
阿袁美容美发(友谊路步行街店),柴河镇饮服楼,"129.689403,44.766722",15561957599,黑龙江省,牡丹江市,海林市,牡丹江市
标榜美发,阳光丽景小区东侧210米,"128.916741,44.476064",13763613019,黑龙江省,牡丹江市,海林市,牡丹江市
时代发廊,山市镇道南村,"129.101700,44.578550",[],黑龙江省,牡丹江市,海林市,牡丹江市
华艺美发(金恒城市花园店),金恒城市花园(院内)11号楼,"129.399275,44.578675",[],黑龙江省,牡丹江市,海林市,牡丹江市
红玫瑰发艺(共和小区店),海林镇共和小区3号楼14号门市,"129.384580,44.572396",13845333700,黑龙江省,牡丹江市,海林市,牡丹江市
金金美发(盛世华城店),海林镇盛世华城一号楼,"129.392618,44.589488",13945336083,黑龙江省,牡丹江市,海林市,牡丹江市
超越发廊(林苑小区店),林苑小区,"129.388113,44.582236",[],黑龙江省,牡丹江市,海林市,牡丹江市
忆美思发艺(九鼎锦绣城A区店),九鼎锦绣城A区,"129.387303,44.585164",[],黑龙江省,牡丹江市,海林市,牡丹江市
名城发艺,富裕路与雪原街交叉口东北60米,"129.388025,44.572416",[],黑龙江省,牡丹江市,海林市,牡丹江市
波涛发廊(丽海花园店),海烟路468号丽海花园,"129.396897,44.582105",[],黑龙江省,牡丹江市,海林市,牡丹江市
嘉剪烫染发型设计,海林镇团结路广龙供热斜对面,"129.389381,44.578539",[],黑龙江省,牡丹江市,海林市,牡丹江市
美蓝造型(白头山小区一区店),白头山小区南门旁,"129.377040,44.573496",18612972353,黑龙江省,牡丹江市,海林市,牡丹江市
审美美发,海林镇海林林业局第三中学斜对面,"129.387683,44.580639",[],黑龙江省,牡丹江市,海林市,牡丹江市
小雪美发(和平街店),和平小区南区,"129.384659,44.574096",[],黑龙江省,牡丹江市,海林市,牡丹江市
小叶发艺,中共长汀镇委员会西南侧60米,"128.913754,44.477939",[],黑龙江省,牡丹江市,海林市,牡丹江市
海林狮子座美甲店,休闲家园中心区29委1-1C02,"129.387631,44.576105",[],黑龙江省,牡丹江市,海林市,牡丹江市
领秀发型设计,柴河镇柴河林业局林苑二区楼下,"129.689038,44.760988",[],黑龙江省,牡丹江市,海林市,牡丹江市
中心发廊,友谊路步行街,"129.688375,44.763825",13208430883,黑龙江省,牡丹江市,海林市,牡丹江市
丽施美发,X083山市派出所西侧约60米,"129.101669,44.578550",[],黑龙江省,牡丹江市,海林市,牡丹江市
发彩理发,福楼浴池东南侧80米,"129.103290,44.577800",[],黑龙江省,牡丹江市,海林市,牡丹江市
情丝专业发型设计室,海烟路468号丽海花园,"129.398075,44.581675",[],黑龙江省,牡丹江市,海林市,牡丹江市
鑫点发艺,海浪路与前进街交叉口南420米,"129.392425,44.563725",[],黑龙江省,牡丹江市,海林市,牡丹江市
创迎美容美发,030乡道与083县道交叉口西420米,"129.110875,44.452125",[],黑龙江省,牡丹江市,海林市,牡丹江市
纤丝发艺,馨怡嘉园二期,"129.394725,44.576575",[],黑龙江省,牡丹江市,海林市,牡丹江市
众创美业,和平街与富强路交叉口西20米,"129.390425,44.572525",[],黑龙江省,牡丹江市,海林市,牡丹江市
德平美发,海烟路468号丽海花园,"129.398090,44.583330",[],黑龙江省,牡丹江市,海林市,牡丹江市
婉美烫染造型,沿河街与025乡道交叉口南480米,"128.922425,44.475075",[],黑龙江省,牡丹江市,海林市,牡丹江市
阿振造型,幸福二区中心区21委,"129.391125,44.572571",15945486055,黑龙江省,牡丹江市,海林市,牡丹江市
巧莹美发店,和谐家园北侧110米,"128.922425,44.475525",[],黑龙江省,牡丹江市,海林市,牡丹江市
2023形象设计,林海路与子荣街交叉口北60米,"129.390025,44.575125",[],黑龙江省,牡丹江市,海林市,牡丹江市
红利理发店,馨怡嘉园二期7幢,"129.393882,44.577532",[],黑龙江省,牡丹江市,海林市,牡丹江市
神渼美发(幸福小区三区店),幸福小区三区西北门南90米,"129.391725,44.571020",[],黑龙江省,牡丹江市,海林市,牡丹江市
新欧美雅美发工作室(白头山小区三区店),白头山三区东门旁,"129.379198,44.576753",[],黑龙江省,牡丹江市,海林市,牡丹江市
博丝美造型,新华街与海烟路交叉口东220米,"129.403370,44.580729",[],黑龙江省,牡丹江市,海林市,牡丹江市
泊美造型,林海路与朝阳街交叉口东北100米,"129.392094,44.577095",[],黑龙江省,牡丹江市,海林市,牡丹江市
领航造型(新华街店),海烟路468号丽海花园,"129.398840,44.580896",[],黑龙江省,牡丹江市,海林市,牡丹江市
精剪坊发艺,阳光丽景小区东侧210米,"128.916782,44.476049",[],黑龙江省,牡丹江市,海林市,牡丹江市
梨花造型,长汀镇农贸市场,"128.916656,44.476094",18245321970,黑龙江省,牡丹江市,海林市,牡丹江市
鑫鑫美发,山市镇道北,"129.100234,44.580283",[],黑龙江省,牡丹江市,海林市,牡丹江市
小云美发,海林镇学府美地小区四号楼,"129.380325,44.579325",[],黑龙江省,牡丹江市,海林市,牡丹江市
异彩美发(鑫林小区店),鑫林家园12号楼四门,"129.389806,44.582219",[],黑龙江省,牡丹江市,海林市,牡丹江市
美神美发(和平街店),海林镇公司11号楼,"129.391613,44.571644",[],黑龙江省,牡丹江市,海林市,牡丹江市
友谊发廊,长汀镇,"128.928970,44.466983",13154533015,黑龙江省,牡丹江市,海林市,牡丹江市
超群发艺,海林镇交警大队斜对面,"128.914139,44.477842",[],黑龙江省,牡丹江市,海林市,牡丹江市
新奇特美容美发(金洲家园小区店),尚品家园1号楼3单元101室,"129.400756,44.570546",15946357100,黑龙江省,牡丹江市,海林市,牡丹江市
名丝专业发艺,海林镇人和大酒店对面,"129.387640,44.570400",[],黑龙江省,牡丹江市,海林市,牡丹江市
红云美发,劳动局旁粮食局家属楼下门市,"129.386291,44.568573",[],黑龙江省,牡丹江市,海林市,牡丹江市
春艺美发(锦绣家园小区店),锦绣家园小区西南门西北170米,"128.926842,44.469795",13614532581,黑龙江省,牡丹江市,海林市,牡丹江市
宏伟理发店,大海林林区基层法院北侧110米,"128.915332,44.479338",[],黑龙江省,牡丹江市,海林市,牡丹江市
晓波发型设计,海林镇朝阳街173号银河小区门市,"129.392991,44.576111",[],黑龙江省,牡丹江市,海林市,牡丹江市
天堂鸟专业发型设计,新华街与团结路交叉口西80米,"129.389094,44.580871",[],黑龙江省,牡丹江市,海林市,牡丹江市
小雪美容会馆,新天地家园东门旁,"129.383286,44.572128",[],黑龙江省,牡丹江市,海林市,牡丹江市
初欣美甲美睫工作室,和兴瀚城南门东侧1-4号门市,"129.402321,44.577258",15645371123,黑龙江省,牡丹江市,海林市,牡丹江市
染指·美甲美睫工作室,子荣街华联北楼名模发艺二楼,"129.387625,44.574375",15051529316;19297522212,黑龙江省,牡丹江市,海林市,牡丹江市
晓莲美甲美睫工作室,柴河林业局广场小区,"129.687094,44.762109",15845310886,黑龙江省,牡丹江市,海林市,牡丹江市
瑶芳清颜祛痘专家海林店,和平小区北侧7号楼6号门市,"129.385975,44.575442",13351130789,黑龙江省,牡丹江市,海林市,牡丹江市
乙文瘦身(青岛花园步行街店),海林镇青岛花园西门2号乙,"129.386314,44.575002",0453-7333377,黑龙江省,牡丹江市,海林市,牡丹江市
豆域祛痘(海烟路店),海烟路468号丽海花园,"129.399337,44.582748",[],黑龙江省,牡丹江市,海林市,牡丹江市
梦寐美发设计,八面通镇(运东街与发廊街交叉口),"130.529600,44.921087",[],黑龙江省,牡丹江市,穆棱市,牡丹江市
0453时尚造型,北三路与红旗街交叉口西100米,"130.527457,44.921294",18673938888,黑龙江省,牡丹江市,穆棱市,牡丹江市
零起点美发,八面通镇宇宙广场,"130.531895,44.916557",[],黑龙江省,牡丹江市,穆棱市,牡丹江市
绘蓝美发室,红旗街与北三路交叉口北20米,"130.528732,44.921274",0453-8896777;13303637098,黑龙江省,牡丹江市,穆棱市,牡丹江市
简艺造型,八面通镇荟萃楼珠宝南侧100米红旗大街供销大楼东侧第三门市(发廊街)北三路与和平大街交叉口东60米,"130.528611,44.921338",13521891941;18045390693,黑龙江省,牡丹江市,穆棱市,牡丹江市
昕雨美业,和平雅居步行街A010门市,"130.524576,44.915523",15764635270,黑龙江省,牡丹江市,穆棱市,牡丹江市
小燕子美发,八面通镇幸福大街128号门市,"130.538041,44.914023",15945721116;18745378808,黑龙江省,牡丹江市,穆棱市,牡丹江市
阿龙造型(富民小区店),八面通北三路,"130.530425,44.920825",13766639699,黑龙江省,牡丹江市,穆棱市,牡丹江市
佳人发型设计,八面通镇八面通南一路安居工程,"130.526350,44.916559",[],黑龙江省,牡丹江市,穆棱市,牡丹江市
卓越造型(工农街店),工农街与南二路交叉口北100米,"130.531782,44.916280",[],黑龙江省,牡丹江市,穆棱市,牡丹江市
云萍美发,平安小区2期西南门旁,"130.528853,44.913430",[],黑龙江省,牡丹江市,穆棱市,牡丹江市
穆棱市绿港美容养生馆,下城子镇政府西50米,"130.455458,44.684000",18249346552,黑龙江省,牡丹江市,穆棱市,牡丹江市
刘杨烫染工作室,鑫源居西1门旁,"130.530649,44.915649",18645753855,黑龙江省,牡丹江市,穆棱市,牡丹江市
美之炫美容美发,穆棱镇中心委政府2号楼,"130.265123,44.521968",[],黑龙江省,牡丹江市,穆棱市,牡丹江市
铁蛋理发,穆棱镇301国道与棱河路交叉口东300米,"130.269244,44.521447",13704608788,黑龙江省,牡丹江市,穆棱市,牡丹江市
柒染造型,发廊街同楼对面柒染造型,"130.526696,44.921172",15636370627,黑龙江省,牡丹江市,穆棱市,牡丹江市
鑫艺造型,人民大街与宾南路交叉口东南120米,"130.457889,44.685383",[],黑龙江省,牡丹江市,穆棱市,牡丹江市
飘艺发屋,301国道与山林城路交叉口北20米,"130.261558,44.525172",13694549809;13694649809,黑龙江省,牡丹江市,穆棱市,牡丹江市
米格发型设计(中奥花园店),米格美发,"130.523928,44.921502",[],黑龙江省,牡丹江市,穆棱市,牡丹江市
金辉造型设计,北三路与红旗街交叉口西80米,"130.527757,44.921271",13763624446,黑龙江省,牡丹江市,穆棱市,牡丹江市
名港专业发型设计(鑫源居店),八面通镇计划生育办一号楼,"130.531008,44.917083",13766656351,黑龙江省,牡丹江市,穆棱市,牡丹江市
小角色美发店,八面通镇状元名苑小区对面,"130.528778,44.930188",13946373545,黑龙江省,牡丹江市,穆棱市,牡丹江市
洋洋发艺(和平雅居店),八面通镇和平雅居A2栋,"130.524419,44.915634",[],黑龙江省,牡丹江市,穆棱市,牡丹江市
鑫剪子美发,农拥小区8号楼,"130.529422,44.916491",[],黑龙江省,牡丹江市,穆棱市,牡丹江市
奈斯美业,八面通镇祥瑞家园门市,"130.533324,44.925195",[],黑龙江省,牡丹江市,穆棱市,牡丹江市
丝美发艺(中高清华城店),和平大街与化北二胡同交叉口西南180米,"130.526311,44.927005",[],黑龙江省,牡丹江市,穆棱市,牡丹江市
小军造型(江南名府店),八面通江南名府院内,"130.525599,44.923934",[],黑龙江省,牡丹江市,穆棱市,牡丹江市
剪名堂染烫,八面通镇和平大街江南名府东门北侧20米,"130.526181,44.924514",[],黑龙江省,牡丹江市,穆棱市,牡丹江市
鼎尖美发(永圣花园店),永圣花园小区东门北50米,"130.529748,44.920851",[],黑龙江省,牡丹江市,穆棱市,牡丹江市
我的头发时尚造型,北三路与红旗街交叉口西60米,"130.527997,44.920938",18545368139,黑龙江省,牡丹江市,穆棱市,牡丹江市
炫时尚造型(江南名府店),穆稜市江南名府一号楼3号门市,"130.524104,44.923320",18946344123,黑龙江省,牡丹江市,穆棱市,牡丹江市
头领美发洗脸吧,尚品嘉园小吃街头领美发洗脸吧,"130.530808,44.918988",15946371936,黑龙江省,牡丹江市,穆棱市,牡丹江市
领秀发艺设计,北三路与红旗街交叉口西40米,"130.528254,44.921222",13359539219,黑龙江省,牡丹江市,穆棱市,牡丹江市
荟萃发廊,北三路与和平大街交叉口东60米,"130.526847,44.921036",[],黑龙江省,牡丹江市,穆棱市,牡丹江市
王遥造型(永圣花园店),永圣花园,"130.528820,44.920925",[],黑龙江省,牡丹江市,穆棱市,牡丹江市
穆棱市拥民发艺店,天马烟酒西面K8拥民发艺,"130.531039,44.920130",15999294337,黑龙江省,牡丹江市,穆棱市,牡丹江市
金玉美容美发(和平大街店),八面通镇江南名府斜对过,"130.526498,44.923451",13694641681,黑龙江省,牡丹江市,穆棱市,牡丹江市
蓝慧发艺(江南名府店),邮电路与和平大街交叉口西60米,"130.525790,44.924266",[],黑龙江省,牡丹江市,穆棱市,牡丹江市
爵士发廊,义和人民大街下城子镇政府东北,"130.457458,44.685126",[],黑龙江省,牡丹江市,穆棱市,牡丹江市
金威娜发型室,和平大街216号,"130.525799,44.915895",[],黑龙江省,牡丹江市,穆棱市,牡丹江市
金艺烫染造型(金碧园2区店),金碧园二区11栋13号门市,"130.523459,44.916939",13555004280,黑龙江省,牡丹江市,穆棱市,牡丹江市
思美发艺,人民大街与仁和路交叉口南20米,"130.457361,44.687086",[],黑龙江省,牡丹江市,穆棱市,牡丹江市
港都发艺(府南路店),城南路与人民大街交叉口东60米,"130.457917,44.683884",[],黑龙江省,牡丹江市,穆棱市,牡丹江市
喜来宣发廊(万事达名苑店),八面通镇团结路职高家属楼1楼门市,"130.539890,44.912237",[],黑龙江省,牡丹江市,穆棱市,牡丹江市
曙光美发(惠民家园店),惠民家园西门北60米,"130.528034,44.915356",13555405140,黑龙江省,牡丹江市,穆棱市,牡丹江市
鑫越发艺(惠民家园店),南二路与运东街交叉口西20米,"130.528866,44.915519",[],黑龙江省,牡丹江市,穆棱市,牡丹江市
竞美发型设计室(富民小区店),北三路发廊街12号,"130.530501,44.921002",19997598198,黑龙江省,牡丹江市,穆棱市,牡丹江市
鹏克时尚造型(永圣花园店),八面通镇北三路中段,"130.529555,44.921159",[],黑龙江省,牡丹江市,穆棱市,牡丹江市
老狼发型设计室(尚品嘉园店),八面通镇小吃街尚品嘉园东门门市,"130.530848,44.919155",13149539278,黑龙江省,牡丹江市,穆棱市,牡丹江市
冰丽美发,运东街与南一路交叉口北80米,"130.529140,44.917081",[],黑龙江省,牡丹江市,穆棱市,牡丹江市
岳红发艺设计(富民小区店),富民小区,"130.530060,44.921056",[],黑龙江省,牡丹江市,穆棱市,牡丹江市
美杜莎美业,八面通北三路永圣小区3号楼13号门市,"130.528725,44.921275",18724539600,黑龙江省,牡丹江市,穆棱市,牡丹江市
Fadstyle时尚风格美发店,北三路与红旗街交叉口,"130.528747,44.921207",18603630070,黑龙江省,牡丹江市,穆棱市,牡丹江市
丝爽美发专业发型设计,北三路与红旗街交叉口西北20米,"130.528439,44.921251",[],黑龙江省,牡丹江市,穆棱市,牡丹江市
爱佳美发,穆棱镇政府二号楼0127,"130.265162,44.521904",16534537666,黑龙江省,牡丹江市,穆棱市,牡丹江市
椿苗造型美发(鑫源居店),农拥街18附近,"130.530973,44.916852",13045329616,黑龙江省,牡丹江市,穆棱市,牡丹江市
鑫雨发艺(绿海小区店),"八面通林业局绿海小区C11,9号门市","130.542802,44.930565",13351631989,黑龙江省,牡丹江市,穆棱市,牡丹江市
新尔雅美发(吉祥苑店),吉祥苑南门旁,"130.333510,44.594854",13206898886,黑龙江省,牡丹江市,穆棱市,牡丹江市
明星美发,中福路与东林街交叉口西南40米,"130.264282,44.521028",[],黑龙江省,牡丹江市,穆棱市,牡丹江市
鑫源发艺,人民大街与仁和路交叉口南40米,"130.457359,44.687047",[],黑龙江省,牡丹江市,穆棱市,牡丹江市
美美发艺,仁和路与人民大街交叉口西北20米,"130.456999,44.687443",[],黑龙江省,牡丹江市,穆棱市,牡丹江市
爱尚美发造型门店,平安街与兴富路交叉口东北20米,"130.334187,44.595680",[],黑龙江省,牡丹江市,穆棱市,牡丹江市
爱萍造型,政府路与中心街交叉口北20米,"130.264308,44.523377",[],黑龙江省,牡丹江市,穆棱市,牡丹江市
常来发屋,安民路与西岗街交叉口北100米,"130.261355,44.525825",18714416957,黑龙江省,牡丹江市,穆棱市,牡丹江市
茗柳美发,南二路与运东街交叉口东40米,"130.529811,44.915730",[],黑龙江省,牡丹江市,穆棱市,牡丹江市
丽人美容美发,中心街与进步路交叉口西80米,"130.540655,44.693265",[],黑龙江省,牡丹江市,穆棱市,牡丹江市
洪华美容美发(江南名府店),八面通镇和平大街江南名府1栋31号,"130.525440,44.923260",[],黑龙江省,牡丹江市,穆棱市,牡丹江市
英姿美发,安民路与西岗街交叉口北40米,"130.261544,44.525200",15046323656,黑龙江省,牡丹江市,穆棱市,牡丹江市
火蝴蝶美发造型(状元名苑店),八面通镇和平大街鸣贵宾楼对面,"130.528928,44.930418",[],黑龙江省,牡丹江市,穆棱市,牡丹江市
小影造型(百合花园店),八面通镇百合小区1楼门市(宏宇火锅)对面,"130.524274,44.916631",[],黑龙江省,牡丹江市,穆棱市,牡丹江市
金龙美发,穆棱镇林业局玉溪桥D-2号楼,"130.268597,44.520538",13946373399,黑龙江省,牡丹江市,穆棱市,牡丹江市
贵族造型,穆林二小西南门旁,"130.253646,44.512944",[],黑龙江省,牡丹江市,穆棱市,牡丹江市
凯威美发(祥瑞家园店),八面通镇工农街祥瑞家园8栋,"130.533372,44.925803",[],黑龙江省,牡丹江市,穆棱市,牡丹江市
莹影发艺(永圣花园店),运东街与北三路交叉口西南20米,"130.529788,44.920941",[],黑龙江省,牡丹江市,穆棱市,牡丹江市
朵朵发艺,龙溪家园北门东210米,"130.253762,44.512915",[],黑龙江省,牡丹江市,穆棱市,牡丹江市
峰艺美发,鑫源居西1门南50米,"130.530646,44.915623",18249320327,黑龙江省,牡丹江市,穆棱市,牡丹江市
福朋美发,八面通镇中心小区门市29号,"130.528008,44.919509",[],黑龙江省,牡丹江市,穆棱市,牡丹江市
滚石美发造型,红旗街与北三路交叉口北40米,"130.528569,44.921389",[],黑龙江省,牡丹江市,穆棱市,牡丹江市
她与他美发,和兴路与乡府街交叉口东140米,"130.214925,44.114975",[],黑龙江省,牡丹江市,穆棱市,牡丹江市
华洋美发,和兴路与乡府街交叉口东120米,"130.214625,44.115325",[],黑龙江省,牡丹江市,穆棱市,牡丹江市
云帆发艺,中心街与进步路交叉口南160米,"130.541475,44.691525",[],黑龙江省,牡丹江市,穆棱市,牡丹江市
琪琪美业,人民大街与仁和路交叉口西北60米,"130.457075,44.687775",[],黑龙江省,牡丹江市,穆棱市,牡丹江市
丝尚发艺,穆棱镇河北星河小区C5,"130.259058,44.509810",[],黑龙江省,牡丹江市,穆棱市,牡丹江市
向阳理发店,龙溪家园,"130.252575,44.513125",[],黑龙江省,牡丹江市,穆棱市,牡丹江市
大众理发,团结路与文化街交叉口西南20米,"130.536075,44.912175",[],黑龙江省,牡丹江市,穆棱市,牡丹江市
新港造型(琥珀新苑店),八面通镇工农街琥珀新苑4号楼,"130.532154,44.910648",[],黑龙江省,牡丹江市,穆棱市,牡丹江市
英英发艺,琥珀新苑一期,"130.531125,44.910425",[],黑龙江省,牡丹江市,穆棱市,牡丹江市
丽点造型(绿海小区店),兴林街与林福路交叉口南500米,"130.544493,44.930849",[],黑龙江省,牡丹江市,穆棱市,牡丹江市
薇尼造型,工农街456号祥瑞家园,"130.533725,44.925595",[],黑龙江省,牡丹江市,穆棱市,牡丹江市
主流造型,和平大街518号江南名府,"130.526375,44.924675",[],黑龙江省,牡丹江市,穆棱市,牡丹江市
老乡剪吧,和平大街与化北一胡同交叉口东南20米,"130.528875,44.930125",[],黑龙江省,牡丹江市,穆棱市,牡丹江市
绮艺造型店,东风路与西环街交叉口西280米,"130.517225,44.922125",[],黑龙江省,牡丹江市,穆棱市,牡丹江市
老三美发中心,雷锋路与206省道交叉口西280米,"130.492556,44.926939",[],黑龙江省,牡丹江市,穆棱市,牡丹江市
剪廊美发工作室,山林城路与301国道交叉口西北140米,"130.260828,44.526044",13339434879,黑龙江省,牡丹江市,穆棱市,牡丹江市
美发,兴源路与兴富路交叉口西260米,"130.331123,44.594425",[],黑龙江省,牡丹江市,穆棱市,牡丹江市
米果美容美发,双宁街与和平路交叉口东40米,"130.258591,44.509962",[],黑龙江省,牡丹江市,穆棱市,牡丹江市
丝艺美发,铁路街与铁五胡同交叉口南40米,"130.543745,44.915108",[],黑龙江省,牡丹江市,穆棱市,牡丹江市
田杰美发,棱河路与东林街交叉口南20米,"130.265901,44.521397",[],黑龙江省,牡丹江市,穆棱市,牡丹江市
菲菲美发,农拥街与北三路交叉口东北20米,"130.531354,44.921008",[],黑龙江省,牡丹江市,穆棱市,牡丹江市
审美发艺,中心街与进步路交叉口东南40米,"130.541925,44.692775",[],黑龙江省,牡丹江市,穆棱市,牡丹江市
金玲发艺(金碧园店),八面通和平大街94号,"130.526614,44.913241",[],黑龙江省,牡丹江市,穆棱市,牡丹江市
潇洒发廊,中心街与棱河路交叉口东40米,"130.265572,44.523409",[],黑龙江省,牡丹江市,穆棱市,牡丹江市
百姓美发,穆棱镇,"130.267675,44.516625",[],黑龙江省,牡丹江市,穆棱市,牡丹江市
下城子大世界发廊,人民大街与宾南路交叉口西北40米,"130.457030,44.686627",[],黑龙江省,牡丹江市,穆棱市,牡丹江市
老狼发艺,棱河路与东林街交叉口西北80米,"130.265106,44.522008",[],黑龙江省,牡丹江市,穆棱市,牡丹江市
华威美容美发,安民路与山林城路交叉口南80米,"130.260800,44.526070",0453-8955135;15146300029,黑龙江省,牡丹江市,穆棱市,牡丹江市
雅丽美发店,八面通镇育新街实验小学南,"130.540041,44.914802",[],黑龙江省,牡丹江市,穆棱市,牡丹江市
红叶美容美发会所,人民大街与仁和路交叉口西北60米,"130.457048,44.687821",[],黑龙江省,牡丹江市,穆棱市,牡丹江市
玫瑰美发室,长征路与育新街交叉口东40米,"130.539327,44.917722",[],黑龙江省,牡丹江市,穆棱市,牡丹江市
粉黛尔美发(和平雅居店),八面通和平雅居步行街19号,"130.524336,44.915549",[],黑龙江省,牡丹江市,穆棱市,牡丹江市
艺美丝发艺,八面通镇和平雅居步行街,"130.524729,44.915305",[],黑龙江省,牡丹江市,穆棱市,牡丹江市
鸿雁发艺,八面通镇南二路鑫源居二期,"130.531065,44.915618",[],黑龙江省,牡丹江市,穆棱市,牡丹江市
新浪潮美发美容养生,穆棱镇机务段对过,"130.260724,44.526241",[],黑龙江省,牡丹江市,穆棱市,牡丹江市
红梅美发(百合花园店),百合花园南门西90米,"130.523135,44.916160",[],黑龙江省,牡丹江市,穆棱市,牡丹江市
小世界美妆工作室,中心街与育才路交叉口东北40米,"130.544907,44.692901",[],黑龙江省,牡丹江市,穆棱市,牡丹江市
魅尚美甲纹刺工作室,穆棱镇鑫河广场,"130.261503,44.525282",13039712280,黑龙江省,牡丹江市,穆棱市,牡丹江市
俏佳人生活美容工作室,平安街与兴富路交叉口东北20米,"130.334163,44.595648",[],黑龙江省,牡丹江市,穆棱市,牡丹江市
冯冯的店美甲美睫工作室,穆棱林业局河北利民小区德邦快递附近,"130.257723,44.511521",18745379875,黑龙江省,牡丹江市,穆棱市,牡丹江市
萌萌美容工作室,中心街与育才路交叉口东80米,"130.545625,44.692425",[],黑龙江省,牡丹江市,穆棱市,牡丹江市
欣喜美甲工作室,北三路与红旗街交叉口西北20米,"130.528436,44.921182",[],黑龙江省,牡丹江市,穆棱市,牡丹江市
俪馨雅美容工作室,金碧园北门东60米,"130.527228,44.915464",[],黑龙江省,牡丹江市,穆棱市,牡丹江市
小翠美容美甲工作室,棱河路与东林街交叉口南80米,"130.266144,44.520892",[],黑龙江省,牡丹江市,穆棱市,牡丹江市
楷模造型·护肤造型(阳明店),御景园小区G8号楼109门市,"129.641906,44.591918",[],黑龙江省,牡丹江市,阳明区,牡丹江市
小刚造型,江山如画C3-103门市鲜悦来海鲜批发旁边,"129.661328,44.607094",15561971005,黑龙江省,牡丹江市,阳明区,牡丹江市
美缘剪烫品质店,华威小区2、3区东区南门东南90米,"129.636819,44.590330",15344630176,黑龙江省,牡丹江市,阳明区,牡丹江市
慕北发艺传奇,阳明一路御景园25号楼下门市1003号,"129.641073,44.594191",18204539870,黑龙江省,牡丹江市,阳明区,牡丹江市
丝艺造型(绿苑小区三区店),东平安街125号绿苑小区三区,"129.633857,44.586133",13694536428,黑龙江省,牡丹江市,阳明区,牡丹江市
米来美容美发(绿苑小区店),东五条路牡丹街与平安街之间,"129.632177,44.584870",18604535615,黑龙江省,牡丹江市,阳明区,牡丹江市
丽人发型印象,机车路7号附近,"129.652284,44.604053",13804810581,黑龙江省,牡丹江市,阳明区,牡丹江市
明杰造型,东四小区西北门西140米,"129.629726,44.585441",15904539968,黑龙江省,牡丹江市,阳明区,牡丹江市
美约美发沙龙(御景园店),御景园8号楼,"129.641984,44.591968",18045305858,黑龙江省,牡丹江市,阳明区,牡丹江市
宇梵造型(润泽园小区店),镇江路10号,"129.659994,44.604512",15846785850,黑龙江省,牡丹江市,阳明区,牡丹江市
大勇造型(皇都郦景店),皇都郦景B区18号楼103门市大勇造型,"129.666331,44.614672",18845337723,黑龙江省,牡丹江市,阳明区,牡丹江市
刘斌造型工作室,东七条路华威二区一号楼门市,"129.637365,44.589725",18745338807,黑龙江省,牡丹江市,阳明区,牡丹江市
鑫淼造型,华为一区1号楼101门市,"129.638658,44.587910",13251539517,黑龙江省,牡丹江市,阳明区,牡丹江市
焦点创意发型工作室,阳明三路安居小区三号楼,"129.635830,44.595003",18346336800,黑龙江省,牡丹江市,阳明区,牡丹江市
首秀美发烫染(安居小区店),光华街61号,"129.636544,44.595543",13845373933;13845733933,黑龙江省,牡丹江市,阳明区,牡丹江市
铂柔造型,阳明四条路51号门市,"129.636077,44.593973",18604638535,黑龙江省,牡丹江市,阳明区,牡丹江市
兵媛发型设计(金河湾店),前进街道金河湾小区5号楼110门市,"129.662714,44.611774",13845327047,黑龙江省,牡丹江市,阳明区,牡丹江市
悦养丝生态染发(阳明三路店),阳明三路84号,"129.638058,44.593051",15204535851,黑龙江省,牡丹江市,阳明区,牡丹江市
迪蓝朵美发美睫(皇都郦景C区店),皇都丽景C区150号门市,"129.662289,44.612101",15945367436,黑龙江省,牡丹江市,阳明区,牡丹江市
李木子的美发店,平安街东四条路与东五条路之间道北,"129.630097,44.585633",15545304563,黑龙江省,牡丹江市,阳明区,牡丹江市
从头开始专业烫染时尚造型(东六条路店),绿苑小区三区东门旁,"129.634821,44.585958",13845302180,黑龙江省,牡丹江市,阳明区,牡丹江市
夏威夷美发专业店,东平安街352号,"129.633644,44.586067",13845393229,黑龙江省,牡丹江市,阳明区,牡丹江市
得利发艺发型设计,机车路信大市场楼1号门市,"129.652125,44.601875",13214534778,黑龙江省,牡丹江市,阳明区,牡丹江市
精剪坊专业烫染店(大树花园店),大树花园小区1号楼门市110号,"129.664448,44.612428",13766591938,黑龙江省,牡丹江市,阳明区,牡丹江市
好多年发艺,机车路30附近,"129.651459,44.604712",13845384510,黑龙江省,牡丹江市,阳明区,牡丹江市
美神造型,光华街机车路22号,"129.652827,44.602183",13766619955,黑龙江省,牡丹江市,阳明区,牡丹江市
飘雅发型室(绿苑小区三区店),绿苑小区三区北门旁,"129.633258,44.585976",13555008461,黑龙江省,牡丹江市,阳明区,牡丹江市
晓松造型,东平安街与东五条路交叉口西60米,"129.630646,44.585771",13304534143,黑龙江省,牡丹江市,阳明区,牡丹江市
好再来思缘美业,安居小区东南门旁,"129.636046,44.593969",18714443636,黑龙江省,牡丹江市,阳明区,牡丹江市
魅力人生发型工作室,光华街与裕民路交叉口西100米,"129.654275,44.601025",[],黑龙江省,牡丹江市,阳明区,牡丹江市
思恩美发造型手机维修,东平安街与东六条路交叉口东北160米处春城御园小区3号楼门市431-B室,"129.636725,44.587525",[],黑龙江省,牡丹江市,阳明区,牡丹江市
港星发艺,机车东一路与前进二道街交叉口南120米,"129.651089,44.607088",13514549707,黑龙江省,牡丹江市,阳明区,牡丹江市
薄伟发屋,机车路蓝鸟生鲜超市对面2号楼,"129.651343,44.604824",[],黑龙江省,牡丹江市,阳明区,牡丹江市
艺歌造型(中德·紫金城店),中德·紫金城5栋,"129.645336,44.591101",[],黑龙江省,牡丹江市,阳明区,牡丹江市
素色美发沙龙(中德·紫金城店),阳明新路17号,"129.645475,44.591175",[],黑龙江省,牡丹江市,阳明区,牡丹江市
敏君造型(大树花园店),大树花园西北2门西南210米,"129.665591,44.613792",13514505548,黑龙江省,牡丹江市,阳明区,牡丹江市
小冬造型(安居小区店),安居小区东南门旁,"129.635975,44.594075",[],黑龙江省,牡丹江市,阳明区,牡丹江市
名港发型设计(安全路店),铁岭河幸福小区一号楼1号门市,"129.682484,44.593268",[],黑龙江省,牡丹江市,阳明区,牡丹江市
佳鑫美容美发,金河湾小区2号楼105室,"129.664413,44.612006",13125932555,黑龙江省,牡丹江市,阳明区,牡丹江市
大美美发,阳明二条路与阳明十二道街交叉口西北40米,"129.638215,44.595585",[],黑龙江省,牡丹江市,阳明区,牡丹江市
姐妹美发(大树花园店),大树花园2号楼门市,"129.664914,44.612221",[],黑龙江省,牡丹江市,阳明区,牡丹江市
轩·造型(润泽园小区店),润泽园42号门市,"129.660215,44.605434",[],黑龙江省,牡丹江市,阳明区,牡丹江市
美登高艺术发型,铁岭河市场北门旁,"129.682738,44.593780",15846771602,黑龙江省,牡丹江市,阳明区,牡丹江市
姐妹发艺造型,阳明街道机车驾校雅典娜歌厅对面,"129.652217,44.603503",13766597965,黑龙江省,牡丹江市,阳明区,牡丹江市
欣感觉专业美发(华威小区2区店),华威小区2、3区东南门旁,"129.639073,44.589163",13704533063,黑龙江省,牡丹江市,阳明区,牡丹江市
创艺美发工作室(东七条路店),东七条路华威二区15号楼110门市,"129.636641,44.590483",18346338238;18745338807,黑龙江省,牡丹江市,阳明区,牡丹江市
阿雷造型,安康小区,"129.636552,44.593232",[],黑龙江省,牡丹江市,阳明区,牡丹江市
海蓝蓝美发(皇都郦景B区店),皇都郦景东南门东60米,"129.664635,44.613938",15804530265,黑龙江省,牡丹江市,阳明区,牡丹江市
风剪云专业美发,安居小区西南门东北50米,"129.635725,44.594525",[],黑龙江省,牡丹江市,阳明区,牡丹江市
玫瑰园发廊(恒丰苑店),恒丰小区东3门旁,"129.652501,44.598396",[],黑龙江省,牡丹江市,阳明区,牡丹江市
淼淼美发店,裕民路67号,"129.657298,44.603005",[],黑龙江省,牡丹江市,阳明区,牡丹江市
美格发型设计(御景园店),中房小区北门旁,"129.640428,44.591422",[],黑龙江省,牡丹江市,阳明区,牡丹江市
发艺空间烫染店,阳明一路御景园小区26号,"129.641577,44.593822",[],黑龙江省,牡丹江市,阳明区,牡丹江市
首艺造型,磨刀石镇委西侧80米,"129.868060,44.563543",[],黑龙江省,牡丹江市,阳明区,牡丹江市
致美造型(中德·紫金城店),中德·紫金城,"129.644543,44.591145",[],黑龙江省,牡丹江市,阳明区,牡丹江市
新概念美发(安居小区店),阳明三路安居小区4号楼,"129.636951,44.594868",[],黑龙江省,牡丹江市,阳明区,牡丹江市
剪艺专业美发(御景园店),阳明三路御景园三号楼下,"129.639629,44.591842",13644538575,黑龙江省,牡丹江市,阳明区,牡丹江市
百姓理发,机车西一路恒丰六号楼,"129.651307,44.602518",[],黑龙江省,牡丹江市,阳明区,牡丹江市
左右造型(机车西一路店),信大小区2号楼,"129.651731,44.601913",15845301120,黑龙江省,牡丹江市,阳明区,牡丹江市
鑫洋洋发廊,前进街道33号楼2单元101室,"129.654567,44.605387",[],黑龙江省,牡丹江市,阳明区,牡丹江市
明星发型设计(安全路店),铁岭河市场北门旁,"129.682593,44.593265",[],黑龙江省,牡丹江市,阳明区,牡丹江市
综艺发廊,桦林橡胶厂街道桦林镇橡胶厂市场一条街,"129.684993,44.686757",13514583506,黑龙江省,牡丹江市,阳明区,牡丹江市
艺玫美发,机车路4-84,"129.651610,44.604550",13624536940,黑龙江省,牡丹江市,阳明区,牡丹江市
林美斯美容美发,御景园,"129.640975,44.593625",[],黑龙江省,牡丹江市,阳明区,牡丹江市
小不点美发,铁岭街与邮电路交叉口西北60米,"129.686269,44.593001",[],黑龙江省,牡丹江市,阳明区,牡丹江市
博奕造型(安居小区店),安居小区,"129.635888,44.594289",[],黑龙江省,牡丹江市,阳明区,牡丹江市
蔚蓝造型(盛世华庭店),盛世华庭,"129.644756,44.597716",[],黑龙江省,牡丹江市,阳明区,牡丹江市
老中青美发,桦林大街与004乡道交叉口西400米,"129.687434,44.686904",13694685576,黑龙江省,牡丹江市,阳明区,牡丹江市
阿伟发型设计(机车路店),机车路6附近,"129.651926,44.603996",[],黑龙江省,牡丹江市,阳明区,牡丹江市
发名廊,桦林大街与004乡道交叉口西400米,"129.687706,44.687065",13845397706;13945397786,黑龙江省,牡丹江市,阳明区,牡丹江市
发型坊美发店,东平街木材小区7号楼门市556,"129.641911,44.591631",[],黑龙江省,牡丹江市,阳明区,牡丹江市
利红美发,机车住宅4-2号楼1单元,"129.649931,44.607144",[],黑龙江省,牡丹江市,阳明区,牡丹江市
如意美发,崔恩凤口腔诊所东侧100米,"129.869311,44.564913",[],黑龙江省,牡丹江市,阳明区,牡丹江市
玉清美发5元理发,中心路与铁岭街交叉口东北60米,"129.685801,44.593634",[],黑龙江省,牡丹江市,阳明区,牡丹江市
齐齐发艺,莲花北路与镇江路交叉口南140米,"129.668625,44.614175",[],黑龙江省,牡丹江市,阳明区,牡丹江市
美灵发廊,机车住宅2-12-3-103,"129.654250,44.603935",[],黑龙江省,牡丹江市,阳明区,牡丹江市
新世纪美发(华威一区店),丹江路与中通路交叉口西100米,"129.639923,44.587710",[],黑龙江省,牡丹江市,阳明区,牡丹江市
百姓快剪店,东平安街与阳明三路交叉口东80米,"129.642838,44.591780",[],黑龙江省,牡丹江市,阳明区,牡丹江市
靓点发屋(龙福佳源店),裕民路龙福家园6号102,"129.661278,44.618231",[],黑龙江省,牡丹江市,阳明区,牡丹江市
回归发型设计(龙福佳源店),新兴街道裕民路28号龙福佳源,"129.660236,44.617393",[],黑龙江省,牡丹江市,阳明区,牡丹江市
飘飘发廊,046乡道与201国道交叉口西北80米,"129.792875,44.819475",[],黑龙江省,牡丹江市,阳明区,牡丹江市
金陵秀美发造型,046乡道与201国道交叉口西北100米,"129.792717,44.819605",[],黑龙江省,牡丹江市,阳明区,牡丹江市
泓泓发廊,桦橡西街与桦橡科技路交叉口西南300米,"129.670874,44.677438",[],黑龙江省,牡丹江市,阳明区,牡丹江市
文轩造型精致复合式店,林口镇邮政路果品道口,"130.273374,45.291321",[],黑龙江省,牡丹江市,林口县,牡丹江市
新芳芳美容美发养生SPA会馆,站前大街与明华路交叉口西南20米,"130.264068,45.288612",[],黑龙江省,牡丹江市,林口县,牡丹江市
果果造型,山水天域北区14号楼,"130.279132,45.280647",13199353330,黑龙江省,牡丹江市,林口县,牡丹江市
剪廊发型工作室,新华路与站前大街交叉口南60米剪廊发型工作室,"130.270203,45.291500",13121715052,黑龙江省,牡丹江市,林口县,牡丹江市
剪艺人生(迎宾路店),迎宾路与文政大街交叉口西北220米,"130.273375,45.291341",13351639191;18645784399,黑龙江省,牡丹江市,林口县,牡丹江市
世季美发店,林口县世纪鼎城15号楼016门市,"130.265110,45.276291",13836382458;15522615156,黑龙江省,牡丹江市,林口县,牡丹江市
梵宇造型(山水天域如意家园店),如意家园一号楼0125室,"130.280346,45.281399",19889931117,黑龙江省,牡丹江市,林口县,牡丹江市
铭剪美容美发中心(海洋小区店),文政大街217号海洋小区,"130.273609,45.289201",15145366633,黑龙江省,牡丹江市,林口县,牡丹江市
金顶发艺造型(山水天域店),山水天域六号楼中医院道口,"130.279136,45.279956",15946367799,黑龙江省,牡丹江市,林口县,牡丹江市
标榜美业,林口县广场3号楼下55,"130.271832,45.289220",[],黑龙江省,牡丹江市,林口县,牡丹江市
环宇发艺(金地家园店),金地家园东北门旁,"130.272170,45.288503",[],黑龙江省,牡丹江市,林口县,牡丹江市
大春造型,林口镇邮电路老广播局对面,"130.273866,45.290481",[],黑龙江省,牡丹江市,林口县,牡丹江市
深港美容美发,林口镇地税局楼下,"130.270102,45.291604",0453-3535166,黑龙江省,牡丹江市,林口县,牡丹江市
木北发型设计(海洋小区店),兴林小区4号楼0113,"130.271849,45.290025",[],黑龙江省,牡丹江市,林口县,牡丹江市
艺杰造型(新宏基御庭园店),新宏基御庭园6号楼35号门市,"130.269126,45.286917",17554238745,黑龙江省,牡丹江市,林口县,牡丹江市
非凡时尚造型(中海新城店),中海新城,"130.280243,45.276082",15046355230,黑龙江省,牡丹江市,林口县,牡丹江市
尚艺美发店,泰和全8号楼116室,"130.264542,45.280765",15174676866,黑龙江省,牡丹江市,林口县,牡丹江市
甜甜美发(新宏基御庭园店),新宏基6号楼,"130.269129,45.286927",[],黑龙江省,牡丹江市,林口县,牡丹江市
亚派美发,悦兴小区西门旁,"130.275991,45.294445",15945363199,黑龙江省,牡丹江市,林口县,牡丹江市
山水天域兆红发廊烫染形象店,山水天域5号楼,"130.279622,45.279783",[],黑龙江省,牡丹江市,林口县,牡丹江市
阿松烫染形象店(如意家园店),如意家园19号,"130.280075,45.280606",[],黑龙江省,牡丹江市,林口县,牡丹江市
喜欢理美发,新鸿基1号楼0110室喜欢理美发,"130.267410,45.287735",15561936961,黑龙江省,牡丹江市,林口县,牡丹江市
天佑造型,海洋世纪城14号楼013,"130.272067,45.290101",15945734321,黑龙江省,牡丹江市,林口县,牡丹江市
后妃造型,林口县地税局楼下后,"130.270238,45.291453",[],黑龙江省,牡丹江市,林口县,牡丹江市
靓丽美发厅照相复印打字(学府家园店),学府家园1号楼,"130.261820,45.278501",15765033444,黑龙江省,牡丹江市,林口县,牡丹江市
天阳造型烫染工作室(御林嘉园店),林口镇御林家园4号楼下,"130.277130,45.286157",15145365238,黑龙江省,牡丹江市,林口县,牡丹江市
林口林业局二理发店,兴林大街与商业路交叉口西120米,"130.289023,45.356340",[],黑龙江省,牡丹江市,林口县,牡丹江市
名流(兴林大街店),古城镇林口林业局32号楼,"130.288459,45.356424",[],黑龙江省,牡丹江市,林口县,牡丹江市
你好漂亮发型设计,文政大街新鸿基御庭园2号楼014室龙江银行东侧,"130.268921,45.287913",13114534349,黑龙江省,牡丹江市,林口县,牡丹江市
首艺造型(山水天域店),盛林大街30号,"130.278663,45.279519",18145312444,黑龙江省,牡丹江市,林口县,牡丹江市
搏莎造型,金沟步行街与站前大街交叉口南20米,"130.272177,45.292831",13946379139,黑龙江省,牡丹江市,林口县,牡丹江市
春红美发(新宏基御庭园店),文德街31号,"130.269500,45.286978",[],黑龙江省,牡丹江市,林口县,牡丹江市
金萍理容,民主小区南门东北230米,"130.263103,45.286254",[],黑龙江省,牡丹江市,林口县,牡丹江市
佳鑫美发,迎宾路与文政大街交叉口西北140米,"130.273775,45.290775",[],黑龙江省,牡丹江市,林口县,牡丹江市
花诗林美容美发化妆品店,建堂镇小学教学楼4号,"130.053494,45.681078",[],黑龙江省,牡丹江市,林口县,牡丹江市
美约美容美发(林都雅苑小区店),笋岗村55-5栋,"130.261129,45.281777",[],黑龙江省,牡丹江市,林口县,牡丹江市
德文剪艺,恒远小区,"130.271225,45.286575",13614537929,黑龙江省,牡丹江市,林口县,牡丹江市
梵古造型,[],"130.269004,45.288025",18098886080,黑龙江省,牡丹江市,林口县,牡丹江市
头领美发旗舰店,运管小区西北门旁,"130.260538,45.283374",[],黑龙江省,牡丹江市,林口县,牡丹江市
洪波发型设计,迎宾路与站前大街交叉口南100米,"130.272591,45.292443",[],黑龙江省,牡丹江市,林口县,牡丹江市
海宇发艺,林口镇海宇小区4号楼门市,"130.264266,45.284917",15004536528,黑龙江省,牡丹江市,林口县,牡丹江市
珍姐美发(海宇小区店),海宇小区3号楼6号门市,"130.263147,45.284677",15946360679,黑龙江省,牡丹江市,林口县,牡丹江市
有间发廊(学府家园店),林口镇学府5号楼,"130.260824,45.278203",15326530606,黑龙江省,牡丹江市,林口县,牡丹江市
舒心发艺烫染形象店,恒远一号楼妇幼保健院南50米,"130.270592,45.286737",15045317733,黑龙江省,牡丹江市,林口县,牡丹江市
鬼剪高端烫染(林都雅苑店),林都雅苑11号楼018室鬼剪造型,"130.261223,45.281645",13214533876,黑龙江省,牡丹江市,林口县,牡丹江市
林口县医院西门头领造型,县医院西门运管道口北头领造型,"130.260453,45.283440",13504636658,黑龙江省,牡丹江市,林口县,牡丹江市
佳丽美容美发设计中心,悦兴小区西门东南50米,"130.276590,45.294478",13845328387,黑龙江省,牡丹江市,林口县,牡丹江市
奈丝造型(新宏基御庭园店),文政大街332号,"130.267790,45.287823",13115538466,黑龙江省,牡丹江市,林口县,牡丹江市
小秀美发(山水天域店),山水天域北区南2门旁,"130.278975,45.279925",[],黑龙江省,牡丹江市,林口县,牡丹江市
超群美发,建堂镇,"130.054101,45.680478",13604604131,黑龙江省,牡丹江市,林口县,牡丹江市
敏敏发型工作室,站前大街与建华路交叉口北180米,"130.259105,45.286375",18346387779,黑龙江省,牡丹江市,林口县,牡丹江市
霞光美容美发,站前大街与新华路交叉口西80米,"130.269181,45.291799",13836336347,黑龙江省,牡丹江市,林口县,牡丹江市
英波造型(山水天域店),山水天域2号楼012门市,"130.279127,45.279093",13514533705,黑龙江省,牡丹江市,林口县,牡丹江市
太子发型设计(海洋小区店),林口镇广场4号楼,"130.271478,45.290194",[],黑龙江省,牡丹江市,林口县,牡丹江市
魅力时尚烫染会馆,文政大街与新华路交叉口东北60米,"130.272194,45.288965",13199399326,黑龙江省,牡丹江市,林口县,牡丹江市
帕雅美发工作室,林口县广场3号楼门市249号,"130.272051,45.288945",[],黑龙江省,牡丹江市,林口县,牡丹江市
好望角专业美发(德林家园店),邮电路德林楼下,"130.279665,45.278905",[],黑龙江省,牡丹江市,林口县,牡丹江市
阿岩剪艺(民主小区店),文政大街408东南方向50米民主小区1号楼,"130.265225,45.287513",[],黑龙江省,牡丹江市,林口县,牡丹江市
森焱发型设计,刁翎镇人民政府东南侧180米,"130.002880,45.779425",15636371998,黑龙江省,牡丹江市,林口县,牡丹江市
金丽美容美发,林口县火车站西百惠楼下,"130.269408,45.291925",13351837688,黑龙江省,牡丹江市,林口县,牡丹江市
金艺美容美发(迎宾路店),山水天域北区7号楼,"130.278749,45.279862",15946362347,黑龙江省,牡丹江市,林口县,牡丹江市
赵岩发艺,林口镇恒远家园三号楼门市,"130.271287,45.285808",13946399505,黑龙江省,牡丹江市,林口县,牡丹江市
海港美容美发(百合花园店),林口镇百合小区2号楼,"130.270052,45.284544",[],黑龙江省,牡丹江市,林口县,牡丹江市
久明造型,向阳路与080县道交叉口西40米,"130.001790,45.780637",13304534927;17713339001,黑龙江省,牡丹江市,林口县,牡丹江市
百合发屋(百合花园店),林口镇百合小区三号楼门市,"130.268286,45.283813",[],黑龙江省,牡丹江市,林口县,牡丹江市
大凤中老年理发(民主小区店),文政大街民主小区八号楼,"130.263271,45.285934",13039702700,黑龙江省,牡丹江市,林口县,牡丹江市
匠人美发(山水天域店),林口镇山水天域8号楼,"130.278601,45.279856",[],黑龙江省,牡丹江市,林口县,牡丹江市
丝情发艺(迎宾路店),迎宾路楠山嘉园,"130.279315,45.283780",[],黑龙江省,牡丹江市,林口县,牡丹江市
街道理发店,新城家园西侧190米,"130.294922,45.354520",[],黑龙江省,牡丹江市,林口县,牡丹江市
丁丁造型美发,站前大街与金沟步行街交叉口南40米,"130.272034,45.292779",[],黑龙江省,牡丹江市,林口县,牡丹江市
铭港高端烫染,林口镇金沟商贸街153号,"130.272572,45.292480",[],黑龙江省,牡丹江市,林口县,牡丹江市
跃阳美发造型(林都雅苑小区店),林都雅苑5号楼0112号门市,"130.261075,45.282036",[],黑龙江省,牡丹江市,林口县,牡丹江市
陶陶美发,林口镇四通路林都雅苑2号楼,"130.261456,45.282561",15245341077,黑龙江省,牡丹江市,林口县,牡丹江市
新星红星发型设计,向阳路与站前大街交叉口西北220米,"130.273623,45.296482",18645784988,黑龙江省,牡丹江市,林口县,牡丹江市
威潮发艺,060乡道与胜利大街交叉口东180米,"130.258359,45.288004",18845361601,黑龙江省,牡丹江市,林口县,牡丹江市
博美发型设计,林口镇枫林晚2号楼负1层,"130.277274,45.293165",13555417444,黑龙江省,牡丹江市,林口县,牡丹江市
我型我塑美发(御林嘉园店),黑龙江牡丹江林口县御林家园5号楼,"130.278075,45.286125",13945322131,黑龙江省,牡丹江市,林口县,牡丹江市
红玲发廊,明华路与站前大街交叉口南40米,"130.264185,45.288502",15214625985,黑龙江省,牡丹江市,林口县,牡丹江市
纯子美容美发,建堂派出所南侧240米,"130.054133,45.680261",[],黑龙江省,牡丹江市,林口县,牡丹江市
鑫诺美发,文政街278号鑫子诺美发,"130.270914,45.288389",[],黑龙江省,牡丹江市,林口县,牡丹江市
富饶造型,金沟步行街163号,"130.272476,45.292670",15046359321,黑龙江省,牡丹江市,林口县,牡丹江市
欣荣美发,中海新城8号楼,"130.279844,45.275597",[],黑龙江省,牡丹江市,林口县,牡丹江市
名匠造型,恒远家园1号楼0114门市,"130.270290,45.286624",13206869878,黑龙江省,牡丹江市,林口县,牡丹江市
天艺专业美发理发(文政大街店),文政大街与团结路交叉口东北140米,"130.258934,45.283798",[],黑龙江省,牡丹江市,林口县,牡丹江市
海洪发艺(民主小区店),民主小区8号楼,"130.262751,45.285595",[],黑龙江省,牡丹江市,林口县,牡丹江市
秀华理发,兴林大街与商业路交叉口西120米,"130.289075,45.355675",[],黑龙江省,牡丹江市,林口县,牡丹江市
剪成美业,世纪鼎城小区南门旁,"130.264975,45.276375",[],黑龙江省,牡丹江市,林口县,牡丹江市
晓娥美发,现代城市广场,"130.268375,45.272925",[],黑龙江省,牡丹江市,林口县,牡丹江市
嘉名造型,林都雅苑小区,"130.262125,45.282525",[],黑龙江省,牡丹江市,林口县,牡丹江市
星耀美发,新宏基御庭园文政大街南门东120米,"130.269243,45.286918",[],黑龙江省,牡丹江市,林口县,牡丹江市
超越美发,育红大街与迎宾路交叉口东北160米,"130.277725,45.288125",[],黑龙江省,牡丹江市,林口县,牡丹江市
靓丽发艺,龙爪镇人民政府东南侧210米,"130.152125,45.245825",[],黑龙江省,牡丹江市,林口县,牡丹江市
晓凤发艺,建华路与明德街交叉口东260米,"130.264602,45.278897",[],黑龙江省,牡丹江市,林口县,牡丹江市
小红美发,文政大街244号金地家园,"130.272175,45.286025",[],黑龙江省,牡丹江市,林口县,牡丹江市
汀格造型,平安街与友谊路交叉口西40米,"130.262775,45.283025",[],黑龙江省,牡丹江市,林口县,牡丹江市
几禾形象设计工作室,鑫城国际,"130.270531,45.290229",[],黑龙江省,牡丹江市,林口县,牡丹江市
爱鑫美发,060乡道与胜利大街交叉口东北180米,"130.258111,45.288516",[],黑龙江省,牡丹江市,林口县,牡丹江市
一朵造型,迎春路与文政大街交叉口东南60米,"130.267024,45.287200",[],黑龙江省,牡丹江市,林口县,牡丹江市
林口县秀丝轩专业烫染店,泰和泉三期1号楼0119,"130.265267,45.284826",13206881991,黑龙江省,牡丹江市,林口县,牡丹江市
莱美形象设计工作室(芙蓉苑小区店),芙蓉苑小区,"130.274098,45.291158",[],黑龙江省,牡丹江市,林口县,牡丹江市
老站前理发社(金地家园店),文政大街244号金地家园,"130.271840,45.287560",[],黑龙江省,牡丹江市,林口县,牡丹江市
小刚烫染工作室,锦辉花园,"130.268417,45.288403",[],黑龙江省,牡丹江市,林口县,牡丹江市
秀客造型,林口镇紫御华府11号楼,"130.264125,45.280225",[],黑龙江省,牡丹江市,林口县,牡丹江市
明艳美发工作室,山水天域南区1号楼,"130.279525,45.279175",[],黑龙江省,牡丹江市,林口县,牡丹江市
美容美发旗舰店,鑫城国际东门东南70米,"130.270914,45.290232",[],黑龙江省,牡丹江市,林口县,牡丹江市
名洋美发造型,林口镇山水天域1号楼,"130.279618,45.279243",[],黑龙江省,牡丹江市,林口县,牡丹江市
茗朗美发(园丁小区店),育红大街与前进路交叉口西南40米,"130.264289,45.284541",[],黑龙江省,牡丹江市,林口县,牡丹江市
剪吧美容美发店,林都雅苑小区东北门旁,"130.263444,45.281978",[],黑龙江省,牡丹江市,林口县,牡丹江市
大双美发,080县道与福祥街交叉口西北60米,"130.002628,45.779349",[],黑龙江省,牡丹江市,林口县,牡丹江市
东方理发,站前大街与迎宾路交叉口北260米,"130.272385,45.295703",13945338483;18745367273,黑龙江省,牡丹江市,林口县,牡丹江市
金港发艺,新宏基御庭园东南门西90米,"130.267277,45.286805",[],黑龙江省,牡丹江市,林口县,牡丹江市
老理发美发店,古城镇供销社楼下,"130.295433,45.354460",[],黑龙江省,牡丹江市,林口县,牡丹江市
老字号理发刮脸焗油,向阳路与站前大街交叉口西北220米,"130.273647,45.296542",15046350552;18246330744,黑龙江省,牡丹江市,林口县,牡丹江市
净荣美发(泰和泉家园店),林口镇泰和泉小区六号楼下,"130.265170,45.281539",[],黑龙江省,牡丹江市,林口县,牡丹江市
美丽汇美发造型,林口镇山水天域2号楼门市,"130.279425,45.279175",[],黑龙江省,牡丹江市,林口县,牡丹江市
桃子发艺工作室(民主小区店),新宏基御庭园东南门旁,"130.268425,45.286825",[],黑龙江省,牡丹江市,林口县,牡丹江市
金星发艺,古城镇林业局33号楼,"130.288672,45.356399",[],黑龙江省,牡丹江市,林口县,牡丹江市
亮点烫染美发沙龙,柳树镇卫生院东南侧140米,"130.018123,44.909959",[],黑龙江省,牡丹江市,林口县,牡丹江市
林涛发艺,309省道与江滨路交叉口东北160米,"129.744803,45.681147",[],黑龙江省,牡丹江市,林口县,牡丹江市
唯美美发工作室,繁华街西50米,"130.295842,45.355441",[],黑龙江省,牡丹江市,林口县,牡丹江市
小冰美甲美睫纹绣工作室,古城镇供销社集资楼0111室,"130.295238,45.354238",13664639627,黑龙江省,牡丹江市,林口县,牡丹江市
思梦纹绣工作室,兴林大街与迎宾路交叉路口往东南约200米,"130.288458,45.355663",18845350422,黑龙江省,牡丹江市,林口县,牡丹江市
柒禾美甲工作室,金地家园19号楼,"130.274447,45.286355",15331865200,黑龙江省,牡丹江市,林口县,牡丹江市
琳霖美容工作室,文政大街244号金地家园,"130.272575,45.286075",[],黑龙江省,牡丹江市,林口县,牡丹江市
阿芝创意,西门街与梅城大街交叉口西20米,"118.865532,26.222494",13799359393,福建省,福州市,闽清县,福州市
山山造型(乃裳街店),板东镇湖头街122号,"118.775869,26.104790",[],福建省,福州市,闽清县,福州市
汉泽美发店,湖头街122-2号,"118.775890,26.104725",18559125823,福建省,福州市,闽清县,福州市
首艺护肤造型(溪滨路店),梅城镇溪滨公园防洪堤42号,"118.866786,26.225570",15860297851,福建省,福州市,闽清县,福州市
VibeNo.1,北大路园丁花园1-4号,"118.868433,26.225402",13950457930,福建省,福州市,闽清县,福州市
得艺旺型理发店(塔庄街店),塔庄街88-3号,"118.776488,26.050983",[],福建省,福州市,闽清县,福州市
且慢形象沙龙(解放大街店),解放大街阳光城100-28号,"118.861448,26.218760",13609584140,福建省,福州市,闽清县,福州市
审美形象设计养发会所(溪滨路店),溪滨路广宇小区,"118.869825,26.221254",[],福建省,福州市,闽清县,福州市
秀发型设计(太阳大厦店),梅溪镇解放大街51-4,"118.863227,26.219830",15980172627,福建省,福州市,闽清县,福州市
爱尚造型,溪滨路与解放大街交叉口东南80米,"118.869993,26.221830",13675060138,福建省,福州市,闽清县,福州市
伊然美专业美发(恒翔·冠城店),梅城镇天行大街2-28,"118.860409,26.220755",13799398000,福建省,福州市,闽清县,福州市
阿芳美发设计室,阳光城东北门西120米,"118.860643,26.218745",[],福建省,福州市,闽清县,福州市
尚艺造型(梅溪路店),梅城镇解放大街25号,"118.858920,26.219127",13675049139,福建省,福州市,闽清县,福州市
阳光理发店,梅城镇梅溪路1021号,"118.856331,26.218755",13950372780,福建省,福州市,闽清县,福州市
发觉时尚发型,溪滨路与南北大街交叉口西北80米,"118.866610,26.225383",15880103379,福建省,福州市,闽清县,福州市
艺美造型设计,解放大街270-61号,"118.869216,26.221463",15980156227,福建省,福州市,闽清县,福州市
东尼专业美发沙龙(园丁花园店),梅城镇溪滨园丁花园6号楼,"118.866629,26.224544",[],福建省,福州市,闽清县,福州市
剪吧美业,坂东镇湖头街94号,"118.775936,26.104257",[],福建省,福州市,闽清县,福州市
源创造型,坂东街44号,"118.772440,26.110004",[],福建省,福州市,闽清县,福州市
可可造型(X125店),白中街与仙峰路交叉口西160米,"118.735314,26.134850",[],福建省,福州市,闽清县,福州市
简易造型,坂东新街与坂东街交叉口西北240米,"118.772133,26.110727",[],福建省,福州市,闽清县,福州市
无极限美发沙龙(园丁花园店),溪滨路与南北大街交叉口东北180米,"118.868967,26.225753",[],福建省,福州市,闽清县,福州市
时尚八佰伴专业美发中心,解放大街与台山路交叉口西南40米,"118.871176,26.222851",[],福建省,福州市,闽清县,福州市
奇绩造型,西门街73-2号,"118.865086,26.221573",[],福建省,福州市,闽清县,福州市
伊然美时尚假发定制,天行大街1-143,"118.859378,26.221183",13514085017;13850155508,福建省,福州市,闽清县,福州市
HC幻彩闽清店,解放大街51号太阳大厦51-6号,"118.863311,26.219885",17688779777,福建省,福州市,闽清县,福州市
尊尚美发美甲工作室,梅城镇西门街73号,"118.865076,26.221427",18506021852,福建省,福州市,闽清县,福州市
新动感造型(台山路店),台山路与解放大街交叉口北300米,"118.870444,26.225639",[],福建省,福州市,闽清县,福州市
读你造型,龙洲路与梅城大街交叉口东北120米,"118.864705,26.225629",[],福建省,福州市,闽清县,福州市
染烫吧,梅城镇梅溪路洋桃路5号,"118.855958,26.218530",18059705050,福建省,福州市,闽清县,福州市
金剪坊美发造型(乃裳街店),坂东镇湖头街菜市场正面口,"118.776045,26.104977",[],福建省,福州市,闽清县,福州市
流光造型(博仕后·家园店),梅溪镇渡口村668号博士后家园5号D131,"118.889607,26.196172",15959173376,福建省,福州市,闽清县,福州市
天姿美发,民德路与坂东新街交叉口东北60米,"118.773910,26.109120",[],福建省,福州市,闽清县,福州市
靓点美发工作室,溪滨路与南北大街交叉口西北80米,"118.869958,26.220800",13559114820;13559959904,福建省,福州市,闽清县,福州市
露美理发店(湖头街店),湖头村湖头街91-5号,"118.776152,26.104699",15980727147,福建省,福州市,闽清县,福州市
梳剪城造型工作室(溪滨路店),梅城镇溪滨南北大街118号,"118.867812,26.225157",13860695377,福建省,福州市,闽清县,福州市
酷时尚形象设计(园丁花园店),梅城镇园丁花园111号,"118.866770,26.224622",15280032707,福建省,福州市,闽清县,福州市
0度造型(园丁花园店),梅城镇圆丁花园8座108号,"118.866071,26.224189",15980164002,福建省,福州市,闽清县,福州市
仟丝雨美发店(白樟街),白樟街派出所下面20米,"118.806099,26.177431",13609584283,福建省,福州市,闽清县,福州市
阿玉美容美发,解放大街29号-27,"118.857904,26.219816",[],福建省,福州市,闽清县,福州市
发之缘美发中心(梅城大街店),南北大街18-19号附近,"118.863835,26.225305",15980157551,福建省,福州市,闽清县,福州市
得艺望型,溪口大街与308省道交叉口南100米,"118.886078,26.203012",13459495601,福建省,福州市,闽清县,福州市
新世纪理发店,南通镇医院斜对面,"118.870948,26.223768",15959051601,福建省,福州市,闽清县,福州市
艾莎形象沙龙,梅城镇南北大街116-6号,"118.867678,26.224296",15555040520;18506083935,福建省,福州市,闽清县,福州市
刘斌美发店,恒晟·晶都二期,"118.859407,26.221040",[],福建省,福州市,闽清县,福州市
名匠造型工作室,西门街与梅城大街交叉口西南140米,"118.865044,26.221516",[],福建省,福州市,闽清县,福州市
阿凤理发店,梅溪路81号,"118.860839,26.224404",[],福建省,福州市,闽清县,福州市
星座-剪·烫·染,梅溪镇赛垱路1号世林弘郡B-5-101,"118.886402,26.197374",17306919938,福建省,福州市,闽清县,福州市
简艺Salon,北大路5-4号,"118.867037,26.224848",13506974311,福建省,福州市,闽清县,福州市
阿书理发,梨园路与怅先路交叉口南220米,"118.801476,26.104470",[],福建省,福州市,闽清县,福州市
凡造型,白中街与仙峰路交叉口西南20米,"118.736696,26.135030",[],福建省,福州市,闽清县,福州市
闽清大美人美业(佳垅坂店),佳垅坂新村161号,"118.868935,26.225261",13950373772;17805960868,福建省,福州市,闽清县,福州市
MY梦境Hair Salon(一中店),梅溪镇上埔村上埔92号,"118.886809,26.202025",13123156908,福建省,福州市,闽清县,福州市
快剪男女剪发,溪口大街与308省道交叉口南20米,"118.885771,26.203593",[],福建省,福州市,闽清县,福州市
雨城风格烫染工作室,白中街324号,"118.736504,26.134938",13559461175,福建省,福州市,闽清县,福州市
阿容美发店,梅城镇园丁花园2栋,"118.868034,26.225299",15860297993,福建省,福州市,闽清县,福州市
阿英美发室,梅城镇广宇c区,"118.869286,26.220502",13799969746,福建省,福州市,闽清县,福州市
精剪坊(芝南路店),池园镇丽新村芝北路31号,"118.686119,26.092663",13509375456,福建省,福州市,闽清县,福州市
顶点造型,湖头街与乃裳街交叉口西240米,"118.775886,26.104218",18396163680,福建省,福州市,闽清县,福州市
标志美发工作室,梅溪镇上埔村一中学校对面,"118.886254,26.202803",13799921852,福建省,福州市,闽清县,福州市
焦点造型设计,梅城镇台山路427号,"118.870840,26.222584",13799972779,福建省,福州市,闽清县,福州市
艾美造型,坂东新街与坂东街交叉口西北60米,"118.773020,26.109205",13358237962,福建省,福州市,闽清县,福州市
ak美发店,梅城镇园丁花园2座9号,"118.867853,26.225175",13950134121,福建省,福州市,闽清县,福州市
起点美发(新世纪大厦店),解放大街新世纪大厦1层1号店面,"118.864076,26.220745",[],福建省,福州市,闽清县,福州市
大众理发室(天馨园小区店),解放大街116-5号,"118.863095,26.219280",[],福建省,福州市,闽清县,福州市
D造型,坂东镇湖头街115号,"118.775488,26.104165",[],福建省,福州市,闽清县,福州市
阿杰美发室,梅城镇城关村委会佳垅坂17号,"118.869019,26.223561",15960056755,福建省,福州市,闽清县,福州市
纤纤美发,坂东街与商贸街交叉口西80米,"118.772662,26.108442",[],福建省,福州市,闽清县,福州市
红都美发,坂东街与商贸街交叉口西40米,"118.773169,26.108532",[],福建省,福州市,闽清县,福州市
佰艺造型,世林弘郡A区9栋112号店铺,"118.887294,26.195839",15005050423,福建省,福州市,闽清县,福州市
云艺造型,202省道与云龙街交叉口西南100米,"118.836271,26.170569",[],福建省,福州市,闽清县,福州市
木北造型(商贸街店),商贸街与坂东新街交叉口西南160米,"118.772932,26.107231",[],福建省,福州市,闽清县,福州市
独品造型(西门街店),梅城镇西门街73号独品造型,"118.865448,26.221983",[],福建省,福州市,闽清县,福州市
艺北造型(商贸街店),商贸街与坂东新街交叉口西南160米,"118.772911,26.107391",15359109500,福建省,福州市,闽清县,福州市
视觉美发店,塔庄镇塔庄街,"118.776606,26.050841",[],福建省,福州市,闽清县,福州市
阿丰理发店,怡得园酒店北80米(台山路西),"118.870945,26.223693",13609585260,福建省,福州市,闽清县,福州市
阿邦美发店,115县道下祝乡政府东南,"118.996288,26.491213",[],福建省,福州市,闽清县,福州市
极简造型,政府路与坂东新街交叉口东北40米,"118.774654,26.107930",[],福建省,福州市,闽清县,福州市
奈蜜NLCME.H,梅城镇西大路518-10号,"118.858339,26.216566",17759194968,福建省,福州市,闽清县,福州市
木子造型,台山路与梅溪路交叉口东南40米,"118.867425,26.230775",[],福建省,福州市,闽清县,福州市
阿渊发屋,梅城镇南北大街129号,"118.868016,26.221264",[],福建省,福州市,闽清县,福州市
阿周造型,梅城镇梅溪路洋桃3号,"118.856001,26.218336",18650719996,福建省,福州市,闽清县,福州市
腾飞发屋,坂东镇坂东湖头街,"118.775864,26.104682",[],福建省,福州市,闽清县,福州市
丽剪美发店,梅溪镇榕星村台山路50号,"118.868927,26.227067",18960866537,福建省,福州市,闽清县,福州市
艺剪坊(坂东街店),坂东镇坂东新街7号,"118.771725,26.110475",13110875310,福建省,福州市,闽清县,福州市
阿健理发店,溪口大街与308省道交叉口西北100米,"118.885004,26.204730",[],福建省,福州市,闽清县,福州市
东方之剪造型设计室,梅城镇台山路98号,"118.871259,26.223635",[],福建省,福州市,闽清县,福州市
蓝调形象设计,莲花住宅小区1-7,"118.687091,26.091389",[],福建省,福州市,闽清县,福州市
红太阳时尚发型设计,芝东路与125县道交叉口西北180米,"118.687548,26.091959",[],福建省,福州市,闽清县,福州市
青青发室,梅城镇南北大街93号,"118.868016,26.222264",[],福建省,福州市,闽清县,福州市
青青美发,湖头街与乃裳街交叉口西180米,"118.776256,26.104883",[],福建省,福州市,闽清县,福州市
金剪子(台山路店),台山路463-1号,"118.870829,26.224640",18359768150,福建省,福州市,闽清县,福州市
尚之美美发,梅溪镇里寨路渡口村668号博仕后·家园,"118.887842,26.195516",[],福建省,福州市,闽清县,福州市
欧芭(恒晟·晶都二期店),梅城镇恒晟晶都步行街88号,"118.858748,26.220935",[],福建省,福州市,闽清县,福州市
金铭造型,白中中学东南门旁,"118.734145,26.134891",15959170821,福建省,福州市,闽清县,福州市
贵族造型设计,坂东新街与坂东街交叉口西北160米,"118.772570,26.110058",[],福建省,福州市,闽清县,福州市
领先造型工作室,梅城镇溪滨公园防洪堤店面65号,"118.867752,26.226072",[],福建省,福州市,闽清县,福州市
缘起美发造型,台山路479-1号,"118.870007,26.226209",[],福建省,福州市,闽清县,福州市
千丝美容美发,白中镇闽清白中中学,"118.734102,26.134142",[],福建省,福州市,闽清县,福州市
都都美容美发,白中街与仙峰路交叉口西220米,"118.735955,26.134838",[],福建省,福州市,闽清县,福州市
格调造型,下祝街与学府路交叉口东60米,"118.995740,26.491694",[],福建省,福州市,闽清县,福州市
阿雪理发,下祝街与学府路交叉口东南140米,"118.996249,26.490849",[],福建省,福州市,闽清县,福州市
10元洗发,芝东路与125县道交叉口西北100米,"118.687975,26.091225",[],福建省,福州市,闽清县,福州市
理发馆,乃裳街与车墘街交叉口北200米,"118.774625,26.102375",[],福建省,福州市,闽清县,福州市
李坂理发店,128县道与长征十三路交叉口西北420米,"118.760725,26.113675",[],福建省,福州市,闽清县,福州市
雾·Hair Studio造型设计,下龙洲9-1号,"118.864397,26.225230",[],福建省,福州市,闽清县,福州市
西滨公园来剪吧,溪滨路与南北大街交叉口北80米,"118.867075,26.225675",[],福建省,福州市,闽清县,福州市
斌斌10元快剪,湖头街与乃裳街交叉口西140米,"118.776825,26.105175",[],福建省,福州市,闽清县,福州市
遇尚造型,溪滨路与南北大街交叉口北120米,"118.867675,26.226075",[],福建省,福州市,闽清县,福州市
清城快剪,解放大街与过龙路交叉口西南140米,"118.861825,26.218075",[],福建省,福州市,闽清县,福州市
哈星造型,127县道与省璜街交叉口东南140米,"118.731525,25.986875",[],福建省,福州市,闽清县,福州市
阿文美发,白樟街与白樟街北路交叉口东340米,"118.808545,26.177680",[],福建省,福州市,闽清县,福州市
青亦美发,南北大街与解放大街交叉口南60米,"118.867991,26.221315",[],福建省,福州市,闽清县,福州市
钗云理发店,南山路与溪口大街交叉口西北40米,"118.881943,26.210768",[],福建省,福州市,闽清县,福州市
666造型,溪口大街与308省道交叉口南60米,"118.885875,26.203443",[],福建省,福州市,闽清县,福州市
新大路美发,大路村村委会西侧180米,"118.854229,26.206517",[],福建省,福州市,闽清县,福州市
左右手造型设计,梅溪镇台山路436号(人民银行斜对面),"118.871097,26.223477",[],福建省,福州市,闽清县,福州市
创鑫造型(闽芝·御景豪庭店),梅溪路596号闽芝·御景豪庭,"118.870228,26.231940",[],福建省,福州市,闽清县,福州市
潮流艺剪造型(博仕后·家园店),梅溪镇里寨路渡口村668号博仕后·家园,"118.889667,26.196060",[],福建省,福州市,闽清县,福州市
原点美业,上莲街与125县道交叉口南120米,"118.652521,26.036056",18050228114,福建省,福州市,闽清县,福州市
一剪风,湖头街与政府路交叉口东南160米,"118.775323,26.106484",[],福建省,福州市,闽清县,福州市
煌煌美发店,白中街与仙峰路交叉口西南120米,"118.737025,26.134925",[],福建省,福州市,闽清县,福州市
嘟嘟造型,125县道,"118.736215,26.134873",[],福建省,福州市,闽清县,福州市
山小毛驴理发店,过龙路与解放大街交叉口南120米,"118.862181,26.218139",[],福建省,福州市,闽清县,福州市
动感美发店,塔庄镇塔庄街,"118.776765,26.051260",[],福建省,福州市,闽清县,福州市
芳芳剪吧,溪滨路与浮桥头街交叉口东北140米,"118.865752,26.224332",[],福建省,福州市,闽清县,福州市
艺剪发艺(台山路店),梅城镇台山路461号,"118.870862,26.224855",[],福建省,福州市,闽清县,福州市
欣欣美发工作室,台山路与解放大街交叉口北240米,"118.870844,26.225123",[],福建省,福州市,闽清县,福州市
尚形美发,台山路与解放大街交叉口北320米,"118.870348,26.225811",[],福建省,福州市,闽清县,福州市
预知造型,梅城镇梅城大街47号,"118.865577,26.223194",[],福建省,福州市,闽清县,福州市
晶晶美发店,梅城镇南北大街145号,"118.867821,26.220748",[],福建省,福州市,闽清县,福州市
境心科技美肤工作室,梅溪镇榕院村梅溪路是972号,"118.858088,26.223211",15880132359,福建省,福州市,闽清县,福州市
芳芳美颜工作室,坂东镇湖头村湖头街35号2楼,"118.776450,26.105860",[],福建省,福州市,闽清县,福州市
遇见美美容美体工作室(解放大街店),解放大街梅花园,"118.868410,26.222134",[],福建省,福州市,闽清县,福州市
艾尚工作室,溪滨路与天行大桥交叉口东40米,"118.860524,26.222579",[],福建省,福州市,闽清县,福州市
东沙龙工作室,政府路与湖头街交叉口东40米,"118.774736,26.107706",[],福建省,福州市,闽清县,福州市
青年发社,凤山镇闽星花园1号楼016号,"119.555511,26.489115",13664640172,福建省,福州市,罗源县,福州市
雅丹妮青禾店,松山镇滨海路2号世纪金源购物中心A区2层004,"119.594581,26.470651",13859044644,福建省,福州市,罗源县,福州市
漂亮宝贝发型设计(福州罗源县),起步大桥附近,"119.546814,26.504222",18750198955,福建省,福州市,罗源县,福州市
凯琪美容美发(闽星花园店),罗中路闽星花园1-15号,"119.555389,26.489074",17706903330,福建省,福州市,罗源县,福州市
头部交易美发工作室,凤山镇罗川中路5-1号华美花园,"119.558375,26.489025",17774469249,福建省,福州市,罗源县,福州市
美尚美容美发(世纪金源大道店),松岐路1号罗源湾滨海新城,"119.598342,26.464820",[],福建省,福州市,罗源县,福州市
雅丹妮护肤造型(青禾店),凤山镇三中路青禾小区0708店铺,"119.559090,26.487451",0591-26850111,福建省,福州市,罗源县,福州市
创品·形象设计,松岐路1号罗源湾滨海新城,"119.598470,26.463845",[],福建省,福州市,罗源县,福州市
发吧(福州罗源县),凤山镇府前新村2号楼,"119.551973,26.485595",13110521118;18850385556,福建省,福州市,罗源县,福州市
领秀造型(府前街店),凤山镇府前街6号楼店面妈祖庙对面,"119.552928,26.485328",13559195200;13774583009,福建省,福州市,罗源县,福州市
莱卡美发店,世纪花园东南门旁,"119.550865,26.488362",0591-26830367,福建省,福州市,罗源县,福州市
TT美业(金源滨海商务中心店),江滨南路1号罗源世纪金源购物中心2F层(南门旁扶梯上到2F可见),"119.594596,26.469111",18850385756,福建省,福州市,罗源县,福州市
卡顿美发沙龙(东方星城B区店),东外路12-19号,"119.565758,26.486042",13950231990,福建省,福州市,罗源县,福州市
名店造型工作室(罗源世纪金源购物中心B区店),松山镇滨海商业街6-3号,"119.598223,26.467430",18650499698,福建省,福州市,罗源县,福州市
君子兰(罗源府前店),府前街与东环路交叉口东120米,"119.552006,26.485593",13110521118;15880137753,福建省,福州市,罗源县,福州市
尚美工作室(福州罗源县),府前街8号楼6号店,"119.553795,26.485280",13075961685,福建省,福州市,罗源县,福州市
MAX美发沙龙(烫染优质店),滨海路商业街A区06-07号(观音广场正对面),"119.598062,26.470197",18859156498,福建省,福州市,罗源县,福州市
首秀造型(江滨北路店),松山镇江滨北路13-7店面,"119.595256,26.475636",15059112538,福建省,福州市,罗源县,福州市
独领美容美发(金凤小区店),罗中路金凤小区大门口3-10号,"119.553662,26.488892",18250908733,福建省,福州市,罗源县,福州市
宝弟造型,罗中路与星豪路交叉口东北180米,"119.562053,26.491947",15960156052,福建省,福州市,罗源县,福州市
名剪烫染工作室,岐阳南路1025号,"119.551953,26.488589",15005963585,福建省,福州市,罗源县,福州市
霏梵美发沙龙,滨海新城滨海商业街23-10,"119.599609,26.460363",13665062110,福建省,福州市,罗源县,福州市
A-one素人轻奢定制,滨海新城商业街12区西门正对面H5-21,"119.598368,26.458155",13655049724,福建省,福州市,罗源县,福州市
顶点造型(华林御景店),府前街3号华林御景门口,"119.556625,26.485375",15985787820,福建省,福州市,罗源县,福州市
E剪造型,滨海商业街C5-11,"119.598340,26.462490",13960757293,福建省,福州市,罗源县,福州市
锦和造型,罗中路1023号,"119.551962,26.488679",15645592627,福建省,福州市,罗源县,福州市
新创意美发(妈祖前街店),马祖前新村55-14室,"119.557043,26.486470",18506026859,福建省,福州市,罗源县,福州市
匠心造型,凤南东路10-011消防队附近,"119.551957,26.483395",18960750020,福建省,福州市,罗源县,福州市
森尼造型,水岸路香蜜湖9号楼108店面,"119.570502,26.484485",15377936080,福建省,福州市,罗源县,福州市
318美发工作室,松山镇罗盛苑9号楼104,"119.592409,26.465609",15980178997,福建省,福州市,罗源县,福州市
阿金理发店,明日之星东区南门旁,"119.589047,26.454099",18065109068,福建省,福州市,罗源县,福州市
头发乱了美发沙龙(罗中路店),凤山镇岐阳北路119号闽星广场,"119.554691,26.488133",[],福建省,福州市,罗源县,福州市
SAVOUR·苏梵造型,滨海新城罗泰苑18号楼105室,"119.600748,26.462243",18959126851,福建省,福州市,罗源县,福州市
剪艺快发(滨海店),松山镇松岐路9-33号,"119.588893,26.459655",13705992320,福建省,福州市,罗源县,福州市
丝情发艺(正祥店),松山镇正祥特区13号楼05号店面,"119.581092,26.471863",13559452132,福建省,福州市,罗源县,福州市
品柏发型屋,罗中路3-7,"119.553872,26.488933",[],福建省,福州市,罗源县,福州市
凡高HAIR SAILON,凤山镇罗川中路5-1号华美花园,"119.558313,26.489457",[],福建省,福州市,罗源县,福州市
奈斯美发沙龙(汉昇城霍安府西区店),松山镇松岐路7号汉升城东区12栋9号店面,"119.588240,26.456373",[],福建省,福州市,罗源县,福州市
初见美发会所,松山镇滨海新城松旗路商业街4-5(BS1-05)初见美发会所,"119.590596,26.469836",18705066143,福建省,福州市,罗源县,福州市
零度美发沙龙,松岐路1号罗源湾滨海新城,"119.603195,26.460373",[],福建省,福州市,罗源县,福州市
今喜造型(罗源世纪金源购物中心B区店),江滨南路1号罗源世纪金源购物中心B区1F层,"119.593906,26.469312",[],福建省,福州市,罗源县,福州市
jk快剪,松岐路1号罗源湾滨海新城,"119.598359,26.465921",15159622809;18695602649,福建省,福州市,罗源县,福州市
头上艺人(东方星城B区店),凤山镇东方星城B区一号楼店面,"119.566625,26.486111",13777552532,福建省,福州市,罗源县,福州市
完美形象美发沙龙,凤山镇妈祖街4-3号,"119.552037,26.486424",[],福建省,福州市,罗源县,福州市
雅士造型,马祖前新村37-11号,"119.555278,26.486587",[],福建省,福州市,罗源县,福州市
丝诺美业,松岐路1号罗源湾滨海新城,"119.598382,26.462034",13655081723,福建省,福州市,罗源县,福州市
艺廊造型,滨海路与世纪金源大道交叉口东南140米,"119.600026,26.469628",[],福建省,福州市,罗源县,福州市
造型公主嫁到(罗源湾滨海新城罗贵苑店),滨海路1号罗源湾滨海新城罗贵苑,"119.590666,26.471439",[],福建省,福州市,罗源县,福州市
指间发工作室(明日之星店),站前路与松岐路交叉口西180米,"119.588295,26.455176",[],福建省,福州市,罗源县,福州市
时尚联盟烫染吧,妈祖前新村南门旁,"119.555255,26.486586",15060151703,福建省,福州市,罗源县,福州市
牵心美发(东方星城B区店),凤山镇东方星城B区1号楼店面,"119.566636,26.486127",[],福建省,福州市,罗源县,福州市
发艺时尚馆,福建罗源湾经济开发区管理委员会西北侧230米,"119.595755,26.471998",[],福建省,福州市,罗源县,福州市
优美理发店(西外路店),西外路与党校路交叉口东40米,"119.540603,26.486198",[],福建省,福州市,罗源县,福州市
艾意·Eyi美容美发,松岐路16-33号,"119.590616,26.455969",[],福建省,福州市,罗源县,福州市
缘星梦美容美发,S201罗源县外洋中学东侧约80米,"119.622711,26.432086",[],福建省,福州市,罗源县,福州市
剪艺美发型(金源滨海商务中心店),滨海路一号金源滨海商务中心F1层,"119.598306,26.468196",13696846451,福建省,福州市,罗源县,福州市
奥斯卡造型(罗源滨海店),松岐路1号罗源湾滨海新城,"119.598385,26.462163",13645072073,福建省,福州市,罗源县,福州市
cm快剪,滨海商业街f2-07,"119.600781,26.460405",18059196209,福建省,福州市,罗源县,福州市
美约造型,江滨南路与岐鹤路交叉口东60米,"119.582034,26.472550",[],福建省,福州市,罗源县,福州市
品尚造型,松岐路与海川路交叉口西北80米,"119.589455,26.460663",[],福建省,福州市,罗源县,福州市
慕名而来理发店,北大路与学前洋街交叉口东北160米,"119.549733,26.489152",15205049623,福建省,福州市,罗源县,福州市
理云龙理发店,松岐路1号罗源湾滨海新城,"119.600272,26.460355",15859191693,福建省,福州市,罗源县,福州市
酷酷男士理发馆,凤山镇西大路20栋05店,"119.544060,26.486537",15985762728,福建省,福州市,罗源县,福州市
精艺剪造型,滨海商业街B5-05,"119.598215,26.466532",18059039937,福建省,福州市,罗源县,福州市
美约造型(海川路店),海滨新城海川路F1-12对面,"119.599425,26.460325",13799969799,福建省,福州市,罗源县,福州市
三毛造型(闽星花园店),闽星花园1号楼,"119.555226,26.489078",0591-26828933,福建省,福州市,罗源县,福州市
天玺造型,东大新村16-3号,"119.550578,26.485794",18359757212,福建省,福州市,罗源县,福州市
酷琪美发(余家塘店),余家塘165-3,"119.563498,26.488771",15080051717,福建省,福州市,罗源县,福州市
星海Star Sea美发工作室,司前新村5-8店面,"119.547909,26.487597",18850701871,福建省,福州市,罗源县,福州市
艺美造型,松岐路1号罗源湾滨海新城,"119.598397,26.458766",15959056032,福建省,福州市,罗源县,福州市
爱尚美形象设计(东方星城B区店),东外路16-226号,"119.565584,26.487615",15860486931,福建省,福州市,罗源县,福州市
简研工作室,滨海新城滨海商业街9-9号,"119.598362,26.466324",18559179101,福建省,福州市,罗源县,福州市
依剪缘理发店,凤南路与城南西巷交叉口西100米,"119.548491,26.483440",[],福建省,福州市,罗源县,福州市
叮当造型(闽星花园店),罗中路与岐阳路交叉口南160米,"119.554428,26.487708",15859159799,福建省,福州市,罗源县,福州市
南溪快剪,东大新村20号楼,"119.550575,26.485575",[],福建省,福州市,罗源县,福州市
起点造型(世纪金源大道店),世纪金源大道滨海新城商业街H9段06号商铺,"119.598374,26.456468",19523172669,福建省,福州市,罗源县,福州市
A+高定沙龙,司前街3号楼,"119.547999,26.486635",18649781557,福建省,福州市,罗源县,福州市
伊剪美时尚造型(天福花园店),罗川中路1号天福花园1座,"119.556671,26.486668",[],福建省,福州市,罗源县,福州市
出发点,凤南西路与南大路交叉口东南20米,"119.547530,26.483353",[],福建省,福州市,罗源县,福州市
叁木造型工作室(罗马景福城B区店),罗马景福城B区西北门旁,"119.564801,26.491734",[],福建省,福州市,罗源县,福州市
靓点美发,起步村委会东北侧100米,"119.546802,26.504111",[],福建省,福州市,罗源县,福州市
壹号造型,罗中路与东环路交叉口东北60米,"119.552180,26.488994",[],福建省,福州市,罗源县,福州市
艺佳造型(水岸菁华店),松山镇水岸菁华1号-23店面,"119.573048,26.484152",[],福建省,福州市,罗源县,福州市
您好漂亮造型,凤山镇罗川中路5-1号华美花园,"119.557777,26.489636",15750871696,福建省,福州市,罗源县,福州市
杰造型,罗中路12-29,"119.554218,26.489989",13015762836,福建省,福州市,罗源县,福州市
正翔理发店,江滨南路与岐鹤路交叉口西200米,"119.579289,26.472268",[],福建省,福州市,罗源县,福州市
首艺造型(溪尾街店),西大路与西环城路交叉口东260米,"119.545286,26.487482",[],福建省,福州市,罗源县,福州市
小眼圈,凤山镇竹兜130-1,"119.560840,26.490009",[],福建省,福州市,罗源县,福州市
社慕颜灵感造型,松山镇海川路5号滨海新城罗玉苑9座101单元,"119.603774,26.456664",[],福建省,福州市,罗源县,福州市
C+文豪发型设计(凤安家园店),华林御景1004,"119.555376,26.485319",15859062656,福建省,福州市,罗源县,福州市
漂亮宝贝造型(阳光小区店),凤山镇东外路阳光小区2号楼22店面,"119.563290,26.485390",13799968334,福建省,福州市,罗源县,福州市
雅琪造型(松岐路商业街店),松岐路商业街,"119.590570,26.471061",15659780337,福建省,福州市,罗源县,福州市
蓝密码(佳禾盛世名城店),104国道与罗川中路交叉口东南100米,"119.558803,26.481942",18559123540,福建省,福州市,罗源县,福州市
吓细理发店,罗川中路8号金福花园(罗中路),"119.557002,26.490434",15985762926,福建省,福州市,罗源县,福州市
剪艺造形理发店,松山镇江滨南路9-121,"119.579520,26.472652",15880022895,福建省,福州市,罗源县,福州市
魅丽雅姿造型(东方星城D区店),东方星城D区东南2门东北50米,"119.571709,26.487020",[],福建省,福州市,罗源县,福州市
审美形象设计,罗川中路6-86,"119.558345,26.489040",15280154732,福建省,福州市,罗源县,福州市
靓丽人生形象设计(罗源店),凤山镇府前街凤安家园81号楼8号车库,"119.556218,26.485577",13850188033;18850773586,福建省,福州市,罗源县,福州市
小爱发屋(水岸菁华店),水岸菁华西北门东北70米,"119.573137,26.485787",[],福建省,福州市,罗源县,福州市
美姿剪造型,富丰住宅区北门西50米,"119.554840,26.486464",[],福建省,福州市,罗源县,福州市
发艺坊形象设计沙龙(莲花东区店),凤山镇莲花东区6-1075,"119.552112,26.484060",[],福建省,福州市,罗源县,福州市
紫竹苑养生馆独领造型,凤山镇金凤小区1栋,"119.553120,26.488868",[],福建省,福州市,罗源县,福州市
ABC美容美发,江滨南路1号罗源世纪金源购物中心1F层,"119.593950,26.469412",[],福建省,福州市,罗源县,福州市
阿萍理发店,凤南东路13号,"119.552280,26.484386",[],福建省,福州市,罗源县,福州市
约尚造型,凤山镇西大路22-9号,"119.543597,26.486590",[],福建省,福州市,罗源县,福州市
理发店,罗川南路天星幼儿园,"119.544350,26.483643",[],福建省,福州市,罗源县,福州市
吸引力造型,福源花园南门旁,"119.556754,26.485580",13705013293,福建省,福州市,罗源县,福州市
玉薇,北大路98-9店玉薇,"119.550467,26.489376",[],福建省,福州市,罗源县,福州市
ONE莫造型,水岸路香蜜湖9栋107,"119.570482,26.484466",15005003226,福建省,福州市,罗源县,福州市
艺豪发吧私人定制,凤山镇罗川中路5-1号华美花园,"119.558474,26.488108",[],福建省,福州市,罗源县,福州市
罗伊美发造型工作室,起步村委会东北侧60米,"119.546545,26.503869",[],福建省,福州市,罗源县,福州市
唯美发屋(万豪·城市广场店),凤山镇万豪城市广场21幢,"119.559579,26.488062",15280115106,福建省,福州市,罗源县,福州市
高琛美发(物资大楼店),北环城路49-006,"119.551402,26.488946",[],福建省,福州市,罗源县,福州市
E+Hairsalon美发沙龙,凤山镇东外路16号东方新城B区28号楼商店10,"119.567712,26.488250",[],福建省,福州市,罗源县,福州市
阿国美容美发,妈祖前新村西南侧80米,"119.553204,26.485338",[],福建省,福州市,罗源县,福州市
非凡造型工作室,松岐路1号罗源湾滨海新城,"119.598351,26.455273",[],福建省,福州市,罗源县,福州市
禾里造型(东方星城B区店),东方星城B区侧门7号楼05店面,"119.569057,26.486563",[],福建省,福州市,罗源县,福州市
彩剪点,鉴江镇卫生院北侧60米,"119.759025,26.547475",[],福建省,福州市,罗源县,福州市
快剪,东方星城,"119.569325,26.486275",[],福建省,福州市,罗源县,福州市
灿灿理发店,白廷线与142县道交叉口西南100米,"119.345146,26.454017",[],福建省,福州市,罗源县,福州市
理好理发店,松岐路1号罗源湾滨海新城,"119.598186,26.462640",[],福建省,福州市,罗源县,福州市
小爱发屋(香密湖店),香蜜湖西北门东北60米,"119.571425,26.484925",[],福建省,福州市,罗源县,福州市
阿康理发店,恒益建材科技有限公司北侧310米,"119.581575,26.466325",[],福建省,福州市,罗源县,福州市
亮亮理发,霍口畲族乡人民政府西侧170米,"119.275575,26.446025",[],福建省,福州市,罗源县,福州市
2元洗剪吹,妈祖前新村东南侧60米,"119.554195,26.485598",[],福建省,福州市,罗源县,福州市
喜理美发美甲工作室,罗源湾滨海新城罗旺苑,"119.599275,26.453125",[],福建省,福州市,罗源县,福州市
啊康美发,恒益建材科技有限公司北侧350米,"119.581575,26.466725",[],福建省,福州市,罗源县,福州市
陈金妹理发店,鉴江镇卫生院西南侧,"119.758889,26.546581",[],福建省,福州市,罗源县,福州市
金喜理发店,霍口畲族乡人民政府西侧100米,"119.276425,26.445525",[],福建省,福州市,罗源县,福州市
白云理发店,西外路与党校路交叉口东北20米,"119.540325,26.486275",[],福建省,福州市,罗源县,福州市
西里造型,松岐路1号罗源湾滨海新城,"119.598284,26.459750",[],福建省,福州市,罗源县,福州市
阿春发型工作室,松岐路与海川路交叉口西北100米,"119.589399,26.460854",[],福建省,福州市,罗源县,福州市
香香理发店,碧里乡碧里村民委员会西南侧120米,"119.717425,26.463275",[],福建省,福州市,罗源县,福州市
丝情发艺,凤山镇罗川中路5-1号华美花园,"119.558375,26.488975",[],福建省,福州市,罗源县,福州市
格调造型,滨海路1号罗源湾滨海新城罗贵苑,"119.591405,26.472084",[],福建省,福州市,罗源县,福州市
时遇-造型,松岐路与闽都路交叉口东南100米,"119.590613,26.467076",[],福建省,福州市,罗源县,福州市
阿春理发店,起步村委会东侧50米,"119.546631,26.503612",[],福建省,福州市,罗源县,福州市
魅秀造型,桥边驿北侧,"119.718644,26.463865",[],福建省,福州市,罗源县,福州市
新辉发型(盛丰蓝湾明珠店),蓝湾明珠2期东南门西210米,"119.595269,26.475647",[],福建省,福州市,罗源县,福州市
顶流造型(水岸菁华店),水岸菁华东门东南60米,"119.574264,26.484977",[],福建省,福州市,罗源县,福州市
GD造型,溪尾街与司前街交叉口西北140米,"119.546563,26.487029",[],福建省,福州市,罗源县,福州市
艺剪美,正祥特区美居东南侧230米,"119.581688,26.470545",[],福建省,福州市,罗源县,福州市
美约造型,禹步路与禹步支路交叉口西南120米,"119.574094,26.483739",[],福建省,福州市,罗源县,福州市
理想理发,罗源县起步卫生院东北侧80米,"119.547650,26.504833",[],福建省,福州市,罗源县,福州市
时匠造型(闽星花园店),罗中路与岐阳路交叉口南160米,"119.554581,26.487807",[],福建省,福州市,罗源县,福州市
南岐理发店,松岐路与新城路交叉口西北40米,"119.589713,26.470553",[],福建省,福州市,罗源县,福州市
米奈美发工作室(万豪·城市广场店),三中路2号万豪·城市广场,"119.560275,26.488275",[],福建省,福州市,罗源县,福州市
广式造型(东方星城B区店),凤山镇东外路16号东方星城B区,"119.565478,26.487952",[],福建省,福州市,罗源县,福州市
剪艺造型,松岐路与新城路交叉口西北120米,"119.589077,26.470916",[],福建省,福州市,罗源县,福州市
简易烫染吧,岐后村委会西南侧220米,"119.581549,26.469952",[],福建省,福州市,罗源县,福州市
梳剪造型(溪尾街店),溪尾街与司前街交叉口西北120米,"119.546826,26.487033",[],福建省,福州市,罗源县,福州市
浩丹娜美发店,鉴江镇港东路17号,"119.759325,26.546317",[],福建省,福州市,罗源县,福州市
名流造型设计(万豪·城市广场店),三中路2号万豪·城市广场,"119.558611,26.488185",[],福建省,福州市,罗源县,福州市
阿平美发工作室(龙瀚·闽星佳园店),闽星佳园15号楼,"119.564557,26.484176",[],福建省,福州市,罗源县,福州市
非凡一族形象设计,凤山镇西大路22座店面,"119.543725,26.486667",[],福建省,福州市,罗源县,福州市
发丝缘美发造型,凤山镇府前街妈祖新村33座,"119.554539,26.485538",[],福建省,福州市,罗源县,福州市
肯尼造型(闽星花园店),罗中路与岐阳路交叉口南200米,"119.554542,26.487288",[],福建省,福州市,罗源县,福州市
剪约美发工作室(嘉禾花园店)(暂停营业),嘉禾花园南门旁,"119.558467,26.483697",13123192795,福建省,福州市,罗源县,福州市
冷雨轩工作室,凤山镇府前街妈祖新村33-02店,"119.554330,26.485597",13950455792,福建省,福州市,罗源县,福州市
YT工作室,滨海商业街19-5,"119.592269,26.460328",[],福建省,福州市,罗源县,福州市
沐颜工作室,方新小区西门旁,"119.558679,26.490805",[],福建省,福州市,罗源县,福州市
由理工作室,禹步路1-102号,"119.573703,26.485717",15005003226,福建省,福州市,罗源县,福州市
奇遇美甲工作室,松山镇滨海新城13区罗玉苑36栋703室,"119.604953,26.459404",18695709221,福建省,福州市,罗源县,福州市
上禾sh工作室,松岐路1号罗源湾滨海新城,"119.598375,26.458775",[],福建省,福州市,罗源县,福州市
豆豆工作室,东环路与学前洋街交叉口西南60米,"119.550892,26.486442",[],福建省,福州市,罗源县,福州市
预见hair.salon(龙华花园一区店),龙华一期6-105,"119.535837,26.212033",18506909229,福建省,福州市,连江县,福州市
轻术造型(莲荷东路店),莲荷东路龙事达19楼4店,"119.540659,26.201592",[],福建省,福州市,连江县,福州市
优米烫染形象设计,日出东方南门对面凤翔国际9号楼9号商铺,"119.541176,26.211866",17689268761,福建省,福州市,连江县,福州市
焦点美业(莲荷东路店),莲荷东路龙事达楼下,"119.540654,26.201593",18759163713,福建省,福州市,连江县,福州市
焦点美业(凤翔国际店),凤翔国际西北门西南50米,"119.541059,26.211814",13675050327,福建省,福州市,连江县,福州市
秋水伊人科技美肤·SPA会所(江滨观邸店),文山南路江滨观邸11号楼A70,"119.543439,26.194603",0591-38152226;18105030350,福建省,福州市,连江县,福州市
玖伍男士理发(丽景天下店),马祖西路23-8丽景天下,"119.530054,26.207138",13763807465,福建省,福州市,连江县,福州市
奇恒美业(顶尚店),凤城镇丹凤东路15-A92号,"119.537090,26.208839",15960163202,福建省,福州市,连江县,福州市
喜欢理(连江旗舰店),妈祖东路碧水龙城3-36喜欢理(红锦江楼下),"119.546320,26.214150",18759163713,福建省,福州市,连江县,福州市
林向美业(迪鑫花园店),凤城镇金安西路迪鑫花园6栋(丹凤东路7-7),"119.535957,26.208435",17859528328,福建省,福州市,连江县,福州市
浅深造型(贵阁苑店),贵安新天地芳园路贵阁苑6-65,"119.402894,26.255436",13559117203,福建省,福州市,连江县,福州市
慕斯造型,莲荷东路20-118号,"119.541525,26.202975",18606070750,福建省,福州市,连江县,福州市
EASY艺界造型(正祥日照家林店),"敖江镇温泉路9-10号,正祥日照家林1号楼1层01商铺","119.550538,26.210634",17605016994,福建省,福州市,连江县,福州市
卡咔形象定制(龙华店),凤城镇文笔西路龙华二期18号楼2号店,"119.536690,26.212554",13850160480,福建省,福州市,连江县,福州市
艺森沙龙(万星店),温泉路与马祖东路交叉口南120米,"119.548367,26.213725",15980710407,福建省,福州市,连江县,福州市
秀丽丝沙龙(贵泉苑店),贵安贵泉苑14-50店铺(秀丽丝沙龙),"119.404925,26.242522",18150838729,福建省,福州市,连江县,福州市
雅丝专业接发染发造型(凤翔国际店),文汇路5-8,"119.541875,26.210025",18859167176,福建省,福州市,连江县,福州市
心晨美发(日出东方店),凤城镇马祖西路2-4号店,"119.541020,26.212191",13860659008,福建省,福州市,连江县,福州市
快剪LDY(贵安新天地海峡传统文化街店),文化街26栋13号,"119.394096,26.256395",13645094207,福建省,福州市,连江县,福州市
名塑造型(丹凤花园一区店),丹凤花园一区西北门西70米,"119.536932,26.208741",15280119647,福建省,福州市,连江县,福州市
云秀造型(连江店),凤城镇文山南路12号,"119.542587,26.198539",13950451678,福建省,福州市,连江县,福州市
易都造型(丹凤花园三区店),凤城镇万家丹凤三区39号3店,"119.536177,26.210019",15980160162,福建省,福州市,连江县,福州市
锦村时尚烫染吧,琯头镇开放西路24号,"119.565800,26.134161",0591-38153815,福建省,福州市,连江县,福州市
雾都造型,万家广场4号入口正对面雾都造型,"119.535855,26.211176",17605010555,福建省,福州市,连江县,福州市
发随心变(江南小学),江南乡复兴路8号科灵新天地17号楼一层7店面,"119.537955,26.185054",18559133350,福建省,福州市,连江县,福州市
风花雪月时尚造型(丹凤花园二区店),丹凤二区25号楼一号店风花雪月时尚造型,"119.536421,26.209760",13960705032,福建省,福州市,连江县,福州市
冰典美业(龙芝御景二区店),金安东路2-52-54号,"119.543111,26.212130",13559430100,福建省,福州市,连江县,福州市
Xy星艺烫染造型,贵安新天地世纪金源大道6-21,"119.400325,26.256025",13559451641;13799269841,福建省,福州市,连江县,福州市
古格造型(贵阁苑店),潘渡镇芳园路世纪金源大道(6-64号)(贵阁商铺),"119.402625,26.255475",13959306177;15160166611,福建省,福州市,连江县,福州市
首艺造型(马祖西路店),文山北路8-139,"119.536892,26.213285",[],福建省,福州市,连江县,福州市
索比造型(华光西路),凤凰城1号楼09店,"119.540130,26.213658",[],福建省,福州市,连江县,福州市
伊若美发养生会所(凤翔国际店),凤城镇文汇路5-38号,"119.540387,26.211592",13489902901,福建省,福州市,连江县,福州市
菲林造型(连江盛世豪门店),丹凤东路盛世豪门36-29号,"119.548670,26.210043",13509311173,福建省,福州市,连江县,福州市
红太阳造型(莲荷东路店),凤城镇莲荷东路25-9,"119.542474,26.201970",[],福建省,福州市,连江县,福州市
梳剪城(福州连江县),凤城镇玉荷东食品2号第一间,"119.541706,26.197187",13605941236,福建省,福州市,连江县,福州市
匠人造型,浦下村宅丙里154号,"119.551897,26.210868",19890510821,福建省,福州市,连江县,福州市
艺丝特造型(永得利花园店),永得利花园9号楼第二店面,"119.539496,26.205974",15959090590,福建省,福州市,连江县,福州市
艺发烫染品质店,金凤名都2号楼11间,"119.537995,26.213008",0591-26215509,福建省,福州市,连江县,福州市
百分百形象设计,管头镇福新花园对面鑫建楼第2间,"119.566727,26.134263",13655002131,福建省,福州市,连江县,福州市
玲子快剪(贵安新天地海峡传统文化街店),贵安新天地海峡传统文化街18栋15店,"119.397875,26.254075",18059108976,福建省,福州市,连江县,福州市
快剪10元,凤城镇丹凤西路2号宏宇花园,"119.532912,26.207356",19523167340,福建省,福州市,连江县,福州市
连江乐想美发店,凤城镇文山北路87号连江县附小,"119.540089,26.205642",13859046990,福建省,福州市,连江县,福州市
原创发型设计(永得利花园店),丹凤东路16-9号,"119.538649,26.207167",13489924797,福建省,福州市,连江县,福州市
卡诗理念形象品牌店,琯头镇开放西路62号,"119.564072,26.134786",15859172223,福建省,福州市,连江县,福州市
动感造型(动感店),凤尾花园42号楼2号店,"119.536384,26.205038",13859045470,福建省,福州市,连江县,福州市
艺度造型,莲荷东路19-8号,"119.540765,26.201633",18060555187,福建省,福州市,连江县,福州市
简尚造型设计(敖江路店),傲江景城西门西北50米,"119.549534,26.197356",18659178951,福建省,福州市,连江县,福州市
创世纪形象设计沙龙(青龙路店),青霞路20-75建发书香府创世纪形象设计沙龙,"119.521342,26.214549",13905909064,福建省,福州市,连江县,福州市
新世界精剪刀造型设计,贵岚苑2号门旁,"119.405791,26.254559",13705957188,福建省,福州市,连江县,福州市
Nice理发店,万星广场7号楼126店面,"119.550146,26.212746",15959007295,福建省,福州市,连江县,福州市
剪派形象设计,世纪金源大道大拇指教育中心西51米,"119.399113,26.257110",15259338885,福建省,福州市,连江县,福州市
匠人造型(丽景华府店),丽景华府西门旁,"119.530566,26.205633",13655051297,福建省,福州市,连江县,福州市
风尚造型(鼎森中央公园南区店),金安东路5-31,"119.548737,26.211489",18675937692,福建省,福州市,连江县,福州市
格调造型(贵泉苑店),潘渡乡贵泉苑1段7号店,"119.404239,26.240723",15980298278,福建省,福州市,连江县,福州市
小辉哥快剪,海峡传统文化街12幢5号,"119.399363,26.250899",[],福建省,福州市,连江县,福州市
艾尚造型(正祥·日照家林店),中国敖江镇温泉路9号正祥日照家林15号一层25号店,"119.550152,26.209738",15980130017,福建省,福州市,连江县,福州市
W.Y美容美发(建发双玺书香里店),敖江镇纵一路8-38号,"119.518312,26.212314",[],福建省,福州市,连江县,福州市
嘉卓(盛世豪门店),凤城镇丹凤东路36号盛世豪门8号楼1层第-16B店面嘉卓TOPsalon,"119.549606,26.209718",13559951665;15960169281,福建省,福州市,连江县,福州市
民尧SALON,中央公园B区8号楼1号店,"119.548297,26.212501",[],福建省,福州市,连江县,福州市
艺匠造型(凤翔现代城店),文笔路6-82号,"119.534640,26.213759",15800107667,福建省,福州市,连江县,福州市
欧尚形象设计(江滨观邸店),凤城镇旧十字街江滨观邸2号楼7号店面,"119.541255,26.194687",[],福建省,福州市,连江县,福州市
君子兰美发沙龙(朝晖路店),江南乡华侨中学斜对面,"119.541273,26.188199",[],福建省,福州市,连江县,福州市
新发现造型专业烫染,青龙路与纵一中路交叉口西南160米,"119.517041,26.212793",[],福建省,福州市,连江县,福州市
艺剪坊造型(凤鸣路店),凤城镇凤尾花园30号楼,"119.537675,26.204625",[],福建省,福州市,连江县,福州市
小时代美发工作室,凤城镇文山南路妇幼保健院旁,"119.542193,26.199120",[],福建省,福州市,连江县,福州市
美咖造型(江滨观邸店),江滨观邸西门旁,"119.540965,26.193917",[],福建省,福州市,连江县,福州市
剪单专业烫染吧(凯旋公馆B区店),凤城镇文汇路5-22 号,"119.541424,26.210199",[],福建省,福州市,连江县,福州市
古格造型,贵荣苑北门西180米,"119.396575,26.258975",[],福建省,福州市,连江县,福州市
原宿造型,凤城镇玉荷东路水关口2号楼4店,"119.542924,26.197300",[],福建省,福州市,连江县,福州市
玲香理发店,凤福路与凤园路交叉口西北40米,"119.537569,26.204080",17805997380,福建省,福州市,连江县,福州市
凡客美业,敖江镇青塘经济开发区好又多超市对面,"119.521530,26.215570",[],福建省,福州市,连江县,福州市
鸣剪造型(丹凤花园二区店),丹凤东路15-B105,"119.536273,26.210132",[],福建省,福州市,连江县,福州市
巴黎造型,马鼻镇卫生院西南侧200米,"119.659049,26.371617",[],福建省,福州市,连江县,福州市
三木快剪10元,温泉路1号翡丽云邸1号楼S109商铺,"119.548030,26.217547",[],福建省,福州市,连江县,福州市
发匠理发店,贵安新天地海峡传统文化街,"119.399338,26.249482",13799971500,福建省,福州市,连江县,福州市
流星雨理发店,文笔路6号凤翔现代城,"119.535700,26.214093",[],福建省,福州市,连江县,福州市
宁宁快剪(万家城市广场店),凤城镇马祖西路10号万家城市广场F2层,"119.534946,26.210836",[],福建省,福州市,连江县,福州市
理享造型,文山北路5号太一新天地1栋5-3理享造型,"119.539081,26.211513",13559945922;15259101207,福建省,福州市,连江县,福州市
艺咔形象定制(江南店),江南乡朝晖路52-1,"119.541809,26.187262",13706966064,福建省,福州市,连江县,福州市
出色造型(百凤店),凤城镇莲荷东路25-5,"119.542366,26.201947",13774621006,福建省,福州市,连江县,福州市
合一烫染引领者,江南镇朝晖路43号2室,"119.541849,26.186706",19890520185,福建省,福州市,连江县,福州市
爱出色时尚烫染(丹凤花园一区店),凤城镇丹凤东路15号丹凤花园一区10座,"119.537773,26.209079",15080098839,福建省,福州市,连江县,福州市
煌朝发型工作室,凤城镇城关西街八一六西路28号,"119.539742,26.194454",13960982744,福建省,福州市,连江县,福州市
亿众美发,岱云村委会北侧80米,"119.559660,26.227100",13675055155,福建省,福州市,连江县,福州市
菲凡美发造型,文山南路与东城路交叉口北140米,"119.542221,26.199821",18705076061,福建省,福州市,连江县,福州市
台湾快剪,玉荷路与解放路交叉口东140米,"119.537575,26.195686",[],福建省,福州市,连江县,福州市
JY发型工作室(贵尊苑A区店),贵安新天地贵尊苑1楼2店面,"119.415012,26.247773",[],福建省,福州市,连江县,福州市
佳丽美容美发(京岚线店),罐车检验站北侧190米,"119.508581,26.254645",18350176802,福建省,福州市,连江县,福州市
青叶艺剪坊,敖江镇青霞路20号,"119.520737,26.214320",[],福建省,福州市,连江县,福州市
悦美时尚造型,站东路与马祖路交叉口南200米,"119.558495,26.219225",[],福建省,福州市,连江县,福州市
施恩理发店,文明西路13号,"119.535466,26.201388",13599406994,福建省,福州市,连江县,福州市
祠台理发店,祠台村委会西南侧30米卫生所对面,"119.519104,26.276579",18900253543,福建省,福州市,连江县,福州市
飘艺造型(丹凤花园三区店),凤城镇丹凤东路15号丹凤花园29号楼14店面,"119.535640,26.208550",15005065181,福建省,福州市,连江县,福州市
林丽梳剪理发店,104国道与长通东路交叉口南500米,"119.515852,26.235781",18596830771,福建省,福州市,连江县,福州市
首型造型定制,敖江镇毗屯村毗屯村2号,"119.548227,26.217293",19906929562,福建省,福州市,连江县,福州市
腾田美容美发连锁,青芝路与大众中路交叉口西20米,"119.565567,26.132259",[],福建省,福州市,连江县,福州市
罗丽芬雕族传奇美容美发(凤尾小区店),凤城镇文山南路465-251,"119.540864,26.204182",0591-26666933,福建省,福州市,连江县,福州市
十元快剪(天和城店),凤城镇凤园路327号天和城,"119.542866,26.205536",[],福建省,福州市,连江县,福州市
世爵美发(龙芝御景店),格林威治6号楼金安东路2-12号店,"119.545116,26.213234",[],福建省,福州市,连江县,福州市
贵族壹号沙龙(博士华庭店),博士华庭,"119.547320,26.217193",[],福建省,福州市,连江县,福州市
轩boss理发馆(龙华花园店),文山北路8号龙华花园二区,"119.533198,26.212561",[],福建省,福州市,连江县,福州市
回头客理发店(玉荷西路店),玉荷西路2-262号(连江县教育局附近),"119.534202,26.194936",0591-26464666,福建省,福州市,连江县,福州市
1998hair salon(宏泰·凤凰城店),文汇路与华光西路交叉口北100米,"119.539345,26.214126",18359785917,福建省,福州市,连江县,福州市
千百度烫染造型,后港街东南路48西北方向70米,"119.939794,26.356837",13799369601,福建省,福州市,连江县,福州市
纯度造型(丹凤花园店),凤城镇丹凤东路15-C142号,"119.536313,26.209663",13805099324,福建省,福州市,连江县,福州市
赫本造型(鼎森中央公园南区店),鼎森中央公园南区西北门旁,"119.548368,26.211938",13509337392;13788884313,福建省,福州市,连江县,福州市
双木剪艺,玉荷路与解放路交叉口东40米,"119.536647,26.195422",[],福建省,福州市,连江县,福州市
尽善美造型工作室,凤城镇文山路凤城镇卫生院正对面,"119.542580,26.198457",13960760282,福建省,福州市,连江县,福州市
天鹰美容美发,八一六北路97-16,"119.538111,26.199766",13459449099;13960969005,福建省,福州市,连江县,福州市
向阳美业(正祥·日照家林店),正祥日照家林15-12店铺(向阳美业),"119.550478,26.209819",15005965302,福建省,福州市,连江县,福州市
格调造型烫染店,丹阳镇连罗路10-2号,"119.486860,26.346499",13489077880,福建省,福州市,连江县,福州市
C one Hairsalon(博士华庭店),博士华庭2-15店,"119.547470,26.216722",15060169976,福建省,福州市,连江县,福州市
京世造型,连江县凤凰城华光西路2-20,"119.539725,26.213475",13127571604,福建省,福州市,连江县,福州市
明森造型,贵府苑商业1-2段19号,"119.402770,26.254011",[],福建省,福州市,连江县,福州市
时尚剪烫,琯头镇粗芦岛后一村澳中路2-8号,"119.612642,26.156795",[],福建省,福州市,连江县,福州市
米兰MiLan发型定制(百凤花园店),凤城镇莲荷东路20-20号,"119.542465,26.202432",[],福建省,福州市,连江县,福州市
阿荣美发店,镇府路与升兴路交叉口北100米,"119.600328,26.245300",[],福建省,福州市,连江县,福州市
恩典理发,兰若堂南门旁,"119.519616,26.217722",[],福建省,福州市,连江县,福州市
艾尚造型(闽江花园店),琯头镇闽江花园1号楼拱屿菜市场旁,"119.563958,26.129676",[],福建省,福州市,连江县,福州市
A造型(文笔东路),毗田屯路8号,"119.548512,26.217332",[],福建省,福州市,连江县,福州市
满满国潮男士造型,敖江镇青霞路20-86号(糖巢零食隔壁),"119.521746,26.214699",13600811901,福建省,福州市,连江县,福州市
山亭理发店,官巷路362号理发店,"119.564604,26.237495",[],福建省,福州市,连江县,福州市
时尚宝贝造型,开放路与大众中路交叉口西80米,"119.565811,26.133961",[],福建省,福州市,连江县,福州市
友谊美发室,凤城镇玉荷西路20号楼1层,"119.534436,26.195018",13799320598,福建省,福州市,连江县,福州市
灵悟造型(宏宇花园店),凤城镇丹凤西路2号宏宇花园8座,"119.532875,26.206167",[],福建省,福州市,连江县,福州市
唯尚造型(玉荷西路店),凤城镇玉荷西路连江实验小学旁,"119.535975,26.195491",[],福建省,福州市,连江县,福州市
出色发艺,201省道与104省道交叉口西380米,"119.886828,26.320770",[],福建省,福州市,连江县,福州市
七彩研发屋,凤城镇青年路上林街36号,"119.540527,26.197844",13015776746,福建省,福州市,连江县,福州市
中汇美容美发护肤造型,文山北路8-108号,"119.535442,26.213445",17794595632,福建省,福州市,连江县,福州市
阿良美发店,琯头镇大众北路223号御景华庭1栋,"119.565990,26.140009",[],福建省,福州市,连江县,福州市
真莎廊剪烫染专家,凤城镇凤尾村温麻路98号凤尾酒店旁,"119.540442,26.202740",[],福建省,福州市,连江县,福州市
招招美发造型,凤尾小区西门旁,"119.540453,26.202462",[],福建省,福州市,连江县,福州市
新丽人发艺,丹心路与丹兴路交叉口南80米,"119.487227,26.347237",[],福建省,福州市,连江县,福州市
冰海造型,苔菉中心小学西侧约150米,"119.939665,26.357191",[],福建省,福州市,连江县,福州市
MIKA SALON中国风修颜设计,凤城镇文笔东路8号禹洲学苑,"119.543984,26.218846",13959131242,福建省,福州市,连江县,福州市
唯美特美发店,凤翔国际5号车库,"119.541557,26.210304",[],福建省,福州市,连江县,福州市
最美美容美发养生会所(永辉大厦店),琯头镇开放西路(好又多超市旁),"119.562355,26.135424",[],福建省,福州市,连江县,福州市
品味造型,凤城镇莲荷西路北岳大厦(肯德基海峡会所正对面福粥城旁),"119.535909,26.201047",[],福建省,福州市,连江县,福州市
雨爱造型(宏泰·凤凰城店),凤城镇华光路凤凰城2号楼17店,"119.541072,26.213948",[],福建省,福州市,连江县,福州市
米卡品牌沙龙(禹洲学苑店),凤城镇文笔东路8号禹洲学苑,"119.544003,26.218871",13959131242,福建省,福州市,连江县,福州市
艺派造型,201省道与学园路交叉口东南180米,"119.767658,26.336197",[],福建省,福州市,连江县,福州市
枫叶造型,牛栏坪村委会西南侧180米,"119.509117,26.254674",[],福建省,福州市,连江县,福州市
名姿造型(贵府苑店),潘渡镇贵新社区世纪金源大道8号贵府苑,"119.404135,26.250824",[],福建省,福州市,连江县,福州市
英格曼造型(万星城店),敖江镇丹凤东路41-37号,"119.550266,26.212623",18259167073,福建省,福州市,连江县,福州市
秀阁Hair Salon,丹凤东路38号,"119.547565,26.208057",[],福建省,福州市,连江县,福州市
NT(潮爷教理发)假发定制-连江店,凤城镇文山北路5-70号,"119.537701,26.212607",18250176066,福建省,福州市,连江县,福州市
青奢造型(贵尊苑B区店),潘渡乡贵安新天地社区贵康路5号贵尊苑B区,"119.415348,26.248265",[],福建省,福州市,连江县,福州市
吉妮斯造型剪艺(绿茵花园店),绿茵花园西北门旁,"119.537774,26.206641",18659458193,福建省,福州市,连江县,福州市
首艺造型,苔菉镇后港西北路,"119.939372,26.356823",[],福建省,福州市,连江县,福州市
靓丽造型(天和城店),凤城镇凤园路327-57号,"119.542652,26.205780",[],福建省,福州市,连江县,福州市
花都造型(百凤花园店),凤城镇莲荷东路23号楼8号店,"119.541922,26.201851",13110517081,福建省,福州市,连江县,福州市
奈丝Hair salon(丹凤花园二区店),丹凤东路15-B89,"119.536717,26.210375",15980747808,福建省,福州市,连江县,福州市
转折点烫染造型,潘渡中心小学东侧120米,"119.458397,26.234017",[],福建省,福州市,连江县,福州市
美客造型(天和城店),凤园路与莲荷东路交叉口西北200米,"119.542257,26.206873",15060164201,福建省,福州市,连江县,福州市
蔷薇发廊,坑园村宏达路喜客来宾馆正对面,"119.768289,26.336107",[],福建省,福州市,连江县,福州市
视觉造型,104国道与207省道交叉口北80米,"119.487325,26.346825",[],福建省,福州市,连江县,福州市
BF美发沙龙(琯头店),大众中路与青芝路交叉口西南60米,"119.565369,26.131872",13067317696,福建省,福州市,连江县,福州市
木子造型(大众中路店),联合路8-10号(购好超市旁),"119.563175,26.129415",[],福建省,福州市,连江县,福州市
阳造型(美林苑小区店),美林苑小区北门旁,"119.532941,26.194353",15959182055,福建省,福州市,连江县,福州市
阳光形象造型,凤城镇丹凤东路15号丹凤花园一区,"119.539031,26.208064",0591-26153707,福建省,福州市,连江县,福州市
ACE美发沙龙,横厝新村227号,"119.658309,26.371092",13696851646,福建省,福州市,连江县,福州市
咔咔快剪,贵安新天地商业路4-4-3,"119.399675,26.252125",[],福建省,福州市,连江县,福州市
上林街理发店,上林街59号,"119.540304,26.198751",13696811767,福建省,福州市,连江县,福州市
新春美发造型,凤城镇文明西路214号,"119.534278,26.201741",15059465480,福建省,福州市,连江县,福州市
酷帝阿灯造型,凤城镇816北路97号华星苑华盛楼6店,"119.538406,26.199892",15715912293,福建省,福州市,连江县,福州市
名创剪艺工作室(文山南路店),凤城镇文山南路梦幻冰季斜对面,"119.542017,26.200568",13015719222,福建省,福州市,连江县,福州市
神彩时尚造型,开放西路79-1号,"119.564626,26.134250",13599986040,福建省,福州市,连江县,福州市
名瑜美发店,大众中路与青芝路交叉口东南80米,"119.566487,26.131810",13774600788,福建省,福州市,连江县,福州市
名姿发型设计沙龙(宏泰·凤凰城店),凤城镇凤凰城1号楼(12店),"119.540013,26.213627",13805078583,福建省,福州市,连江县,福州市
尚轩美发形象沙龙,东城路南,"119.546962,26.198706",13459448131,福建省,福州市,连江县,福州市
至简理发店,温泉路1号翡丽云邸3号楼S102,"119.547715,26.217682",[],福建省,福州市,连江县,福州市
瑞美造型(贵安店),潘渡乡贵康路贵尊苑6-9,"119.414651,26.249600",15959752706,福建省,福州市,连江县,福州市
剪艺城(贵泉苑店),世纪金源奥特莱斯购物广场北门西300米,"119.405167,26.242531",15750878668,福建省,福州市,连江县,福州市
Fashion baby形象造型屋,开放路与大众中路交叉口西80米,"119.565849,26.133970",15059162932,福建省,福州市,连江县,福州市
蒂梵妮形象沙龙,凤城镇文明西路61号,"119.534264,26.201122",13489982639,福建省,福州市,连江县,福州市
梵古造型(丽景华府店),丹凤西路丽景华府2栋08号,"119.531714,26.205411",13665094818,福建省,福州市,连江县,福州市
温馨·美发(凤尾小区店),凤尾小区南门旁,"119.540708,26.202188",18046082237,福建省,福州市,连江县,福州市
开兴发廊,凤城镇西南街社区旁边,"119.534846,26.195101",15980528321,福建省,福州市,连江县,福州市
剪艺造型(文华路店),丹凤东路5号丹凤朝阳花园,"119.535237,26.207742",18350170717,福建省,福州市,连江县,福州市
A上美形象设计(丹凤花园三区店),文华路丹凤花园-三区,"119.534685,26.208972",18250310797,福建省,福州市,连江县,福州市
度尚造型,莲荷东路20-12号,"119.542305,26.202296",13763886962,福建省,福州市,连江县,福州市
茂发烫染吧,莲荷东路与温麻路交叉口西160米,"119.538883,26.201608",[],福建省,福州市,连江县,福州市
风花雪月发型设计,连江互通主线桥与G15沈海高速交叉口南360米,"119.554138,26.219082",[],福建省,福州市,连江县,福州市
黄安杰理发店,201省道与安赤线交叉口南60米,"119.850448,26.340166",[],福建省,福州市,连江县,福州市
吉美·美发,丹凤花园三区西南门东南50米,"119.535132,26.208496",13559175780,福建省,福州市,连江县,福州市
领秀造型(凤园路店),凤园路与凤福路交叉口西20米,"119.537562,26.203821",[],福建省,福州市,连江县,福州市
红豆美容美发(福州连江县),凤城镇凤尾花园1座(国土资源局对面),"119.537140,26.203513",[],福建省,福州市,连江县,福州市
1号美业(贵府苑店),潘渡镇贵新社区世纪金源大道8号贵府苑,"119.404215,26.251158",[],福建省,福州市,连江县,福州市
美格美容美发(贵尊苑A区店),潘渡乡贵安新天地社区贵康路6号贵尊苑A区,"119.414799,26.248713",[],福建省,福州市,连江县,福州市
发匠造型(金凤名都店),凤城镇文山北路7-15号,"119.537814,26.212935",[],福建省,福州市,连江县,福州市
ASK美发沙龙(龙宾新界店),凤城镇龙宾新界5号楼14店,"119.542967,26.213478",13285028502,福建省,福州市,连江县,福州市
独领造型(天和城店),凤城镇天和城九号楼,"119.542526,26.206839",13635270943,福建省,福州市,连江县,福州市
十年美发工作室(凤翔国际店),凤城镇凤翔国际9号6号车库,"119.541298,26.211805",[],福建省,福州市,连江县,福州市
壹加壹发型形象工作室(江滨观邸店),江滨观邸西北2门北50米,"119.541406,26.194980",[],福建省,福州市,连江县,福州市
出发点造型(丹凤东路店),敖江镇温麻社区温泉路9号正祥·日照家林,"119.551190,26.210776",[],福建省,福州市,连江县,福州市
美格造型(丽景华府店),凤城镇丹凤西路1号丽景华府7-11,"119.530929,26.206666",[],福建省,福州市,连江县,福州市
发丝缘造型工作室(三友楼店),侨乡公园东门西南150米,"119.561790,26.136313",[],福建省,福州市,连江县,福州市
鸿飞理发店,北新路与凤园路交叉口南40米,"119.533954,26.202092",[],福建省,福州市,连江县,福州市
品尚造型(凤翔路店),凤园路与凤福路交叉口东北40米,"119.538031,26.203998",[],福建省,福州市,连江县,福州市
唯丝工作室,马祖西路23-8丽景天下,"119.530717,26.206792",15060163495,福建省,福州市,连江县,福州市
木子工作室(凯旋公馆B区店),文汇路3号凯旋公馆B区3座,"119.541325,26.209175",18559898891,福建省,福州市,连江县,福州市
连江县鼻鼻美甲工作室,凤城镇马祖西路10号万家城市广场一区1号楼1509,"119.535026,26.211658",15059461096,福建省,福州市,连江县,福州市
秋屏头疗工作室,江南镇江南居委会光明路233-2楼,"119.546207,26.188892",[],福建省,福州市,连江县,福州市
玖柒·Nail美甲工作室,马祖西路10号万家城市广场1号楼1415室,"119.535125,26.211625",[],福建省,福州市,连江县,福州市
H+造型,丹凤东路15号,"119.535125,26.208325",18120916030,福建省,福州市,连江县,福州市
丽都男士复古理发馆,凤城镇文山南路89号宏宙花园西南2门旁,"119.542725,26.196481",[],福建省,福州市,连江县,福州市
男士理发馆,凤城镇凤园路327号天和城,"119.542888,26.205520",[],福建省,福州市,连江县,福州市
GYQ男士理容馆,建发领郡,"119.528575,26.210875",[],福建省,福州市,连江县,福州市
G+男士理容馆,学院路恒宇国际观湖5-06店铺,"119.528145,26.210688",[],福建省,福州市,连江县,福州市
圣妃·国际VIP店(福清清昌万达广场店),清昌万达1号门四楼圣妃国际VIP店,"119.349740,25.714352",0591-85159488,福建省,福州市,福清市,福州市
Moone慕颜烫染接发(万达金街店),音西街道康达路36-42号万达金街,"119.349915,25.716665",18212147988,福建省,福州市,福清市,福州市
One+造型(万嘉广场店),清昌大道与康达路交叉口东南140米万嘉广场5号楼5楼,"119.350829,25.712981",15960041015;18559912729,福建省,福州市,福清市,福州市
DR HAIR SALON(江山云著店),康达路8-12号(江山云著),"119.351398,25.709301",17689988842,福建省,福州市,福清市,福州市
圣安娜·美尚庄园(街心店),一拂路116号,"119.383382,25.720517",0591-85248288,福建省,福州市,福清市,福州市
藤野造型(福清万嘉广场店),音西街道清昌大道168号5幢1301-1307,"119.350773,25.713070",19859921840,福建省,福州市,福清市,福州市
意境造型,宏兴村1号楼3-16号,"119.321005,25.703747",13960924859,福建省,福州市,福清市,福州市
新发现HAIR SALON(福和万达店),福和大道1F-110,"119.351687,25.721232",13559351554,福建省,福州市,福清市,福州市
漂亮人生(龙旺店),音西街道龙旺名城9号楼01店门,"119.365938,25.717376",0591-85717555;15880472748,福建省,福州市,福清市,福州市
圣妃国际美容美发连锁(龙田店),龙锦路与龙飞路交叉口南40米,"119.453957,25.608017",0591-85765889,福建省,福州市,福清市,福州市
圣安娜美容美发(加州城店),加州城1号楼2层,"119.368554,25.720730",0591-86071616;0591-86071818,福建省,福州市,福清市,福州市
在这里预见FORESEE(万达金街店),音西街道清昌大道105号万达广场福清清昌店1F层,"119.350152,25.715987",18695721186,福建省,福州市,福清市,福州市
季屿SALON,石竹街道棋山村新厝83-1,"119.321081,25.706348",17621107914;18850429086,福建省,福州市,福清市,福州市
豪盟聖妃美容美发连锁,玉屏街道一拂街与深巷交叉口东南角富豪花园35号楼2层,"119.381001,25.718451",[],福建省,福州市,福清市,福州市
D·R+造型(宏路店),宏路街道福平街南宅348号,"119.322606,25.702257",13110870375,福建省,福州市,福清市,福州市
圣妃美容美发连锁(融侨城店),融侨城272层阿龙,"119.350570,25.711027",0591-85220987,福建省,福州市,福清市,福州市
林敏美发店(境洋店),境洋镇境洋街道镜洋街84号,"119.295269,25.769071",13696848304,福建省,福州市,福清市,福州市
深藏Blue私人定制美容美发,龙田镇龙飞路1-21号,"119.448662,25.610813",18873433352,福建省,福州市,福清市,福州市
福清优美姿接发(融侨悦府南门店),音西街道融侨悦府南门8号楼9-83沿街门店(福清优美姿接发工厂店),"119.355017,25.720590",15859085658,福建省,福州市,福清市,福州市
am发型定制,一拂街与锦云街交叉口西南40米,"119.380339,25.718310",17850875515,福建省,福州市,福清市,福州市
拾一美发,音西街道康达路国际华城4幢2楼,"119.348401,25.716045",18650775563,福建省,福州市,福清市,福州市
叁拾玖度半烫染吧(清航街总店),音西街道清航街75号,"119.374190,25.726451",13950744559;13960744559,福建省,福州市,福清市,福州市
俤俤发艺(江滨花园店),水南江滨花园287号第一座,"119.379907,25.710028",13950258803,福建省,福州市,福清市,福州市
情人岛形象设计(清荣大道店),福清人民体育场东北2门旁,"119.386555,25.724613",15359115525,福建省,福州市,福清市,福州市
匠人发型定制(明梅楼店),向高街道人巷48-8号,"119.381225,25.721522",0591-85876722;13950227237,福建省,福州市,福清市,福州市
三姐美容美发(万嘉广场店),万嘉广场6号楼5层06-13,"119.350029,25.712662",0591-86555995,福建省,福州市,福清市,福州市
V1唯一颜值美丽定制(侨荣城店),清昌大道107-159号,"119.348832,25.714299",[],福建省,福州市,福清市,福州市
领先美业(富贵世家1期店),音西清盛大道富贵世家1期(恒丰银行楼上)9-7号3楼,"119.361675,25.712175",13950339889,福建省,福州市,福清市,福州市
壹家烫染·美发沙龙(璀璨天元店),音西清昌大道31西北方向120米璀璨天元,"119.358398,25.720338",15060141454,福建省,福州市,福清市,福州市
V美·美发沙龙(金街店),音西康达路36-111号,"119.349575,25.718325",17859546979,福建省,福州市,福清市,福州市
圣妃国际美容美发连锁(锦绣店),音西街道锦绣家园南区10号楼福28号,"119.364826,25.716867",0591-85340333,福建省,福州市,福清市,福州市
雲尚造型烫发染发,新市街203-86,"119.460908,25.609030",[],福建省,福州市,福清市,福州市
圣妃国际美容美发连锁(国际公馆店),音西街道阳光锦城3号楼1号,"119.367841,25.717081",0591-85156633,福建省,福州市,福清市,福州市
KONI美发沙龙(中联城四、五期店),宏路街道上郑村中联城四五期20号楼108-109店面,"119.336946,25.702919",15060696185,福建省,福州市,福清市,福州市
Nk造型美发工作室(万嘉广场店),音西街道清昌大道万嘉广场5号楼5楼,"119.350734,25.713077",18105917627,福建省,福州市,福清市,福州市
美丽一生形象设计(卓越路店),卓越路1号2层,"119.368624,25.721591",0591-85397779,福建省,福州市,福清市,福州市
圣妃美容美发(福清福和万达店),福和路9号万达广场福清福和店F3层,"119.351925,25.721675",13685048365,福建省,福州市,福清市,福州市
壹号造型·沙龙(渔市街店),玉屏街道一拂路6号楼2层,"119.381004,25.718439",15659555665,福建省,福州市,福清市,福州市
圣妃国际美容美发连锁(万达B2区店),音西街道康达路36-186福清万达广场B2区,"119.348903,25.716497",15659555665,福建省,福州市,福清市,福州市
范先生男士理发馆,康达路5号100,"119.345799,25.717066",18350039332,福建省,福州市,福清市,福州市
流星发艺(福州福清市),渔溪镇育才路好又多酒楼对面,"119.300375,25.601525",13635222625,福建省,福州市,福清市,福州市
小香港形象设计总店(龙安街店),龙田镇龙辉街85-241,"119.460946,25.609614",0591-85776723;18150060871,福建省,福州市,福清市,福州市
Mr.高(万达广场店),[],"119.346160,25.715170",13055525506,福建省,福州市,福清市,福州市
微星造型(宏路店),善胡街226-1号,"119.317465,25.706662",18606067855,福建省,福州市,福清市,福州市
尚艺烫染会所,清昌大道与善福街交叉口西180米,"119.317158,25.702943",13850197891,福建省,福州市,福清市,福州市
奥斯卡造型(融侨锦江玖里店),融侨锦江二期2号楼109号,"119.333556,25.702743",13960781213,福建省,福州市,福清市,福州市
蚂蚁美发(362店),天河酒店路口往里50米河头巷9-7号,"119.380214,25.717256",18850449598,福建省,福州市,福清市,福州市
拾光美发店,宏路石竹街道棋山街158号158-1158-2,"119.320176,25.707886",13625072007,福建省,福州市,福清市,福州市
世爵美容美发(宏路),石竹街道西环路187号,"119.317608,25.706003",0591-85369181,福建省,福州市,福清市,福州市
千叶造型(福清店),龙山街道鸿商路6号富丽华花园3号楼4号店面,"119.386133,25.716739",13960710520;15880083428,福建省,福州市,福清市,福州市
佧施心艺美容美发(融侨城东区店),音西镇康达路融侨城23栋05店,"119.350471,25.712466",13635231756,福建省,福州市,福清市,福州市
感剪国际美业(融侨观邸店),清昌大道279-46号,"119.341825,25.711175",15060699998;18659139808,福建省,福州市,福清市,福州市
品位造型(成龙步行街店),成龙步行街1号楼停车场出口旁,"119.379659,25.721177",15280188887,福建省,福州市,福清市,福州市
YM hair salon(国际华城店),康达路5-71国际华城,"119.346242,25.715550",[],福建省,福州市,福清市,福州市
DW美容美发(万嘉广场店),音西街道清昌大道万嘉广场5号楼201室,"119.351101,25.713005",0591-86559655,福建省,福州市,福清市,福州市
蚂蚁美发527店,融侨城30号楼2-101,"119.351706,25.710127",13067390660,福建省,福州市,福清市,福州市
SO剪发城(五井街店),中心街与朱平路交叉口东南220米,"119.519436,25.528413",13860644505;15960043299,福建省,福州市,福清市,福州市
发记hairsalon(善福街店),石竹街道西环路建融商业街2号楼一层,"119.317700,25.706960",15860809958,福建省,福州市,福清市,福州市
阿松造型(向高街店),玉屏街道向高街明翔楼103号店,"119.381581,25.721119",[],福建省,福州市,福清市,福州市
美丽印象烫染品质店(清航街店),清航街66号,"119.376172,25.725987",[],福建省,福州市,福清市,福州市
梦想发型设计(宏兴街店),宏兴街与福平街交叉口西40米,"119.321196,25.705166",15959079822,福建省,福州市,福清市,福州市
艺剪美(通福花园北),清昌大道诚丰世纪园4号楼109店面,"119.358112,25.717351",13599952659;18350127168,福建省,福州市,福清市,福州市
卓艺形象设计(玉屏街道),较场路与后埔街交叉口西北60米,"119.382729,25.721019",0591-28399133;13809525258,福建省,福州市,福清市,福州市
顶尚造型(宏路店),宏路镇石竹街道龙塘村清宏路35-6号,"119.324939,25.712035",13055377795;13055737795,福建省,福州市,福清市,福州市
首秀(福州福清市),龙田镇龙达路千家电器往福清车站方向50米旺客隆超市旁,"119.458788,25.609775",13163888646,福建省,福州市,福清市,福州市
约定,宏路街道融侨锦江2-25号,"119.332933,25.703013",15555593994,福建省,福州市,福清市,福州市
LC美业(渔溪店),渔溪镇草厝育才路196号LC美业,"119.300272,25.601402",15605081886,福建省,福州市,福清市,福州市
八佰伴形象设计,龙田镇龙飞路39号,"119.457463,25.608081",13107690388,福建省,福州市,福清市,福州市
810潮牌美发机构,金鹰汉庭大酒店门口,"119.365925,25.719675",13159239040,福建省,福州市,福清市,福州市
慕尚造型(西环东路店),西环东路与东桥路交叉口东北80米,"119.352356,25.710221",15396118086,福建省,福州市,福清市,福州市
艺剪吧时尚造型,阳下镇坝头村25-3,"119.428385,25.768239",15985716669,福建省,福州市,福清市,福州市
蚂蚁美发(413店),冠业居民小区西北门旁,"119.377987,25.721555",15280188887,福建省,福州市,福清市,福州市
发苑形象设计(万达店),音西街道国际华城13号楼店面,"119.347677,25.717681",[],福建省,福州市,福清市,福州市
女神造型(融侨城东区店),融侨城25栋一层02店面,"119.350197,25.711909",0591-85880903,福建省,福州市,福清市,福州市
环球造型(善福街店),棋山村外厝199-1号,"119.317225,25.707426",13859009570,福建省,福州市,福清市,福州市
ONE+造型(宏路店),善福街西环路尚里83-3成龙大酒店周六福对面上二楼,"119.318526,25.703274",18645343951,福建省,福州市,福清市,福州市
1FAnFS美容美发,康达路2-35号,"119.350175,25.712675",[],福建省,福州市,福清市,福州市
多门男士理发馆(万达广场店),清昌大道105号福清万达广场A1座2F层,"119.350616,25.714628",17188886887,福建省,福州市,福清市,福州市
一帆美发(融侨城西区店),融侨城18栋01号店面(康达路1-15号),"119.350400,25.710346",18250300538,福建省,福州市,福清市,福州市
尚品美发美甲(玉屏街道),龙江市场监督管理所东北门旁,"119.387326,25.720534",[],福建省,福州市,福清市,福州市
阿伟美发工作室私人订制,高山镇中街12号阿伟美发工作室3楼,"119.563186,25.468477",13275913275,福建省,福州市,福清市,福州市
4AM形象设计,阳下溪头村323-3号,"119.413871,25.769396",17605013534,福建省,福州市,福清市,福州市
尚美造型(尚理新兴苑店),尚理新兴苑,"119.318035,25.703898",15980165011;18850118657,福建省,福州市,福清市,福州市
佳佳造型室(二中店),豪豪小区2号楼1层店面,"119.384251,25.723582",13960867693;15080078438,福建省,福州市,福清市,福州市
QQ时代形象沙龙,渔溪镇星华街86号,"119.296497,25.597115",13459457670,福建省,福州市,福清市,福州市
PCL金善(融侨城东区店),音西街道融侨城2期25栋1楼20号,"119.350293,25.711716",13599976678,福建省,福州市,福清市,福州市
潮发染吧(融创滨江壹号店),融创滨江1号8幢102店铺,"119.359108,25.715516",13960974153,福建省,福州市,福清市,福州市
斯朵利发型侨荣店,国际华城B2-108室,"119.346147,25.715208",13655030623,福建省,福州市,福清市,福州市
空间造型(融侨城店),融侨城东区25号楼08号,"119.350388,25.711729",0591-85159755;13665006213,福建省,福州市,福清市,福州市
亚琪染烫吧,向高街与较场路交叉口东20米,"119.381377,25.721496",[],福建省,福州市,福清市,福州市
楚匠美业形象沙龙(福华小区店),桥南路福华小区,"119.378389,25.709516",17706922289,福建省,福州市,福清市,福州市
蚂蚁美发 462(卓越观天下3期店),瑞亭街19-20号,"119.395051,25.718945",[],福建省,福州市,福清市,福州市
范美特造型接发(福清店),成龙步行街8号楼,"119.379601,25.720434",18559117629,福建省,福州市,福清市,福州市
斯芒连锁护理玫瑰园店,玫瑰园西北门西南110米,"119.396761,25.732761",[],福建省,福州市,福清市,福州市
蚂蚁美发(福清锦绣家园北区店),锦绣家园北区西南门东南50米,"119.363586,25.716985",[],福建省,福州市,福清市,福州市
米娜造型(福清恒大城店),恒大城1期3号楼,"119.407752,25.717971",[],福建省,福州市,福清市,福州市
忠和美发(洋埔公寓1期店),洋埔公寓1期,"119.341587,25.720801",13509344770,福建省,福州市,福清市,福州市
简尚造型(西环西路店),宏路村尚里161-1二楼紫金益民楼上,"119.318120,25.702788",[],福建省,福州市,福清市,福州市
66发艺,玉井路乐居家装对面,"119.387162,25.728339",15980577397;18250458533,福建省,福州市,福清市,福州市
欧森漫美发(三福龙景店),三福龙景11号楼11店面,"119.412749,25.724660",[],福建省,福州市,福清市,福州市
宏爵理发馆,宏路镇后铁铺610-1,"119.319670,25.700296",[],福建省,福州市,福清市,福州市
V1私人订制,音西清昌大道31西北方向120米璀璨天元,"119.358315,25.718906",[],福建省,福州市,福清市,福州市
爱简发快剪(融侨城店),音西街道康达路2-32号,"119.350008,25.712314",13713463598,福建省,福州市,福清市,福州市
奈丝美容美发(龙旺名城南区店),龙旺名城-南区1号门东北70米,"119.367247,25.717644",[],福建省,福州市,福清市,福州市
小杨快剪(冠业居民小区店),玉屏产塘街25号8号,"119.378559,25.721036",[],福建省,福州市,福清市,福州市
中锦美容美发,音西清昌大道107-57号二层,"119.345583,25.714281",13696833631,福建省,福州市,福清市,福州市
10元快剪(锦绣豪庭店),旧法院后门对面马路,"119.390080,25.723383",19187553445;19235909056,福建省,福州市,福清市,福州市
简爱染烫吧(北前亭店),后塘巷16-3,"119.330076,25.724207",13110873110;17605009970,福建省,福州市,福清市,福州市
发仕名匠(城头店),177县道与大四路交叉口西南80米,"119.519997,25.701051",15060169322,福建省,福州市,福清市,福州市
湘婷美业(国税家苑店),清昌大道35号国税家苑,"119.356071,25.716288",13276046721;19235916915,福建省,福州市,福清市,福州市
发新设(后山顶店),东门后山顶义乌小商品超市旁,"119.386961,25.716420",13290932306,福建省,福州市,福清市,福州市
你好漂亮发型工作室,178县道新林南路公交站旁(白墓十字路口往福清方向),"119.483670,25.552354",15959076039,福建省,福州市,福清市,福州市
O-HAIR凹造型,龙田镇金山街204-9,"119.461756,25.607516",18559991112,福建省,福州市,福清市,福州市
LC这是一家理发店,安置区LC理发店,"119.324772,25.464213",19074530774,福建省,福州市,福清市,福州市
悟空快剪,东门街与拱北路交叉口东北20米,"119.391024,25.726645",[],福建省,福州市,福清市,福州市
月月美甲,海口镇新山路2-17号,"119.459496,25.696682",13859012669,福建省,福州市,福清市,福州市
首艺造型(海城路店),201省道冠乐福便利店对面,"119.571071,25.692015",0591-85580083;15359192063,福建省,福州市,福清市,福州市
厚木发型社,凯景悦蓝山二期北门旁,"119.401071,25.734537",18210320978,福建省,福州市,福清市,福州市
名剪造型,后埔街27-11号,"119.386893,25.724816",13045871779,福建省,福州市,福清市,福州市
爱U剪(中联·天玺店),中联天玺1号118店面,"119.353998,25.720439",13101487888,福建省,福州市,福清市,福州市
禾木造型Salon(利桥古街店),利桥街303号东百利桥古街第B1F层B1-b1022店铺,"119.381213,25.716018",19859921840,福建省,福州市,福清市,福州市
第六感形象设计会所(渔溪店),渔溪镇育才路138号,"119.300020,25.600301",18506025799,福建省,福州市,福清市,福州市
千丝造型,清荣大道与福唐路交叉口西100米,"119.365909,25.729351",18960996790,福建省,福州市,福清市,福州市
V8造型,康达路1-26号,"119.350607,25.709877",15980520088,福建省,福州市,福清市,福州市
明星美业,融侨城康达路2-14号,"119.350391,25.711484",13305915713,福建省,福州市,福清市,福州市
康林理发店,双墩路与八一五路交叉口西100米,"119.294835,25.601326",13067272905,福建省,福州市,福清市,福州市
V1唯一美发潮店(万嘉广场店),万达对面万嘉广场6号楼5楼(全季酒店楼上),"119.349900,25.712876",18650377717,福建省,福州市,福清市,福州市
阿曼妮专业烫染,六一路78-53,"119.563009,25.473232",0591-85888782,福建省,福州市,福清市,福州市
爱尚你美容美发(福清港头店),港头镇五星村东南116号,"119.486247,25.553470",15005097779;18359777795;18705903654,福建省,福州市,福清市,福州市
喜理美发沙龙(中联·天玺店),福百路6-96号,"119.354513,25.722007",13400594000,福建省,福州市,福清市,福州市
艺典造型,清航街85号,"119.374024,25.726493",13599389394,福建省,福州市,福清市,福州市
阿龙专业烫染,洪宽大道与洪宽三路交叉口东北320米,"119.428588,25.768781",18350150687,福建省,福州市,福清市,福州市
阿霖理发,融北路23号,"119.386970,25.725488",13609514232,福建省,福州市,福清市,福州市
壹间理发店,东方印象12井-08店面壹间理发店,"119.398033,25.713020",18559126909,福建省,福州市,福清市,福州市
你好漂亮造型沙龙,龙田镇上薛村岭头顶49-1号,"119.454720,25.625930",18259040904,福建省,福州市,福清市,福州市
芬格造型,音西清昌大道6-33,"119.366965,25.716873",13859006162,福建省,福州市,福清市,福州市
尚艺造型(江滨路店),江滨路南方宾馆边上,"119.381072,25.716620",18759110015,福建省,福州市,福清市,福州市
鼎尚沙龙(泰禾华侨城1期店),龙田镇福庐北路31-34号,"119.449941,25.611916",18259036456,福建省,福州市,福清市,福州市
Likc爱简发快剪(福和万达店),福和万达B1层B157(国美电器旁),"119.351925,25.721075",13713463598,福建省,福州市,福清市,福州市
酷拉拉(加州城店),音西街道加州城9号楼1-3室,"119.368555,25.720726",0591-83257390;0591-85257390,福建省,福州市,福清市,福州市
时尚元素发型设计(尚理新兴苑店),宏兴街香玉食杂店旁,"119.317935,25.703868",13459178750,福建省,福州市,福清市,福州市
阿玛尼美容美发(外环路店),江阴镇外环路62号,"119.317192,25.454456",18250167023,福建省,福州市,福清市,福州市
ZAIJ在家·美发(三福龙景店),三福龙景北门13号楼01店,"119.411731,25.724912",17841141845,福建省,福州市,福清市,福州市
名流造型屋,高山镇高园路17号街道南6-7号店面,"119.564675,25.473025",15080082688,福建省,福州市,福清市,福州市
玩美style美发香溪美地(加州·香溪美地A区店),奎岭香溪美地二期二号楼D8,"119.375481,25.733861",15060177702,福建省,福州市,福清市,福州市
A+·造型(融侨悦府店),融侨悦府9-77店面A•造型,"119.355185,25.720646",15606077010,福建省,福州市,福清市,福州市
福平街晖尚造型,福平街与棋山街交叉口南140米,"119.321012,25.706640",15959163107,福建省,福州市,福清市,福州市
舒罗兰美发店(玫瑰园店),玉屏街道东门街石井村塘边第一排第一座店面,"119.396186,25.732558",15280189753;17306909877,福建省,福州市,福清市,福州市
启点造型(福平街店),福平街与宏兴街交叉口北140米,"119.321323,25.706335",15005989484,福建省,福州市,福清市,福州市
city城市快剪店(佳源超市),佳源超市门店第三柜,"119.380894,25.718248",15005027855,福建省,福州市,福清市,福州市
名将造型(渔溪店),渔溪镇隆华路220号,"119.301209,25.600860",18606998986,福建省,福州市,福清市,福州市
剪艺造型(水岸观溪店),宏路街道水岸观溪2号楼商业3号店面,"119.349974,25.697779",15985780809,福建省,福州市,福清市,福州市
友金理发店,宏路新街10号,"119.317557,25.697174",[],福建省,福州市,福清市,福州市
阿曼达烫染品质店(洋洋百货店),洋洋百货德克士楼下,"119.316573,25.702419",18259134293,福建省,福州市,福清市,福州市
文强造型沙龙(尚理新兴苑店),西环路107号,"119.317901,25.702996",0591-85366579,福建省,福州市,福清市,福州市
芭本SO理发馆,龙田镇泰禾华侨城2期31-18店铺,"119.450896,25.612895",18649891778,福建省,福州市,福清市,福州市
流行密码美发沙龙(龙江路店),龙江街道龙江路487-3号,"119.382117,25.704154",13599951579,福建省,福州市,福清市,福州市
咔嚓咔嚓发型社,178县道与瀚莲路交叉口西北300米,"119.609180,25.430597",15980629994,福建省,福州市,福清市,福州市
蚂蚁美发(中庚432店),中庚香汇融商业街SY13-12,"119.369059,25.752934",13023806627,福建省,福州市,福清市,福州市
MSMK.美时美刻私人订制(龙田店),龙田镇龙锦路116-7号,"119.455192,25.610548",15005927720,福建省,福州市,福清市,福州市
一剪钟情理发店,新厝镇坂顶街一剪钟情理发店,"119.255316,25.509683",13696826218,福建省,福州市,福清市,福州市
小贝烫染造型工作室(景观豪庭南区店),景观豪庭南区东北门旁,"119.363704,25.716066",13950393020,福建省,福州市,福清市,福州市
新宿造型(优步书苑店),龙山街道优步书苑2号107,"119.398907,25.712558",18760449346,福建省,福州市,福清市,福州市
亚当美业,宏路镇高仑村委旁,"119.329570,25.713026",18759199881,福建省,福州市,福清市,福州市
唯美形象设计室(盈丰花园A区店),"阳下街道骏和小区盈丰花园A区,福阳路1-11","119.383227,25.739095",18396177771,福建省,福州市,福清市,福州市
渔溪快剪,隆华路南151号,"119.299025,25.600925",18060711536,福建省,福州市,福清市,福州市
理享造型(侨乡特区店),高山镇侨乡特区曹厝211-12号,"119.561445,25.475806",17606077797,福建省,福州市,福清市,福州市
微潮形象设计,龙塘村清宏路福政路交叉路口,"119.324480,25.712420",17746099061,福建省,福州市,福清市,福州市
沙宣美容美发(清盛大道店),上郑村中联城一期12号楼119店面,"119.337639,25.702332",18900266931,福建省,福州市,福清市,福州市
HE潮牌造型三山店,三山镇三山村384号,"119.521007,25.528538",15959125985,福建省,福州市,福清市,福州市
岸恋造型(美发),城头镇新街211-1,"119.515548,25.701992",18120841964,福建省,福州市,福清市,福州市
V造型沙龙(龙旺名城南区店),音西清昌大道6-117,"119.366350,25.717414",13950266111,福建省,福州市,福清市,福州市
丽人吉岩融创滨江壹号店,清昌大道融创滨江3-03店铺105,"119.359959,25.716553",15396000023;15859042654,福建省,福州市,福清市,福州市
阿辉形象沙龙,江明街与泰山路交叉口北160米,"119.429140,25.556398",18150789991,福建省,福州市,福清市,福州市
MJ造型私享工作室(较场路店),玉屏街道较场路2号楼第14间门牌1-202,"119.382100,25.724635",13960793036,福建省,福州市,福清市,福州市
彪师艺剪,清宏路日东包装对面彪师艺剪,"119.342924,25.716498",0591-85167157;13395919531,福建省,福州市,福清市,福州市
雅琪美发(卓越观天下店),卓越观天下1期南门旁,"119.394337,25.717620",0591-85166767,福建省,福州市,福清市,福州市
纵横造型造型,西环小区乐易购超市旁,"119.330956,25.725899",13599967410,福建省,福州市,福清市,福州市
放心飞染烫吧,上郑村平安医院,"119.332031,25.707667",15880414861,福建省,福州市,福清市,福州市
风采发型设计中心(融鑫花园店),龙山花园西南门西北140米,"119.391323,25.723154",13705931205,福建省,福州市,福清市,福州市
尚艺沙龙,龙福路与龙发路交叉口北20米,"119.462015,25.603755",15860402459,福建省,福州市,福清市,福州市
瑞美美发,龙江街道霞楼龙江路,"119.388691,25.693835",13385912175,福建省,福州市,福清市,福州市
中青年理发店,江阴镇寻头村外环路3号,"119.318663,25.452041",15980507521,福建省,福州市,福清市,福州市
慕鑫美发店,玉屏街道后埔街18-5慕鑫美发店,"119.384557,25.722664",15059425855,福建省,福州市,福清市,福州市
阿峰美发工作室,龙田镇龙锦路146-1,"119.454629,25.609569",15860259629,福建省,福州市,福清市,福州市
阿娟理发店,天宝路158号壹品江山,"119.357507,25.703869",13696805017;18850708829,福建省,福州市,福清市,福州市
时尚剪艺,高山镇高园路16-2,"119.564342,25.472837",18120947757,福建省,福州市,福清市,福州市
新海发型,高山镇下街33号,"119.562760,25.468782",13799994791;15860258887,福建省,福州市,福清市,福州市
新潮美容美发中心(小桥街店),小桥街何厝巷44号,"119.382014,25.717934",0591-85216953,福建省,福州市,福清市,福州市
博雅美发室(清荣花园店),清荣花园508号,"119.393615,25.730265",13960869779,福建省,福州市,福清市,福州市
ASM形匠造型(成龙步行街店),锦云街与一拂街交叉口西北60米,"119.380238,25.718706",15080081291,福建省,福州市,福清市,福州市
非常男女时尚造型,下街与六一路交叉口东南120米,"119.561373,25.469482",13859011700,福建省,福州市,福清市,福州市
顺艺美发,宏路街道宏路村桥下137号,"119.320615,25.697875",13959176935,福建省,福州市,福清市,福州市
第六感美发,后埔街与一拂街交叉口西60米,"119.382125,25.719775",13705987332,福建省,福州市,福清市,福州市
名古屋专业烫染吧,小桥街116-2号附近,"119.383428,25.718707",13605958597,福建省,福州市,福清市,福州市
阿名染烫城(小北小区店),融城龙山综合楼3号楼第7间,"119.390479,25.725862",0591-85221220,福建省,福州市,福清市,福州市
艺度造型(中庚紫金香山店),中庚紫金香山13号,"119.337200,25.708050",13799994987,福建省,福州市,福清市,福州市
帅薇美容美发头疗店,福百路9-83号,"119.355400,25.720660",17375037806,福建省,福州市,福清市,福州市
唯妳形象管理,龙田镇三村新市街3号楼212号,"119.460312,25.607626",13489069857,福建省,福州市,福清市,福州市
千艺造型,镜洋镇镜洋街32号,"119.295535,25.769666",15985716027,福建省,福州市,福清市,福州市
九隆发型中心,龙江市场监督管理所东北门旁,"119.386708,25.720636",13055414173,福建省,福州市,福清市,福州市
阿伟形象设计(加州城店),加州城9号楼彩票店斜对面,"119.367839,25.720328",13599093712;15960081813,福建省,福州市,福清市,福州市
云创梳剪轩理发店,清荣大道31-1号,"119.391012,25.722741",15980731648,福建省,福州市,福清市,福州市
欣语发型,清航街与融西路交叉口西北40米,"119.376824,25.725834",15396116240,福建省,福州市,福清市,福州市
新坊造型烫染店,清航街与融西路交叉口西40米,"119.376723,25.725655",13072559237,福建省,福州市,福清市,福州市
剪单美发,龙安街与金山街交叉口东南100米,"119.462700,25.607128",13003834706,福建省,福州市,福清市,福州市
兵哥专业男式理发,三山镇兵哥专业男式理发,"119.522210,25.526257",18060734142,福建省,福州市,福清市,福州市
Timi美发(闽江职校学生公寓店),福通路4-4号,"119.330146,25.726305",[],福建省,福州市,福清市,福州市
创意美发(祥云楼店),玉屏街道深巷祥云楼小桥街31-10,"119.382186,25.717480",13696802889,福建省,福州市,福清市,福州市
圣安庭专业美发(尚理新兴苑店),尚理新兴苑,"119.318409,25.703734",0591-85377569,福建省,福州市,福清市,福州市
雪柔美发设计(小北小区店),小北小区东北门旁,"119.390320,25.725312",13605953981,福建省,福州市,福清市,福州市
乡亲理发店,福泰路与清航街交叉口南100米,"119.374989,25.725261",15960083332,福建省,福州市,福清市,福州市
日兴理发,西门街与察院埔交叉口西80米,"119.376839,25.719118",15985713115,福建省,福州市,福清市,福州市
怡心缘发型设计室,中街与金辉路交叉口西北100米,"119.562216,25.469198",13055555837,福建省,福州市,福清市,福州市
漂亮美啦,东张镇清荣路南17号,"119.247219,25.710377",19959134222,福建省,福州市,福清市,福州市
鑫·银色,江阴镇下石村233-20,"119.302348,25.429867",15036150622,福建省,福州市,福清市,福州市
兰美造型,康达路与清展街交叉口北100米,"119.347680,25.722520",[],福建省,福州市,福清市,福州市
云辉美发工作室,钓鱼台幼儿园西南门旁,"119.460876,25.610079",[],福建省,福州市,福清市,福州市
丝齐美造型设计,河头巷与江滨路交叉口北80米,"119.380145,25.717081",13859022528,福建省,福州市,福清市,福州市
v秀造型,小桥街53号西北50米,"119.384384,25.719572",[],福建省,福州市,福清市,福州市
老乡美发形象设计,宏路镇右竹街道福平街点点培训中心楼下,"119.321289,25.706368",13960793009;17708370496,福建省,福州市,福清市,福州市
千姿造型,清繁大道(京东方西南侧约91米),"119.359973,25.756043",[],福建省,福州市,福清市,福州市
千艺造型,美嘉城西北门旁,"119.324503,25.704517",13275013531,福建省,福州市,福清市,福州市
君子兰美发店,东南大道与龙江路交叉口西南220米,"119.401469,25.687335",[],福建省,福州市,福清市,福州市
AF奥斯卡造型,福平街与清昌大道交叉口北60米,"119.321954,25.704472",[],福建省,福州市,福清市,福州市
阿香理发店,宏路街道大埔村250,"119.324943,25.690979",[],福建省,福州市,福清市,福州市
YOAN佑安专业美发沙龙(龙田店),龙田镇龙飞路198-1,"119.453370,25.608577",18305909268,福建省,福州市,福清市,福州市
非凡造型,清繁大道(京东方西南侧约60米),"119.360540,25.756387",[],福建省,福州市,福清市,福州市
千艺造型(隆华路),隆华路331-333号附近,"119.295826,25.601025",[],福建省,福州市,福清市,福州市
精艺理发店,棋山街与福平街交叉口东120米,"119.321811,25.707825",[],福建省,福州市,福清市,福州市
匠心美发,龙江路与融宽环路辅路交叉口西北200米,"119.389186,25.693354",15980556345,福建省,福州市,福清市,福州市
Likc爱简发快剪店(利嘉佳源店),音西街道清昌大道56号利嘉中心一楼入口处,"119.352398,25.713100",[],福建省,福州市,福清市,福州市
发艺轩染烫吧(棋山街店),宏路镇清岚街乐旺佳超市旁边,"119.321423,25.708026",[],福建省,福州市,福清市,福州市
明云美发店,福厦大道与上杭北路交叉口南220米,"119.314302,25.718270",13720811665,福建省,福州市,福清市,福州市
千瑾造型(泰禾店),泰禾华侨城1期东南门东60米,"119.449631,25.611340",13459177523,福建省,福州市,福清市,福州市
福清市宏路下曹街专业烫染,圳边村下曹街25-3,"119.312568,25.666533",15005983009,福建省,福州市,福清市,福州市
佳美美容美发店,龙田镇积库村渔池71-72号,"119.427321,25.605827",15880192525,福建省,福州市,福清市,福州市
简约造型(天翔·凯旋城店),天翔·凯旋城东门旁,"119.316515,25.709183",[],福建省,福州市,福清市,福州市
万里美发店,上杭北路与宏路交叉口东60米,"119.314575,25.720493",[],福建省,福州市,福清市,福州市
阿亮理发(金辉城市广场店),清昌大道269号金辉城市广场,"119.343037,25.711874",15394556179,福建省,福州市,福清市,福州市
阿文理发店,宏路街道永惠超市后门,"119.320205,25.704117",[],福建省,福州市,福清市,福州市
飞剪造型·美容美发中心,"音西街道音西村,马山村香匯融江B区27号楼03商业","119.368021,25.754651",[],福建省,福州市,福清市,福州市
十元快剪(锦绣豪庭店),东门街北段68号锦绣豪庭,"119.390625,25.725588",[],福建省,福州市,福清市,福州市
文林美发,众清平大道(玉瑶小学西南侧约50米),"119.404603,25.604912",[],福建省,福州市,福清市,福州市
阿标美发造型店,福山路与桥南路交叉口东南160米,"119.378970,25.712226",[],福建省,福州市,福清市,福州市
常美理发店,北溪路与高园东路交叉口西南180米,"119.565357,25.470971",13285982207,福建省,福州市,福清市,福州市
艺境美业,新华街与中心街交叉口东60米,"119.297565,25.597333",[],福建省,福州市,福清市,福州市
完美造型(瑞亭街店),卓越观天下2期西门旁,"119.393486,25.716612",[],福建省,福州市,福清市,福州市
派头男士理发馆,龙田镇中联蓝天国际168-27,"119.463175,25.615775",[],福建省,福州市,福清市,福州市
理容威尔国潮男士理发馆(中联城店),中联城一期,"119.338197,25.702856",[],福建省,福州市,福清市,福州市
男士理发,中心街与新华街交叉口南40米,"119.297001,25.596839",[],福建省,福州市,福清市,福州市
大咖男士理发馆,福平街与清昌大道交叉口南120米,"119.322407,25.702798",[],福建省,福州市,福清市,福州市
精喜男士理发馆(融创滨江壹号店),融创江滨1号15号楼18店铺,"119.360225,25.714625",13950979748,福建省,福州市,福清市,福州市
一剪缘理发店(新华街店),新华街与育才路交叉口西100米,"119.298975,25.597125",18960968974,福建省,福州市,福清市,福州市
名匠发型会所,江阴镇南曹村,"119.300308,25.460028",[],福建省,福州市,福清市,福州市
首艺造型(福耀智汇苑店),石竹福政路3-1号1207号商铺,"119.320807,25.718986",[],福建省,福州市,福清市,福州市
壹加快剪(万达广场福清福和店),福和路9号万达广场福清福和店B1层,"119.351925,25.720425",[],福建省,福州市,福清市,福州市
理享美发工作室(盘昇新港花园店),盘升新港花园5A09号,"119.258431,25.504843",17637478141,福建省,福州市,福清市,福州市
MOCCI慕紫·烫发·染发(精美店),郑和中路189号,"119.509385,25.958037",15705976373,福建省,福州市,长乐区,福州市
藤野造型(市标吴航西洋中路店),吴航西洋中路9号(十洋地铁站B西北口步行450米),"119.513613,25.955307",13112317921,福建省,福州市,长乐区,福州市
漂亮人生美容美发连锁企业(胜利店),吴航镇胜利路30-40号二楼,"119.522282,25.959418",0591-28825288;0591-28825611,福建省,福州市,长乐区,福州市
佩奇造型.烫染接发(金峰店),金峰镇振兴路249号,"119.629134,25.975350",15880127823,福建省,福州市,长乐区,福州市
叁仟先生男士理发(长乐万星广场店),万星广场二层B035商铺,"119.493143,25.953324",15980291598,福建省,福州市,长乐区,福州市
美丽公社(南华花园店),金峰镇南华花园B座22号,"119.625253,25.976701",0591-28679525;15060444151,福建省,福州市,长乐区,福州市
MOCCI慕紫烫发.染发(永荣店),广场南路888号永荣广场,"119.494275,25.943275",19204929211,福建省,福州市,长乐区,福州市
福州藤野造型(万星广场店),吴航路988号万星广场长乐店B1层,"119.493505,25.953176",17674132174,福建省,福州市,长乐区,福州市
漂亮人生(永荣广场店),广场南路888号58-59,"119.493674,25.941756",0591-28989652,福建省,福州市,长乐区,福州市
轻丝美高端假发定制(长乐店),吴航街道吴航路226号,"119.511771,25.955129",15060126668,福建省,福州市,长乐区,福州市
最美识光美学沙龙(会堂路店),会堂路83号,"119.504581,25.953467",15750816456;15859021321,福建省,福州市,长乐区,福州市
壹加美美业(宾顺花园旗舰店),胪峰大道宾顺花园613号,"119.627164,25.978805",0591-27522668;0591-28671723,福建省,福州市,长乐区,福州市
蒂舞季美业(总店),吴航街道三峰路金色海岸169号,"119.512539,25.961668",18060879520,福建省,福州市,长乐区,福州市
A咖造型(长乐大名城店),首占镇通圆路长乐大名城89-31,"119.497226,25.930266",18649860502,福建省,福州市,长乐区,福州市
漂亮人生(长山湖广场店),长山湖购物广场2层肯德基旁(沃尔玛超市出口处),"119.499648,25.955943",0591-27567000,福建省,福州市,长乐区,福州市
古奈Hair Salon(滨海新城蝶寓店),文武砂蝶寓古奈理发店,"119.589823,25.886046",15555155616,福建省,福州市,长乐区,福州市
尤理(工作室),朝阳北路188-6号(尤理工作室),"119.508353,25.970393",[],福建省,福州市,长乐区,福州市
美美造型(宾顺花园总店),金峰镇胪峰大道宾顺花园4座5-8号,"119.626962,25.978759",0591-28670978;0591-28671723;13774612216,福建省,福州市,长乐区,福州市
塑型形象造型(解放路店),解放路212号民主小区北区,"119.517954,25.964196",[],福建省,福州市,长乐区,福州市
独特美发,漳港街道漳港商行街59号,"119.629663,25.919878",15060680860,福建省,福州市,长乐区,福州市
漂亮人生(三峰街店),通济园6座(十洋地铁站B西北口步行480米),"119.514531,25.961752",0591-28825722;0591-28930365,福建省,福州市,长乐区,福州市
慕颜Design(东湖数字小镇店),文物砂镇东湖星街B104,"119.592144,25.874843",17306909776,福建省,福州市,长乐区,福州市
超会染·时尚顶尖造型(长乐店),吴航街道民主街89号,"119.520072,25.962654",13809544800,福建省,福州市,长乐区,福州市
颜东HAIRSALON(国鑫庄苑店),朝阳中路23号,"119.508922,25.956588",15259199299,福建省,福州市,长乐区,福州市
领结理发店,首占镇和谐路正源财富广场,"119.494236,25.936864",18860139541,福建省,福州市,长乐区,福州市
漂亮人生(漳港店),漳港街道商行街72号,"119.629361,25.920086",0591-28629526,福建省,福州市,长乐区,福州市
长乐香港发廊玉田旗舰店(玉田店),营融线与青闸线交叉口西20米,"119.459229,25.872960",13950279377;15060040840,福建省,福州市,长乐区,福州市
FCS台湾快剪(长乐十洋商贸大厦店),十洋永辉超市入口通道(十洋地铁站D东南口步行130米),"119.514894,25.957904",17720751634;18250446466,福建省,福州市,长乐区,福州市
发缘帝形象会所(团结小区店),民主街团结小区5幢13号店面(131铺),"119.521136,25.962198",[],福建省,福州市,长乐区,福州市
Barber Shop绅士男士理髪馆(万星广场店),航城街道万星广场988号写字楼1号楼一楼地面停车场绅士男士理髪馆,"119.493425,25.954125",19942394550;19959159021,福建省,福州市,长乐区,福州市
审美烫染沙龙(福州长乐区),松下镇首址村首址医院旁,"119.600736,25.756379",15985768502,福建省,福州市,长乐区,福州市
漂亮人生(锦江店),航城街道锦江花园二6号7楼连接体3号店,"119.506789,25.958063",0591-28202228;0591-28883810;15859137065,福建省,福州市,长乐区,福州市
三原色烫染造型(城市之春店),城市之春7号楼5-6号(国惠酒店正对面),"119.498730,25.953954",[],福建省,福州市,长乐区,福州市
北极星美发造型,首站镇中发首府101店铺05号北极星美发造型,"119.494109,25.939427",15880400554,福建省,福州市,长乐区,福州市
重庆无名剪(长乐商贸大楼店),奎桥路226号,"119.515792,25.954113",[],福建省,福州市,长乐区,福州市
慕可造型(金色海岸店),三峰路195号,"119.511531,25.961704",18750785510,福建省,福州市,长乐区,福州市
杉浩美发造型(长乐店),民主街团结小区134号(吴航小学斜对面),"119.520217,25.962918",0591-28602860;13685003940,福建省,福州市,长乐区,福州市
漂亮人生美容(锦江店),郑和西路200-5号邮电小区1号楼一层店面,"119.502475,25.958406",0591-28511799,福建省,福州市,长乐区,福州市
顺杰美发用品(日辉小区店),爱心路139号,"119.512265,25.964751",0591-28837003,福建省,福州市,长乐区,福州市
长乐香港发廊(河下店),河阳楼小区2座,"119.516991,25.962515",[],福建省,福州市,长乐区,福州市
纤艺造型(外语外贸店),首占镇外语外贸学院学生街,"119.500443,25.925993",13055401345,福建省,福州市,长乐区,福州市
领秀会(长乐店),吴航街道西洋中路国际明珠,"119.512413,25.957908",15859139771;18060511719,福建省,福州市,长乐区,福州市
新伽美(河阳楼小区店),河阳楼小区4座,"119.517118,25.962983",0591-28333110;13489014512,福建省,福州市,长乐区,福州市
漂亮人生(龙庭湾店),航城街道永硕龙庭湾A区s3-1漂亮人生,"119.497235,25.948017",0591-28818855,福建省,福州市,长乐区,福州市
新动丽美发连锁机构(乐升花园店),西洋北路22号(乐升花园旁),"119.513008,25.965739",13055254210,福建省,福州市,长乐区,福州市
格调形象设计(商行街店),漳港街道商行街124-12,"119.629934,25.918654",13615008382,福建省,福州市,长乐区,福州市
博雅美业造型连锁,八角亭解放路223号店面,"119.518293,25.964408",13015754618,福建省,福州市,长乐区,福州市
新偶像美容美发会所(漳港分店),漳港街道永安路11号,"119.628760,25.918383",0591-28799990;13600888415,福建省,福州市,长乐区,福州市
你好漂亮(商行街店),漳港街道商行街75号,"119.629639,25.919832",13110777760,福建省,福州市,长乐区,福州市
漂亮人生(商业店),金峰镇弘鑫商业街胪东二路 132 号,"119.629194,25.976212",0591-28908055,福建省,福州市,长乐区,福州市
首选美容美发(永荣广场店),广场南路888号永荣广场F1层,"119.494571,25.943129",13358207222,福建省,福州市,长乐区,福州市
292barbershop男士理发馆,三峰路116号,"119.515019,25.962016",18850784120,福建省,福州市,长乐区,福州市
MK发型设计,航城街道吴航路287号,"119.507814,25.954810",18506053887,福建省,福州市,长乐区,福州市
kk快剪新趋势(安平广场店),源达超市收银台旁边,"119.626323,25.920667",13599052803,福建省,福州市,长乐区,福州市
ONLY唯一造型(团结小区店),杨井巷与培青路交叉口东北20米,"119.521697,25.961519",18825727725,福建省,福州市,长乐区,福州市
漂亮人生C&C首占店,首占镇振铎路98-12号(皇庭·首占1号),"119.482308,25.942303",15659199599,福建省,福州市,长乐区,福州市
娜娜发廊(十洋街店),解放路217号,"119.518470,25.964434",[],福建省,福州市,长乐区,福州市
触动烫染吧(吴航路店),吴航路46号仁和医院对面,"119.516656,25.955421",15959114786,福建省,福州市,长乐区,福州市
纤艺造型(凯旋城店),长限路1-6号,"119.485588,25.950638",13055401345,福建省,福州市,长乐区,福州市
圣美烫染吧(日辉小区店),爱心路135号,"119.512352,25.964757",15205087821,福建省,福州市,长乐区,福州市
壹佰分形象裁剪沙龙(河下街店),民主街27号民主小区南区7座,"119.518965,25.963376",15960154746,福建省,福州市,长乐区,福州市
三溪漂亮人生,三溪商贸城东滨路90号,"119.554480,25.842890",0591-28511368;13950445023,福建省,福州市,长乐区,福州市
回首造型(福州长乐区),吴航路国丰花园11座楼12店,"119.511490,25.955145",13055254893,福建省,福州市,长乐区,福州市
完美人生形象设计(西滨花园店),西洋南路65号西滨花园,"119.513442,25.967180",[],福建省,福州市,长乐区,福州市
五月造型(长乐大名城店),通园路长乐大名城,"119.497130,25.930120",13850107221,福建省,福州市,长乐区,福州市
美丽传说奢华造型(兴业银行大楼店),中国银行长乐侨联支行南门旁,"119.513855,25.962026",[],福建省,福州市,长乐区,福州市
慕颜Design(时代广场店),漳港街道万沙路7号新投时代中心4-101,"119.603619,25.897703",17306909776,福建省,福州市,长乐区,福州市
漂亮人生(首占一号店),首占一号,"119.482339,25.942398",15659199599,福建省,福州市,长乐区,福州市
靓顺美发,广场南路888号永荣广场,"119.494425,25.942325",13055295796,福建省,福州市,长乐区,福州市
米紫雅美发工作室,金峰镇金林路15号,"119.629024,25.970765",17850093997,福建省,福州市,长乐区,福州市
攻略,金峰镇胪东三路207号,"119.628617,25.976834",15980122891,福建省,福州市,长乐区,福州市
名轩美发,区S201(漳湖路),"119.632686,25.924294",13509303434;18759139355,福建省,福州市,长乐区,福州市
星.造型 hair zone,江田镇滨东一路22-1,"119.580181,25.823374",15060155939,福建省,福州市,长乐区,福州市
一剪美理发店(凤岐东路店),仙岐村三10号,"119.646525,25.914694",15359765365,福建省,福州市,长乐区,福州市
新主流烫染造型设计,金峰镇兰田村鑫福源戴斯酒店旁边,"119.603933,25.958179",13665013630,福建省,福州市,长乐区,福州市
新感觉美发,漳港街道龙峰村杨南路290号,"119.626031,25.926365",13489018582,福建省,福州市,长乐区,福州市
江田镇三溪村格调造型专业烫染机构,江田镇三溪新区南路24号,"119.551173,25.838912",13685026031,福建省,福州市,长乐区,福州市
忠·造型,漳港街道永安路47号,"119.627981,25.918492",15960076719,福建省,福州市,长乐区,福州市
新名都美发,金峰镇山星村星城区9-8号,"119.622876,25.976085",15005039909,福建省,福州市,长乐区,福州市
尚艺发型工作室,大兴南路中国移动营业厅对面,"119.582189,25.817092",18750707030,福建省,福州市,长乐区,福州市
曼青美容美发店,航城吴航路427号阳光花园一区,"119.503588,25.954476",18396123136,福建省,福州市,长乐区,福州市
精致快剪(河阳楼小区店),河下街1297号,"119.517055,25.962293",15659152118,福建省,福州市,长乐区,福州市
风云剪美发沙龙(02分店),南阳大道与双桂路交叉口东南80米,"119.579418,25.820900",18650076202,福建省,福州市,长乐区,福州市
艾尼造型,金峰镇星城区1-51-6号,"119.623600,25.974795",13960876961,福建省,福州市,长乐区,福州市
快剪,航城龙津村前街237号,"119.506007,25.936274",13030801746,福建省,福州市,长乐区,福州市
忠艺造型6S烫染品牌店,西洋北路201号滨江望郡,"119.513518,25.970300",17758917746,福建省,福州市,长乐区,福州市
至尊精致剪烫(郑和花园一期店),吴航街道航华路36号(十洋地铁站B西北口步行450米),"119.511623,25.959631",13950273427,福建省,福州市,长乐区,福州市
卓艺造型(长乐店),福州华纯连锁酒店西门旁,"119.513519,25.954094",13615021582,福建省,福州市,长乐区,福州市
发觉(安平广场店),安平广场,"119.626006,25.920644",17606075887,福建省,福州市,长乐区,福州市
青丝坊美发,古槐镇感恩村工业路17号,"119.543695,25.857334",17605901567,福建省,福州市,长乐区,福州市
千丝造型,榕航路114-1号店,"119.497761,25.960056",15985737885;18859117731,福建省,福州市,长乐区,福州市
星梅理发,西洋南路与江莲路交叉口北260米,"119.511632,25.947166",15960077969,福建省,福州市,长乐区,福州市
(完美造型)专业美发,吴航街道西关街50号,"119.516447,25.965880",13003890530,福建省,福州市,长乐区,福州市
阿宝发吧,漳港镇龙峰村蔡北路47号,"119.629511,25.928315",13763850105,福建省,福州市,长乐区,福州市
艺剪美,振兴路与弘鑫商业街交叉口北300米,"119.630530,25.978692",15960057550,福建省,福州市,长乐区,福州市
鸿辉烫染造型纹绣点痣祛疣,金峰镇塘下村王朱97号,"119.631904,25.985645",15880479164,福建省,福州市,长乐区,福州市
韩风专业形象沙龙(金色海岸店),吴航街道金色海岸21座,"119.511963,25.959835",13459133151,福建省,福州市,长乐区,福州市
摩登美发设计中心,区三峰西路航中楼10号摩登美发店,"119.509519,25.962008",15880120808,福建省,福州市,长乐区,福州市
UU造型,吴航街道三峰路220号,"119.512074,25.962046",13655078543,福建省,福州市,长乐区,福州市
568造型(长乐店),南山御景11栋2号,"119.515400,25.953090",[],福建省,福州市,长乐区,福州市
炫彩美发(漳湖路店),228国道与漳湖路交叉口西220米,"119.656517,25.936336",[],福建省,福州市,长乐区,福州市
林义理发店,营前街道东街路159号,"119.468203,25.964965",[],福建省,福州市,长乐区,福州市
新天姿美发会所(日辉小区店),吴航街道爱心路115号日辉小区5座,"119.512775,25.964775",[],福建省,福州市,长乐区,福州市
漂亮宝贝美发会所,滨东一路15号,"119.580425,25.822875",[],福建省,福州市,长乐区,福州市
首选美容美发(皇庭美域店),航城街道朝阳北路99-5号,"119.509039,25.968485",13788999583,福建省,福州市,长乐区,福州市
A剪吧,郑和东路425号,"119.525884,25.956075",[],福建省,福州市,长乐区,福州市
阿伟美发(福州长乐区),郑和中路与西洋中路交叉口东北100米,"119.514232,25.958628",[],福建省,福州市,长乐区,福州市
JIE造型形象工作室,长乐区街南182-1号,"119.583305,25.815626",15005935607,福建省,福州市,长乐区,福州市
晶晶美发,陈文口腔西侧160米,"119.554397,25.947382",[],福建省,福州市,长乐区,福州市
发拉利美发工作室(鹤梅线店),振兴路与弘鑫商业街交叉口北220米,"119.629268,25.978160",[],福建省,福州市,长乐区,福州市
香港发廊阿水造型,吴航十洋路39-9,"119.521895,25.961874",13950272170,福建省,福州市,长乐区,福州市
艾美造型(三峰路店),三峰路与公馆巷交叉口东南20米,"119.506780,25.961766",[],福建省,福州市,长乐区,福州市
阿彪造型(商行街店),漳港街道商行街29号,"119.629818,25.920531",[],福建省,福州市,长乐区,福州市
阿娥理发店,朱熹街与228国道交叉口西南500米,"119.602583,26.023871",13559953938,福建省,福州市,长乐区,福州市
八月工作室(东台港光明城店),小时光牛排披萨(长乐漳港店)滨星时代广场1号楼对面,"119.626913,25.920279",[],福建省,福州市,长乐区,福州市
卡诗形象设计,商行街83号,"119.629585,25.919615",[],福建省,福州市,长乐区,福州市
大众理发店(永和园店),首石路30号永和园,"119.514647,25.963425",[],福建省,福州市,长乐区,福州市
阿斌造型,海城路与228国道交叉口东360米,"119.599744,25.725435",15005952558,福建省,福州市,长乐区,福州市
奈斯造型,朗山路与数港路交叉路口往东约220,"119.611664,25.892966",15005038689;15555155616,福建省,福州市,长乐区,福州市
华仔美发,谯国路与滨西一路交叉口西北260米,"119.573619,25.830250",[],福建省,福州市,长乐区,福州市
剪艺造型(鹤梅线店),金峰镇振兴路42号,"119.628161,25.972399",[],福建省,福州市,长乐区,福州市
UP.SaLon(永荣广场店),广场南路888号永荣广场F1层,"119.494398,25.943244",[],福建省,福州市,长乐区,福州市
剪艺烫染吧,150乡道与双兴路交叉口东南200米,"119.587318,25.813064",[],福建省,福州市,长乐区,福州市
安之秀造型(福渡线店),金峰镇金峰村董塔路31-8,"119.626261,25.973862",13328661628,福建省,福州市,长乐区,福州市
亮点美发(市场店),鹏兴路1-3号,"119.665520,25.953754",[],福建省,福州市,长乐区,福州市
快简生活(会堂路店),会堂路快简生活296号,"119.504524,25.960470",13685040703,福建省,福州市,长乐区,福州市
时间之间无敏染护小屋(三峰路店),三峰路200号一层,"119.512390,25.961945",[],福建省,福州市,长乐区,福州市
长乐区文岭镇石壁村池长寿理发店,文岭镇石壁村𥐯赶兜,"119.691533,25.969176",15859135536,福建省,福州市,长乐区,福州市
头领造型烫染公社(奎桥路店),南山御景西北门西南50米,"119.515211,25.952886",18050791189,福建省,福州市,长乐区,福州市
FCS台湾快剪(航城永辉店),会堂北路锦江三区永辉超市,"119.504525,25.960425",13859998917,福建省,福州市,长乐区,福州市
时代精剪,融鹤线西侧,"119.600574,25.755912",18649858999,福建省,福州市,长乐区,福州市
加剪乘除形象设计,鹤上北山郑朱里117号,"119.532966,25.937645",13960949696,福建省,福州市,长乐区,福州市
艺文美发,首南路与前街东路交叉口南20米,"119.489337,25.931262",13275012789,福建省,福州市,长乐区,福州市
胜芳发艺,228国道与胪峰大道交叉口西北220米,"119.632010,25.985373",13255041568,福建省,福州市,长乐区,福州市
灰度美发,金峰镇金林村振兴路45号,"119.628648,25.971981",13656952608,福建省,福州市,长乐区,福州市
千艺形象设计,振兴路259号,"119.629250,25.975538",13055291290,福建省,福州市,长乐区,福州市
三木hair salon(凯升花园店),凯昇花园吴航路496号,"119.505513,25.955267",13110537319,福建省,福州市,长乐区,福州市
顶尚造型(吴航路店),十洋新村南1门旁,"119.516332,25.955069",15985738338,福建省,福州市,长乐区,福州市
新发现造型金峰店,金峰镇峰里新村24号,"119.628394,25.976212",[],福建省,福州市,长乐区,福州市
感恩理发店,150乡道与013乡道交叉口东20米,"119.544975,25.857325",[],福建省,福州市,长乐区,福州市
燕子坞美发,湖滨路与鹏程路交叉口西北160米,"119.673025,25.953825",[],福建省,福州市,长乐区,福州市
后街男孩美发形象设计(玉田店),玉田镇玉田村新街319号,"119.458373,25.874254",13805001672,福建省,福州市,长乐区,福州市
快剪不快,郑和东路与资圣路交叉口南20米,"119.522616,25.958056",[],福建省,福州市,长乐区,福州市
美云理发店,漳港街道百户村美云理发店,"119.618007,25.912023",15005955887;15750861287,福建省,福州市,长乐区,福州市
金峰小雷同学理发店,金峰镇三星村后墩282号,"119.619054,25.978203",13615023278,福建省,福州市,长乐区,福州市
英子理发店,富民路与锦绣路交叉口东北140米,"119.635277,25.917982",[],福建省,福州市,长乐区,福州市
艺发彩屋(阳光花园一区店),阳光花园二期16号15号店,"119.504113,25.952669",13706995474;18059322533,福建省,福州市,长乐区,福州市
缔凡造型(国际明珠店),西洋中路110号国际明珠25号店面,"119.513018,25.956441",13809537424,福建省,福州市,长乐区,福州市
理享理发店,漳港永安路8号,"119.628899,25.918773",[],福建省,福州市,长乐区,福州市
流行线美发造型(金峰店),金峰镇六林村大亨305号六林便民市场对面,"119.627672,25.969275",13696819601,福建省,福州市,长乐区,福州市
得艺旺型美发工作室(漳湖路店),漳湖路与乐业路交叉口西南80米,"119.639750,25.927519",15695905576,福建省,福州市,长乐区,福州市
洋光美发工作室,鹤上镇京岭路龙湖天宸星座2号楼108,"119.537569,25.929480",18065138052,福建省,福州市,长乐区,福州市
沐笙时尚造型,前街西路与新明路交叉口西南100米,"119.488066,25.932835",[],福建省,福州市,长乐区,福州市
青丝理发店,星光路与胪峰大道交叉口西北40米,"119.623609,25.975583",[],福建省,福州市,长乐区,福州市
古匠烫染连锁,洋里大楼东侧60米,"119.611569,25.960252",15060116467,福建省,福州市,长乐区,福州市
新概念造型设计(商行街店),商行街124-16,"119.630075,25.918625",15860817933,福建省,福州市,长乐区,福州市
寻觅(利洋新村店),利洋新村西北1门西南90米,"119.515711,25.953584",13609572843,福建省,福州市,长乐区,福州市
名匠造型理发店,牛山环岛综合楼706号,"119.588846,25.948582",15205035594,福建省,福州市,长乐区,福州市
顶尚名流专业美发设计,鹤上镇新世纪超市对面,"119.552512,25.947041",13685039200,福建省,福州市,长乐区,福州市
阳光不锈美发设计(鹤梅线店),文岭镇东吴村程朱137号,"119.645472,25.986708",15750862085,福建省,福州市,长乐区,福州市
佳丽盘头,西环路纺织城4栋16号,"119.604099,25.961958",13665013603;15067964418,福建省,福州市,长乐区,福州市
尊尼发型,壶井中心小学南侧70米,"119.586240,25.902270",13110510540,福建省,福州市,长乐区,福州市
艺廊salon,松下镇首址村军民路82-1,"119.600823,25.757222",18623993075,福建省,福州市,长乐区,福州市
美丽约会专业烫染(长乐花园店),吴航镇祥乐花园A1幢11号店,"119.510936,25.954674",15859115110,福建省,福州市,长乐区,福州市
梦缘造型(永荣广场),广场南路888号永荣广场,"119.493675,25.942586",15280176298,福建省,福州市,长乐区,福州市
新潮美发沙龙(胪峰大道店),金峰镇新六林新村,"119.621687,25.971883",13400510815,福建省,福州市,长乐区,福州市
ONE壹造型(裕达小区店),爱心路231号裕达小区,"119.507948,25.964945",[],福建省,福州市,长乐区,福州市
创新经典造型,董朱新村12座胪东一路18-4,"119.625233,25.975380",13489900721,福建省,福州市,长乐区,福州市
MJ hair salom(福盛花园店),金峰镇福盛花园旁(董塔路31-17),"119.623267,25.973673",18750706303,福建省,福州市,长乐区,福州市
美丝莱美发,乐业路3-22号,"119.642864,25.927188",13365021660,福建省,福州市,长乐区,福州市
金典发艺(筹岐明珠店),筹岐明珠西南门西北80米,"119.494169,25.937488",[],福建省,福州市,长乐区,福州市
好莱坞美发(漳港店),漳港永安路东台港花园45号,"119.628278,25.918884",13067423598,福建省,福州市,长乐区,福州市
喜理·造型,吴航路城市之春800-41号,"119.497983,25.953744",13609506768,福建省,福州市,长乐区,福州市
钦德瑞造型(锦绣家园店),锦绣家园北门旁,"119.617049,25.978928",15880082263,福建省,福州市,长乐区,福州市
爱尚造型,玉田镇玉田村新街157号,"119.458289,25.874196",17689980914,福建省,福州市,长乐区,福州市
艺术人生(鹤梅线店),金峰镇振兴路97号艺术人生,"119.628198,25.972778",17396515022,福建省,福州市,长乐区,福州市
蓝调形象设计工作室,G228永丰染整,"119.603141,25.784385",[],福建省,福州市,长乐区,福州市
青丝形象造型,金峰镇宏达商场环岛,"119.629497,25.918928",[],福建省,福州市,长乐区,福州市
亿禾造型,仙岐村二区207,"119.645674,25.915113",[],福建省,福州市,长乐区,福州市
新丝路烫染吧(福州长乐区),董朱新村2号楼,"119.626025,25.976025",13609544791,福建省,福州市,长乐区,福州市
超凡造型,下朱村治安岗西北侧160米,"119.498975,25.970925",[],福建省,福州市,长乐区,福州市
A新美发店,双魁路与228国道交叉口西北420米,"119.603924,25.906995",[],福建省,福州市,长乐区,福州市
康乃馨美发形象设计,鹤梅线与039乡道交叉口东180米,"119.554553,25.947572",13850170968,福建省,福州市,长乐区,福州市
爱尚造型(东街路店),东街路138号,"119.467055,25.964633",[],福建省,福州市,长乐区,福州市
飘逸形象沙龙,中共福州市长乐区松下镇首祉村委员会西南侧200米,"119.601311,25.758723",13290801747,福建省,福州市,长乐区,福州市
思容美发,漳港街道凤岐东路与祈福路交叉路口西侧,"119.647313,25.914270",[],福建省,福州市,长乐区,福州市
仟丝美发,鹏陈卫生所东侧,"119.658238,25.938497",[],福建省,福州市,长乐区,福州市
首艺人,新明路与广场路交叉口东80米,"119.489166,25.933692",[],福建省,福州市,长乐区,福州市
红剪刀美发,鹤梅线西南40米,"119.615809,25.962464",[],福建省,福州市,长乐区,福州市
观点造型,金峰镇振兴路211号,"119.628708,25.974686",13960911069,福建省,福州市,长乐区,福州市
剪约造型,星光路与振兴路交叉口西北60米,"119.627285,25.973709",[],福建省,福州市,长乐区,福州市
艺名造型(乐升花园店),乐升花园西洋北路20号,"119.512992,25.965544",[],福建省,福州市,长乐区,福州市
尚剪造型(鹤梅线店),金峰镇鹤梅线华阳德响五金配件对面,"119.608580,25.958071",15959039084,福建省,福州市,长乐区,福州市
隆丰发廊,三峰街66号(十洋地铁站A东北口步行480米),"119.515773,25.961978",13960872279,福建省,福州市,长乐区,福州市
名发堂,G3京台高速入口与228国道交叉口东100米,"119.597815,25.729052",[],福建省,福州市,长乐区,福州市
审艺造型,西关街46号,"119.516405,25.965730",[],福建省,福州市,长乐区,福州市
V·v造型(南华花园店),金峰镇三星村胪西二路3-12号,"119.625325,25.976836",[],福建省,福州市,长乐区,福州市
兴达烫染,东鳌花园西南门北60米,"119.523992,25.955782",[],福建省,福州市,长乐区,福州市
艺都烫染中心(长乐店),航华路47号(十洋地铁站B西北口步行490米),"119.511197,25.959772",[],福建省,福州市,长乐区,福州市
美遇工作室(美甲美睫纹绣),万业锦江13座3梯505,"119.506158,25.970580",17366880521,福建省,福州市,长乐区,福州市
姜姐安利工作室,集仙大桥(源顺花园西侧约150米),"119.626152,25.980915",13514089108,福建省,福州市,长乐区,福州市
佳佳美容美体工作室(西滨花园店),吴航街道西洋南路65号西滨花园14座502室,"119.513911,25.968186",13774611619,福建省,福州市,长乐区,福州市
愈见st•美甲工作室,吴航朝阳南路25号景美小区5座Z23,"119.509165,25.952891",18307046594,福建省,福州市,长乐区,福州市
天艺工作室,江田镇长林新村,"119.601686,25.791015",13400577566,福建省,福州市,长乐区,福州市
永琪美容美发(吴航店),郑和西路288号长山碧水,"119.498833,25.958519",[],福建省,福州市,长乐区,福州市
BOW TIE男士理發館(新宁路店),古槐镇新宁路24号9号03店面,"119.549173,25.875904",[],福建省,福州市,长乐区,福州市
本末Hair Salon(东湖山庄店),潭城镇东湖山庄136号小区2号楼1-2间店面,"119.788627,25.491268",18659130188,福建省,福州市,平潭县,福州市
瑞吉斯-剪发城(西航店),西航路西桂园7号楼,"119.794232,25.494482",0591-38311188;0591-38312777,福建省,福州市,平潭县,福州市
超会染·只做染发(康德世家二期店),康平路20号康德世家二期,"119.795404,25.485763",13860616068,福建省,福州市,平潭县,福州市
8HAIR平潭店,潭城镇龙景路海锦嘉园07号,"119.801438,25.498414",15606023261,福建省,福州市,平潭县,福州市
平潭回头率烫染(小湖庄店),潭城镇小湖庄15号,"119.793875,25.498751",17659055713,福建省,福州市,平潭县,福州市
理享发型设计(康德店),海坛街道中湖村岚湖庄59号101室,"119.780532,25.494769",15359015907;15980718623,福建省,福州市,平潭县,福州市
星宿工作室,平潭综合实验区岚城片区竹屿湖中路8号正荣·御湖湾5-101,"119.767208,25.505955",17759080091;18506022292,福建省,福州市,平潭县,福州市
剪发城(中亿尚品店),中亿尚品,"119.790250,25.490706",0591-23177188,福建省,福州市,平潭县,福州市
慕色美发,平潭综合实验区潭城镇康德别墅B区12排F3座房屋2层,"119.793552,25.487069",13559175942;15259173332,福建省,福州市,平潭县,福州市
剪艺造型,金地天逸岚道汽车租赁隔壁剪艺造型,"119.767257,25.506892",18359799802,福建省,福州市,平潭县,福州市
私人订制烫染会所(翠园中路店),翠园中路(逸轩酒店隔壁),"119.797275,25.513475",13850120363,福建省,福州市,平潭县,福州市
明天见,龙山路豪香御景花园,"119.803504,25.494460",17068169999,福建省,福州市,平潭县,福州市
聪明不绝顶,岚城乡中湖村岚湖庄(地号T67-37),"119.781069,25.495474",13015727888,福建省,福州市,平潭县,福州市
剪发城美容美发会所(金象店),海坛街道龙里路金象名城东门庄50号A56,"119.798508,25.501104",0591-23177177,福建省,福州市,平潭县,福州市
星际造型工作室,盛林庄52号101,"119.796491,25.504247",18476861115,福建省,福州市,平潭县,福州市
研艺造型·烫染·漂发接发(平潭店),翠园中路165号3楼(肯德基斜对面海澜之家这栋楼),"119.793721,25.505394",15859005868,福建省,福州市,平潭县,福州市
派斯造型(平潭总店),东方百合酒店对面二楼派斯造型,"119.785923,25.494021",15960133312,福建省,福州市,平潭县,福州市
千丝缘造型店(康泰路店),康泰路18号康德世家一期5号楼,"119.794217,25.487282",13774579957,福建省,福州市,平潭县,福州市
剪约(红山中路店),潭城镇新垄庄164号,"119.788798,25.509709",13599955420,福建省,福州市,平潭县,福州市
青木造型工作室(城南新庄店),城南新庄261号,"119.780009,25.497730",15555226567,福建省,福州市,平潭县,福州市
悦沐salon,南林庄76,"119.786049,25.495161",17268693886,福建省,福州市,平潭县,福州市
品尚造型(翠园中路店),海坛街道桂山庄八弄60号,"119.795963,25.509417",13635222125,福建省,福州市,平潭县,福州市
丽吉黑(平潭店),综合实验区潭城镇盛林庄1号华厦小区A2栋01,"119.793604,25.503330",13859078019,福建省,福州市,平潭县,福州市
阿正美发(中亿尚品店),潭城镇小湖新庄216号,"119.790284,25.490709",0591-23175572;13799961088,福建省,福州市,平潭县,福州市
聚星发艺,龙山路58号,"119.798145,25.494376",18750770309,福建省,福州市,平潭县,福州市
摩登美容美发护理中心,潭城镇龙景路100-20号,"119.799014,25.499468",[],福建省,福州市,平潭县,福州市
转变造型(东升花园店),潭城镇东门庄111号东昇花园门口,"119.802980,25.499922",15626665666,福建省,福州市,平潭县,福州市
八百磅发艺沙龙,潭城镇九一六万德福花园18号101室,"119.793156,25.503724",13600831821;15985779595,福建省,福州市,平潭县,福州市
西里造型,109-5,"119.795674,25.499028",[],福建省,福州市,平潭县,福州市
护发使者,潭城镇上埔133号,"119.792220,25.507963",15005959563,福建省,福州市,平潭县,福州市
知我美发工作室(金地天逸店),岚城8路,"119.767458,25.506775",13774556733,福建省,福州市,平潭县,福州市
林钦美容美发,潭城镇中埔街152号,"119.790310,25.504730",15005067688,福建省,福州市,平潭县,福州市
时尚名剪(东方大名城店),东方大名城西南门旁,"119.800261,25.496814",[],福建省,福州市,平潭县,福州市
动感美发(平潭中埔路店),潭城镇东大街中埔75号,"119.789755,25.504426",13489054850,福建省,福州市,平潭县,福州市
烦恼师造型设计(福顺公寓店),平潭实验幼儿园东南门旁,"119.793025,25.502210",13959135084,福建省,福州市,平潭县,福州市
阿强美发(盛林路店),潭城镇盛林庄52号,"119.796902,25.504024",13705920631,福建省,福州市,平潭县,福州市
阿Q美发(圣景兴业嘉园店),潭城镇东大街小湖路口,"119.794214,25.499497",15080055626,福建省,福州市,平潭县,福州市
艺术人生(康德世家三期店),康宁路57号康德二期02店面,"119.795778,25.486189",15280065333,福建省,福州市,平潭县,福州市
剪发城养生会所(海滨店),潭城镇盛林路160-4号,"119.795429,25.505249",[],福建省,福州市,平潭县,福州市
柯先生,竹屿湖东路301号岚湾正荣府1幢101室,"119.775344,25.501060",13067220007,福建省,福州市,平潭县,福州市
尚艺潮牌美发店,潭城镇翠园中路苗圃七彩城儿童生活馆旁,"119.792897,25.502936",13600830758,福建省,福州市,平潭县,福州市
零度造型(X162店),平原镇中心卫生院西南侧70米,"119.736554,25.603456",13559100945;13559150945,福建省,福州市,平潭县,福州市
雅仕美业,潭城镇西宝庄10号102,"119.786733,25.500779",18960982296,福建省,福州市,平潭县,福州市
英子美发造型(欧洲风华店),欧洲风华北1门西70米,"119.786392,25.483847",[],福建省,福州市,平潭县,福州市
尚秀·阿进发型工作室,翠园中路222号,"119.796216,25.510031",[],福建省,福州市,平潭县,福州市
精剪造型,红山西路与盛北巷交叉口东南160米,"119.788587,25.510076",[],福建省,福州市,平潭县,福州市
非凡美业(翠园中路店),中国电信股份有限公司平潭综合实验区分公司西南门西北420米,"119.793621,25.506440",[],福建省,福州市,平潭县,福州市
靓典专业烫染吧(潭城北路店),莲花门57号,"119.792632,25.510717",[],福建省,福州市,平潭县,福州市
发艺轩造型(小湖店),潭城镇新庄106号,"119.791752,25.493412",15396065262,福建省,福州市,平潭县,福州市
星悦美发(中海华侨城店),中海华侨城1期东南2门旁,"119.802467,25.493573",[],福建省,福州市,平潭县,福州市
TIMI造型(欧洲风华店),潭城镇世界城五期1号楼,"119.787538,25.483895",15860299251;15868299251,福建省,福州市,平潭县,福州市
主流造型(海锦嘉园店),潭城镇龙景路海锦嘉园1号楼14号店,"119.801218,25.498458",15606998979,福建省,福州市,平潭县,福州市
kv精品造型,盛林路173号101,"119.795143,25.505028",13979777775;18816460488,福建省,福州市,平潭县,福州市
阿锋非凡美发沙龙(平潭龙居世界城店),世界城三、四期南门东90米,"119.786863,25.484130",18659167966,福建省,福州市,平潭县,福州市
品潮造型,916盛林路34号店面,"119.795250,25.504734",15960180668,福建省,福州市,平潭县,福州市
手心缘美发,正荣润海路面116店面手心缘美发,"119.711925,25.478675",13788892102,福建省,福州市,平潭县,福州市
吾悦美容美发,融信外滩8号楼S111号,"119.764504,25.507697",13509319558,福建省,福州市,平潭县,福州市
超凡个性发型,翠园中路12-10,"119.784105,25.492240",18705905550,福建省,福州市,平潭县,福州市
森谷造型,潭城镇竹屿湖东路城南新庄506号,"119.780643,25.499215",15860825446,福建省,福州市,平潭县,福州市
千辫万发(福州平潭县),潭城北路与红山西路交叉口北140米,"119.791804,25.509662",13055532320;13599076047,福建省,福州市,平潭县,福州市
新感觉发型机构,中湖路与翠园中路交叉口西北80米,"119.783536,25.493199",13788884998,福建省,福州市,平潭县,福州市
爱·时尚(金地天逸店),金地·天逸南门旁,"119.766793,25.507078",13960890546,福建省,福州市,平潭县,福州市
卡斯Salon,万象公寓A座109店面,"119.798570,25.500958",18558887975,福建省,福州市,平潭县,福州市
V时尚美发沙龙(海峡如意城店),海峡如意城商务街B032-1,"119.709265,25.478661",15259175879,福建省,福州市,平潭县,福州市
炫靓美业(东方明珠花园店),中村东门庄金象名城b区8号1楼,"119.801038,25.500120",13799943181,福建省,福州市,平潭县,福州市
魅惑时尚理发店,中湖村岚湖庄47号102,"119.779975,25.494175",13774559420;15880451752,福建省,福州市,平潭县,福州市
阿辉造型(龙凤中路店),龙凤中路岚城安置小区,"119.756803,25.525952",13774558911,福建省,福州市,平潭县,福州市
神剪美容美发,翠园中路附近,"119.797728,25.513220",15980197187,福建省,福州市,平潭县,福州市
小雨美容美发,中七路湧鑫城,"119.797210,25.502582",13107683358;18106023502,福建省,福州市,平潭县,福州市
三千丝美发屋,红山中路新庄7号,"119.787412,25.510803",15059106550,福建省,福州市,平潭县,福州市
兄弟造型(海峡如意城店),海峡如意城商业D区A048号,"119.709827,25.479220",15980195959,福建省,福州市,平潭县,福州市
岚岛造型,富春城1期3幢02号店,"119.779778,25.499976",15080089292,福建省,福州市,平潭县,福州市
奈斯Hair Salon(万佳花园店),福胜西路盛南庄7号,"119.783563,25.502551",13285005288;18359913093,福建省,福州市,平潭县,福州市
名剪艺人(福州平潭县),潭城镇万宝庄108号,"119.795714,25.508822",13685045150,福建省,福州市,平潭县,福州市
艺铭造型社(平潭龙居世界城店),世界城一期西南门北60米,"119.783890,25.488570",15750821713,福建省,福州市,平潭县,福州市
丝情发艺(海锦嘉园店),潭城镇海锦嘉园2号楼东起,"119.802371,25.497900",13489002769,福建省,福州市,平潭县,福州市
遇尚造型,中湖村万宝路中段北侧5栋6号店,"119.788458,25.491112",15960134018,福建省,福州市,平潭县,福州市
梦森时尚造型(宝城花园店),汉阳路宝城花园,"119.792310,25.484588",15980585739;18759107663,福建省,福州市,平潭县,福州市
你型我秀烫染吧(红湖西路店),红湖西路与敬业巷交叉口西北40米,"119.781554,25.494135",13685045325;13685405325,福建省,福州市,平潭县,福州市
JC美发造型中心(明珠路店),潭城镇明珠路东门庄外贸城对面,"119.799445,25.500502",18650391305,福建省,福州市,平潭县,福州市
创艺空间发艺秀,潭城北路与红山西路交叉口东北160米,"119.792122,25.509640",13600842342,福建省,福州市,平潭县,福州市
托尼造型(正荣·润海店),北厝镇天山北路九号正荣润海1期七号楼125商业,"119.711645,25.478020",15806098676,福建省,福州市,平潭县,福州市
紫魅美容美发,岚城小区北区紫魅美容美发,"119.757604,25.528127",[],福建省,福州市,平潭县,福州市
CamelliaBarbershop(山茶男士理容馆),融信·外滩8栋,"119.764278,25.507874",[],福建省,福州市,平潭县,福州市
顶尊造型,竹屿湖中路正荣御湖湾凯特琳洗衣店隔壁,"119.766475,25.506675",15280136300,福建省,福州市,平潭县,福州市
唯美造型(翠园中路店),翠园中路183-8,"119.794907,25.507807",[],福建省,福州市,平潭县,福州市
云剪美发店,万顺路与合掌街交叉口东南20米,"119.782869,25.503795",13107628333,福建省,福州市,平潭县,福州市
艺品秀,西航路潭人街北门1198号,"119.795390,25.492455",13489046669,福建省,福州市,平潭县,福州市
阿建美发店,潭城镇福胜路燕山庄38号,"119.785218,25.501921",13850182820,福建省,福州市,平潭县,福州市
星艺造型,城南新村457号,"119.781551,25.500355",13489952593,福建省,福州市,平潭县,福州市
爱生美发室,161县道与沃前路交叉口东南280米,"119.805992,25.473376",[],福建省,福州市,平潭县,福州市
丝尚剪·烫·染(平潭店),夏升庄12号,"119.790471,25.509148",13055721098,福建省,福州市,平潭县,福州市
流剪派时尚造型(城南新庄店),城南新庄5号,"119.782321,25.499913",13405946777,福建省,福州市,平潭县,福州市
有间Salon,桂山十弄24号101,"119.799494,25.507235",[],福建省,福州市,平潭县,福州市
墨刻·男士国潮理发·修眉·烫染,康湖路1号东湖山庄,"119.788475,25.491325",[],福建省,福州市,平潭县,福州市
唯一接发工厂店理发店,潭城镇城东小学对面公交站二楼唯一接发工厂店,"119.795149,25.505495",[],福建省,福州市,平潭县,福州市
头等舱美发店(海坛东路店),海坛东路158-13,"119.792571,25.501159",[],福建省,福州市,平潭县,福州市
尚艺形象设计,"图东湖装103东湖庄,103号","119.792872,25.495667",[],福建省,福州市,平潭县,福州市
清禾美发沙龙,盛林路与翠园中路交叉口东180米,"119.795754,25.505088",[],福建省,福州市,平潭县,福州市
灵感美发美容(桂山路店),桂山6弄6号,"119.797162,25.506651",[],福建省,福州市,平潭县,福州市
千悦美容美发(正荣·润海店),正荣·润海,"119.711075,25.479125",[],福建省,福州市,平潭县,福州市
ZL理发馆(平潭龙居世界城一期店),世界城一期西5门北80米,"119.783770,25.489808",[],福建省,福州市,平潭县,福州市
发艺工作室盛南庄(万佳花园店),溪南庄3号万佳花园,"119.781675,25.500475",[],福建省,福州市,平潭县,福州市
帝凡尼造型(平潭龙居世界城店),世界城澳洲阳光13栋,"119.783750,25.489520",13055251711,福建省,福州市,平潭县,福州市
名点造型,岚城乡融信大卫城A11一108,"119.797654,25.525333",[],福建省,福州市,平潭县,福州市
型匠造型(正荣润海店),正荣·润海,"119.708810,25.478565",18705908187,福建省,福州市,平潭县,福州市
理想造型(正荣·御湖湾店),御湖湾,"119.767009,25.506491",18250183301,福建省,福州市,平潭县,福州市
理享美容美发,海坛街道红湖东路77-5号,"119.792463,25.489189",[],福建省,福州市,平潭县,福州市
彡禾(城南新庄店),潭城南路城南新庄,"119.782470,25.498405",[],福建省,福州市,平潭县,福州市
聚星烫染中心,中银路与桂三路交叉口东南20米,"119.800230,25.510487",[],福建省,福州市,平潭县,福州市
秋沺工作室,中山大道君山镇大中村大中1号潭中佳苑2号楼商业101室,"119.757642,25.554403",[],福建省,福州市,平潭县,福州市
MVP潮牌造型,步行街A区2楼08-09号,"119.790527,25.502971",15659773789,福建省,福州市,平潭县,福州市
搞頭美发工作室,瑶竹南路平潭公馆对面搞头美发工作室,"119.762336,25.510197",13023880058,福建省,福州市,平潭县,福州市
岚色发艺(华厦阳光城C区店),翠园中路,"119.803140,25.523674",15655871586,福建省,福州市,平潭县,福州市
668造型(东方明珠花园店),东方明珠花园南门旁,"119.801425,25.499782",13950346572,福建省,福州市,平潭县,福州市
好势造型,东大街东大商场西后4号,"119.786183,25.505263",13599969957,福建省,福州市,平潭县,福州市
焕型私人形象设计,长福麒麟湾19号楼S52商铺,"119.768454,25.509250",18506090990,福建省,福州市,平潭县,福州市
壹家造型,海坛东路与龙山路交叉口南240米,"119.798357,25.495670",[],福建省,福州市,平潭县,福州市
無所.美发沙龙,翠园南路103号,"119.786008,25.495041",[],福建省,福州市,平潭县,福州市
沐尚造型,康宁路121号,"119.791477,25.488652",13600817128,福建省,福州市,平潭县,福州市
伊然美造型(万豪大景城店),万豪大景城北1门旁,"119.789829,25.483997",18705068667,福建省,福州市,平潭县,福州市
唯爱造型(万豪大景城店),前湖路95号,"119.789552,25.484008",[],福建省,福州市,平潭县,福州市
艺廊造型工作室(长福·麒麟湾一期店),竹屿湖中路18号长福麒麟湾一期9栋S13商铺,"119.769380,25.509971",18750796101,福建省,福州市,平潭县,福州市
发线造型(X162店),162县道西50米,"119.776418,25.561330",13799978543,福建省,福州市,平潭县,福州市
缘凤造型(正荣·润海店),正荣·润海,"119.711871,25.477714",18859253638,福建省,福州市,平潭县,福州市
启点造型,长福·麒麟湾一期东1门旁,"119.769398,25.510010",[],福建省,福州市,平潭县,福州市
国立发廊,162县道南50米,"119.736800,25.603559",13313768049;13706971767;13799316389,福建省,福州市,平潭县,福州市
角色造型,翠园中路与丽源路交叉口北60米,"119.796081,25.510832",15280083444,福建省,福州市,平潭县,福州市
80简约造型,潭城镇桂山9弄20号一楼,"119.796675,25.508408",13799421000,福建省,福州市,平潭县,福州市
新发现形象会所,平潭第三中学东南门东北90米,"119.733223,25.447821",13489032581,福建省,福州市,平潭县,福州市
简舒理发店,正荣润海s3号楼112,"119.711187,25.479589",18759109926,福建省,福州市,平潭县,福州市
东星美发,顺意路与政区三路交叉口东60米,"119.709096,25.478600",[],福建省,福州市,平潭县,福州市
首秀造型(福胜店),潭城镇燕山庄139号,"119.785664,25.501485",13110888308;18960903216,福建省,福州市,平潭县,福州市
时尚造型坊,上楼路与大卫城二路交叉口西240米,"119.798020,25.525294",[],福建省,福州市,平潭县,福州市
7天造型,潭城镇南门庄177号2座101室,"119.782568,25.493961",[],福建省,福州市,平潭县,福州市
尤剪造型,潭城镇中海华侨城中海华侨城2栋1单元62号,"119.802725,25.494475",13148709967,福建省,福州市,平潭县,福州市
简短造型,164县道西侧,"119.733136,25.448435",18659155923,福建省,福州市,平潭县,福州市
阿杰造型(康德世家一期店),康泰路18号康德世家一期,"119.794330,25.486866",13107699768,福建省,福州市,平潭县,福州市
E剪(流水小城镇安置房1期C区店),流水镇流水安置房c区18号店铺,"119.831055,25.561183",15695901179,福建省,福州市,平潭县,福州市
大忙人美发会所,东大街海坛步行街西巷,"119.790443,25.503332",15959058970,福建省,福州市,平潭县,福州市
艾丽斯形象造型吧,龙山路与竹屿湖东路交叉口北280米,"119.797954,25.494468",[],福建省,福州市,平潭县,福州市
名匠沙龙(福顺公寓店),福满堂养老院西南门旁,"119.792729,25.501717",18350188383,福建省,福州市,平潭县,福州市
久恩理发(明珠花园店),明珠花园一号楼三单元一层(东南第一间)底层,"119.802515,25.500213",13055787906,福建省,福州市,平潭县,福州市
鑫颜美发,中湖路与翠园中路交叉口西北120米,"119.783124,25.493365",18705028596,福建省,福州市,平潭县,福州市
便民理发店,君山镇大中村1号潭中佳苑10号楼商业110号,"119.760321,25.553822",[],福建省,福州市,平潭县,福州市
时代造型(流水小城镇安置房1期C区店),流水小城镇安置房一期C区,"119.829984,25.559734",[],福建省,福州市,平潭县,福州市
千艺发屋(明珠路店),明珠路东方明珠1期6号楼底商,"119.801460,25.499763",15985775483,福建省,福州市,平潭县,福州市
丽华新美业,湖新路与小湖巷交叉口南80米,"119.791575,25.492775",13107629227,福建省,福州市,平潭县,福州市
潮流密码,潭城镇东大街涌鑫公寓店9号,"119.793427,25.500696",[],福建省,福州市,平潭县,福州市
39度半丽人美业,融信·大卫城39度半B区一层12-131,"119.797687,25.524637",[],福建省,福州市,平潭县,福州市
泊斯整体形象设计(平潭店),东林巷与竹屿湖东路交叉口北20米,"119.787875,25.495437",[],福建省,福州市,平潭县,福州市
领域美发沙龙,海坛名街中段(吃购驿站隔壁)101-29,"119.795527,25.490846",18506092505,福建省,福州市,平潭县,福州市
剪术造型,翠园中路与桂一路交叉口东北40米,"119.796577,25.511015",[],福建省,福州市,平潭县,福州市
欧阳造型(圣景兴业嘉园店),海坛东路119-3,"119.793569,25.500199",[],福建省,福州市,平潭县,福州市
JH理发美发(流水小城镇安置房一期C区店),流水小城镇安置房一期C区,"119.831369,25.561059",[],福建省,福州市,平潭县,福州市
MmaiNail美甲美学馆,福胜路与龙磹路交叉口东60米,"119.780075,25.503375",[],福建省,福州市,平潭县,福州市
梦兰美容美发,潭城中路与潭城北路交叉口西北150米,"119.791082,25.506024",[],福建省,福州市,平潭县,福州市
永顺美容美发(美发用品+护肤品),盛林路平安巷198号A3店面,"119.793005,25.502156",[],福建省,福州市,平潭县,福州市
艺匠世家时尚造型(财润山海观店),财润山海观1号楼12号店铺,"119.799339,25.490303",[],福建省,福州市,平潭县,福州市
富贵理发馆,海坛街道瑶竹南路11号平潭吾悦广场S7号楼227商铺,"119.763101,25.509574",13599914845,福建省,福州市,平潭县,福州市
伊美美业(海坛商业城店),海坛商业城一层43号,"119.783493,25.504557",18060563637,福建省,福州市,平潭县,福州市
水金发廊,潭城镇桂山庄6弄6号,"119.796779,25.506895",13705988090,福建省,福州市,平潭县,福州市
阿明理发店,039乡道与038乡道交叉口东北240米,"119.833758,25.568737",[],福建省,福州市,平潭县,福州市
快乐造型(雍景苑商业街),顺意路世茂海峡城,"119.708076,25.478212",18359799168,福建省,福州市,平潭县,福州市
杰森私人订制,翠园北路318号鼎新悦海湾一号楼S110,"119.801168,25.524361",17085922223,福建省,福州市,平潭县,福州市
尊尚造型(翠园中路店),翠园中路与丽源路交叉口西南140米,"119.795349,25.509241",13599380052,福建省,福州市,平潭县,福州市
立美美学形象设计,潭城镇西航路二建,"119.796392,25.498355",18850479393,福建省,福州市,平潭县,福州市
格调造型(海坛东路店),潭城镇东大街66号圣景兴业嘉园,"119.793345,25.500319",15059490853,福建省,福州市,平潭县,福州市
爱格(万宝中路店),万宝中路壹号公馆,"119.786700,25.490310",[],福建省,福州市,平潭县,福州市
艺剪造型(潭城北路店),潭城镇北大街99号,"119.791931,25.509450",13950379800,福建省,福州市,平潭县,福州市
未来造型,平原镇委东北侧90米,"119.735417,25.602853",[],福建省,福州市,平潭县,福州市
名师名店理发店,融信·外滩东北门旁,"119.765576,25.508650",18250185560,福建省,福州市,平潭县,福州市
新感觉造型,岚城小区南18号楼1110室,"119.757296,25.527192",13276996818;18759109650,福建省,福州市,平潭县,福州市
微造型(正荣·润海店),正荣润海商业街S8-117,"119.713249,25.476750",15980718586,福建省,福州市,平潭县,福州市
阿杰美发,台亚岚小区108号,"119.788365,25.490939",13489000760,福建省,福州市,平潭县,福州市
优艺造型,白鹭街2号,"119.795425,25.492825",18860109000,福建省,福州市,平潭县,福州市
小康造型,潭城镇城关水果批发市场斜对面小康造型,"119.799133,25.510964",18587379201,福建省,福州市,平潭县,福州市
尚美造型(岚湾·正荣府店),岚湾·正荣府北门旁,"119.774690,25.501349",[],福建省,福州市,平潭县,福州市
起点造型(城南新庄店),潭城南路与竹屿湖东路交叉口东北100米,"119.782851,25.498793",15980211222,福建省,福州市,平潭县,福州市
红太阳美容美发,敖东镇委西北侧,"119.732372,25.450032",13675096859,福建省,福州市,平潭县,福州市
理享先生美发室,潭城镇盛东庄134号,"119.788330,25.510222",18759292955,福建省,福州市,平潭县,福州市
阿杰造型,滨海新苑E橦109店,"119.801845,25.498375",13107699768,福建省,福州市,平潭县,福州市
水调歌头造型(平潭店),竹屿湖东路东星庄67-3号101号店,"119.790645,25.495015",13616166855,福建省,福州市,平潭县,福州市
名尚造型专业染烫,澳前镇宝城花园175号红冠超市旁,"119.792331,25.485635",13685045145,福建省,福州市,平潭县,福州市
海山美容美发(平潭店),海坛东路与西航路交叉口西40米,"119.796360,25.498626",[],福建省,福州市,平潭县,福州市
理好美发店,海坛街道上铺庄3号101店面,"119.792094,25.506281",15705966772,福建省,福州市,平潭县,福州市
发歌发型设计工作室(万豪大景城店),万豪大景城北1门东70米,"119.790364,25.483989",13950249209;13950429209,福建省,福州市,平潭县,福州市
晓晓发屋,润和购物中心后门9栋402,"119.796817,25.500082",13015769915,福建省,福州市,平潭县,福州市
女王国际美业,潭城镇海坛名街亲爱的郭对面本末四楼,"119.792595,25.489186",13799961266,福建省,福州市,平潭县,福州市
美高造型(平潭龙居世界城店),世界城三、四期南门东80米,"119.786856,25.484187",[],福建省,福州市,平潭县,福州市
第六感发型设计(宝城花园店),汉洋路宝城花园41号,"119.792310,25.484731",15960139989,福建省,福州市,平潭县,福州市
零度造型(红湖中路店),潭城镇宝湖居委会南门庄158号,"119.780997,25.494816",15985777570,福建省,福州市,平潭县,福州市
艾森造型(城南新庄店),综合实验区潭城镇南新庄319号,"119.779774,25.497206",13225919995;15225909995,福建省,福州市,平潭县,福州市
舒欣园创意美发,圣景兴业嘉园西北门北100米,"119.792086,25.501454",13559150020,福建省,福州市,平潭县,福州市
造星坊烫染专业店,华夏小区101店铺,"119.794686,25.503503",13075806856;15005979393,福建省,福州市,平潭县,福州市
书文美发会所(东湖山庄店),潭城镇红湖东路198号,"119.788940,25.491142",13067330333,福建省,福州市,平潭县,福州市
乐岛·美发·美甲·美睫工作室,融信大卫城商业街B区b13-138号,"119.797418,25.523674",17759081995,福建省,福州市,平潭县,福州市
杰越造型(央城家苑店),央城家苑南门东南70米,"119.775443,25.501741",13960892317,福建省,福州市,平潭县,福州市
缔造时尚造型,龙山新村86号,"119.799217,25.496485",18060543999,福建省,福州市,平潭县,福州市
米蘭style品质沙龙,翠园中路龙翔大地冠超市斜对面中国银行旁边,"119.796303,25.511473",13338258288,福建省,福州市,平潭县,福州市
剪爱造型(丽源路店),桂山庄8弄36店面,"119.796914,25.509218",13055533326;13375007707,福建省,福州市,平潭县,福州市
永发美容美发(福顺公寓店),平潭翠园青少年活动中心北门西北80米,"119.793054,25.502223",0591-24399851,福建省,福州市,平潭县,福州市
子梁发艺,康泰路18号康德世家一期,"119.794425,25.486675",[],福建省,福州市,平潭县,福州市
1025造型(万豪大景城店),澳前镇深溪底万豪名城第八栋一层20号房,"119.789914,25.483999",13959122785,福建省,福州市,平潭县,福州市
聚星美容美发精剪烫染,中埔街与海坛东路交叉口东北180米,"119.789878,25.504609",13003819099,福建省,福州市,平潭县,福州市
TIMI造型(红湖西路店),红湖西路与敬业巷交叉口东40米,"119.782115,25.493916",[],福建省,福州市,平潭县,福州市
潮发养吧,平潭如意城店,"119.708378,25.478357",[],福建省,福州市,平潭县,福州市
波浪湾造型(海坛东路店),海坛东路与龙山路交叉口东南160米,"119.799625,25.496875",13107949555,福建省,福州市,平潭县,福州市
名都美业,荷花庄176号,"119.796015,25.510660",[],福建省,福州市,平潭县,福州市
头等职业(正荣·润海店),正荣润海东北门西70米,"119.712333,25.479854",[],福建省,福州市,平潭县,福州市
AS艾尚造型(中银路店),桂四路与中银路交叉口西20米,"119.799816,25.507933",[],福建省,福州市,平潭县,福州市
一诺HAIRSOLON(翠园中路店),翠园中路183号,"119.794894,25.507903",[],福建省,福州市,平潭县,福州市
派森造型社(平潭龙居世界城店),世界城三、四期南门旁,"119.786278,25.484138",[],福建省,福州市,平潭县,福州市
艺术人生美发沙龙,澳前镇卫生院北侧90米,"119.851259,25.465066",[],福建省,福州市,平潭县,福州市
泊斯造型美发店,潭城镇翠园中路万宝山创业楼二楼,"119.787830,25.495453",13859056501,福建省,福州市,平潭县,福州市
精艺时尚造型(福州平潭县),潭城镇西湖庄102号,"119.792741,25.495706",[],福建省,福州市,平潭县,福州市
D·K美发,翠园中路与九一六路中段交叉口东北140米,"119.793723,25.504173",[],福建省,福州市,平潭县,福州市
艺星造型(康德世家三期店),康德世家三期西门旁,"119.795648,25.486094",[],福建省,福州市,平潭县,福州市
时尚美发(潭城中路),潭城镇燕山庄2号,"119.786001,25.502499",[],福建省,福州市,平潭县,福州市
心语理发店,城北幼儿园东南门西北280米,"119.787869,25.510399",[],福建省,福州市,平潭县,福州市
平潭千禧美妆工作室,东星路与翠园中路交叉口西北60米,"119.788565,25.498420",[],福建省,福州市,平潭县,福州市
美肌美容工作室,岚湖庄77号二楼202,"119.782239,25.493636",13067330552,福建省,福州市,平潭县,福州市
匠鑫美妆工作室,红湖东路与西航路交叉口东南100米,"119.792525,25.489075",[],福建省,福州市,平潭县,福州市
3.MG工作室(华厦香槟园店),潭城镇华夏香槟园101店面3,"119.799939,25.517864",[],福建省,福州市,平潭县,福州市
造星坊(莲花东路),潭城镇城北小区7号楼,"119.798035,25.511708",13023826661,福建省,福州市,平潭县,福州市
桃熹妆造工作室,潭城镇小湖庄174号,"119.794434,25.496871",18906911668,福建省,福州市,平潭县,福州市
三十而已美学工作室,龙景路与西航路交叉口东南120米,"119.798695,25.499657",[],福建省,福州市,平潭县,福州市
柚野美甲工作室,太谷城A栋611,"119.775777,25.507736",18900397816,福建省,福州市,平潭县,福州市
漂亮人生美发(泰盛豪庭店),泰盛豪庭D139,"118.939879,25.863690",13950218785,福建省,福州市,永泰县,福州市
兰中兰美容形体会所(城峰大厦店),城峰镇后垄路6号城峰大厦b栋6号店,"118.939372,25.866518",13809558606,福建省,福州市,永泰县,福州市
靓丽造型(福州永泰县),樟城镇东街路35号,"118.936762,25.862176",13950290812,福建省,福州市,永泰县,福州市
北尚美发工作室,城峰镇十八坪华莱士旁边北,"118.960894,25.865432",13850189717,福建省,福州市,永泰县,福州市
秦い这是一家理发店(润城店),城峰镇银汤路9号润诚壹品大观3幢103商业服务网点,"118.948763,25.855577",17521009998,福建省,福州市,永泰县,福州市
古惑仔狂剪理发店,城峰镇旗山路314号,"118.965341,25.865322",15880150006,福建省,福州市,永泰县,福州市
维尼丝造型(冠景天地店),冠景天地2号楼,"118.931848,25.852148",13950415566,福建省,福州市,永泰县,福州市
M.米兰造型,旗山路10-1号,"118.964232,25.865342",15205041862;18020973710,福建省,福州市,永泰县,福州市
漂亮人生美发(泰盛豪庭店),城峰镇永兴苑二楼,"118.939037,25.863123",13950218785,福建省,福州市,永泰县,福州市
艺剪钟情(北门路店),北门路76号闽峰华庭1层01号店面,"118.934195,25.870558",15059181141;15259181185,福建省,福州市,永泰县,福州市
晓燕美容美发(南湖花园店),樟城镇南湖花园E区14号,"118.933032,25.865487",[],福建省,福州市,永泰县,福州市
出色美发造型(泰盛名居店),樟城镇杨梅路7号泰盛名居1栋7号店面,"118.936345,25.869455",[],福建省,福州市,永泰县,福州市
青慕美发,樟城镇后垅路133-23青慕美发,"118.938732,25.866917",15960159278,福建省,福州市,永泰县,福州市
小炫姿造型(永福苑店),永福苑西北门旁,"118.932263,25.870089",[],福建省,福州市,永泰县,福州市
爱上快剪,樟城镇八仙路99-7闽辉超市内,"118.930250,25.872521",[],福建省,福州市,永泰县,福州市
思语快剪,城峰镇银汤路9号10幢一层闽辉超市L专柜,"118.947752,25.856897",15860009583,福建省,福州市,永泰县,福州市
艺梵造型(山水传说2期水韵府店),城峰镇汤洋村下林66-44号,"118.947211,25.850260",13625097790,福建省,福州市,永泰县,福州市
Y&C12快剪,坵山路16-75号,"118.931587,25.853287",13635277857,福建省,福州市,永泰县,福州市
创美造型(温泉一品店),温泉一品北出口D126,"118.944933,25.846454",18695781825,福建省,福州市,永泰县,福州市
铭尚假发小卢造型全真发定制(永泰店),城峰镇龙峰村龙峰园387一层,"118.945459,25.862850",18695773688,福建省,福州市,永泰县,福州市
嘉莲娜美容美发中心,樟城镇东街路10-3,"118.937074,25.862339",0591-24836939;13774595653,福建省,福州市,永泰县,福州市
欣蕾美发店,樟城镇马洋新村60号,"118.952418,25.860002",0591-24856849;13615016841,福建省,福州市,永泰县,福州市
六艺造型,樟城八仙路92号,"118.929674,25.873020",13255990324;18650476952,福建省,福州市,永泰县,福州市
你型我塑形象设计(龙峰路店),樟城镇安华商贸城二楼,"118.942032,25.863056",13950380228,福建省,福州市,永泰县,福州市
京艺形象设计沙龙,樟城镇吉祥温泉小区35栋(永泰旅游局旁边),"118.930393,25.864465",[],福建省,福州市,永泰县,福州市
梅芳非凡美业,樟城镇东街路10-8号,"118.937208,25.862280",13514098073,福建省,福州市,永泰县,福州市
名爵美发,东门小学南门旁,"118.968598,25.865856",18705031259,福建省,福州市,永泰县,福州市
依然美造型,闽峰华庭西门东南80米,"118.934530,25.870370",15280151267,福建省,福州市,永泰县,福州市
金艺造型(福州永泰县),樟城镇北门路72号安福小区2幢,"118.935073,25.871041",[],福建省,福州市,永泰县,福州市
小兰造型,南湖花园,"118.931404,25.867274",[],福建省,福州市,永泰县,福州市
星秀坊时尚造型(万冠双子星店),站前大道万冠双子星,"118.935485,25.849612",[],福建省,福州市,永泰县,福州市
简一剪烫,城峰镇板桥路5号,"118.962643,25.866410",[],福建省,福州市,永泰县,福州市
啊杰理发店,城峰镇东门小学旁,"118.965160,25.865817",[],福建省,福州市,永泰县,福州市
玥玥美容养生美发,城峰镇龙头路13号武夷澜郡小区6幢106商户,"118.927424,25.855237",13385918595,福建省,福州市,永泰县,福州市
一剪缘(杨梅路店),后埕路133-1号,"118.936095,25.869224",13645057775,福建省,福州市,永泰县,福州市
TL国潮男士,城峰镇坵山路16-82,"118.931252,25.853242",13107622851,福建省,福州市,永泰县,福州市
阿珍美容美发店,吉祥温泉小区北区35幢,"118.930301,25.864373",13774526179,福建省,福州市,永泰县,福州市
天姿美发,城峰镇马洋小区15号,"118.951865,25.860862",13805078024,福建省,福州市,永泰县,福州市
光头强理发店,十八坪路南侧,"118.959872,25.865215",15715929519,福建省,福州市,永泰县,福州市
尚艺造型,永泰·华煦·中央府,"118.932155,25.852388",[],福建省,福州市,永泰县,福州市
美GO造型(吉祥温泉小区南区店),吉祥温泉小区南区14幢,"118.930005,25.863870",17758945200,福建省,福州市,永泰县,福州市
漂亮一点理发店,十八坪路与祥和路交叉口东北80米,"118.956348,25.865060",18650725608,福建省,福州市,永泰县,福州市
博诗形象造型沙龙(后垅大厦店),后垅大厦2号楼,"118.938960,25.866460",[],福建省,福州市,永泰县,福州市
品尚造型,板桥路与十八坪路交叉口西北100米,"118.962622,25.866195",[],福建省,福州市,永泰县,福州市
春松理发店,汽车站对面龙峰园16号,"118.943260,25.863960",13338416277,福建省,福州市,永泰县,福州市
名爵造型(吉祥路店),樟城镇吉祥温泉小区7栋号,"118.931795,25.863477",13645024902,福建省,福州市,永泰县,福州市
曼纤造型(江山大名城店),江山大名城西北2门旁,"119.077421,25.879652",[],福建省,福州市,永泰县,福州市
星星美发时尚造型,城峰镇旗山路9号,"118.964030,25.865363",13003890038,福建省,福州市,永泰县,福州市
剪艺工作室,213省道与182县道交叉口西北60米,"118.781360,25.911971",[],福建省,福州市,永泰县,福州市
阿康发型设计,赤锡乡玉锡村义湾85号,"118.865917,25.781623",13358265897;18906902683,福建省,福州市,永泰县,福州市
潮匠美业(恒宇国际观邸店),刘岐大道5号恒宇国际观邸,"118.932192,25.853674",[],福建省,福州市,永泰县,福州市
星星美发,樟城镇后垅路1号,"118.939514,25.865491",[],福建省,福州市,永泰县,福州市
多美歌造型(城峰大厦A幢店),樟城镇公路局旁边城峰大厦,"118.939665,25.865946",15059435335,福建省,福州市,永泰县,福州市
六六六美学,城峰镇十八坪路789号品润滨江府3幢02商业,"118.964954,25.865130",15060100201,福建省,福州市,永泰县,福州市
Mr.壕,城峰镇后垅路6-34,"118.939241,25.866746",18396534494,福建省,福州市,永泰县,福州市
手艺人美发店(南湖路店),南湖路7-21号,"118.933675,25.865375",0591-24877770,福建省,福州市,永泰县,福州市
多米造型,城峰镇汤洋村下林68-26号,"118.948352,25.849363",13599086573,福建省,福州市,永泰县,福州市
千艺造型(十八坪路店),城峰镇十八坪路23号,"118.961775,25.865425",15859176582,福建省,福州市,永泰县,福州市
云尚造型,龙峰路与较场路交叉口东260米,"118.943793,25.864012",15305019110,福建省,福州市,永泰县,福州市
欧尚造型(旗山路店),城峰镇十八坪路789号品润滨江府S2幢05商业,"118.963569,25.864293",15980729012,福建省,福州市,永泰县,福州市
北奢·SALON,城峰镇洋亭路1-15号北奢SALON,"118.949880,25.853876",15059180023,福建省,福州市,永泰县,福州市
MT see you tomorrow,城峰镇润城壹品大观162店,"118.947425,25.856825",13799351491,福建省,福州市,永泰县,福州市
1+1理发店,塔山路与203省道交叉口南60米,"118.941613,25.859147",15305905595,福建省,福州市,永泰县,福州市
独领烫染店(山水传说2期水韵府店),永泰城峰镇汤洋村下林66-2号,"118.946892,25.850124",13860623725;18850792533,福建省,福州市,永泰县,福州市
维香美发店,樟城镇南湖路南湖大厦,"118.933727,25.864847",18950351885;18950531885,福建省,福州市,永泰县,福州市
精剪发型,城峰镇旗山路316号,"118.965525,25.865329",13459156656,福建省,福州市,永泰县,福州市
佳嘉美发美容,南湖路南湖大厦,"118.933975,25.864425",0591-24858355;13959174826,福建省,福州市,永泰县,福州市
名匠造型(吉祥温泉小区南区店),吉祥温泉小区南区西门旁,"118.930154,25.864080",18558609037;18705918326,福建省,福州市,永泰县,福州市
剪艺发型,樟城镇后埕路121号,"118.936417,25.869073",15880456492,福建省,福州市,永泰县,福州市
爱尚造型(杨梅路店),泰盛名居西南门东南80米,"118.937096,25.868752",15005005173,福建省,福州市,永泰县,福州市
尊尚工作室,樟城镇后埕路6-17号,"118.937992,25.867995",13055529598,福建省,福州市,永泰县,福州市
艺丹美容美发,镇中182号村民委员会对面,"118.860754,25.775611",13405955860,福建省,福州市,永泰县,福州市
皇家名将烫染旗舰店,城峰大厦a栋,"118.939440,25.866327",13960855286,福建省,福州市,永泰县,福州市
尚世纪造型(泰盛豪庭店),樟城镇泰盛豪庭负一层35号店,"118.939497,25.863673",[],福建省,福州市,永泰县,福州市
聚星发艺专业烫染机构,城峰镇旗山公园后第一排,"118.968920,25.864893",[],福建省,福州市,永泰县,福州市
金莎美发(旗山店),城峰镇东门新村旗山路12号,"118.964355,25.865337",[],福建省,福州市,永泰县,福州市
陈芳理发店,赤锡乡玉锡村后门厝26号,"118.866656,25.781152",[],福建省,福州市,永泰县,福州市
阿民理发店,县府路161号西门新村,"118.931708,25.870543",[],福建省,福州市,永泰县,福州市
yc美发沙龙(溪西村安置房店),舒美口腔东侧80米,"119.058107,25.898899",[],福建省,福州市,永泰县,福州市
林源理发店,龙峰路与较场路交叉口东北180米,"118.942974,25.863807",[],福建省,福州市,永泰县,福州市
美格造型(吉祥温泉小区南区店),樟城镇吉祥温泉小区13栋B8店,"118.930370,25.864228",[],福建省,福州市,永泰县,福州市
清清美发,后垅路3号,"118.939602,25.865148",[],福建省,福州市,永泰县,福州市
天颜美业(永泰日出东方店),富裕路日出东方,"118.927578,25.869470",[],福建省,福州市,永泰县,福州市
火爆造型(南湖花园店),南湖路31号,"118.933324,25.865154",13675006919,福建省,福州市,永泰县,福州市
701发型设计阿康美容美发店分店,城峰镇旗山路701一层,"118.967194,25.862958",17705902096;18906902683,福建省,福州市,永泰县,福州市
领先,县府路13号领先,"118.931024,25.868788",0591-24877770;13178385331,福建省,福州市,永泰县,福州市
美格发型设计,旗山路314-2号,"118.965384,25.865321",[],福建省,福州市,永泰县,福州市
菊花理发店,泗洲路与八仙路交叉口北460米,"118.937135,25.876639",18120905523,福建省,福州市,永泰县,福州市
玖度美发空间,大汤西路与汤泉路交叉口南60米,"118.943264,25.852952",[],福建省,福州市,永泰县,福州市
阿诗玛沙龙,均和·源玺东门旁,"118.940903,25.862601",[],福建省,福州市,永泰县,福州市
米克美发店,城峰镇坵山路16-81号,"118.931358,25.853211",[],福建省,福州市,永泰县,福州市
苏格造型,020乡道与355国道交叉口北380米,"118.747475,25.723625",[],福建省,福州市,永泰县,福州市
趣剪时光,保利堂悦小区133号,"118.941323,25.846605",15790571936;18050202073,福建省,福州市,永泰县,福州市
美悦美发(山水传说2期水韵府店),城峰镇汤洋村下林66号山水传说水韵府12幢1层06店面,"118.948626,25.852032",15306910196,福建省,福州市,永泰县,福州市
艾艺造型,樟城镇县府路200-13号,"118.931234,25.867605",15859072472,福建省,福州市,永泰县,福州市
韩清理发店,樟城镇县府路119号,"118.930955,25.869295",13328236222,福建省,福州市,永泰县,福州市
风格造型(正得·格林兰景店),城峰镇塔山路正得·格林兰景4幢,"118.935709,25.856854",13110799599,福建省,福州市,永泰县,福州市
阿金造型(吉祥温泉小区南区店),吉祥温泉小区南区22幢,"118.931669,25.862051",18606028527,福建省,福州市,永泰县,福州市
剪约发艺,永泰县嵩口医院西南门西100米,"118.593027,25.800826",[],福建省,福州市,永泰县,福州市
小胖造型(南方花园店),北门路与县府路交叉口西北180米,"118.933925,25.871575",13055263558,福建省,福州市,永泰县,福州市
阿翔工作室,南湖路7-24,"118.933470,25.865540",15892053656,福建省,福州市,永泰县,福州市
哑巴理发店,213省道与182县道交叉口北60米,"118.781547,25.912042",[],福建省,福州市,永泰县,福州市
HG美容美发,大洋镇广安街44号,"118.785467,25.911727",13110759684,福建省,福州市,永泰县,福州市
不·晚,吉祥富裕路1-223号,"118.930033,25.864118",18050178026,福建省,福州市,永泰县,福州市
丽华理发店,山水传说2期水韵府,"118.946430,25.851879",[],福建省,福州市,永泰县,福州市
遇见美形象私人定制(杨梅路店),樟城镇杨梅路7号泰盛名居,"118.936586,25.869011",[],福建省,福州市,永泰县,福州市
超会染烫超市(樟城镇店),北门路76号闽峰华庭,"118.933975,25.870875",[],福建省,福州市,永泰县,福州市
丝情发艺,永泰县第二(智华)中学北侧220米,"118.593735,25.800552",[],福建省,福州市,永泰县,福州市
大哥美发屋(吉祥温泉小区南区店),五福巷吉祥温泉小区南区内,"118.931229,25.863536",15859124209,福建省,福州市,永泰县,福州市
七月发型(山水国际店),山水国际东门旁,"118.967733,25.864005",19905907009,福建省,福州市,永泰县,福州市
龄龄美发,嵩阳购物广场西门东北50米,"118.592465,25.800963",13489127993,福建省,福州市,永泰县,福州市
艺发发型设计烫染,马洋小区302号,"118.951963,25.859411",15860265102,福建省,福州市,永泰县,福州市
酷点理发店,城峰镇十八坪路349号,"118.958111,25.865415",[],福建省,福州市,永泰县,福州市
山屿造型,城峰镇龙峰园388-78,"118.945413,25.862727",[],福建省,福州市,永泰县,福州市
你好漂亮美发(永馨苑店),城峰镇塔山交警大队对面,"118.933458,25.851797",[],福建省,福州市,永泰县,福州市
这理时尚造型,樟城镇马洋新村307号,"118.951847,25.858692",[],福建省,福州市,永泰县,福州市
哈喽理好(超会染),后埕路125-2号,"118.936220,25.869175",17689974151;17720813913,福建省,福州市,永泰县,福州市
姐妹理发店,城峰镇太原村太原82号,"118.972181,25.851459",[],福建省,福州市,永泰县,福州市
初艺造型,洋亭路与永福大道交叉口北200米,"118.942225,25.846375",15205027499,福建省,福州市,永泰县,福州市
小S造型形象店,洋亭路与站前大道交叉口东北100米,"118.951656,25.858257",[],福建省,福州市,永泰县,福州市
雅伯沙龙,八仙路28-1号,"118.934526,25.873047",[],福建省,福州市,永泰县,福州市
阿诗玛理发店,梧桐镇富民新村9号,"118.747195,25.725304",[],福建省,福州市,永泰县,福州市
理发店,富裕新村路与吉祥路交叉口西南100米,"118.928721,25.865742",[],福建省,福州市,永泰县,福州市
铭煊发艺阁,城峰镇太原村银场136-13号,"118.962945,25.862478",13285919457,福建省,福州市,永泰县,福州市
小鱼理发店,富裕路1-222号,"118.929939,25.864099",[],福建省,福州市,永泰县,福州市
剪艺美发店,工业路与旗山路交叉口东北240米,"118.964586,25.867092",[],福建省,福州市,永泰县,福州市
简约(杨梅路店),樟城镇后埕路129号泰盛名居对面,"118.936356,25.869125",13950471314,福建省,福州市,永泰县,福州市
新视觉形象设计,城峰镇东门旗山路604号,"118.968839,25.864213",[],福建省,福州市,永泰县,福州市
造型屋,旗山路与工业路交叉口东200米,"118.964987,25.865354",[],福建省,福州市,永泰县,福州市
聋哑人理发店,020乡道与355国道交叉口北420米,"118.747217,25.723806",18850477690,福建省,福州市,永泰县,福州市
名剪艺人(家馨园店),北门路68-2家馨园,"118.935450,25.871125",13515006597,福建省,福州市,永泰县,福州市
阿成造型,534国道,"118.862355,25.779843",[],福建省,福州市,永泰县,福州市
六六六美发工作室,永泰县道南82号,"118.590861,25.801546",[],福建省,福州市,永泰县,福州市
小陈理发店,202省道与葛清线交叉口东南80米,"118.927077,25.899532",[],福建省,福州市,永泰县,福州市
友理barbershop,城峰镇塔山路81号,"118.939759,25.858489",[],福建省,福州市,永泰县,福州市
菊花美发店,213省道与扬燈路交叉口西北260米,"118.807962,25.973947",[],福建省,福州市,永泰县,福州市
丝情发艺,永泰三洋中学南侧210米,"118.798075,25.797334",[],福建省,福州市,永泰县,福州市
小鱼快剪,吉祥温泉小区南区,"118.932925,25.862425",[],福建省,福州市,永泰县,福州市
小白造型工作室,奎阁岭路98号永泰宝龙世家小区,"118.936727,25.850796",[],福建省,福州市,永泰县,福州市
南湖理发店,县府路与上坪路交叉口南160米,"118.933175,25.864425",[],福建省,福州市,永泰县,福州市
华亚人理发店,020乡道与355国道交叉口北380米,"118.747153,25.723392",[],福建省,福州市,永泰县,福州市
靓坊理发店,七境堂西侧210米,"119.031832,25.989136",[],福建省,福州市,永泰县,福州市
贝客快剪连锁,旗山路与工业路交叉口东140米,"118.964475,25.865325",[],福建省,福州市,永泰县,福州市
红军楼理发店,杨梅路与新安路交叉口北20米,"118.935825,25.869625",[],福建省,福州市,永泰县,福州市
巷口理发店,洋亭路与南江滨大道交叉口南120米,"118.952625,25.859825",[],福建省,福州市,永泰县,福州市
春平美发,南江滨大道与洋亭路交叉口东60米,"118.953255,25.860788",[],福建省,福州市,永泰县,福州市
佳佳烫染吧,冠景天地,"118.931575,25.852275",[],福建省,福州市,永泰县,福州市
小鱼造型(云山蓝郡店),城峰镇云山蓝郡1-35号,"118.949551,25.853015",[],福建省,福州市,永泰县,福州市
起点造型,洋亭路与站前大道交叉口东20米,"118.951263,25.857412",[],福建省,福州市,永泰县,福州市
清凉理发店,202省道与葛清线交叉口东南120米,"118.927335,25.899356",[],福建省,福州市,永泰县,福州市
曼森造型,舒美口腔东侧130米,"119.058675,25.898785",[],福建省,福州市,永泰县,福州市
简约造型,杨梅路与里岛路交叉口东南40米,"118.937839,25.868233",[],福建省,福州市,永泰县,福州市
简美造型,永泰·华煦·中央府,"118.933812,25.852342",[],福建省,福州市,永泰县,福州市
锌艺造型,东街路与上马路交叉口东南200米,"118.938225,25.862275",[],福建省,福州市,永泰县,福州市
大洋乡亲理发店,182县道与041乡道交叉口东20米,"118.789175,25.911325",[],福建省,福州市,永泰县,福州市
黄守明理发店,三环路与005乡道交叉口东南500米,"119.016175,25.877684",[],福建省,福州市,永泰县,福州市
再回首发屋,大洋镇委员会东南侧110米,"118.784780,25.912327",[],福建省,福州市,永泰县,福州市
妍酷造型(江山大名城店),江山大名城西北2门旁,"119.077503,25.880150",[],福建省,福州市,永泰县,福州市
遇剪造型,南滨路与洋亭路交叉口西南20米,"118.952270,25.860857",[],福建省,福州市,永泰县,福州市
审美美容美发,城峰镇洋亭路2-27号,"118.948379,25.850375",[],福建省,福州市,永泰县,福州市
盈希美发,泰禾红峪南侧150米,"118.969905,25.866912",[],福建省,福州市,永泰县,福州市
东洋仁忠理发店,东门小学南门东北70米,"118.968777,25.866116",[],福建省,福州市,永泰县,福州市
志喜理发店,183县道与534国道交叉口西160米,"118.489282,25.836791",[],福建省,福州市,永泰县,福州市
玉娇理发店,534国道与葛天线交叉口东80米,"119.012136,25.872434",[],福建省,福州市,永泰县,福州市
一剪美造型,梧桐镇富民街14号,"118.747128,25.725895",13295910878,福建省,福州市,永泰县,福州市
彬彬理发店,213省道与1603村道交叉口西南100米,"118.760893,25.833407",[],福建省,福州市,永泰县,福州市
仕武理发店,城峰镇政府蓝天山庄下一排,"118.964175,25.866775",[],福建省,福州市,永泰县,福州市
坤丁理发店,梧桐镇富民路31号,"118.747142,25.725894",[],福建省,福州市,永泰县,福州市
蓝创造型,吉祥温泉小区南区西门旁,"118.930445,25.864302",[],福建省,福州市,永泰县,福州市
艺剪倾城(江山大名城店)(暂停营业),江山大名城西北2门旁,"119.077417,25.879627",[],福建省,福州市,永泰县,福州市
剪吧(暂停营业),嵩口镇道南村26-9,"118.594733,25.800726",15396026001,福建省,福州市,永泰县,福州市
予她美学工作室,碧桂园6号楼205单元,"118.927374,25.879580",17759886510,福建省,福州市,永泰县,福州市
潮艺工作室,龙峰园388号步行街店面1幢093,"118.946036,25.862803",[],福建省,福州市,永泰县,福州市
永泰初见美妆美甲工作室,城峰镇洋亭路25号外滩一号5号楼118商铺,"118.957568,25.860296",[],福建省,福州市,永泰县,福州市
有我造型美容(永泰新华都店),池峰路2号,"118.938923,25.863625",[],福建省,福州市,永泰县,福州市
丫丫美容工作室,吉祥温泉小区南区,"118.931425,25.863025",[],福建省,福州市,永泰县,福州市
灵彩妆工作室,刘岐大道5号恒宇官邸5号楼2602室,"118.930925,25.853475",15880036933,福建省,福州市,永泰县,福州市
YLing工作室,汤洋路与银汤路交叉口南200米,"118.947875,25.853025",[],福建省,福州市,永泰县,福州市
悦己美容工作室,213省道与182县道交叉口西北120米,"118.781034,25.912461",[],福建省,福州市,永泰县,福州市
雅痞工作室,城峰镇刘岐村立塘46号永馨苑,"118.933925,25.851375",[],福建省,福州市,永泰县,福州市
阿烨工作室,永富苑A区,"118.942525,25.852125",[],福建省,福州市,永泰县,福州市
洗脸熊·洗脸吧(南湖路店),南湖花园,"118.933010,25.865486",[],福建省,福州市,永泰县,福州市
HOME HAIR合木(东街店),东街8号利达大厦(聚春园酒店旁KFC肯德基隔壁),"119.300020,26.086331",0591-87665002,福建省,福州市,鼓楼区,福州市
期五新生代男士发型,东百中心C馆C4-301赤境隔壁3楼,"119.300148,26.081596",17305912028,福建省,福州市,鼓楼区,福州市
Myhair Salon 福州东街店,东街12-3号(东街口地铁站D东南口步行200米),"119.300397,26.086292",13338283768,福建省,福州市,鼓楼区,福州市
金棕榈(大洋晶典店),安泰街道八一七北路268号冠亚广场8号楼3层大洋晶典,"119.300027,26.076300",0591-88999907;13859091449,福建省,福州市,鼓楼区,福州市
藤野造型(福州万象城店),洪山镇工业路东侧华润万象城(三期)S11号楼2层01-07铺,"119.277993,26.076528",13268962067,福建省,福州市,鼓楼区,福州市
发源地美容美发(福州五店),杨桥路99号三友大厦二层G3,"119.298327,26.085694",0591-87552237,福建省,福州市,鼓楼区,福州市
蓝调造型(省府店),省府路108号(东街口地铁站B西北口步行430米),"119.296098,26.086895",0591-87517617,福建省,福州市,鼓楼区,福州市
叁仟先生男士理发(华润万象城店),洪山镇工业路512号华润万象城1期S2楼2层58号商铺,"119.278027,26.073606",15980291598,福建省,福州市,鼓楼区,福州市
TONI&GUY(福州万象城店),洪山园路5号福州万象城L1层,"119.277921,26.075636",0591-87666789,福建省,福州市,鼓楼区,福州市
慕紫造型(五四路精品店),五四路新华福广场A楼一层,"119.307092,26.098659",0591-87511180,福建省,福州市,鼓楼区,福州市
TNT Barbershop男士理发(东街东大路店),东大路92号华源大厦F1层,"119.313009,26.087704",13055256601,福建省,福州市,鼓楼区,福州市
壹发YIFA造型(东街口店),东街55号(三山大厦旁),"119.304425,26.086125",15980616725,福建省,福州市,鼓楼区,福州市
蓝调造型(津泰店),津泰路52号(南门兜地铁站S4口步行400米),"119.301985,26.081527",15005912792,福建省,福州市,鼓楼区,福州市
时尚巴厘(冠城大通首玺店),井大路62号冠城大通首玺F1层,"119.304265,26.088311",0591-87505405;15705907058,福建省,福州市,鼓楼区,福州市
千禾造型,东街街道津泰路51号津泰新村17号楼地下51号店面,"119.301743,26.081202",13599515502,福建省,福州市,鼓楼区,福州市
斑斓色彩沙龙(东百中心C馆店),鼓楼区东百中心C3馆极氪汽车旁电梯上三楼,"119.299925,26.082225",15359119688,福建省,福州市,鼓楼区,福州市
可可造型(华林店),华林路169号1号楼沿街商铺(树兜C口),"119.304751,26.101769",0591-87806830,福建省,福州市,鼓楼区,福州市
峰都美业(五凤店),丞相路50号五凤兰庭五期28座,"119.274080,26.107195",13062287529;15505902863,福建省,福州市,鼓楼区,福州市
蓝调造型(福屿店),福屿路西二环中路新园新村B区1-2号店面,"119.282972,26.075603",0591-88250917,福建省,福州市,鼓楼区,福州市
给头男士理发店,开元路16-2(东街口地铁站A东北口步行360米),"119.301534,26.088486",18105965022,福建省,福州市,鼓楼区,福州市
EGM北奢沙龙(恒宇国际店),恒宇国际A幢10楼1010室,"119.314654,26.090473",15859889951,福建省,福州市,鼓楼区,福州市
叁仟先生男士理发(东百中心店),东百中心C馆B2层54商铺,"119.299396,26.084247",15359181608,福建省,福州市,鼓楼区,福州市
K-MAXsalon(三盛国际中心店),三盛国际中心东塔楼3楼,"119.305303,26.091243",18396120598,福建省,福州市,鼓楼区,福州市
诣格造型(信和广场商场店),五四路137号信和广场商场F2层,"119.307139,26.096542",18650066446,福建省,福州市,鼓楼区,福州市
蓝调造型(福州广场五四店),五四路155号丰华苑03店面(星巴克甄选对面),"119.307407,26.097463",18120825968,福建省,福州市,鼓楼区,福州市
诣格塞巴斯汀专业美发(东百中心c1馆店),八一七北路88号东百中心C1馆F2层,"119.299419,26.084225",15345000024,福建省,福州市,鼓楼区,福州市
Diamond黛茉造型(东街店),贤南商厦8号楼(东街口地铁站A东北口步行80米),"119.299402,26.087350",15060002196;15060157908,福建省,福州市,鼓楼区,福州市
MOCCI慕紫·烫发·染发(省府店),省府路13-1号(东街口地铁站B西北口步行210米),"119.298015,26.087116",18558782052,福建省,福州市,鼓楼区,福州市
叁舍·私人定制,卧湖路69号,"119.293578,26.090358",15005056761,福建省,福州市,鼓楼区,福州市
蓝调造型(大儒店),洪山镇大儒世家梅亭路41号店面,"119.256662,26.087568",0591-83703039,福建省,福州市,鼓楼区,福州市
立型·男士国潮理发馆(福州万象城店),华润置地中心二期南门旁,"119.278211,26.075961",15806039648,福建省,福州市,鼓楼区,福州市
MING.发型定制(新华都大厦店),五四路162号新华都大厦南楼12层516,"119.305999,26.096118",13950407586,福建省,福州市,鼓楼区,福州市
发元素·Fa-Element美发沙龙(温泉店),树汤路7-2号(树兜地铁站D东南口步行380米),"119.309205,26.101432",18950252509,福建省,福州市,鼓楼区,福州市
雨果造型Hugo Hair烫染漂(东街口店),八一七北路88号东百中心A馆15楼(东街口地铁站C西南口旁),"119.298824,26.084918",13559181889,福建省,福州市,鼓楼区,福州市
GEGE格格假发(华润万象城店),华润万象城L3(西禅寺对面),"119.277425,26.073925",15896742223,福建省,福州市,鼓楼区,福州市
尚艺丽人·烫发·染发沙龙(福泉花园店),五凤街道江厝路21-1,"119.296972,26.112876",13696860521;15993108561,福建省,福州市,鼓楼区,福州市
匠人组合工作室,正大广场御景台28楼2801,"119.310541,26.075413",13599391703,福建省,福州市,鼓楼区,福州市
品恒时尚沙龙(保利天悦二期店),梦斗巷保利天悦二期D1,"119.292598,26.110727",13338543210;18805906159,福建省,福州市,鼓楼区,福州市
尤司男士国潮理发馆(福州万象城店),洪山镇工业路东侧福三路北侧洪山园地块华润万象城(二期)S8楼2层18商铺,"119.278137,26.075987",15880077583,福建省,福州市,鼓楼区,福州市
CP·STUDIO发型工作室(华林星座店),华林星座11楼316,"119.304918,26.102406",13960850215,福建省,福州市,鼓楼区,福州市
好事Barbershop男士理发店(冠亚广场店),安泰街道八一七北路268-3号冠亚广场7号楼负一层D179,"119.301411,26.077097",18649755311,福建省,福州市,鼓楼区,福州市
发中发(福州鼓楼区),龙山巷22座,"119.302477,26.091675",13328273119,福建省,福州市,鼓楼区,福州市
大卫美业(元帅路店),元帅路109号(西门地铁站D东南口步行460米),"119.294846,26.086019",15059430150,福建省,福州市,鼓楼区,福州市
嘉年华美发连锁(益馨苑店),六一中路136号益馨苑5号、6号楼连接体19店面,"119.318872,26.069828",15859000182,福建省,福州市,鼓楼区,福州市
立馨,南后街127号,"119.296442,26.084770",[],福建省,福州市,鼓楼区,福州市
93M国潮男士(东百中心店),八一七北路88号东百大厦15层1518号,"119.298855,26.084799",13228462718,福建省,福州市,鼓楼区,福州市
兰蔻私人订制美发连锁(东百中心东街口店),东百中心B馆B2西塔楼1203(东街口地铁站B口步行70米),"119.297763,26.086450",13489190310,福建省,福州市,鼓楼区,福州市
阿纬美发工作室,祥屿路与乌山西路交叉口西北40米,"119.281834,26.070866",13635260572,福建省,福州市,鼓楼区,福州市
佳剪造型(金泉小区店),北二环西路158-8号,"119.290055,26.106043",13788893813;13799911856,福建省,福州市,鼓楼区,福州市
TaTa造型(福大怡山青年创新创业中心店),怡山路青年创新创业中心1楼1-11号,"119.268636,26.072674",13950482141,福建省,福州市,鼓楼区,福州市
SO HAIR(华林店),鼓东街道五四路258号嘉键大厦1层,"119.305332,26.101728",[],福建省,福州市,鼓楼区,福州市
漂亮人生(尚宾店),鼓东路五显巷16号漂亮人生,"119.300585,26.089142",0591-87803362;15959197702,福建省,福州市,鼓楼区,福州市
美技造型(六一店),六一中路58号(闽都地铁站C口步行110米),"119.319077,26.074089",18905910335,福建省,福州市,鼓楼区,福州市
8cm无痕专业接发(别墅店),华侨新村54号,"119.280716,26.086401",13559171898,福建省,福州市,鼓楼区,福州市
术戈美发沙龙,怡山路福大怡山青年创新创业中心2号门2楼22号,"119.268475,26.072175",15705906278,福建省,福州市,鼓楼区,福州市
青丝烫染吧(五凤兰庭三期店),丞相路五凤兰亭3期23座,"119.272237,26.106300",13905006352,福建省,福州市,鼓楼区,福州市
SO HAIR(万象店),华润万象城一期s2号楼一层105商铺(蔚来汽车正对面),"119.278176,26.073666",[],福建省,福州市,鼓楼区,福州市
Family美发工作室(华城国际店),五四路华城国际(南楼)19楼1213,"119.305856,26.096054",17859184810,福建省,福州市,鼓楼区,福州市
Jonny高格造型设计工作室(宏运帝豪店),五四路宏远帝豪六楼614室,"119.306821,26.096988",15060092454,福建省,福州市,鼓楼区,福州市
kk台湾快剪(新园新村店),二环路新园新村楼下336号,"119.283816,26.075072",18806098279,福建省,福州市,鼓楼区,福州市
头牌美发沙龙(西洪小区店),西洪路195号(西洪大饭店对面),"119.284719,26.085336",13075827266,福建省,福州市,鼓楼区,福州市
元景造型(温泉店),温泉路58号,"119.309575,26.090675",[],福建省,福州市,鼓楼区,福州市
Guping51(鼓屏),鼓屏路51号,"119.297874,26.093296",18950378636,福建省,福州市,鼓楼区,福州市
A+快剪理发店(西门店),西门地铁站a口里面,"119.290124,26.084438",15005915661,福建省,福州市,鼓楼区,福州市
马克美发工作室(华润置地中心一期店),工业路512号华润置地中心一期S2号楼,"119.278183,26.073465",13459102781,福建省,福州市,鼓楼区,福州市
好印象美业(屏东店),华屏路9号,"119.300953,26.103107",14700000360,福建省,福州市,鼓楼区,福州市
动感世界(华林路店),温泉街道树汤路17号康光温泉小区1号楼06店面,"119.309737,26.100661",13860604366,福建省,福州市,鼓楼区,福州市
东美形象设计(福新小区店),古田支路51号1栋(水部地铁站A东北口步行190米),"119.314046,26.077736",13788899197,福建省,福州市,鼓楼区,福州市
杰克造型(万隆花园一区店),洪山镇西洪路467号万隆花园一区大门口,"119.275606,26.080416",13950491232;13960838836,福建省,福州市,鼓楼区,福州市
A+快剪(陆庄店)·陆庄地铁站内,南街街道地铁4号线陆庄地铁站A口负一楼,"119.283415,26.082564",15005915661,福建省,福州市,鼓楼区,福州市
一间salon(中建龙庭嘉园B区店),古乐路87-25店面一间沙龙,"119.317129,26.072445",18350084330,福建省,福州市,鼓楼区,福州市
MG慕谷造型(鼓楼店),溢景苑9号楼06店,"119.297271,26.115443",19285909516,福建省,福州市,鼓楼区,福州市
丝尚形象沙龙(银湖花园店),西洪路79号银湖花园(西门地铁站B西北口步行480米),"119.286475,26.085475",15280161156,福建省,福州市,鼓楼区,福州市
轩逸造型(杨桥店),杨桥中路87号(西门地铁C站口步行100米),"119.286894,26.083492",0591-83790137,福建省,福州市,鼓楼区,福州市
HAO形象(通湖公寓店),通湖路通湖公寓1栋102,"119.293229,26.082092",13655041785,福建省,福州市,鼓楼区,福州市
周末造型(卧湖新苑店),鼓西路216号卧湖新苑,"119.293975,26.088925",0591-85910102;15980142829,福建省,福州市,鼓楼区,福州市
Y.S发型设计工作室(宏运·帝豪国际店),五四路151号宏运帝豪三楼307室,"119.307125,26.097075",13705050076,福建省,福州市,鼓楼区,福州市
梵欧造型,恒力博纳广场(北区)1号楼101梵欧造型,"119.299153,26.110511",13645090061,福建省,福州市,鼓楼区,福州市
奈美Hair Salon,鼓东路69-1(东街口地铁站A东北口步行410米),"119.300203,26.089424",13860661307,福建省,福州市,鼓楼区,福州市
哆唻咪美发(丞相路),丞相路92号,"119.272489,26.106382",0591-88836085,福建省,福州市,鼓楼区,福州市
查理形象定制(澳林大厦店),乌山九巷时光里D1栋3楼330,"119.302075,26.074025",13860632606,福建省,福州市,鼓楼区,福州市
艾德美容美发(仙塔小区店),东街街道仙塔街86-2,"119.305232,26.083639",13959102461,福建省,福州市,鼓楼区,福州市
玳玲美容造型设计(北大路店),北大路北大新村4座(屏山地铁站B西北口步行400米),"119.293291,26.095339",0591-87830189,福建省,福州市,鼓楼区,福州市
森泉造型(冠亚广场店),冠亚美食街3号楼104,"119.299875,26.077690",[],福建省,福州市,鼓楼区,福州市
全性·SaLon高空沙龙(五四路店),新华都大厦南楼14层701,"119.305851,26.095995",13328238028;15060070762;15579811916,福建省,福州市,鼓楼区,福州市
艺塑人(杨桥旗舰店),杨桥中路71号闽赋苑1幢1号楼,"119.287371,26.083714",0591-83756492;13960705070,福建省,福州市,鼓楼区,福州市
喜登来造型(福屿店),西二环福屿路165号新园新村B区,"119.283293,26.075584",0591-87288508;15306077587,福建省,福州市,鼓楼区,福州市
HZ造型(帝豪国际店),五四帝豪国际6楼627,"119.307034,26.097088",[],福建省,福州市,鼓楼区,福州市
悦美时尚沙龙(五凤兰庭五期店),丞相路50号一3号,"119.273428,26.106919",13850111206;15280087157,福建省,福州市,鼓楼区,福州市
剪艺造型(福州鼓楼区),金牛山高校小区6号04店面,"119.262296,26.074193",18750170374,福建省,福州市,鼓楼区,福州市
无发无天美容美发沙龙(新园C区店),福仕路新园C区2号楼43店面,"119.282427,26.077636",13044582588;13055742254,福建省,福州市,鼓楼区,福州市
发之密语(古田路店),古田路中城名仕汇8号楼(闽都地铁站B口步行170米),"119.318572,26.077270",0591-87560071,福建省,福州市,鼓楼区,福州市
品柏造型PB HAIR SALON(鑫亭新苑店),融侨路35-18,"119.307109,26.111922",18559115778,福建省,福州市,鼓楼区,福州市
C位美发空间,保利首开天悦2期D区,"119.292725,26.110675",[],福建省,福州市,鼓楼区,福州市
好运来千姿美发机构(第四分店),洪山镇乌山西路126路好都市家园2号楼01号店面,"119.283525,26.071456",0591-87397562;18950234982,福建省,福州市,鼓楼区,福州市
首艺人工作室(鸿裕温泉花园店),茶园路与香槟支路交叉口西南180米,"119.310136,26.105286",18650779797,福建省,福州市,鼓楼区,福州市
仟格美发馆,东城边街39号恒宇国际B栋612,"119.315276,26.090606",13705050912,福建省,福州市,鼓楼区,福州市
VV快剪,崎下路35号电大宿舍,"119.288000,26.105701",15005086339,福建省,福州市,鼓楼区,福州市
伊美丝美发(九彩新苑店),外九彩巷29号9号店面,"119.296332,26.094579",15060022839,福建省,福州市,鼓楼区,福州市
研尚美业(融侨锦江B区店),凤湖路融侨锦江B区1楼103,"119.269933,26.068440",13950434417,福建省,福州市,鼓楼区,福州市
aqua barbershop (男士理发店),温泉街道东城边街39号恒宇国际B幅楼2109,"119.315242,26.090607",17339511907,福建省,福州市,鼓楼区,福州市
艺术人生造型(省直机关湖前住宅区店),江厝路省湖前小区14号,"119.294928,26.114580",13635265107,福建省,福州市,鼓楼区,福州市
缪斯(观岚店),大儒世家观岚东门西南210米,"119.256162,26.084690",13675015415,福建省,福州市,鼓楼区,福州市
益明工作室,井大路柒星佳寓141号,"119.304028,26.090840",13959196606,福建省,福州市,鼓楼区,福州市
后街秀造型(乌山文心园西区店),道山路189-2文心门口后街,"119.296726,26.077684",0591-87664478;13705944467,福建省,福州市,鼓楼区,福州市
纯剪一族(紫荆花园店),金汤巷17号,"119.309153,26.094946",13110889355,福建省,福州市,鼓楼区,福州市
水慕年华美发造型,城守前16号城守前新村2号楼03店面,"119.306370,26.083474",13960829557,福建省,福州市,鼓楼区,福州市
鸿运当头古方头疗,工业路647号华润万象城二期S9栋,"119.278775,26.076025",[],福建省,福州市,鼓楼区,福州市
舒雅美业(五凤兰庭五期店),五凤兰庭五期27号-8店面,"119.273314,26.106935",[],福建省,福州市,鼓楼区,福州市
喜洋洋造型,洪山镇斗池路68-10,"119.287992,26.068861",15806062138,福建省,福州市,鼓楼区,福州市
兰莎莉专业美发(道山路店),道山路189号乌山文心园,"119.297826,26.077941",13805004612,福建省,福州市,鼓楼区,福州市
30%沙龙,工业路512号华润置地中心一期S2号楼,"119.278077,26.073488",[],福建省,福州市,鼓楼区,福州市
阿慕形象工作室,五四北体育中心北二北3门(华大警务室对面二楼),"119.303864,26.111554",18649796383,福建省,福州市,鼓楼区,福州市
泉亨工作室(馨泉公寓店),金泉路20-5号,"119.312300,26.091653",13665038577,福建省,福州市,鼓楼区,福州市
风彩名都(五凤店),丞相路42号,"119.273669,26.107056",18020880928,福建省,福州市,鼓楼区,福州市
壹佳Salon(化民营路店),化民营路78号基星阁,"119.304702,26.090222",[],福建省,福州市,鼓楼区,福州市
A+快剪(东街口店),东街口地铁站a口里面,"119.298775,26.086225",15005915661,福建省,福州市,鼓楼区,福州市
妍剪发艺,御景台花园南门西50米,"119.302580,26.117975",13665007965,福建省,福州市,鼓楼区,福州市
信纸美发工作室,五一路18号御景台(水部地铁站C西南口步行370米),"119.310528,26.075434",[],福建省,福州市,鼓楼区,福州市
审剪造型(泰馨公寓店),琴亭路54号泰馨公寓1号店面,"119.305012,26.118027",13635263717,福建省,福州市,鼓楼区,福州市
精剪艺美发中心(华林路店),华林路福寿巷2号(斗门地铁站B西北口步行300米),"119.310841,26.102799",15980160751,福建省,福州市,鼓楼区,福州市
艾星缘形象沙龙(华屏路店),华林路北龙峰村1-3号楼连体部分综合1层,"119.300622,26.105122",13850173854,福建省,福州市,鼓楼区,福州市
加分品牌形象店,西洪路33号(西门地铁站B西北口步行320米),"119.288291,26.086004",15280014583,福建省,福州市,鼓楼区,福州市
狼雪发吧(豪成花园店),华大街道琴湖二路86号,"119.303932,26.116800",13313772418,福建省,福州市,鼓楼区,福州市
斑斓(华润万象城店),华润万象城3期S10栋1层(瑞幸咖啡右侧),"119.276829,26.076212",18659133000,福建省,福州市,鼓楼区,福州市
绿色美发室(竹林境店),竹林境灯笼巷7号,"119.303776,26.084469",13799385798,福建省,福州市,鼓楼区,福州市
L·CHEUNG蘭西造型(福州万象城店),工业路486号华润置地中心A座,"119.277694,26.075433",[],福建省,福州市,鼓楼区,福州市
型与色创意烫染salon,东街83号中庚青年广场8楼/804A,"119.305995,26.086068",15715929375,福建省,福州市,鼓楼区,福州市
夫妻理发店(工业路店),洪山镇古楼区工业路403号中茵花城,"119.279212,26.068255",13805059117,福建省,福州市,鼓楼区,福州市
快剪(津泰新大都店),城守前路13号,"119.307297,26.083407",[],福建省,福州市,鼓楼区,福州市
拾缘快剪(津泰路店),香台里与津泰路交叉口西北20米,"119.301800,26.081481",[],福建省,福州市,鼓楼区,福州市
千姿造型美业美发店,西洪路328号,"119.280259,26.083920",15060080008,福建省,福州市,鼓楼区,福州市
拾缘快剪(树汤店),玉泉路57号,"119.309321,26.095481",[],福建省,福州市,鼓楼区,福州市
小颜美发专项(杨桥宿舍店),杨桥宿舍东北门旁(陆庄地铁站D东南口步行290米),"119.286125,26.082725",[],福建省,福州市,鼓楼区,福州市
根艺造型(津泰新大都店),东街街道城守前路35号,"119.307711,26.083413",[],福建省,福州市,鼓楼区,福州市
拾缘快剪(卫前街店),卫前街18-22号卫前里新村,"119.303329,26.088501",[],福建省,福州市,鼓楼区,福州市
非流行(豪成花园店),湖前支路86号,"119.303897,26.116319",[],福建省,福州市,鼓楼区,福州市
CC快剪,西二环中路318号,"119.283712,26.075422",13067270439,福建省,福州市,鼓楼区,福州市
你型我塑融侨(锦江店),融侨锦江D区东北门东南120米,"119.267576,26.070171",[],福建省,福州市,鼓楼区,福州市
闽A造型烫发·染发私人订制(五四路店),新华都超市(五四路店),"119.305974,26.095858",[],福建省,福州市,鼓楼区,福州市
艺时代美业(御景台花园店),琴亭路66号御景台花园4号,"119.302938,26.118003",13559117658,福建省,福州市,鼓楼区,福州市
兴兴美发店,秘书横巷28号(省立医院地铁站A东北口步行330米),"119.308575,26.088583",[],福建省,福州市,鼓楼区,福州市
靓发堡(鼓西店),通湖路109号湖光花园,"119.291567,26.088101",[],福建省,福州市,鼓楼区,福州市
金丽莱造型(湖前分店),五凤街道江厝路80号市直湖前小区9座2号店面,"119.292711,26.113599",[],福建省,福州市,鼓楼区,福州市
四季快剪,山野洪山桥农产品交易中心东南门旁,"119.252728,26.085337",[],福建省,福州市,鼓楼区,福州市
出发点造型(梅峰路店),梅峰支路保福公寓13店面,"119.264481,26.094764",[],福建省,福州市,鼓楼区,福州市
名流美容美发(西营里珠宝玉石城店),斗西路10-1店面,"119.300826,26.074242",[],福建省,福州市,鼓楼区,福州市
玳玲美容美发,乌山九巷C1-06店面玳玲美容美发,"119.302058,26.074568",13635246503,福建省,福州市,鼓楼区,福州市
靓丽·私人定制美妆造型(华润万象城店),工业路512号华润置地中心一期S5号楼,"119.278125,26.072575",[],福建省,福州市,鼓楼区,福州市
拾缘快剪(观风亭店),观风亭街77号,"119.302502,26.096473",18825876631,福建省,福州市,鼓楼区,福州市
艺阁Hair salon发型设计工作室(福州美发店),东街口南门兜地铁站D2出口力信新村29-5西营里茶城,"119.301807,26.075400",15960056626,福建省,福州市,鼓楼区,福州市
拾缘快剪(井大路店),井大路213号,"119.303373,26.092103",[],福建省,福州市,鼓楼区,福州市
佳佳理发店(卫前街店),贤南路卫前街妙巷31号,"119.300862,26.087736",15505900059,福建省,福州市,鼓楼区,福州市
广式造型(双抛桥二里小区店),元帅庙新村17号楼3号店面,"119.294866,26.086591",15059174685,福建省,福州市,鼓楼区,福州市
星之汇发型美集,卫前街11号冠城三牧苑3号楼18铺,"119.303900,26.088233",13763850756,福建省,福州市,鼓楼区,福州市
型色沙龙colorsalon烫发染发(福州东街口店),东街与三牧坊交叉口西20米,"119.302675,26.086425",[],福建省,福州市,鼓楼区,福州市
美都·发型定制(鼓西路店),锦绣华庭2座附近,"119.296054,26.089171",0591-87565661,福建省,福州市,鼓楼区,福州市
张琦美发工作室,五一中路18号正大广场,"119.310335,26.075387",[],福建省,福州市,鼓楼区,福州市
型匠造型(温泉支路店),温泉支路15号,"119.310767,26.090026",13509313444;13809508849,福建省,福州市,鼓楼区,福州市
艺韩专业烫染(冠亚品质店),安泰街道八一七北路268号冠亚广场3号楼1楼106室,"119.299025,26.078075",15205000708;19859855007,福建省,福州市,鼓楼区,福州市
圆点造型,斗西路与乌山支路交叉口西南120米,"119.300600,26.073614",13960907693,福建省,福州市,鼓楼区,福州市
名俊快剪店,乌山之路29-24(南门兜地铁站D2口步行260米上门剪发80元),"119.301108,26.074876",13075918728,福建省,福州市,鼓楼区,福州市
勿忘我精剪(乌山小区店),道山路乌山小区5座54号,"119.293874,26.076622",13514060625,福建省,福州市,鼓楼区,福州市
10元快剪(虎节楼店),虎节路62号虎节楼(东街口地铁站B西北口步行290米),"119.296725,26.086825",15985792836,福建省,福州市,鼓楼区,福州市
臻品沙龙(冠亚广场店),八一七北路冠亚广场3号楼222号,"119.300948,26.077920",13805080423,福建省,福州市,鼓楼区,福州市
古月形象设计(大儒世家花园四区店),大儒世家花园四区原厝路92号,"119.252082,26.087885",15060001619,福建省,福州市,鼓楼区,福州市
思托拉假发超市(华商楼店),安泰街道八一七中路11号君临盛世茶亭A区地块二商业综合楼1层02店面,"119.302777,26.075892",0591-87644699;15659302255,福建省,福州市,鼓楼区,福州市
壹丝快剪美发(市直湖前小区店),市直湖前小区江厝路80-57(冰城小串旁边),"119.293719,26.113521",15960086310,福建省,福州市,鼓楼区,福州市
秀艺美发(东水路店),东水路阳光城14号,"119.314462,26.082290",13696884986,福建省,福州市,鼓楼区,福州市
S梳剪城(庆城店),井大路庆城花园3座2层,"119.304660,26.088638",0591-87534562;18305952951,福建省,福州市,鼓楼区,福州市
Allen造型,五四路华晨国际南楼17楼1019,"119.305850,26.096264",13805097387,福建省,福州市,鼓楼区,福州市
太阳城时尚造型,杨桥西路244号,"119.256214,26.077609",13609555945;15960193151,福建省,福州市,鼓楼区,福州市
秀艺美发连锁(中城·名仕汇店),闽都地铁站B口步行230米,"119.318824,26.078220",0591-87562661;18750761257,福建省,福州市,鼓楼区,福州市
美佳理烫染(光荣路小区店),光荣路60-32号(陆庄地铁站B西北口步行490米),"119.282953,26.086531",13174527115,福建省,福州市,鼓楼区,福州市
DF10元快剪,鼓西路181号店面,"119.294310,26.088731",15859046609,福建省,福州市,鼓楼区,福州市
大众快剪(太阳城店)(专业收长头发),杨桥西路太阳城268号A区店,"119.255696,26.077694",13559136918,福建省,福州市,鼓楼区,福州市
小珍理发店,水涧新村9号楼,"119.313222,26.079909",15959001302,福建省,福州市,鼓楼区,福州市
拾光造型,福飞南路65号时光造型,"119.294275,26.102092",15860820400,福建省,福州市,鼓楼区,福州市
璐璐染吧美甲纹绣(龙泉社区店),三角井崎上路13号,"119.289917,26.101772",13685008982,福建省,福州市,鼓楼区,福州市
头等舱·印象美发沙龙,鼓西街道西洪路64-1号头等舱·印象美发沙龙,"119.286855,26.086187",13675010989,福建省,福州市,鼓楼区,福州市
聚典·造型,西洪新村23座1层6号店面,"119.277454,26.082565",15396145756,福建省,福州市,鼓楼区,福州市
唯美style造型(灵响小区店),道山路212号,"119.292474,26.076423",13774567344,福建省,福州市,鼓楼区,福州市
蛋蛋美容美发工作室(鸿源天城店),华林路246-248号鸿源天城,"119.310693,26.103571",15980160751,福建省,福州市,鼓楼区,福州市
阿宋造型会所,白马路与道山路交叉路口文庭雅居219-18,"119.291131,26.076405",13489999332,福建省,福州市,鼓楼区,福州市
永誠美业,安泰中心B-37(南门兜地铁站A1/E口步行360米),"119.301329,26.081391",13960777009,福建省,福州市,鼓楼区,福州市
拾缘快剪(037海潮路店),六一中路90号福田宜家,"119.318909,26.071721",15005000600,福建省,福州市,鼓楼区,福州市
军嫂理发店,铜盘路永辉超市旁,"119.282025,26.102675",18959106310,福建省,福州市,鼓楼区,福州市
剪悦造型(鼓西路),鼓西路143号,"119.295964,26.088908",15659736008,福建省,福州市,鼓楼区,福州市
探索时尚造型(六一中路店),六一中路90号福田宜家(闽都地铁站D口步行390米),"119.319251,26.071776",18750112827,福建省,福州市,鼓楼区,福州市
素感造型,后县路10号,"119.278340,26.087823",17326500779,福建省,福州市,鼓楼区,福州市
晨钟美发造型工作室(馨泉公寓店),金泉路20号馨泉公寓,"119.312236,26.091899",[],福建省,福州市,鼓楼区,福州市
拾缘快剪(树兜店),树汤路12号(树兜地铁站D东南口步行360米),"119.309067,26.100803",[],福建省,福州市,鼓楼区,福州市
久东形象(蔚蓝国际店),温泉街道树汤路9-2(树兜地铁站D东南口步行420米),"119.309155,26.100314",18759187321,福建省,福州市,鼓楼区,福州市
木沙造型(中茵花城店),洪山镇首凤路中茵花城7号楼8号店,"119.279393,26.067197",15859029520,福建省,福州市,鼓楼区,福州市
明珠造型(碧玉花园店),东泰路172号,"119.303025,26.083225",13950413632,福建省,福州市,鼓楼区,福州市
21G美业(金冠花园店),华屏路金冠花园3号楼,"119.299781,26.106463",13799933663,福建省,福州市,鼓楼区,福州市
首艺形象沙龙(梅兰路店),洪山镇梁厝路65号,"119.255099,26.083141",13696389757;13696839757,福建省,福州市,鼓楼区,福州市
星期五沙龙(嘉华新城店),观风亭街嘉华新城一层34号,"119.302246,26.095809",17706909227,福建省,福州市,鼓楼区,福州市
莱卡约美发,梅峰路1号大儒世家公馆一层6-10店面(肯德基后面),"119.260775,26.091788",13625083733,福建省,福州市,鼓楼区,福州市
罗兰士美发沙龙(五四路店),五四路70号(省二人民医院后门),"119.305125,26.095725",13655086562;18060753723,福建省,福州市,鼓楼区,福州市
紫罗兰美容美体养生SPA(湖前店),江厝路市直湖前小区步行街80-16号店,"119.293979,26.114044",[],福建省,福州市,鼓楼区,福州市
2018星秀造型,北环中路81号北江新村,"119.301492,26.108310",15959149720,福建省,福州市,鼓楼区,福州市
轻术造型(朗园店),大儒世家朗园五号楼七号店33-25,"119.257795,26.088427",18250494412,福建省,福州市,鼓楼区,福州市
剪匠(织缎巷),东泰路144号军门社区东区,"119.302914,26.082654",13959183015,福建省,福州市,鼓楼区,福州市
星辰HAIR SALON(屏东城西区店),华屏路25-15号,"119.300928,26.102695",19859135175,福建省,福州市,鼓楼区,福州市
旧米仓美发店,鼓西路164号旧米仓新村,"119.294710,26.089031",[],福建省,福州市,鼓楼区,福州市
哈拉少男士理发店Barbershop(三山大厦店),东街59号三山大厦北楼F7层,"119.304767,26.085974",[],福建省,福州市,鼓楼区,福州市
Clim's Haircut男士理发(灵响新村店),南街街道灵响路2号Clims Haircut,"119.294462,26.078618",17305906020,福建省,福州市,鼓楼区,福州市
Sagee Barbershop男士理发店,黎明街46号兴园新村综合楼1-2号,"119.286585,26.073429",13123322591,福建省,福州市,鼓楼区,福州市
孟平理发店,观风亭街99号七海花园5座D002,"119.302528,26.097345",15005951684,福建省,福州市,鼓楼区,福州市
艺风美发,温泉路5-3号,"119.310398,26.088208",[],福建省,福州市,鼓楼区,福州市
温泉理发店(永安街店),温泉街道永安街2号,"119.307640,26.089381",13655033098,福建省,福州市,鼓楼区,福州市
精艺美发(卫前街店),卫前街18-22号卫前里新村,"119.303131,26.088515",13696863920,福建省,福州市,鼓楼区,福州市
QC快剪,达明路138号达明新村,"119.294217,26.088074",13328388992,福建省,福州市,鼓楼区,福州市
及米美发,杨桥中路34号店面(西门地铁站B西北口步行180米),"119.288060,26.084577",[],福建省,福州市,鼓楼区,福州市
快剪理发(海景花园店),天骐路11号海景花园,"119.279688,26.100245",[],福建省,福州市,鼓楼区,福州市
兴如美发屋(建闽大厦店),东大路大营街5号(东门地铁站B西北口步行140米),"119.312819,26.087719",[],福建省,福州市,鼓楼区,福州市
佳曼丝JM造型,铜盘路与铜益路交叉口南140米,"119.276874,26.109061",13675051588,福建省,福州市,鼓楼区,福州市
拾缘快剪,温泉路35号温泉苑,"119.310328,26.090178",[],福建省,福州市,鼓楼区,福州市
拾缘快剪,温泉支路64号金龙新村,"119.314728,26.091000",[],福建省,福州市,鼓楼区,福州市
HOME HAIR合木(泰禾广场店),东二环泰禾新天地12号楼102,"119.333792,26.091562",0591-83800711,福建省,福州市,晋安区,福州市
Myhair Salon 福州泰禾店,岳峰镇连江北路东二环泰禾广场西区二期20号楼210号,"119.333982,26.091381",0591-87958515,福建省,福州市,晋安区,福州市
期五新生代男士发型(世欧广场店),世欧广场北区B1层A3-B1-1店铺(1号门星巴克楼下),"119.326857,26.071794",19005916050,福建省,福州市,晋安区,福州市
叁仟先生男士理发(世欧店),王庄街道晋连路20号世欧王庄城C-a3地块2层05商铺,"119.326330,26.071762",15359181608,福建省,福州市,晋安区,福州市
叁仟先生男士理发(福州泰禾广场店),竹屿路6号福州泰禾广场20号楼1层03商铺,"119.334627,26.091455",15980291598,福建省,福州市,晋安区,福州市
期五新生代男士发型(泰禾广场店),竹屿路6号泰禾广场西区F1层,"119.334125,26.091702",19906903809,福建省,福州市,晋安区,福州市
93M国潮男士(东泰禾店),岳峰镇东二环泰禾广场19号楼二楼208,"119.335275,26.091225",19870605616,福建省,福州市,晋安区,福州市
藤野造型(五四in象店),秀峰路188号五四in象L4层,"119.324930,26.139789",[],福建省,福州市,晋安区,福州市
叁仟先生男士理发(五四in象店),新店镇坂中路6号泰禾城市广场(二期)4楼1层11商业蒙自源斜对面,"119.323773,26.140225",15359181608,福建省,福州市,晋安区,福州市
美技造型(世欧天虹店),天虹商场二楼2001,"119.326925,26.069375",15980688918,福建省,福州市,晋安区,福州市
MOCCI慕紫·烫发·染发(五四in象店),新店镇秀峰路423号五四in象4号门天街二楼海底捞旁边02-03店面,"119.325524,26.139830",13055259807,福建省,福州市,晋安区,福州市
MAKE SENSE美可沙龙(世欧天虹店),世欧广场南区天虹百货商场4楼,"119.327425,26.069175",15979092701,福建省,福州市,晋安区,福州市
发境造型(泰禾店),竹屿路福州泰禾广场21栋1层115号,"119.334575,26.090975",0591-83321731,福建省,福州市,晋安区,福州市
藤野造型(世欧王庄公主塔店),王庄街道公主塔20楼2012-2016房,"119.326273,26.071577",19522849197,福建省,福州市,晋安区,福州市
DLM专业接发(泰禾店),泰禾广场8号楼5层512-513,"119.334257,26.092034",13600816644,福建省,福州市,晋安区,福州市
立型男士国潮理发馆(东泰禾店),东泰禾水街21号楼一层,"119.334737,26.090837",18559935961,福建省,福州市,晋安区,福州市
MOCCi慕紫造型(鼓山沃尔玛店),鼓山镇招贤路盛天现代城62号店,"119.351842,26.069492",13067221600,福建省,福州市,晋安区,福州市
峰都美业(金银城广场店),金银城广场82号,"119.298475,26.124090",15859424722,福建省,福州市,晋安区,福州市
意象AESTHETIC烫染(世欧广场店),晋连路88号世欧广场北区负一层18/19商铺,"119.326885,26.070758",0591-83313325,福建省,福州市,晋安区,福州市
蓝调造型(稻田店),五四北郭前路65-1号(果岭生活西南门东南80米),"119.313516,26.130341",17805929951,福建省,福州市,晋安区,福州市
SO HAIR(世欧广场南区店),长河路88号世欧广场南区B1层,"119.327025,26.069575",15060160326,福建省,福州市,晋安区,福州市
8CM专业接发染发(泰禾广场店),福州泰禾广场西区15座101,"119.336023,26.091546",13015716683,福建省,福州市,晋安区,福州市
养乌芳本草头疗(三盛果领店),新店镇南平东路(果岭生活)138号店,"119.315156,26.130356",18597705383,福建省,福州市,晋安区,福州市
欣知造型,长春路52号(前屿地铁站F西南口步行320米),"119.348106,26.070119",18305999395,福建省,福州市,晋安区,福州市
峰都美业(西园店),新店镇西园新苑17号楼1层04,"119.323843,26.117328",15750893631,福建省,福州市,晋安区,福州市
诣格·塞巴斯汀(泰禾广场店),"竹屿路6号泰禾广场西区L1层(5号门进入直行30m,扶梯附近)","119.336636,26.090941",13850122351,福建省,福州市,晋安区,福州市
流行美(五四in象店),秀峰路188号五四in象B1层,"119.324125,26.140075",13705919264,福建省,福州市,晋安区,福州市
宏阳潮色研究所(东泰禾店),横屿路15号东二环泰禾soho广场6号楼15楼08室,"119.335582,26.092472",13795339890,福建省,福州市,晋安区,福州市
M1山木造型(福州泰禾广场店),竹屿路6号泰禾广场西区,"119.334453,26.091015",19169424441,福建省,福州市,晋安区,福州市
BB儿童理发馆(东二环泰禾广场东区店),东二环泰禾广场东区B1层中庭,"119.339015,26.089887",17262009961,福建省,福州市,晋安区,福州市
美技造型(五四in象店),新店镇坂中路6号五四北泰禾广场天街2楼,"119.324768,26.140043",19821935799,福建省,福州市,晋安区,福州市
天艺形象(浮村佳园店),浮村佳园南平东路46号二楼04店面,"119.300292,26.125380",15951695551,福建省,福州市,晋安区,福州市
欢喜时尚美学馆(泰禾广场店),岳峰镇连江北路东二环泰禾广场SOHO一期9号楼325室,"119.333870,26.091674",[],福建省,福州市,晋安区,福州市
苏式造型,鼓山镇前屿东路102号苏式造型,"119.356870,26.067698",18650376880,福建省,福州市,晋安区,福州市
钱隆发型(泰禾店),五四北泰禾城市广场4号楼1层,"119.323802,26.140550",0591-88511397,福建省,福州市,晋安区,福州市
ONHAIR(东区店),东二环泰禾广场东区一楼L113铺(kk桌球旁),"119.339106,26.090050",17859011994,福建省,福州市,晋安区,福州市
U.NI发型专门店,茶会路765号龙湖·天璞5栋04商铺(五里亭地铁站B口步行300米),"119.337973,26.076082",13705042628,福建省,福州市,晋安区,福州市
纤尚造型(塔头店),塔头路158号美莱华美整形医院正对面(华美美容医院),"119.321724,26.089583",15280030546,福建省,福州市,晋安区,福州市
时尚巴厘专业烫染沙龙(王庄店),讲堂路133号,"119.325591,26.071726",0591-83628219;0591-83628289,福建省,福州市,晋安区,福州市
时尚巴厘(海潮店),王庄街道讲堂路134号,"119.325620,26.071102",0591-83628219;0591-83628289,福建省,福州市,晋安区,福州市
御发源养发中心,王庄街道长乐中路王庄绎园96号6座1层02店面,"119.326764,26.074534",13457852728,福建省,福州市,晋安区,福州市
MJ美发工作室(世欧王庄店),王庄街世欧王庄一区4栋105,"119.325313,26.073076",15280099978,福建省,福州市,晋安区,福州市
HK HAIR(战板路店),新店镇战坂路536号万科天空之城,"119.314618,26.142914",18350061450,福建省,福州市,晋安区,福州市
雅尚美业(福州晋安区),新店镇秀峰路185号高佳苑3期6号楼1层11店面(枫丹白露小学旁),"119.321583,26.128894",13774593162,福建省,福州市,晋安区,福州市
兰蔻私人订制美发连锁专业烫染接发(东泰禾店),岳峰镇竹屿路10号泰禾广场(东二环店)10号楼1027室,"119.336011,26.091955",13489190310,福建省,福州市,晋安区,福州市
品恒时尚沙龙(西园店),新店镇西园村西园新苑25座,"119.323795,26.117595",18805906159,福建省,福州市,晋安区,福州市
MOCCI慕紫·烫发·染发(东泰禾店),岳峰镇竹屿路6号东二环泰禾广场15号楼2楼,"119.335325,26.091525",15392389517,福建省,福州市,晋安区,福州市
一仟艺形象造型(西园新苑2期店),新店镇火车站西园新苑26座,"119.322993,26.117882",13960700089,福建省,福州市,晋安区,福州市
百变专业接发(晋安区店),岳峰镇岳后路137号7-1-5号店面,"119.328844,26.094658",13859005536,福建省,福州市,晋安区,福州市
V8潮牌接发烫染连锁(金银城广场店),福飞北路80号金银城广场,"119.298504,26.124073",18506037281,福建省,福州市,晋安区,福州市
迪可造型美发连锁机构(王庄店),世欧王庄城象园地块D4-3号1层03商业用房,"119.325722,26.066020",13235900811,福建省,福州市,晋安区,福州市
新影·铭都造型(枫丹白鹭店),五四北枫丹白鹭城一期14座8号店铺,"119.320425,26.128725",18886888954,福建省,福州市,晋安区,福州市
瑞美时尚沙龙(三华花园店),岳峰镇岳峰路13号三华花园13-3,"119.331109,26.083406",0591-87145638;13860602994,福建省,福州市,晋安区,福州市
银都造型(王庄荷园店),象园街道长福路155号王庄荷园新区8号楼09号铺头发护理美容美发美发造型发型设计烫染发洗剪吹头发,"119.331324,26.069210",0591-83261622;13788899148;18305955137,福建省,福州市,晋安区,福州市
New Fashion发型定制,新店镇坂中路6号五四北泰禾广场4号楼1328室,"119.324052,26.140543",13607512969;17689385357,福建省,福州市,晋安区,福州市
奥迪动感形象沙龙(火车站店),火车站商贸城1层26号,"119.317713,26.111262",0591-87573381;13599966997;18396191142,福建省,福州市,晋安区,福州市
HG专业烫染造型,茶香路龙湖天耀B1号楼2层230室,"119.344345,26.086542",13850151601,福建省,福州市,晋安区,福州市
A+快剪理发店(三角池店),地铁4号线三角池地铁站D口(地铁站内服务台对面),"119.327092,26.091087",15005915661,福建省,福州市,晋安区,福州市
SOHAIR(北泰禾店),新店镇秀峰路188号五四in象L1层(东北门附近),"119.325591,26.139726",13541550260,福建省,福州市,晋安区,福州市
雅诗芳香(中海锦园店),岳峰镇梅仙街98号中海锦园13号楼112店铺雅诗芳香,"119.319682,26.084552",[],福建省,福州市,晋安区,福州市
丝情发艺(紫阳店),王庄街道福马路阳光城二区82号,"119.324252,26.077263",[],福建省,福州市,晋安区,福州市
翎里美业(福晟钱隆大第店),讲堂路18号福晟钱隆大第9号楼9层901-905室,"119.325625,26.076075",18305979772,福建省,福州市,晋安区,福州市
A+快剪(象峰店)·象峰地铁站内,新店镇地铁1号线象峰站C口负一楼,"119.329659,26.143932",15005915661,福建省,福州市,晋安区,福州市
阿仔造型(福马名城B座店),福马名城B座01店面(紫阳地铁站A口步行480米),"119.331367,26.076467",18150800088,福建省,福州市,晋安区,福州市
私享空间美发沙龙,茶园路8号实达花园2座10店面,"119.312244,26.104973",18559102763,福建省,福州市,晋安区,福州市
灵感造型(桂香街店),塔头路桂香街桂梅小区三座,"119.320555,26.087345",13459146285;15280020130,福建省,福州市,晋安区,福州市
奢艺salon(正荣悦榕府二区店),茶园街道北二环东路25-1号正荣悦山居(二区)2A号楼1层17商业,"119.320884,26.104870",18559109345,福建省,福州市,晋安区,福州市
墨酷儿童造型(世欧王庄天虹店),长乐路88号世欧王庄天虹百货5楼,"119.327037,26.069296",18950361989,福建省,福州市,晋安区,福州市
美发馆(北尚B区店),新店镇秀山路318号北尚新宿花园B区13号楼1层06店面-2,"119.311193,26.133701",18350078865,福建省,福州市,晋安区,福州市
爱情魔发造型机构(长安新城店),岳峰路54号,"119.330800,26.083253",13959435219,福建省,福州市,晋安区,福州市
乐草元爱丽丝美发(东方水都店),鼓山镇远洋路508号东方水都4座,"119.352425,26.062380",15505907276,福建省,福州市,晋安区,福州市
A+快剪理发店(竹屿店),岳峰镇福州地铁4号线竹屿地铁站B1层(近A2口),"119.338475,26.092875",15005915661,福建省,福州市,晋安区,福州市
KL9元快剪(融侨东区C区店),融侨东区c区连洋西路48号,"119.342253,26.069868",13599392552,福建省,福州市,晋安区,福州市
C欧造型(三木城A区店),岭下路三木A区6栋17号,"119.328708,26.143904",15980665083,福建省,福州市,晋安区,福州市
迪可造型美发连锁机构(洋下店),洋下新村时代锦城18号,"119.316149,26.099335",18060526496,福建省,福州市,晋安区,福州市
金太郎(福盛店),新店镇南平西路福盛花园一号楼8号店面,"119.298264,26.125018",0591-87955219;13123178019,福建省,福州市,晋安区,福州市
友谊男士理发商店,岳峰镇竹屿路6号泰禾广场7号楼8层812号、813号,"119.336276,26.092402",18250458935,福建省,福州市,晋安区,福州市
爱丽丝·Alice Salon(福马路店),王庄街道福马路82号阳光城二区15座,"119.324636,26.077189",[],福建省,福州市,晋安区,福州市
RUIYA·高定彩妆造型,讲堂路与王庄街交叉口东南60米,"119.326175,26.071675",[],福建省,福州市,晋安区,福州市
鲁遇造型·烫发·染发·接发(万科金域时代店),茶园横路8号万科金域时代,"119.315406,26.112353",[],福建省,福州市,晋安区,福州市
BF美发沙龙(中海金玺公馆店),中海金玺公馆2-102店面,"119.343035,26.072085",15659039352,福建省,福州市,晋安区,福州市
纤手(福州晋安区),福马路420-32(五里亭地铁站B口步行6米),"119.339347,26.074625",13559452665,福建省,福州市,晋安区,福州市
韩秀造型(前横路店),鼓山镇红光路373号中辉新苑8号15号,"119.351483,26.075235",13950203210,福建省,福州市,晋安区,福州市
梵欧美发工作室(华林上景店),华林上景2号楼03店,"119.315742,26.106364",15959138320,福建省,福州市,晋安区,福州市
诣格xMASKMAN男士发型(泰禾广场西区店),竹屿路与横屿路交叉口南100米,"119.337344,26.092085",[],福建省,福州市,晋安区,福州市
欣汇造型,王庄街道福马路钱隆首府一号楼03店,"119.328375,26.075525",13799986896,福建省,福州市,晋安区,福州市
怡悦美发(新华商场店),岳峰镇福新中路90号新华园1-4号楼新华商场,"119.326200,26.081903",19959928337,福建省,福州市,晋安区,福州市
领尚造型沙龙(岳峰南路店),岳峰南路东显花园3号楼,"119.331067,26.078814",18850407611,福建省,福州市,晋安区,福州市
CHENCHENG美发(泰禾广场SOHO C5店),岳峰镇化工路东二环泰禾广场二期SOHO写字楼C5座826号,"119.344124,26.090164",15750805002,福建省,福州市,晋安区,福州市
品恒美发烫发染发(果岭生活店),南平东路100-9号果岭生活门口六一超市旁边,"119.314083,26.130134",13559928188,福建省,福州市,晋安区,福州市
杰克森发型设计(华庆花园店),"塔头路与三八路交叉口,三八路口公交站背后华庆花园小区4号楼01店面","119.326927,26.091986",13696862501,福建省,福州市,晋安区,福州市
品恒美发烫发染发(和源居店),鼎屿二路87号,"119.333883,26.077388",[],福建省,福州市,晋安区,福州市
女王造型(福峰路店),福峰路133号三盛国际公园长岛区1栋店面,"119.334580,26.142919",13635283655;15005019610,福建省,福州市,晋安区,福州市
圣森美业(阳光檀悦店),鼓山镇化工路998号阳光愉景花园(阳光城檀悦)2号楼1层02店面,"119.359364,26.090776",18650484883,福建省,福州市,晋安区,福州市
无名时尚造型(西园支路店),西园支路32号西园新苑24号楼一层07号店面,"119.324157,26.117993",15880060001,福建省,福州市,晋安区,福州市
鲁遇·形象设计(鲁能公馆店),南平东路668号鲁能公馆11号楼07店面鲁遇形象设计,"119.317992,26.131390",[],福建省,福州市,晋安区,福州市
拾缘快剪(塔头店),岳峰镇塔头路57-5号桂香新村14座,"119.319867,26.088408",15790615150,福建省,福州市,晋安区,福州市
818美容美发店(金城住宅小区店),新店镇南平西路71号金城住宅小区,"119.295347,26.124953",13763818929,福建省,福州市,晋安区,福州市
顾佳美业,新店镇桂山路100号正荣府A1楼1层18商业服务网点,"119.328335,26.114291",13515001195,福建省,福州市,晋安区,福州市
X.D沙龙(世欧广场王子塔店),象园街道讲堂路183号世欧广场王子塔3516室,"119.326328,26.068947",15005905969,福建省,福州市,晋安区,福州市
时尚形象设计(香槟路店),晋安区茶园香槟路实达花园8号,"119.313365,26.105298",13696680275;13696860275,福建省,福州市,晋安区,福州市
首艺造型(环北三村店),茶园街道北环中路280-3号,"119.314556,26.109265",[],福建省,福州市,晋安区,福州市
八佰伴·美发(保利香槟店),诚安楼少匠造型(竹屿地铁站C西南口步行290米),"119.335200,26.092032",[],福建省,福州市,晋安区,福州市
秀美发艺,火车站沁园支路27号,"119.325472,26.108461",18959198776,福建省,福州市,晋安区,福州市
卡尔造型(丰洲园店),岳峰路40-12号丰州园小区后门,"119.330336,26.082808",13960937383,福建省,福州市,晋安区,福州市
锦逸星美容美发,新店镇满洋路三木城b区7号楼外围店,"119.322936,26.142244",13960925975,福建省,福州市,晋安区,福州市
丝丹美容美发(井源居店),鼎屿一路井源居3栋,"119.333055,26.078574",18506942906,福建省,福州市,晋安区,福州市
动力造型(英泰商业中心店),长乐南路英泰商业中心115号,"119.329297,26.064613",13685032182,福建省,福州市,晋安区,福州市
818发艺造型(东华苑店),连江北路582号东华苑118楼综合一层号店面818,"119.334317,26.074922",0591-83926931,福建省,福州市,晋安区,福州市
超会染·只做染发(三华花园店),岳峰路13号三华花园13座,"119.331132,26.083308",[],福建省,福州市,晋安区,福州市
格色风造型(三木·都市田园店),鼓山镇前横南路153号三木都市田园B1座1号店,"119.348238,26.065830",17605015755,福建省,福州市,晋安区,福州市
领秀造型(连潘路店),鼓山镇远洋路融侨东区a区58号13座9号店面,"119.340997,26.064811",[],福建省,福州市,晋安区,福州市
漂亮人生(世纪东方店),连江北路558号世纪东方,"119.333199,26.077575",[],福建省,福州市,晋安区,福州市
创奇造型,王庄街道福临东城7号楼19号店,"119.325933,26.073401",13615050342,福建省,福州市,晋安区,福州市
欧风美发工作室(北环中路店),北环中路218-3号,"119.312836,26.109570",13959183690,福建省,福州市,晋安区,福州市
简约造型(兴元星辰店),鼓山镇浦墘路19号,"119.356064,26.069287",13075959566,福建省,福州市,晋安区,福州市
M6潮剪沙龙(世贸璀璨天城店),世茂·璀璨天城2期北门东90米,"119.340825,26.069075",13850115045,福建省,福州市,晋安区,福州市
崇尚造型(福州晋安区),鼓山镇浦墘路316号金辉东景C区20号楼04店面,"119.353841,26.064245",18350170626,福建省,福州市,晋安区,福州市
简艺SALON(融侨东区A区店),鼓山镇远洋路58号融侨东区a区6号楼1层05店面,"119.342770,26.065982",15880182070,福建省,福州市,晋安区,福州市
你形我塑专业美发(鼓山镇前屿安置商住楼店),福马路453-7号(前屿地铁站B西北口步行270米),"119.348596,26.072805",15806009261,福建省,福州市,晋安区,福州市
QC HOME快剪(五四in象店),秀峰路188号五四in象B1层,"119.323625,26.140062",[],福建省,福州市,晋安区,福州市
丝缔秀,紫阳商住楼西门西北70米,"119.324764,26.079298",15980696220,福建省,福州市,晋安区,福州市
零度造型(世纪金辉小区店),世纪金辉二期49座5号店连福路290号零度造型,"119.355230,26.063028",15960066803,福建省,福州市,晋安区,福州市
升美造型(郭前路店),秀山路316号北尚新宿花园12号08店面,"119.311936,26.133935",0591-87955845,福建省,福州市,晋安区,福州市
森发型,南平东路235号,"119.313275,26.129325",18905917234,福建省,福州市,晋安区,福州市
海岸线专业造型(东二环店),连江北路与南垱路交叉口南140米,"119.330600,26.095384",13599083969,福建省,福州市,晋安区,福州市
奕飞美发沙龙,公元大观商住楼C4-4043,"119.348440,26.070068",13609589341,福建省,福州市,晋安区,福州市
铭都造型(枫丹白鹭店),新店镇西园路26号奇山新苑1号楼,"119.324673,26.124526",[],福建省,福州市,晋安区,福州市
舒曼造型(鼓山大景城店),福马路648号鼓山大景城(上洋地铁站B口步行210米),"119.361726,26.068202",[],福建省,福州市,晋安区,福州市
沐野·造型(世欧王庄广场店),世欧王庄公主塔39楼3912,"119.326125,26.071583",13290986438,福建省,福州市,晋安区,福州市
铭卡诗·烫发·染发(三盛店),三盛国际公园·上东区东北门西北60米,"119.334062,26.142849",[],福建省,福州市,晋安区,福州市
创艺造型(东方纽约店),福光南路260号东方纽约12号楼,"119.355387,26.060966",18506902331,福建省,福州市,晋安区,福州市
蓝茜发型设计形象沙龙(西园新苑1期店),茶园街道火车站西园路西园新苑C1期19号楼店面,"119.323239,26.117219",[],福建省,福州市,晋安区,福州市
刘先生造型美发店(保利天玺店),战坂路536号天城花园B1楼一层S10店面,"119.312571,26.141564",18649861001,福建省,福州市,晋安区,福州市
千丝美造型,国货东路331号英泰商业中心,"119.329225,26.065181",[],福建省,福州市,晋安区,福州市
拾缘快剪(岳峰紫阳店),岳峰南路38-1号紫阳新园,"119.330977,26.079904",[],福建省,福州市,晋安区,福州市
动感领秀会(泰禾广场店),秀峰路423号五四in象3层L310,"119.324562,26.139500",0591-87766299,福建省,福州市,晋安区,福州市
创艺造型(前屿东路店),鼓山镇前屿东路179号福州春天2号03店面,"119.361316,26.065466",18059021630,福建省,福州市,晋安区,福州市
喜来屋美业(鹤林新城店),岳峰镇三八路鹤林新城2座102,"119.333701,26.100596",13799421876;15806085028,福建省,福州市,晋安区,福州市
轩妮诗研发(融侨东区a区店),鼓山镇远洋路58号融侨东区A区13座08店,"119.340904,26.064811",[],福建省,福州市,晋安区,福州市
品恒时尚沙龙(大景城店),鼓山镇福马路大景城3号12店,"119.361774,26.068291",[],福建省,福州市,晋安区,福州市
轻术造型(晋安联发君樾府店),晋安区玉井路86号联发君樾府3号楼D105,"119.353828,26.090798",18059466589,福建省,福州市,晋安区,福州市
福州市晋安区快简美发店(香开连天花园店),福洋路9号香开连天花园3号楼1层09店,"119.357260,26.090177",18850466485,福建省,福州市,晋安区,福州市
六六私人订制美妆造型(泰禾店),东二环泰禾广场8号楼(竹屿地铁站C西南口步行390米),"119.334179,26.092119",[],福建省,福州市,晋安区,福州市
古奇造型(晋安北路店),"晋安北路月琯尾街交叉口东南角晋安新村7座105,古奇造型店内绝味鸭脖楼上","119.316852,26.091314",[],福建省,福州市,晋安区,福州市
A米商务造型(福州晋安区),岳峰镇鹤林新城1栋,"119.333225,26.100312",[],福建省,福州市,晋安区,福州市
钟意造型(世欧王庄十区店),世欧王庄十区象兴路32-18,"119.325152,26.066445",13600899445,福建省,福州市,晋安区,福州市
优尚美容美发(新厦店),秀山路康城二期9号15,"119.308241,26.133244",[],福建省,福州市,晋安区,福州市
玩美沙龙(鹤林新城店),岳峰镇鹤林新城3号楼105单元,"119.333494,26.100658",[],福建省,福州市,晋安区,福州市
老友男士理髪馆,王庄街道华美社区晋连路18号世欧王庄公主塔,"119.326169,26.071683",[],福建省,福州市,晋安区,福州市
八佰伴·美发(保利香槟店),保利香槟国际42栋903单元,"119.336838,26.096351",13003835326,福建省,福州市,晋安区,福州市
10元快剪,象峰一路51号,"119.331598,26.141769",18359155028,福建省,福州市,晋安区,福州市
顶尖时尚造型(五四in象店),坂中路6号五四in象1层,"119.324997,26.140014",15280336075,福建省,福州市,晋安区,福州市
予时造型,西庄路与猫岭路交叉口东北80米,"119.291925,26.134975",[],福建省,福州市,晋安区,福州市
3AM HAIR SALON烫发染发接发(泰禾广场一店),岳峰镇泰禾广场二期18号楼1层店铺,"119.334676,26.091199",[],福建省,福州市,晋安区,福州市
有间·SALON(世茂东望店),塔头支路世茂东望7-115商铺,"119.323226,26.088767",13774553886,福建省,福州市,晋安区,福州市
首帅造型美发工作室,鼓山镇长春路前屿新村8号楼69-11店面,"119.347583,26.069209",13960705849,福建省,福州市,晋安区,福州市
首艺造型(世欧王庄店),世欧王庄,"119.325018,26.071940",15980726126;18850472411,福建省,福州市,晋安区,福州市
PINO品诺美发工作室,南平东路90号二楼,"119.309374,26.128774",15060003971,福建省,福州市,晋安区,福州市
阿兵理发店,鼓山镇樟林路5-1号,"119.366339,26.073404",13860372118,福建省,福州市,晋安区,福州市
伊朵美容美发(三木花园D区店),远洋路192号三木花园D区,"119.343813,26.063447",15980163853,福建省,福州市,晋安区,福州市
MM造型,碧桂园融侨·时代城3号楼,"119.315275,26.117275",13023822348,福建省,福州市,晋安区,福州市
小皇后型色精致沙龙(原前屿店),鼓山镇连福路332号,"119.356298,26.062789",13799971375,福建省,福州市,晋安区,福州市
欧卡美发(鹤林路店),岳峰新城二区1号楼103欧卡美发,"119.333857,26.098614",13055422903,福建省,福州市,晋安区,福州市
新城美发,岳峰新城三区四号楼104,"119.333025,26.098175",17850047795,福建省,福州市,晋安区,福州市
雨果造型·Hugo Hair 烫染(王庄店),世欧王庄公主塔24楼2406,"119.326126,26.071667",13559110813,福建省,福州市,晋安区,福州市
福州市晋安区圣罗兰染烫专门店(茶会路店),茶会路765号龙湖·天璞S1栋商铺(五里亭地铁站B口步行220米),"119.337939,26.075499",13275012178,福建省,福州市,晋安区,福州市
红梅发艺(名桂佳园店),名桂佳园东1门旁,"119.327882,26.114143",15960099781,福建省,福州市,晋安区,福州市
MOCCI慕紫·烫发·染发(东泰禾店),竹屿路与洋头尾路交叉口西240米,"119.335275,26.091375",[],福建省,福州市,晋安区,福州市
V时尚造型(福日新城店),新店镇南平东路福日新城2号18店,"119.300062,26.125184",17683194946,福建省,福州市,晋安区,福州市
哈发族美业,讲堂路132号,"119.325525,26.071125",13959129921,福建省,福州市,晋安区,福州市
木·慕hairsalong(三木都市田园店),三木·都市田园南2门旁,"119.347421,26.063746",15205003305,福建省,福州市,晋安区,福州市
A8造型(乐福苑店),岳峰镇长乐北路111-6号,"119.326889,26.083596",15959088336,福建省,福州市,晋安区,福州市
ZYZhairsalon(东二环泰禾广场店),竹屿路6号泰禾广场西区,"119.335375,26.090925",[],福建省,福州市,晋安区,福州市
大众理发店(桂香街店),桂梅小区3号楼4号铺,"119.320888,26.087120",13860666723,福建省,福州市,晋安区,福州市
闽先生快剪,福新中路151号,"119.330935,26.081203",[],福建省,福州市,晋安区,福州市
九玥美业,鼓山镇秀坂路世茂璀璨天城九栋108,"119.341026,26.069236",13799999385,福建省,福州市,晋安区,福州市
ONLY欧尼造型(南平东路店),福飞北路175号蓝海大厦,"119.301675,26.130775",[],福建省,福州市,晋安区,福州市
唯美形象设计(晋安支路店),金鸡山路9号唯美形象设计,"119.316795,26.093331",18350058827,福建省,福州市,晋安区,福州市
格莱美造型(实达温泉花园店),香槟路16号(斗门地铁站A东北口步行250米),"119.313234,26.105582",15959049976,福建省,福州市,晋安区,福州市
顶尚快剪10元,环北一村北门旁,"119.310219,26.111236",18905019476,福建省,福州市,晋安区,福州市
匠心造型形象沙龙(琴亭湖畔店),南平东路123号琴亭湖畔,"119.307495,26.127419",[],福建省,福州市,晋安区,福州市
惠玲美发店(正荣府B区店),桂山路正荣府b2-110,"119.329653,26.115957",15960197500,福建省,福州市,晋安区,福州市
DK潮牌烫发染发(中天翡翠城店),秀峰路153号中天翡翠城,"119.315125,26.127975",[],福建省,福州市,晋安区,福州市
理享·烫发·染发,连福路57号,"119.348362,26.063434",18559876921,福建省,福州市,晋安区,福州市
风彩造型(岳峰路店),岳前路75号岳峰小区,"119.330712,26.084333",0591-87170585,福建省,福州市,晋安区,福州市
SWARK M+r烫发·染发·发型·设计工作室(世欧店),王庄街道晋连路88号世欧广场公主塔916室,"119.326226,26.071704",13323672538,福建省,福州市,晋安区,福州市
阿航美发(钱隆世家商业街店),招贤路95号,"119.351690,26.067927",13075822095,福建省,福州市,晋安区,福州市
正荣府鑫美姿造型,桂山路正荣府100号S3-204,"119.329713,26.115042",15980258755;15980658958,福建省,福州市,晋安区,福州市
指格专业男士发型沙龙(东二环泰禾广场店),竹屿路6号泰禾广场西区F1层,"119.336608,26.090822",13960798873,福建省,福州市,晋安区,福州市
JACK SALON发型工作室,秀山路110号,"119.304909,26.131413",15060063908,福建省,福州市,晋安区,福州市
喜理(王庄店),晋安南路40-12号,"119.322856,26.073527",15280088210,福建省,福州市,晋安区,福州市
伊梵造型,鼓山镇招贤路8号盛天现代城1号楼13店面伊梵造型,"119.352247,26.071312",13599040608,福建省,福州市,晋安区,福州市
1994发型工作室(福晟钱隆大第店),福马路钱隆大第9号楼30层3006,"119.324783,26.076084",18960791128,福建省,福州市,晋安区,福州市
剪剪吧理发店,东山新苑一区南门西北230米,"119.365282,26.093772",18105031678,福建省,福州市,晋安区,福州市
浪迪造型(紫光公寓砌池店),晋安南路8号紫光公寓2号楼8-4,"119.322659,26.075168",13860609065,福建省,福州市,晋安区,福州市
晓晓美发室,鼓山镇福兴茶会小区17座店面107号,"119.338214,26.079951",13348233386,福建省,福州市,晋安区,福州市
舒罗兰(金晖新村店),鼓山镇连江北路589号金晖新33座A2,"119.336900,26.077655",0591-83635887,福建省,福州市,晋安区,福州市
沐野·造型美甲工作室(五四in象店),新店镇坂中路6号五四in象1期1号楼10层1029室,"119.326125,26.139925",15880021745,福建省,福州市,晋安区,福州市
净颜莉雅新颜美容工作室,岳峰镇横屿路17号东二环泰禾城市广场(一期)7号楼9层923,"119.336288,26.092646",13559100580;18950240352,福建省,福州市,晋安区,福州市
美琪丝工作室(井店路店),新店镇五四北路君临香格里b区6号楼12号店,"119.330524,26.141462",18059763169;18659427967,福建省,福州市,晋安区,福州市
思月美甲工作室,东二环泰禾广场5号楼1523室,"119.334938,26.092740",[],福建省,福州市,晋安区,福州市
知遇美容美甲工作室(公主塔写字楼店),王庄街公主塔309,"119.326042,26.071694",19525910637,福建省,福州市,晋安区,福州市
在左美妆·美学工作室,东泰禾soho,"119.342175,26.090125",[],福建省,福州市,晋安区,福州市
巴黎之星美发沙龙,福洋路蓝光星珀S6-107门店铺,"119.355567,26.089819",[],福建省,福州市,晋安区,福州市
玉之都美容美发形象设计(康城二期店),新店镇秀山路198号源达小区2号楼01号,"119.308551,26.133566",15059474592,福建省,福州市,晋安区,福州市
理享,湖目鱼山路3号院16栋11号店面,"119.350955,26.080763",15959091103,福建省,福州市,晋安区,福州市
品尚造型(兴屿路店),鼓山镇兴屿路汇城雅园8号楼08号店,"119.355015,26.076594",18752893167,福建省,福州市,晋安区,福州市
煜见美发沙龙,茶园街道斗门红星小区26-22号,"119.320718,26.107422",18950585989,福建省,福州市,晋安区,福州市
纤百度形象设计(满洋路店),新店镇满洋路37号家天下二期f组团1号楼1层12店面,"119.325474,26.142910",18960870305,福建省,福州市,晋安区,福州市
风暴发艺(双坂巷),王庄荷园南门西50米,"119.331639,26.069199",13799418318,福建省,福州市,晋安区,福州市
快剪茶会店,后浦路236-5,"119.341400,26.081190",17581701669,福建省,福州市,晋安区,福州市
快剪10元,西园9号楼-3店铺,"119.323689,26.120646",17326553105,福建省,福州市,晋安区,福州市
顺爱发式(福马路店),福马路大名城6座5号店面大名城公交车站后面,"119.328525,26.076425",13799989819,福建省,福州市,晋安区,福州市
雪梅理发店,鼓山镇浦墘路19号兴元星辰,"119.358770,26.069060",13960781778,福建省,福州市,晋安区,福州市
忘不了造型(瑞城花园店),长乐北路83号瑞城花园,"119.327328,26.087155",15060437159,福建省,福州市,晋安区,福州市
慕野美容美发(奇山新苑店),西园路26号奇山新苑2号楼慕野美容美发,"119.325035,26.124763",13175637710,福建省,福州市,晋安区,福州市
新艺造型设计,新城卓越公馆7号楼288号沿街,"119.308795,26.137932",18150789535,福建省,福州市,晋安区,福州市
慕丝私人定制(实达温泉花园店),茶园路8-18号(斗门地铁站B西北口步行220米),"119.312102,26.105259",13799365909,福建省,福州市,晋安区,福州市
琳娜烫染潮店,塔头路328号顺意园(三角池地铁站B口步行250米),"119.323322,26.090147",19859103582,福建省,福州市,晋安区,福州市
艺秀美发沙龙(福光南路店),福光南路康居康园6-06店,"119.358928,26.067462",13075876688,福建省,福州市,晋安区,福州市
艳丽美发,华林路366号彩虹铺景A座架空层02店面,"119.316141,26.106022",13696844705,福建省,福州市,晋安区,福州市
艺发造型(紫阳新园店),岳峰南路38-1号紫阳新园4座,"119.330126,26.079817",18033910591,福建省,福州市,晋安区,福州市
丝沐美发(果岭生活A区店),果岭生活A区2座,"119.314594,26.130197",13023889686,福建省,福州市,晋安区,福州市
云燕美发店,北二环中路与香槟北路交叉口北50米,"119.313812,26.109572",18250341823,福建省,福州市,晋安区,福州市
诗恩造型,连洋西路中海金玺07商业诗恩造型,"119.341980,26.070679",17706981694,福建省,福州市,晋安区,福州市
奈美造型美发店,大东海晋棠郡s3-5商业,"119.350425,26.076975",18759393008,福建省,福州市,晋安区,福州市
美约形象设计(世欧王庄十区店),象兴路32-8,"119.324691,26.066347",18250496248,福建省,福州市,晋安区,福州市
发艺造型(福州晋安区),连江北路589号金晖新村28栋16号店,"119.337281,26.077775",0591-83926931,福建省,福州市,晋安区,福州市
瑞美美业(茶会店),官前路30号福兴茶会小区,"119.341515,26.080759",13696861759,福建省,福州市,晋安区,福州市
岳峰珍珍美发(九龙城店),岳峰镇三八路6号龙事达华温泉花园二区2号楼1层店面,"119.326336,26.094403",15392016853;18259189979,福建省,福州市,晋安区,福州市
姚剪阿彬造型(融侨东区C区店),连洋西路108号09店面,"119.342085,26.068844",13665025789,福建省,福州市,晋安区,福州市
鑫艺美发(东方水都店),鼓山镇远洋路508号东方水都4座,"119.352445,26.062658",18060689159,福建省,福州市,晋安区,福州市
欧简美发造型工作室(罗马假日花园店),茶园街道晋安北路6号罗马假日花园1楼,"119.313437,26.102515",13055776609,福建省,福州市,晋安区,福州市
聚美理发店,融侨悦城5号楼102店面,"119.338352,26.095979",15060088216,福建省,福州市,晋安区,福州市
吉米造型(山北路店),新店镇山北路381号,"119.340046,26.136158",15880154208,福建省,福州市,晋安区,福州市
啊进美发工作室,桂山路名桂佳园外侧9号楼32号店面,"119.328149,26.114032",13859024197,福建省,福州市,晋安区,福州市
尚剪造型(王庄店),岳峰南路38-1号紫阳新园,"119.329786,26.079773",15080498802,福建省,福州市,晋安区,福州市
舒心美发店,沁园支路桂山公寓北(福铁桂山新村西南),"119.328861,26.112636",13559162671,福建省,福州市,晋安区,福州市
ABC造型旗舰店,福新中路90号新华商场1层144号,"119.325613,26.081819",[],福建省,福州市,晋安区,福州市
立型男士国潮理发馆(公主塔店),王庄街道平安银行(福州王庄支行)世欧王庄公主塔6楼612,"119.326122,26.071574",[],福建省,福州市,晋安区,福州市
朱先生男士理发馆(汽运宿舍店),鼓山镇官前路9号2号店,"119.338401,26.079644",[],福建省,福州市,晋安区,福州市
私人订制男士美发馆,讲堂路183号世欧广场王子塔F6层,"119.326370,26.068934",[],福建省,福州市,晋安区,福州市
LY男士剪吧,三八路与岳峰路交叉口东40米,"119.331412,26.082690",[],福建省,福州市,晋安区,福州市
彩虹美容美发,华林路彩虹铺景B座后面,"119.316129,26.106307",[],福建省,福州市,晋安区,福州市
茉莉hairsalon(公主塔店),讲堂路183号王子塔6楼610室,"119.326375,26.068925",[],福建省,福州市,晋安区,福州市
新星美发屋(铁六小区店),铁六小区东南门东北100米,"119.325357,26.108698",13774508835,福建省,福州市,晋安区,福州市
AD造型(福晟·钱隆首府店),福马路159号福晟·钱隆首府,"119.327325,26.074875",[],福建省,福州市,晋安区,福州市
DK潮牌造型连锁,站前路98号盛景新村,"119.324075,26.109975",[],福建省,福州市,晋安区,福州市
优剪,桂山路与境下路交叉口东南20米,"119.329125,26.113675",[],福建省,福州市,晋安区,福州市
Coco造型(横屿鳝溪佳园店),化工路横屿鳝溪佳园8号楼104,"119.362426,26.090947",[],福建省,福州市,晋安区,福州市
沐颜·匠人发型设计,星旺路尚城建筑52号,"119.457846,25.989577",0591-83688339,福建省,福州市,马尾区,福州市
SO HAIR(名城中心店),马尾镇儒江西路名城中心7号门,"119.398840,26.018115",18506076489,福建省,福州市,马尾区,福州市
米崎造型(马尾正荣财富中心店),正荣财富中心商场一楼米崎造型,"119.459414,25.993482",13365044154,福建省,福州市,马尾区,福州市
星秀美发,马尾街道江滨大道68号名城港湾二区85号-87号连接体一层21店面,"119.393851,26.019855",15880025152,福建省,福州市,马尾区,福州市
壹佳美发儒江分店,儒江东路97号,"119.417799,26.016569",17689343439,福建省,福州市,马尾区,福州市
发之轩(马尾店),罗星路49-51号,"119.457616,25.989542",15959005263,福建省,福州市,马尾区,福州市
京美(名城中心店),马尾镇东方名城名城中心永辉超市旁(1F-150店),"119.398466,26.017603",[],福建省,福州市,马尾区,福州市
壹佳美发(东方名城尚郡店),魁岐路68-30号,"119.393332,26.023389",17689343439,福建省,福州市,马尾区,福州市
星期八美发(银河湾店),银河湾大门口右侧二楼,"119.422625,26.014625",[],福建省,福州市,马尾区,福州市
丽都时尚造型(西提丽府店),罗星街道君竹路47号西提丽府,"119.457585,25.989559",[],福建省,福州市,马尾区,福州市
星期八美甲美发正荣店,正荣财富中心1层30商铺,"119.459799,25.992907",18650733525,福建省,福州市,马尾区,福州市
80时尚(名郡店),名郡西南2门西北130米,"119.415772,26.018017",13075900570,福建省,福州市,马尾区,福州市
神马造型(正荣御品中央店),建星路168号,"119.460514,25.992438",17605914591;17605917615,福建省,福州市,马尾区,福州市
巷子理美发工作室,葆桢路111-57号,"119.407442,26.022533",13774608127,福建省,福州市,马尾区,福州市
壹佳美发(紫金轩店),儒江西路61-29,"119.404657,26.018765",13950311923,福建省,福州市,马尾区,福州市
巨星美发专家(君竹路店),君竹路178-2号,"119.459291,25.996210",18559102385,福建省,福州市,马尾区,福州市
TH美发(儒江店),马尾镇儒江东路62号名城港湾三区20号楼1层46店面,"119.420476,26.015756",13225018958;15260171877,福建省,福州市,马尾区,福州市
漂亮宝贝美容美发(建星路店),罗星街道罗建路108号,"119.459374,25.987072",13960769141,福建省,福州市,马尾区,福州市
星期八康雅旗舰店,儒江东路62号名城港湾三区23号1楼一层34店面,"119.421893,26.013118",[],福建省,福州市,马尾区,福州市
型匠造型沙龙(罗建路店),罗建路5号安顺楼F1层,"119.457176,25.988057",13514074144;18559876458,福建省,福州市,马尾区,福州市
至尊美发(福州马尾区),罗新西路68号阳光花都二号楼1层02店面,"119.462670,25.990484",18040667740,福建省,福州市,马尾区,福州市
港派时尚发型工作室(凯隆·橙仕公馆2栋店),马尾镇东方名城永辉超市旁,"119.399362,26.021284",15880493893,福建省,福州市,马尾区,福州市
发裁轩形象沙龙(联安路店),马尾镇马尾联安路128号,"119.448320,25.990984",15860829810,福建省,福州市,马尾区,福州市
发源帝专业烫染,君竹路41号,"119.455158,25.987772",15659182988,福建省,福州市,马尾区,福州市
兴造型(尚郡店),鬼魁岐路马尾镇东方名城尚郡小区13号09店面,"119.392406,26.023678",15060085094,福建省,福州市,马尾区,福州市
美丽人生(琅岐店),红旗路与商运线交叉口西40米,"119.585680,26.085548",[],福建省,福州市,马尾区,福州市
骄典美发沙龙(福州马尾区),红旗路与八一七街交叉口东南160米,"119.574888,26.087755",[],福建省,福州市,马尾区,福州市
牵手专业染烫,红旗路与三商线交叉口西60米,"119.583583,26.085585",[],福建省,福州市,马尾区,福州市
妞妞798专业美发,农旗村委会东北侧160米,"119.578914,26.085568",[],福建省,福州市,马尾区,福州市
星期八美容美甲(名城中心店),[],"119.398457,26.018072",0591-62760700,福建省,福州市,马尾区,福州市
动感金剪子,红旗路与三商线交叉口西200米,"119.582227,26.085122",[],福建省,福州市,马尾区,福州市
型人坊HAIR•SALON•剪发•烫染设计(儒江东路店),儒江东路62号名城港湾三区25号楼1层24号店面,"119.423145,26.014246",18559914790,福建省,福州市,马尾区,福州市
渝丰造型(东方名城尚郡店),马尾镇魁岐路68号名城港湾五区16楼1层04商业,"119.394330,26.024245",15659791771,福建省,福州市,马尾区,福州市
简呗专业理发烫发(招商雍景湾店),儒江东路与朏头路交汇处10号招商雍景湾,"119.437078,26.004129",13706985935,福建省,福州市,马尾区,福州市
名城美业(名城·紫金轩店),名城·紫金轩东门旁,"119.404853,26.018130",18985352728,福建省,福州市,马尾区,福州市
兴造型(新店),鬼魁岐路马尾镇东方名城小区11号10店面,"119.393954,26.023190",15060085094,福建省,福州市,马尾区,福州市
AD快剪(沿山店),上岐路福星新村,"119.455962,25.990731",15060421828,福建省,福州市,马尾区,福州市
玖玖(名城珑域店),葆桢路111-107号,"119.406899,26.024193",15396063099,福建省,福州市,马尾区,福州市
快剪,罗建路40号,"119.457387,25.988359",15659751880,福建省,福州市,马尾区,福州市
喜理美发店,马尾镇儒江东路阳光城SOHO福客来超市旁边,"119.437773,26.003521",13960712078,福建省,福州市,马尾区,福州市
梦得娇沙龙(济安苑店),罗星街道济安路16号济安苑,"119.462397,25.986310",13675060856,福建省,福州市,马尾区,福州市
魅力金剪(江滨锦城秋实苑店),江滨锦城秋实苑8座,"119.418201,26.016839",15806042520;18965086331,福建省,福州市,马尾区,福州市
艺剪坊(阳光城·山与海A区店),马尾镇儒江东路135号阳光城山与海6号楼05号店面,"119.442506,25.999813",15205093291;15205903291,福建省,福州市,马尾区,福州市
金剪刀造型(英华园店),罗星路37号,"119.461263,25.985994",15060194518,福建省,福州市,马尾区,福州市
玳玲造型美容养生(马尾店),儒江东路62号名城港湾三区20井楼1层39号店面,"119.420858,26.015707",0591-62762383;13655028614,福建省,福州市,马尾区,福州市
艺佳造型,亭江镇锦洲路48号店面,"119.507214,26.068813",13600818019,福建省,福州市,马尾区,福州市
艾美时尚造型(正荣御品中央店),上岐路168号正荣御品中央,"119.459556,25.993121",13950379526,福建省,福州市,马尾区,福州市
哥弟造型,马尾镇游子超市旁边,"119.417719,26.029171",15280170501,福建省,福州市,马尾区,福州市
尚酷发(名城银河湾店),名城银河湾20号楼儒江东路40号店面,"119.420852,26.015574",18850374583,福建省,福州市,马尾区,福州市
转角美发(中环自贸广场店),罗星西路80号中环自贸广场F1层,"119.465447,25.992919",13055273612,福建省,福州市,马尾区,福州市
首艺造型(西提丽府店),君竹路47号帝豪花园10号楼15号,"119.457812,25.989416",13395008750,福建省,福州市,马尾区,福州市
丝雅美发,马尾镇联安路83号,"119.448325,25.990856",15359011600,福建省,福州市,马尾区,福州市
艺剪时尚造型(宝马花园店),宝马花园东北门旁,"119.460575,25.985866",13665028464,福建省,福州市,马尾区,福州市
发缘(江滨锦城秋实苑店),快安路50号江滨锦城秋实苑9号楼06号铺,"119.418655,26.016623",15959186745,福建省,福州市,马尾区,福州市
丝源美发,亭江镇象洋公寓是300-2,"119.513748,26.080564",18046068392,福建省,福州市,马尾区,福州市
风采理发店,沿山东路159号,"119.456305,25.991450",18150800101,福建省,福州市,马尾区,福州市
精苹果理发店(阳江瑞景店),马尾镇江滨东大道阳江瑞景小区B座,"119.440536,26.000557",13685005857;15806082006,福建省,福州市,马尾区,福州市
NICE奈斯造型(东方名城尚郡店),魁岐路68-36,"119.393761,26.023359",13055762308,福建省,福州市,马尾区,福州市
剪艺(星旺路店),君竹路47号帝豪花园1栋,"119.458804,25.988806",15394522501,福建省,福州市,马尾区,福州市
102男士理发馆,马尾镇名郡小区37栋104号,"119.414749,26.018679",18305931089,福建省,福州市,马尾区,福州市
妖界美发,旺岐境新苑西北门西南180米,"119.443631,25.997461",[],福建省,福州市,马尾区,福州市
拾缘快剪,罗星街道君竹路47号西提丽府,"119.457450,25.989636",[],福建省,福州市,马尾区,福州市
蚂蚁美发(凯隆广场店),马尾镇宗棠路18号凯隆·橙仕公馆,"119.399144,26.020873",[],福建省,福州市,马尾区,福州市
圣都美发设计,亭江新街7号,"119.510820,26.070783",[],福建省,福州市,马尾区,福州市
哆咪咪剪吧(君竹路店),罗建路与步行街交叉口东南100米,"119.457070,25.988129",[],福建省,福州市,马尾区,福州市
兴旺理发店,马尾前街2号楼,"119.448264,25.990954",18396138748,福建省,福州市,马尾区,福州市
创意精剪(名郡店),名郡南门西50米,"119.414914,26.018205",[],福建省,福州市,马尾区,福州市
缘发时尚造型设计,立马花园北门南150米,"119.459450,25.997277",[],福建省,福州市,马尾区,福州市
喜理美发造型,上岐路168号正荣御品中央,"119.460609,25.994384",[],福建省,福州市,马尾区,福州市
名都美发设计室,马尾镇江滨大道南侧福益新村四栋,"119.446494,25.990943",18960953052,福建省,福州市,马尾区,福州市
佳艺美发,罗星街道君竹路172号三鑫·财富中心,"119.458499,25.995511",[],福建省,福州市,马尾区,福州市
创意靓发,快安路与马江路交叉口南160米,"119.421516,26.018949",[],福建省,福州市,马尾区,福州市
意莎造型(天马花园店),君竹路9号天马花园,"119.454510,25.986775",13635288254,福建省,福州市,马尾区,福州市
柯琳造型,快安路与马江路交叉口东北60米,"119.422826,26.020924",[],福建省,福州市,马尾区,福州市
青禾私人形象定制工作室(名城·紫金轩店),儒江西路61号八区16号楼1层08店铺,"119.402601,26.018918",15756377855,福建省,福州市,马尾区,福州市
丝情发艺(安居佳苑店),马尾镇快安村安居佳苑1栋楼,"119.423449,26.024744",15806049131,福建省,福州市,马尾区,福州市
再回首造型(易安居小区店),青洲路26号易安居小区6店再回首造型,"119.465145,25.995990",13625083457,福建省,福州市,马尾区,福州市
SK发廊(马尾店),马尾区-罗星街道建星路168号正荣御品商住中心(正荣.御品中央)D6楼1层05复式商业,"119.460281,25.994438",[],福建省,福州市,马尾区,福州市
Hi理好美发美甲,Hi理好美发店,"119.462464,26.003698",17310409857,福建省,福州市,马尾区,福州市
So时尚造型,104国道与石狮路交叉口东140米,"119.418059,26.029373",13774588543,福建省,福州市,马尾区,福州市
柚米造型,快安路128号名城港湾B地块18号楼1层06店面,"119.418266,26.014245",18759170778,福建省,福州市,马尾区,福州市
星工坊美发(东方·名城天鹅堡店),马尾镇东方名城天鹅堡73栋店面,"119.391426,26.020839",0591-83969986;13675012712,福建省,福州市,马尾区,福州市
米兰造型(名城中心店),马尾镇名城中心北区商业楼145号(85度C对面),"119.398253,26.018132",[],福建省,福州市,马尾区,福州市
如意时尚烫染,新街与亭头康庄路交叉口东100米,"119.507848,26.069926",[],福建省,福州市,马尾区,福州市
尚引吧美发沙龙,104国道与中垱路交叉口北140米,"119.422190,26.026278",[],福建省,福州市,马尾区,福州市
e剪,快安大道45-3,"119.420327,26.017108",[],福建省,福州市,马尾区,福州市
格调造型(新街店),新街与琴片路交叉口西南80米,"119.508357,26.069847",[],福建省,福州市,马尾区,福州市
阿云美发,福马路与快洲路交叉口东260米,"119.410064,26.030240",[],福建省,福州市,马尾区,福州市
留芳美发美容,江滨东大道115号,"119.446377,25.990964",[],福建省,福州市,马尾区,福州市
几禾造型(名城中心店),马尾镇江滨东大道68-8号南区商业楼一层05号一单元商铺,"119.399068,26.017699",[],福建省,福州市,马尾区,福州市
创意精剪(快安路店),儒江东路名郡,"119.420593,26.017564",[],福建省,福州市,马尾区,福州市
新发点美发店,凤窝村十字街23号,"119.601466,26.121897",13805040405,福建省,福州市,马尾区,福州市
聚美时尚美发(魁岐佳园店),魁岐家园3号店面,"119.389854,26.024114",13959304304,福建省,福州市,马尾区,福州市
酷hair salon(招商江悦府店),快安朏头路2号招商江悦府,"119.434819,26.006081",[],福建省,福州市,马尾区,福州市
顶尚美发(帝豪花园店),君竹路47号帝豪花园,"119.458218,25.989212",[],福建省,福州市,马尾区,福州市
出发点造型(正荣御品中央店),上岐路168号正荣御品中央,"119.460517,25.994544",13055737398,福建省,福州市,马尾区,福州市
顶剪美发,红旗路与八一七街交叉口西北80米,"119.575531,26.086671",[],福建省,福州市,马尾区,福州市
小林美发室(沿山东路店),沿山东路19号沿山新村,"119.454422,25.988307",[],福建省,福州市,马尾区,福州市
梵壹沙龙·染发烫发(福州名城中心店),江滨东大道68名城城市广场F一层,"119.398525,26.018825",[],福建省,福州市,马尾区,福州市
喜理美发设计沙龙(名城珑域店),葆桢路111-21号,"119.405741,26.023233",15790575428,福建省,福州市,马尾区,福州市
BF时尚沙龙(锦洲新村金福楼店),亭江镇锦洲支路锦洲新村金福楼,"119.507448,26.068305",13067317696,福建省,福州市,马尾区,福州市
金悦理发(凯兴花园店),星达路28号凯兴花园,"119.461615,25.994406",18750728819,福建省,福州市,马尾区,福州市
巨星美发专家(君竹路店),君竹路158号,"119.458175,25.994200",[],福建省,福州市,马尾区,福州市
星动造型,琅岐镇海屿东侨新村19号,"119.612184,26.070339",13818675191,福建省,福州市,马尾区,福州市
酷美理发店,长洋路与溪里路交叉口东北240米,"119.540191,26.103858",[],福建省,福州市,马尾区,福州市
流行密码理发店,中庚·香海世界,"119.562672,26.079001",13656950552,福建省,福州市,马尾区,福州市
简·发剪艺坊,沿山东路福星新村133号,"119.456020,25.990986",[],福建省,福州市,马尾区,福州市
V1造型(名城国际店),江滨东大道128号名城国际,"119.418594,26.014856",13805017614,福建省,福州市,马尾区,福州市
纯剪派(东方名城尚郡店),魁岐路68号东方名城尚郡,"119.394308,26.024076",[],福建省,福州市,马尾区,福州市
贵族一品娟美发造型(江滨东大道店),江滨路福兴新村1号楼10号店,"119.447008,25.991185",15959044538,福建省,福州市,马尾区,福州市
发丝缘,云龙路与云龙外街交叉口东20米,"119.638962,26.077285",13950257009,福建省,福州市,马尾区,福州市
悦享烫染沙龙(东方·名城天鹅堡店),江滨东大道68号名城港湾二区82号楼下一层40号,"119.394454,26.019490",15980152260,福建省,福州市,马尾区,福州市
湘邵理发店,联安路4-114号附近,"119.448386,25.990902",[],福建省,福州市,马尾区,福州市
李谨理发店,岩山东路145号,"119.456165,25.991240",[],福建省,福州市,马尾区,福州市
80时尚(东方名城店),东方名城天鹅堡43店,"119.394378,26.019190",13960913571,福建省,福州市,马尾区,福州市
焕界私美名媛美容美发,东方·名城温莎堡东门西北130米,"119.395448,26.019533",[],福建省,福州市,马尾区,福州市
TH美发(马尾店),君竹支路与君竹路交叉口东140米,"119.460089,25.994161",[],福建省,福州市,马尾区,福州市
亮点美学沙龙(商贸大楼店),商贸大楼,"119.505342,26.070606",[],福建省,福州市,马尾区,福州市
新红太阳美容美发,琅岐镇衙前街212号,"119.575373,26.087032",[],福建省,福州市,马尾区,福州市
七彩美发造型烫染店,官板路与乐园路交叉口北80米,"119.511064,26.072245",13509310734,福建省,福州市,马尾区,福州市
零创美发店,快洲南路8-50,"119.407704,26.022356",18033934386,福建省,福州市,马尾区,福州市
童发精灵专业儿童理发造型(名城中心店),儒江西路111-1号,"119.398163,26.018058",13960797715,福建省,福州市,马尾区,福州市
美艺造型(名城珑域店),葆桢路111号名城珑域,"119.405902,26.023940",[],福建省,福州市,马尾区,福州市
美之选理发店(兴业路店),快安村文图山278-9,"119.417409,26.029237",13055414558,福建省,福州市,马尾区,福州市
He·ye剪发烫染,阳光城·山与海A区西1门旁,"119.442975,25.999425",[],福建省,福州市,马尾区,福州市
布兰琪Burch·星期八美容美发,悦和巷与儒江西路交叉口东南140米,"119.398317,26.017989",[],福建省,福州市,马尾区,福州市
臻臻理发,104国道与石狮路交叉口东140米,"119.418173,26.029405",18396135057,福建省,福州市,马尾区,福州市
顶点造型(阳光花都店),罗星西路68-6号,"119.462531,25.989373",[],福建省,福州市,马尾区,福州市
艾美时尚造型,新街与琴片路交叉口西60米,"119.508497,26.070239",[],福建省,福州市,马尾区,福州市
杨明理发店,新街与环乡路交叉口西南40米,"119.509862,26.070250",[],福建省,福州市,马尾区,福州市
剪艺造型,琅岐镇荣光村下磨36号,"119.618762,26.096181",18850482621,福建省,福州市,马尾区,福州市
唯美时尚造型(沿山东路店),近郊君竹路12号鸿瑞苑2号楼09号铺,"119.453903,25.987440",[],福建省,福州市,马尾区,福州市
倩倩发型设计(沿山东路店),沿山东路91号,"119.455517,25.990179",[],福建省,福州市,马尾区,福州市
时代·美发造型,琅岐镇争丰村八一七街16号二楼,"119.580028,26.085197",15980200201,福建省,福州市,马尾区,福州市
依贞美发室,锦洲路与洪塘路交叉口西北40米,"119.506975,26.068875",[],福建省,福州市,马尾区,福州市
快剪,亿载金城,"119.457875,25.992475",[],福建省,福州市,马尾区,福州市
禾木造型,马尾镇儒江东路28号名城映江,"119.418340,26.017867",[],福建省,福州市,马尾区,福州市
新匠美发,罗星街道沿山东路143号福星新村,"119.456275,25.991175",[],福建省,福州市,马尾区,福州市
川妹子理发店,104国道与石狮路交叉口东北280米,"119.418925,26.030525",[],福建省,福州市,马尾区,福州市
梧桐美发舍,沿山东路9-1号,"119.453472,25.986897",[],福建省,福州市,马尾区,福州市
简艺美发店,亭江镇长安投资区长洋路95号海西假日湾,"119.516625,26.075475",[],福建省,福州市,马尾区,福州市
全新剪发模式,君竹路8-1号安福楼小区,"119.453223,25.985989",[],福建省,福州市,马尾区,福州市
阿海美发,儒江东路与朏头路交叉口西北100米,"119.434275,26.006325",[],福建省,福州市,马尾区,福州市
非剪造型,红旗路与三商线交叉口西280米,"119.581525,26.084875",[],福建省,福州市,马尾区,福州市
快剪10元,魁岐小区1区,"119.389241,26.024386",[],福建省,福州市,马尾区,福州市
四川理发店,沿山东路92号凤祥小区,"119.455054,25.990254",[],福建省,福州市,马尾区,福州市
原溯hair salon(望海潮小区店),望海潮2号楼05商铺,"119.463157,25.991126",[],福建省,福州市,马尾区,福州市
独美时尚造型,沿山东路与沿山六弄交叉口东20米,"119.455464,25.989953",[],福建省,福州市,马尾区,福州市
小丑+剪刀=您靓了,三商线与红旗路交叉口西北20米,"119.584009,26.085641",[],福建省,福州市,马尾区,福州市
靓点美容美发沙龙,吴庄街与红旗路交叉口西260米,"119.594693,26.085769",[],福建省,福州市,马尾区,福州市
优装家,君竹路与星发路交叉口西60米,"119.456223,25.991529",[],福建省,福州市,马尾区,福州市
美都美发造型(沿山东路店)(暂停营业),沿山东路174号,"119.455400,25.990448",[],福建省,福州市,马尾区,福州市
发现美(锦洲路店),锦洲新村金福楼西南门旁,"119.507454,26.068206",[],福建省,福州市,马尾区,福州市
发财·美甲Nail Studio(正荣财富中心店),正荣财富中心16号楼,"119.459010,25.993519",[],福建省,福州市,马尾区,福州市
爱尚美工作室,亭江镇新街32号,"119.508966,26.070024",15060011619,福建省,福州市,马尾区,福州市
野有蔓草美睫美甲工作室,招商江悦府2号楼10楼1015室,"119.434334,26.006658",13609515145,福建省,福州市,马尾区,福州市
此时化妆工作室,马尾镇宗棠路18号凯隆·橙仕公馆,"119.399125,26.021075",[],福建省,福州市,马尾区,福州市
安芯造型嫁纱礼服工作室(观海国际公馆店),罗星西路17号观海国际A栋413,"119.459229,25.984183",15306972006;15359739711,福建省,福州市,马尾区,福州市
蔻曼熙形象店,君竹路47号帝豪花园,"119.457590,25.988122",[],福建省,福州市,马尾区,福州市
爵尚形象店,快安朏头路2号招商江悦府,"119.434331,26.006532",18250977675,福建省,福州市,马尾区,福州市
珂娅斯形象店,君竹路47号帝豪花园,"119.457795,25.988036",[],福建省,福州市,马尾区,福州市
期五新生代男士发型(旗山大学城店),国宾大道103号永嘉天地一层(汉堡王右拐),"119.201348,26.069462",17689940545,福建省,福州市,闽侯县,福州市
藤野造型(正荣财富中心旗舰店),上街镇新保路28号正荣·福州正荣财富中心2号楼3层B3009,"119.219085,26.018590",0591-38260569,福建省,福州市,闽侯县,福州市
壹发(永嘉天地店),上街镇国宾大道268号永嘉东百生活城16号楼1F-A0002-1店铺,"119.201200,26.069597",19959939791,福建省,福州市,闽侯县,福州市
设计师V8美发屋烫头染发接发(东百城永嘉天地店),东百永嘉4号楼7-2店面(游乐场旁),"119.200686,26.070062",13044581885,福建省,福州市,闽侯县,福州市
VVsalon接发烫染连锁(钱隆城店),上街镇源通东路118号福晟钱隆城,"119.196403,26.075944",15059104859,福建省,福州市,闽侯县,福州市
好先生理发馆烫发染发接发(永嘉天地店),国宾大道268号永辉城市生活广场103号店面,"119.200640,26.070707",13044581885,福建省,福州市,闽侯县,福州市
上古造型(东百城-永嘉天地店),国宾大道268-1永嘉天地幸福里,"119.200471,26.070095",0591-23510591,福建省,福州市,闽侯县,福州市
亚木烫发染发Yamu Style(祥禾天地金街店),祥禾天地109铺,"119.227077,25.995951",13043519109,福建省,福州市,闽侯县,福州市
沙炫美业(甘蔗世茂店),甘蔗街道民俗园路25号(世茂·上游墅二期西2门西北70米),"119.152978,26.139170",13459153282,福建省,福州市,闽侯县,福州市
Colour Opal智慧沙龙(金街形象店),祥禾公社19号楼118铺,"119.226270,25.996145",15750819119,福建省,福州市,闽侯县,福州市
凌风造型(福大旗舰店),岐安福大学生街(猪师弟炸蘑菇),"119.192132,26.060163",15880103086,福建省,福州市,闽侯县,福州市
MOCCI慕紫·烫发·染发(祥禾天地店),南屿镇乌龙江南大道69号祥禾天地商场1号门2层2033室,"119.226875,25.997075",13305009053,福建省,福州市,闽侯县,福州市
ACR发型设计烫染店(东百永嘉福禄坊店),上街镇工贸路103福禄坊20号楼106号,"119.201156,26.073279",15659799459,福建省,福州市,闽侯县,福州市
智慧沙龙Colour Opal(祥禾天地店),南屿镇乌龙江南大道69号祥禾天地4楼4002号,"119.227154,25.996745",15705998181,福建省,福州市,闽侯县,福州市
型色沙龙ColorSalon(福州大学城师大店),广贤路60号荷塘名郡,"119.204425,26.032775",18106926913,福建省,福州市,闽侯县,福州市
蓝调造型(钱隆店),上街镇源通东路(福晟钱隆公馆)77-29号,"119.194703,26.073411",18960858679,福建省,福州市,闽侯县,福州市
沙炫美业(西海岸店),甘蔗街道滨城大道100-30号(阳光城西海岸A区西南门旁),"119.159280,26.131286",13859052829,福建省,福州市,闽侯县,福州市
型色沙龙Color Salon(福州闽侯万家广场店),甘蔗街道横街59号万家广场F2层,"119.138530,26.145938",19835568225,福建省,福州市,闽侯县,福州市
叁拾柒度造型(博雅星城康园店),青口镇博雅星城新城路62-217,"119.376395,25.899777",13599954258,福建省,福州市,闽侯县,福州市
格蓝美造型(师大文化街店),大学城师范大学旗山校区校内文化街二楼格蓝美造型,"119.208808,26.035162",[],福建省,福州市,闽侯县,福州市
精剪刀美发造型(校园店),福建省福州市闽侯县甘蔗街道甘洲路346精剪刀,"119.140804,26.147728",13950352500;15750812730,福建省,福州市,闽侯县,福州市
SOHALR美发店(永嘉天地店),上街镇国宾大道268号东百城永嘉天地一楼1035号商铺,"119.201057,26.069181",[],福建省,福州市,闽侯县,福州市
剪约造型-烫染纹身绣眉,上街镇金桥新上街23-9号,"119.205117,26.073395",15659137313,福建省,福州市,闽侯县,福州市
蓝调造型(甘蔗店),甘蔗街道昙石山中大道118号新城丽景A区1号楼107,"119.151725,26.141830",18060533709,福建省,福州市,闽侯县,福州市
超会染·只做染发(永嘉天地店),上街镇国宾大道268号东百城永嘉天地16号楼第3层,"119.201139,26.069260",13358282285;13950362629,福建省,福州市,闽侯县,福州市
艺境美业,甘蔗街道学院路27号闽侯世贸滨江新城商业4号楼102号,"119.151558,26.138081",13696854165,福建省,福州市,闽侯县,福州市
永嘉格蓝美(永嘉天地店),上街镇工贸路永嘉天地3号楼3层3036商铺,"119.201225,26.069325",13950362629,福建省,福州市,闽侯县,福州市
创新造型,上街镇高新苑B区24栋,"119.212752,26.041789",15105060069,福建省,福州市,闽侯县,福州市
想你美发沙龙(高新万达店),乌龙江南大道69号祥禾天地F1层,"119.226925,25.995775",18396139513;18850134008,福建省,福州市,闽侯县,福州市
U美学hairsalon(中海寰宇天下店),上街镇高新大道1-1号中海囊宇天下46号楼1层121,"119.217225,26.049425",17281166519,福建省,福州市,闽侯县,福州市
立型·男士国潮理发馆(福州大学城店),上街镇国宾大道268-1号永辉城市生活广场2号楼1层1店面,"119.201384,26.071120",13599925015,福建省,福州市,闽侯县,福州市
风起美发沙龙(师大店),上街镇广贤路16号荷塘名郡11-101-103-2F,"119.205037,26.032618",[],福建省,福州市,闽侯县,福州市
风起男士发型沙龙,上街镇国宾大道268-1号永辉城市生活广场5号楼3店面,"119.201227,26.069736",18060845319,福建省,福州市,闽侯县,福州市
蓝调造型(万家店),甘蔗街道横街108号,"119.137545,26.145424",18960938370,福建省,福州市,闽侯县,福州市
发丝源专业烫发染发接发(上街店),上街永嘉天地购物广场一层11号店面,"119.200880,26.070860",18850715723,福建省,福州市,闽侯县,福州市
color me烫染工作室(师大店),上街镇广贤路6-11号福州汽车客运西站,"119.206357,26.038883",15060061395;15280032042,福建省,福州市,闽侯县,福州市
俏西施头疗馆(永嘉店),国宾大道268号永嘉天地城市生活广场,"119.200763,26.071099",17705914846,福建省,福州市,闽侯县,福州市
COCO造型(东百永嘉店),上街镇大学城永嘉天地14号楼1910,"119.199627,26.069427",13959114568,福建省,福州市,闽侯县,福州市
雅淇造型(广贤路店),上街大学城科技路第六栋第1层第4店雅淇造型(大众之家宾馆旁),"119.205579,26.034577",0591-22862693,福建省,福州市,闽侯县,福州市
蓝调造型(青口店),青口镇农光村新城路博雅星城13号楼一层店面,"119.374504,25.900250",19906930405,福建省,福州市,闽侯县,福州市
爵色造型(福州闽侯县),上街镇榕桥村超山61-102号,"119.164827,26.068070",15960125755,福建省,福州市,闽侯县,福州市
Stand·替身,广贤路99-13,"119.200949,26.024518",18950468825,福建省,福州市,闽侯县,福州市
3H,上街镇红峰社区居委会宪窗2号,"119.188834,26.083767",15980231429,福建省,福州市,闽侯县,福州市
ONLY·唯一·烫发·染发·接发Hair Salon,国宾大道268-1永嘉天地幸福里,"119.201128,26.070618",[],福建省,福州市,闽侯县,福州市
一嘉美发美甲,国宾大道83-4,"119.204805,26.068316",15705910415,福建省,福州市,闽侯县,福州市
澜悦沙龙造型,街心路首邑步行街32号,"119.141638,26.149325",15960166171,福建省,福州市,闽侯县,福州市
闽侯县首邑步行街金太阳造型,街心路32号-37号,"119.141960,26.149638",13110891234,福建省,福州市,闽侯县,福州市
精剪刀美业(龙峰二店),甘洲路与十字街交叉口西南100米,"119.136875,26.147875",13950352500,福建省,福州市,闽侯县,福州市
M·R美发沙龙,广贤路60号荷塘名郡,"119.203330,26.034402",[],福建省,福州市,闽侯县,福州市
发迪专业接发烫染店(上街永嘉天地店),上街镇国宾大道永嘉天地购物广场一层四号店面,"119.201106,26.071117",18850715723,福建省,福州市,闽侯县,福州市
D1发型沙龙(永嘉天地店),东百城永嘉天地3号楼3店面(麦当劳对面),"119.200814,26.070586",15220592589,福建省,福州市,闽侯县,福州市
艺品·专业烫染(群升广场店),群升广场8号楼106店,"119.221448,26.014366",18649722763,福建省,福州市,闽侯县,福州市
凌风造型烫染专业店(中海店),中海寰宇天下51栋B122,"119.214302,26.049809",15659138116,福建省,福州市,闽侯县,福州市
山山时尚造型(甘蔗店),甘蔗街道亭下街01店面,"119.146128,26.146957",13290894663,福建省,福州市,闽侯县,福州市
乐草元邦娜造型,上街镇金屿村余盛(罗道金宅),"119.204925,26.068825",13067208002,福建省,福州市,闽侯县,福州市
88·ACE专业男士发型(祥禾天地金街店),乌龙江南大道69号祥禾天地F4层,"119.227164,25.996738",[],福建省,福州市,闽侯县,福州市
逸沙龙(发型私人定制),上街镇红峰村沙墩21号,"119.186175,26.078036",17750270593,福建省,福州市,闽侯县,福州市
纤艺(福晟钱隆城店),上街镇福晟钱隆城8号楼2号店面,"119.196529,26.076124",15060080064;15605083473;18050198356,福建省,福州市,闽侯县,福州市
剪艺造型(青口店),青口镇海韵店面 1-33,"119.376096,25.900857",13400535785;15880055931,福建省,福州市,闽侯县,福州市
UNIQUE SALON 优妮可沙龙(私人订制),甘蔗街道横街59号万家广场F3层,"119.139195,26.146047",15205058820,福建省,福州市,闽侯县,福州市
馨雨美发沙龙(甘蔗世茂店),学院路与滨城大道交叉口东北200米,"119.152257,26.137858",[],福建省,福州市,闽侯县,福州市
达达美业连锁(福大店),上街镇学府南路福州大学旗山校区学生生活区8号架空层3号店面,"119.191894,26.057227",13696856499,福建省,福州市,闽侯县,福州市
上雅美发店,南屿镇南井街上井359号,"119.221663,25.969192",0591-22803889;18059090529,福建省,福州市,闽侯县,福州市
花千家造型,青口镇陶精路3-47号,"119.369269,25.895904",13950250371,福建省,福州市,闽侯县,福州市
1seven美发沙龙,关口村620号,"119.176564,26.138064",18120881720,福建省,福州市,闽侯县,福州市
VV·salon(西海岸店),甘蔗阳光西海岸A区08店面,"119.158763,26.131552",15059104859,福建省,福州市,闽侯县,福州市
华渼汇·烫染美发salon(师大文化街店),福州师范大学文化街257号(二楼),"119.208425,26.036120",[],福建省,福州市,闽侯县,福州市
丝语造型·烫发·染发,国宾大道与旗山大道交叉口东180米,"119.202329,26.066788",[],福建省,福州市,闽侯县,福州市
蓝天造型(福州闽侯县),青口镇沪屿街2号,"119.366299,25.902655",18059595960,福建省,福州市,闽侯县,福州市
演绎(中建华府店),青口镇中建华府57号店面,"119.370622,25.901146",15980252101,福建省,福州市,闽侯县,福州市
吾尚美业(永丰店),荆溪镇永丰村浦里2号吾尚美业(永丰店),"119.242341,26.107481",13799949594,福建省,福州市,闽侯县,福州市
VVsalon接发烫染连锁(正荣财富中心店),正荣财富中心醉得意或者小叫天门口的一号观光梯上来三楼,"119.218127,26.018373",15059104859,福建省,福州市,闽侯县,福州市
溪源理髮廳(国贸·九溪原店),融侨·誉江东北门北70米,"119.230149,26.014685",15750871558,福建省,福州市,闽侯县,福州市
震龙盟专业男士发型沙龙(甘蔗店),甘蔗街道滨江西大道68号12层1206,"119.152435,26.131901",13075979162,福建省,福州市,闽侯县,福州市
A·HAIR沙龙(青口店),青口镇农光路3-14号,"119.371684,25.895831",15806019057,福建省,福州市,闽侯县,福州市
一墨烫染,上街镇源通东路118号福最学府1号楼1层04店面,"119.193932,26.073367",[],福建省,福州市,闽侯县,福州市
青奢男士发型(正荣SOHO店),上街镇新保路28号正荣财富中心5号楼203商铺蜜雪冰城对面2楼,"119.219065,26.019137",[],福建省,福州市,闽侯县,福州市
格格薇(福州大学旗山校区学生生活区店),溪源宫路,"119.188212,26.058572",18150025983,福建省,福州市,闽侯县,福州市
鑫澜造型,国宾大道268-1永嘉天地幸福里,"119.200125,26.069525",[],福建省,福州市,闽侯县,福州市
尤理·美发Salon,祥禾公社11号楼,"119.226975,25.995375",13110966712,福建省,福州市,闽侯县,福州市
心悦.古方头疗(万家店),甘蔗街道横街59号万家广场二楼,"119.138775,26.146525",[],福建省,福州市,闽侯县,福州市
Cc·造型美发沙龙(荷塘名苑店),广贤路92号荷塘名苑,"119.203646,26.032248",[],福建省,福州市,闽侯县,福州市
知发者,福大生活三区26号楼知发者,"119.191766,26.052057",18659134959,福建省,福州市,闽侯县,福州市
元素(博仕后时代购物广场店),上街国宾大道233号博仕后时代购物广场F1层,"119.202500,26.067143",18096489391,福建省,福州市,闽侯县,福州市
闽侯县艺剪尚干连锁店,尚干镇祥谦路383号,"119.372848,25.924188",15960092531,福建省,福州市,闽侯县,福州市
剪发吧美发工作室,顺华乌龙江大区B区3号楼8号底商,"119.242739,25.986286",17304037429,福建省,福州市,闽侯县,福州市
U美学hairsalon(荷塘名郡店),广贤路60号荷塘名郡,"119.204278,26.032845",15859179193,福建省,福州市,闽侯县,福州市
新创意美业(阳光城·领海店),阳光城·领海闽江院子东门旁,"119.144101,26.138997",17305028889,福建省,福州市,闽侯县,福州市
VS米兰美发连锁(尚干店),尚干镇祥谦路163号(万年青斜对面),"119.379100,25.923735",15959100585,福建省,福州市,闽侯县,福州市
楚楚美容美发SPA馆,上街镇新峰村新宅17号(林水溪宅),"119.195751,26.079380",0591-22635070;18859102076,福建省,福州市,闽侯县,福州市
ME SALON定点造型群升店,乌龙江南大道21号群升广场6号楼,"119.221833,26.013796",18059186632,福建省,福州市,闽侯县,福州市
一剪美造型(博雅商业步行街店),海韵·国际城西南门西50米,"119.374674,25.901504",0591-22788820;15005058668,福建省,福州市,闽侯县,福州市
ABC造型(正荣SOHO店),上街镇新保路28号正荣·财富中心2层221商铺,"119.218394,26.018859",13655040138,福建省,福州市,闽侯县,福州市
剪艾时尚造型(义溪路店),青口镇义溪路22号,"119.357483,25.884793",13290986462,福建省,福州市,闽侯县,福州市
永琪造型(马保店),上街镇马保路56-22号,"119.206738,26.019841",15280130522,福建省,福州市,闽侯县,福州市
崇尚美发沙龙,尚干镇祥谦路295号,"119.375592,25.924819",15959112362,福建省,福州市,闽侯县,福州市
品尚造型·化妆·纹绣·美甲·祛痣(鼓山洲商贸综合大楼店),荆溪镇厚屿街道品尚造型纹绣美甲护肤,"119.228595,26.111596",13489154982,福建省,福州市,闽侯县,福州市
优享快剪(祥禾天地店),乌龙江南大道69号祥禾天地B1层,"119.226831,25.996654",13328858669,福建省,福州市,闽侯县,福州市
清逸美发室(昙石店),华侨路39-1号,"119.159125,26.143395",13509368723,福建省,福州市,闽侯县,福州市
SO·时尚形象设计(中海店),上街镇高新大道1号中海寰宇天下43栋,"119.215163,26.050144",15060081127,福建省,福州市,闽侯县,福州市
演绎造型(龙湖店),龙湖春江天越S7号101,"119.375226,25.893057",18859199619,福建省,福州市,闽侯县,福州市
新东尼造型(阳光城丽景湾店),福州高新区南屿中心幼儿园尧沙分园东北门东北50米,"119.231187,25.943552",15980200615,福建省,福州市,闽侯县,福州市
柏莎造型,万科又一城东门8栋106,"119.201569,26.046433",15659104613,福建省,福州市,闽侯县,福州市
新时尚形象设计中心,甘蔗街道大元村广元路23号,"119.138223,26.150563",0591-22989995,福建省,福州市,闽侯县,福州市
奈斯美发沙龙(国贸学原二期店),国贸学原二期s11-101,"119.224454,26.015960",13003872013,福建省,福州市,闽侯县,福州市
壹家快剪,新上街7-27号,"119.207293,26.072019",18750721956,福建省,福州市,闽侯县,福州市
理好LiHAO这是一家美发店,国宾大道61-8号,"119.208106,26.069101",18516932881,福建省,福州市,闽侯县,福州市
优贝造型公社(好益佳购物广场店),尚干镇祥谦路尚干公交总站好益佳购物广场对面,"119.381613,25.925059",13400535785,福建省,福州市,闽侯县,福州市
方圆美发(福建师范大学旗山校区李苑店),福建师范大学旗山校区李苑,"119.208673,26.035674",15737500107,福建省,福州市,闽侯县,福州市
单品造型(中海寰宇天下店),上街镇高新大道1号中海寰宇天下,"119.212986,26.050197",[],福建省,福州市,闽侯县,福州市
独占神发(弘绘菁华园店),上街镇邱阳东路2号弘绘菁华园215店面,"119.186819,26.077016",15806013800,福建省,福州市,闽侯县,福州市
慕色沙龙专业男士发型设计(钱隆公馆店),福晟钱隆公馆北门旁,"119.195178,26.073960",15080025565,福建省,福州市,闽侯县,福州市
千姿美业旗舰店(民医思邈养生馆),新上街20-2店,"119.206107,26.073124",0591-22778008;15060080008,福建省,福州市,闽侯县,福州市
灵魂Soul理发店,溪源宫路100-24号,"119.182946,26.059348",[],福建省,福州市,闽侯县,福州市
首艺人美业(江洲花园店),甘蔗街道蔗洲路55号江洲花园15号1层101店面,"119.144075,26.145275",13625098908,福建省,福州市,闽侯县,福州市
沐先生美发沙龙,旅游技术学校大门口科教园公交站对面,"119.254168,26.103798",15005082098,福建省,福州市,闽侯县,福州市
四川(达川)陈梅梅美容美发,新上街与侯官路交叉口西北340米,"119.206202,26.072779",15305906295,福建省,福州市,闽侯县,福州市
M·久,上街镇高新区创业路15号融创未来海7栋07-2,"119.219604,26.033859",[],福建省,福州市,闽侯县,福州市
Darling美发沙龙(博仕后店),上街镇候官路1-60号,"119.209695,26.072187",17693389701,福建省,福州市,闽侯县,福州市
古今来美容美发形象会所,南屿镇南屿街中国银行旁,"119.222020,25.975864",15806010035;18906937891,福建省,福州市,闽侯县,福州市
崇尚美发沙龙(青口二店),青口镇新城路62-77号,"119.374527,25.900533",15959112362,福建省,福州市,闽侯县,福州市
凌航发型设计(世茂·上游墅二期店),西江滨大道66号世茂上游墅,"119.152292,26.137194",[],福建省,福州市,闽侯县,福州市
青口博雅勿忘我连锁造型(博雅星城泊园店),博雅星城泊园西南门旁,"119.374829,25.898282",13799311555,福建省,福州市,闽侯县,福州市
美度造型(国贸店),南屿镇乌龙江南大道8号国贸学原二期,"119.225007,26.015391",[],福建省,福州市,闽侯县,福州市
发源地美容美发(祥禾天地店),南屿镇乌龙江南大道69号祥禾天地2楼2019铺,"119.225484,25.997050",[],福建省,福州市,闽侯县,福州市
名创优剪(中铁城禧第一期店),荆溪大道与南风路交叉口东南100米,"119.184257,26.132674",15005009962,福建省,福州市,闽侯县,福州市
维纳造型(博仕后时代购物广场店),上街国宾大道233号博仕后时代购物广场F1层,"119.203764,26.067437",[],福建省,福州市,闽侯县,福州市
唯·境SALON(高新区万达店),乌龙江南大道69号祥禾天地F1层,"119.225886,25.996554",15005007721,福建省,福州市,闽侯县,福州市
理想·沙龙(祥禾公社店),祥禾公社,"119.225825,25.996575",18250333863,福建省,福州市,闽侯县,福州市
UY沙龙(泰禾·红悦店),乌龙江南大道99号泰禾·红悦,"119.238476,25.985189",18065911113,福建省,福州市,闽侯县,福州市
93M国潮男士(祥禾天地店),南屿镇祥禾天地商场2层1号门进来星巴克楼上,"119.227375,25.996375",17850071340,福建省,福州市,闽侯县,福州市
铭发郎发型直营店,上街镇源江路156-6号美岐红星商住花园,"119.184706,26.063624",[],福建省,福州市,闽侯县,福州市
子泽造型,国贸学原三期子泽造型,"119.232223,26.011089",17605033241,福建省,福州市,闽侯县,福州市
美格造型,博士后购物广场4号楼116,"119.203295,26.067709",[],福建省,福州市,闽侯县,福州市
黑森林(新峰店),新上街与源通东路交叉口西北120米,"119.197373,26.078743",15860282766,福建省,福州市,闽侯县,福州市
斯朵利发型(新城丽景店),新城丽景B区108号店面,"119.151132,26.141887",15959765601,福建省,福州市,闽侯县,福州市
屿理hair salon(中海店),上街镇高新大道1号中海寰宇天下,"119.215210,26.050287",[],福建省,福州市,闽侯县,福州市
0305精剪私人美发定制(福晟钱隆城店),上街镇源通东路118号福晟钱隆城9号楼,"119.196682,26.076397",[],福建省,福州市,闽侯县,福州市
美姿剪(入城路店),甘蔗镇818西路97号,"119.145417,26.147744",[],福建省,福州市,闽侯县,福州市
多米造型(中美小区店),上街溪源宫路1号山水中美小区,"119.183805,26.059319",18065115703,福建省,福州市,闽侯县,福州市
陈杰发艺,青口镇宏三村浦道兜40-1号,"119.360366,25.884797",13067479709,福建省,福州市,闽侯县,福州市
壹米阳光(大元),甘蔗镇大元村侨园路12-3号,"119.138361,26.150590",[],福建省,福州市,闽侯县,福州市
风起之时·发型沙龙,东百永嘉天地14号公寓楼18楼1818室,"119.200196,26.069420",18259097353;19890560987,福建省,福州市,闽侯县,福州市
今喜造型,荆溪东大道28-29,"119.192240,26.133472",18705055105,福建省,福州市,闽侯县,福州市
艺柏沙龙美业(世茂·上游墅二期店),学院路57-11号,"119.152174,26.136936",[],福建省,福州市,闽侯县,福州市
艺秀专业烫染坊(尚南路店),尚干镇东升村村委楼下,"119.379173,25.922646",[],福建省,福州市,闽侯县,福州市
浪波湾(福建省闽侯县尚干镇),尚干镇祥谦路469号,"119.370646,25.923476",[],福建省,福州市,闽侯县,福州市
品尚造型会所(入城路店),甘蔗横屿移动营业厅正对面,"119.154806,26.146799",[],福建省,福州市,闽侯县,福州市
名悦造型(汇锋商业城店),上街镇邱阳东路8号1栋1层19-2324,"119.187212,26.080490",18065010157,福建省,福州市,闽侯县,福州市
好先生私人订制美发连锁,闽侯上街国宾大道233号博仕后家园B区,"119.203575,26.066825",[],福建省,福州市,闽侯县,福州市
MR美发沙龙(中海A店),上街镇高新大道1号高新区中海寰宇天下步行街42栋116店面,"119.214330,26.050201",[],福建省,福州市,闽侯县,福州市
迪造型Salon,高新大道2号旗山花园,"119.211410,26.043046",[],福建省,福州市,闽侯县,福州市
丁师傅快剪12元店,芹洲路龙湖春江天玺10号楼06店面,"119.274207,25.963122",[],福建省,福州市,闽侯县,福州市
亮点造型(青州村口店),上街镇青州村口源江路1号,"119.180726,26.067027",13559154562,福建省,福州市,闽侯县,福州市
茉禾美发沙龙(世茂·御龙湾店),甘蔗街道滨江西大道68号(闽侯世茂滨江新城A2地块世茂天际会大楼酒店商务办公楼)12层1208,"119.152482,26.131842",[],福建省,福州市,闽侯县,福州市
改变发型,国宾大道555-8号(沙堤地铁站A东北口步行280米),"119.175605,26.084574",[],福建省,福州市,闽侯县,福州市
单品男士造型(万科又一城店),上街镇明德路6号万科又一城,"119.200210,26.044419",[],福建省,福州市,闽侯县,福州市
南通-多彩多姿,通洲路(永嘉天地麦当劳斜对面),"119.262068,25.956185",18359189051,福建省,福州市,闽侯县,福州市
慕阁造型(福建师范大学旗山校区李苑店),福建师范大学旗山校区李苑,"119.208085,26.036685",13799447830,福建省,福州市,闽侯县,福州市
阿盛美发(烫染工作室),泰禾首府8-10,"119.260475,25.953475",15060688290,福建省,福州市,闽侯县,福州市
发之典(源江路店),源江路150号美岐小区,"119.185200,26.062716",13799989352,福建省,福州市,闽侯县,福州市
A+造型美发沙龙(博士后官邸店),上南路130号,"119.210509,26.060968",[],福建省,福州市,闽侯县,福州市
e沙龙(正荣店),上街镇新保路18号正荣财富中心店面A2号楼一层18-9A,"119.218441,26.016345",[],福建省,福州市,闽侯县,福州市
绘理造型,广贤路163号,"119.204037,26.029546",19928730904,福建省,福州市,闽侯县,福州市
孟振晨发型设计工作室(万家广场店),甘蔗街道横街59号万家广场F2层,"119.139070,26.146649",[],福建省,福州市,闽侯县,福州市
潮流沙龙(福职学生街),上街镇榕桥村学生街二层联榕路15-220号,"119.163407,26.074118",15980106433,福建省,福州市,闽侯县,福州市
演绎造型(博雅店),青口镇新城路博雅星城路62/39,"119.376188,25.899061",13632018007,福建省,福州市,闽侯县,福州市
阿兰理发店,尚干镇东升村江滨新村68号老人馆路口,"119.378155,25.922711",15205062742,福建省,福州市,闽侯县,福州市
杰森造型,甘洪路与铁岭南路交叉口西南460米,"119.170870,26.139435",18259025005,福建省,福州市,闽侯县,福州市
简悦造型(翔龙花园店),创意路9号,"119.210357,26.042022",[],福建省,福州市,闽侯县,福州市
悦己美业(融侨宜家1期店),旗山路3号融侨宜家1期,"119.209034,25.980431",[],福建省,福州市,闽侯县,福州市
初心·美业(荷塘名苑店),荷塘名苑5号楼,"119.203170,26.031371",[],福建省,福州市,闽侯县,福州市
快剪15元,尚南路与祥谦路交叉口东南100米,"119.380017,25.923169",13799992838,福建省,福州市,闽侯县,福州市
亿剪专业烫染连锁店,青口镇海韵路海韵国际城16号楼1层06铺面,"119.376751,25.900439",19967145033,福建省,福州市,闽侯县,福州市
M17salon,上街镇源通东路136号福晟钱隆公馆b区2幢楼1层02号,"119.195508,26.075611",15880076751,福建省,福州市,闽侯县,福州市
新美理发店,石门街与上丹线交叉口南380米,"119.167564,26.073650",[],福建省,福州市,闽侯县,福州市
星程美容美发(龙湖·春江天玺店),鑫洲路3号龙湖·春江天玺,"119.276099,25.963786",[],福建省,福州市,闽侯县,福州市
流行美(万家广场店),甘蔗街道横街59号万家广场F2层,"119.138775,26.145775",[],福建省,福州市,闽侯县,福州市
佰慕造型(岐安福大学生街店),岐安福大学生街(猪师弟炸蘑菇),"119.191691,26.058812",15959007775,福建省,福州市,闽侯县,福州市
15元快剪(江口龙好公路店),南屿镇江口村龙好公路888号,"119.236178,25.963677",15980221650,福建省,福州市,闽侯县,福州市
Nika·尼卡美发私人定制,上街镇东百城永嘉天地14号楼17层1706室,"119.200059,26.069416",18016772633,福建省,福州市,闽侯县,福州市
木木造型(源通东路店),闽侯上街工贸路188号阳光理想城香草天空揽香6栋,"119.199690,26.079370",18396504009,福建省,福州市,闽侯县,福州市
型格形象设计(华韵财富广场店),华韵公园一号南1门旁,"119.372048,25.893551",13755837467,福建省,福州市,闽侯县,福州市
天姿造型(旗山花园店),旗山花园南门口11号楼,"119.212179,26.043039",[],福建省,福州市,闽侯县,福州市
飞妹精剪(上街店),上街镇新上街60-4号,"119.201652,26.075937",13645001332,福建省,福州市,闽侯县,福州市
吉霓丝印象美发(尚干店),祥谦路182号,"119.378066,25.924127",17689258087,福建省,福州市,闽侯县,福州市
艺海沙龙,南通镇罗洲村村里160号,"119.263427,25.957274",15280161106,福建省,福州市,闽侯县,福州市
千姿艺美发造型(福州大学旗山校区学生生活区店),上街镇福州大学生活3区32号楼,"119.191907,26.050798",17268688287,福建省,福州市,闽侯县,福州市
发域造型,新上街67-2号梧洋家具城旁,"119.201218,26.075840",13055753752,福建省,福州市,闽侯县,福州市
古月造型,洋山路与五虎路交叉口西20米,"119.344304,25.911531",18317911974,福建省,福州市,闽侯县,福州市
名匠造型,上街镇浦口村浦中3-5号,"119.210284,26.065360",13705030685,福建省,福州市,闽侯县,福州市
艺术人生时尚造型(上街店),上街镇邱阳东路书香领寓19号,"119.187391,26.079822",18016785191,福建省,福州市,闽侯县,福州市
艾妍美甲美睫工作室(永嘉天地店),上街永嘉天地14号楼17层1720,"119.199851,26.069287",[],福建省,福州市,闽侯县,福州市
秀造型理发店,南通镇泽苗街65-101,"119.271689,25.942780",0591-22242178,福建省,福州市,闽侯县,福州市
子泽造型(融创未来海店),融创未来海8号公寓子泽造型,"119.220575,26.034225",17605033241,福建省,福州市,闽侯县,福州市
飞飞快剪(高新苑B区店),高新苑25,"119.212837,26.041668",13799917933,福建省,福州市,闽侯县,福州市
青叶快剪(正荣SOHO店),正荣财富中心B1(永辉超市入口旁),"119.219080,26.018653",[],福建省,福州市,闽侯县,福州市
SO造型(上街潮街管理中心店),国宾大道266号东百城永嘉天地2层,"119.199897,26.069157",18805023888,福建省,福州市,闽侯县,福州市
星·快剪(男女剪发13元),工贸路8号,"119.200650,26.073922",13774516569,福建省,福州市,闽侯县,福州市
创意美发,荆溪镇邮政旁(荆溪厚屿地铁站A1西北口旁),"119.230701,26.109948",13067283785,福建省,福州市,闽侯县,福州市
承载刺青纹身工作室(预约),南屿镇后山村小后山232号D101室,"119.219089,25.984145",13609582577,福建省,福州市,闽侯县,福州市
入佳美美容美发(闽侯甘蔗店),甘蔗横街瀛洲花园48号,"119.138909,26.147359",13959139897;18046012262,福建省,福州市,闽侯县,福州市
美之源专业美容美发,上街镇红峰村宪窗31号,"119.185274,26.080665",13635276298,福建省,福州市,闽侯县,福州市
7柒美发沙龙,甘蔗街道榕洲路2-6号,"119.145661,26.141905",13400936757,福建省,福州市,闽侯县,福州市
喜柿造型,上街溪源宫路1号山水中美小区,"119.183325,26.059275",17671085095,福建省,福州市,闽侯县,福州市
宣染美发店,上街镇岐安花园二期25栋111号,"119.189023,26.045528",15959145330,福建省,福州市,闽侯县,福州市
快·剪,"荆溪永丰浦里23一3号(沙县小吃,黄焖鸡米饭)边上","119.243830,26.107426",18905983821,福建省,福州市,闽侯县,福州市
型色沙龙Color Salon(永嘉天地店),上街镇国宾大道268号永嘉天地幸福里14号楼1楼,"119.200075,26.069375",[],福建省,福州市,闽侯县,福州市
小高美发沙龙(上南路店),建平新村小区东南侧120米,"119.209513,26.052228",13645009233,福建省,福州市,闽侯县,福州市
美述发艺,两园安置房三期东北门西北120米,"119.237380,25.961944",[],福建省,福州市,闽侯县,福州市
MUSN木森造型(青口店),青口镇祥宏南路578号春江郦城花园S2号楼1层108,"119.373437,25.892768",18259106901,福建省,福州市,闽侯县,福州市
极简(壶山新苑小区店),青口镇农光路3-22,"119.371683,25.896152",17750208981,福建省,福州市,闽侯县,福州市
台湾快剪(新城丽景B区店),甘蔗街道昙石山西大道98号新城丽景B区,"119.151086,26.142621",13559925575,福建省,福州市,闽侯县,福州市
概念HAIR.SALON(永嘉天地店),国宾大道路268号永嘉天地三期10号楼,"119.200730,26.070884",[],福建省,福州市,闽侯县,福州市
首艺造型,上街镇学府北路8号福州大学旗山校区学生生活区,"119.191575,26.057275",[],福建省,福州市,闽侯县,福州市
你好漂亮时尚造型,甘蔗新城丽景B区98-1店面,"119.151410,26.142005",15960196319,福建省,福州市,闽侯县,福州市
一点红美发造型,青口镇村里新村2巷13-4号北面,"119.367568,25.900706",13960886487,福建省,福州市,闽侯县,福州市
密码美发店,南屿镇电影院对面邮政储蓄银行走进八十米大榕树旁边,"119.222439,25.975140",15005089206,福建省,福州市,闽侯县,福州市
星城美岸美发形象设计,青口镇博雅星城博园22-06商铺,"119.376193,25.898811",15960109665,福建省,福州市,闽侯县,福州市
艺发造型(中铁城吉第二期店),荆溪大道中铁城荆溪中大道6-51,"119.180690,26.133511",13860602273,福建省,福州市,闽侯县,福州市
青禾造型,白沙镇安平路166号,"119.074687,26.206539",15960115825,福建省,福州市,闽侯县,福州市
发丝缘美发沙龙(博雅星城康园店),博雅新城18号1层02店面,"119.376451,25.899321",13459152084,福建省,福州市,闽侯县,福州市
享理美发工作室,新尚路新上街111-2号,"119.194333,26.079321",[],福建省,福州市,闽侯县,福州市
舒心理发店,上街镇江南秀舍服装店对面小巷子里,"119.192227,26.080554",15980230005,福建省,福州市,闽侯县,福州市
新创意美容美发(阳光城西海岸A区店),西海岸A区西南门旁,"119.158789,26.131591",13509314305,福建省,福州市,闽侯县,福州市
三千丝美发(x117店),南屿街与旗麓南大道交叉口东120米,"119.219844,25.975789",13960976386,福建省,福州市,闽侯县,福州市
名人国际美业(闽候美岐红星商住花园店),上街镇美岐红星商住花园二号楼103店,"119.184381,26.063242",17750308482,福建省,福州市,闽侯县,福州市
卡卡造型(两园安置房店),南屿镇两园安置房商业一层店面337-21卡卡造型,"119.237162,25.961909",13295948900,福建省,福州市,闽侯县,福州市
丽人坊美容美发,青口华榕小区西南门旁,"119.381807,25.894046",13960805396,福建省,福州市,闽侯县,福州市
时间专业美容美发沙龙(博雅星城泊园店),青口镇博雅星城新城路62一41号,"119.376188,25.898998",13799988846,福建省,福州市,闽侯县,福州市
唐朝造型,入城路107号,"119.145205,26.147794",[],福建省,福州市,闽侯县,福州市
New+Hair美容美发中心(龙湖·春江天玺店),南通镇鑫洲路3号春江天玺花园6号楼1层01,"119.276158,25.963826",18396182982,福建省,福州市,闽侯县,福州市
完美美容美发会所(邱阳东路店),上街镇上街美岐二号安置房9号楼,"119.188186,26.077881",15880004475,福建省,福州市,闽侯县,福州市
AsSaLon奥斯形象设计,上街新峰108-4,"119.195114,26.079361",18559153535,福建省,福州市,闽侯县,福州市
馨艺理发店,竹岐乡榕东村42号,"119.131759,26.119493",13950410775,福建省,福州市,闽侯县,福州市
亮点形象沙龙,福龙新村34幢亮点理发店,"119.145394,26.149108",13600872060,福建省,福州市,闽侯县,福州市
美约造型(南边路店),甘蔗街道昙石山东大道62号,"119.160795,26.147272",18850420804,福建省,福州市,闽侯县,福州市
心动发艺,滨城大道与江福路交叉路口南侧(长兴小区),"119.137099,26.143409",15960071175,福建省,福州市,闽侯县,福州市
佐佑私人形象设计,甘蔗街道江福路23号,"119.137017,26.143794",15959128836,福建省,福州市,闽侯县,福州市
新感觉造型(白沙新城闽兴大道7号楼店),白沙新城闽兴大道7号楼,"119.076769,26.208819",15806021030,福建省,福州市,闽侯县,福州市
新茂美发,新上街17-9,"119.206015,26.072909",[],福建省,福州市,闽侯县,福州市
聚美造型(荆溪大道店),荆溪大道28号中庚香山天地五号11号店面,"119.192052,26.132832",15280106252,福建省,福州市,闽侯县,福州市
青扬造型(工贸路店),上街镇工贸路138-8号,"119.204348,26.078104",15280018623,福建省,福州市,闽侯县,福州市
煊煊美发,入城路402号,"119.145888,26.147906",15980260556,福建省,福州市,闽侯县,福州市
顶点造型(福秀路店),福秀路与南瓜线交叉口西60米,"119.256317,25.934901",15060007015;15060007016,福建省,福州市,闽侯县,福州市
意缘发型设计(中庚·香山天地西区店),经六路(中庚香山天地),"119.192389,26.132939",15705906408,福建省,福州市,闽侯县,福州市
发道(马保小区店),马保小区东南门旁,"119.206878,26.019656",18396144850,福建省,福州市,闽侯县,福州市
中宁美容美发,甘蔗街道昙石山西大道98号新城丽景B区9号楼二层201-206商铺,"119.151382,26.141994",15262324794,福建省,福州市,闽侯县,福州市
名丝专业烫染形象设计(福晟钱隆城店),上街镇源通东路福晟钱隆城16栋136-74店铺,"119.196808,26.077172",13358260599,福建省,福州市,闽侯县,福州市
探索者(闽都大庄园店),上街镇闽都大庄园,"119.213180,26.070148",[],福建省,福州市,闽侯县,福州市
丝丝美造型,甘蔗街道滨城大道56号嘉宸花园2号楼1层105商业服务网点,"119.135225,26.145525",[],福建省,福州市,闽侯县,福州市
海伦造型(男士15元洗剪吹)浦口店,浦口村卫生所东北侧,"119.205771,26.064065",[],福建省,福州市,闽侯县,福州市
AZ造型,三盛托斯卡纳三期39-99,"119.219474,26.009718",[],福建省,福州市,闽侯县,福州市
青述美发工作室,上街镇创新路9号世茂璀璨江山9号楼,"119.219421,26.034489",13328858669,福建省,福州市,闽侯县,福州市
南井美发店,117县道与旗麓南大道交叉口西南200米,"119.220309,25.965794",[],福建省,福州市,闽侯县,福州市
演亦造型(商业广场店),青口镇镜上路青口商业广场2楼,"119.373675,25.894225",[],福建省,福州市,闽侯县,福州市
阿明理发店,沙堤地铁站A口步行480米,"119.178158,26.082935",13859054833,福建省,福州市,闽侯县,福州市
迷尚造型「青口」,青口镇华榕楼1层,"119.381351,25.894568",18906909395,福建省,福州市,闽侯县,福州市
快剪新趋势(万家广场店),甘蔗街道昙石山西大道136号万家广场5号6号楼1层6122商铺,"119.139612,26.145500",[],福建省,福州市,闽侯县,福州市
DAY美发造型沙龙(师大西门店),广贤路60号荷塘名郡,"119.205025,26.032825",[],福建省,福州市,闽侯县,福州市
伊秀造型(福州闽侯县),兰陵笙大厦,"119.188162,26.081862",[],福建省,福州市,闽侯县,福州市
梅姐十元快剪,新上街与源通东路交叉口西北200米,"119.196677,26.078976",[],福建省,福州市,闽侯县,福州市
叁仟先生男士理发(正荣财富中心店),上街镇新保路正荣财富中心1号楼三层3012号商铺,"119.218617,26.018505",15980291598,福建省,福州市,闽侯县,福州市
阿金男士理发(师大店),广贤路60号荷塘名郡,"119.203692,26.035128",17758950661,福建省,福州市,闽侯县,福州市
顶艺造型(建平花园店),高新大道2-13,"119.211326,26.051439",18350030080,福建省,福州市,闽侯县,福州市
888造型,祥谦路457号(林耀口腔正对面),"119.370921,25.923449",15060101062,福建省,福州市,闽侯县,福州市
黑皮男士理发馆,青口镇华韵财富广场1栋12层1207,"119.371653,25.895167",[],福建省,福州市,闽侯县,福州市
尤司男士国潮理发馆(福州大学城店),永嘉天地二号楼01店铺尤司男士馆,"119.201384,26.071120",18350082846,福建省,福州市,闽侯县,福州市
简尚男士造型馆,惠好路与洪沙公路交叉口东南60米,"119.186317,26.080496",[],福建省,福州市,闽侯县,福州市
匠人造型(万科又一城店),明德路6-83,"119.201796,26.044885",13023896193,福建省,福州市,闽侯县,福州市
拾缘快剪(建平路店),上街镇高新大道1号中海寰宇天下,"119.214525,26.049981",[],福建省,福州市,闽侯县,福州市
昕薇造型(荆溪卫生院西),新城中路与甘洪路交叉口西南80米,"119.181668,26.126984",[],福建省,福州市,闽侯县,福州市
格蓝美(正荣店)(暂停营业),新保路18号,"119.218785,26.019021",15659138116,福建省,福州市,闽侯县,福州市
FAAZII发境(白马路万科里店),白马中路万科里s13-101A发境造型,"119.293403,26.068741",0591-86257255,福建省,福州市,台江区,福州市
沐梵·SALON(中亭街店),透龙街君临天华B区5号楼二层(君临天华幼儿园楼下),"119.311407,26.053607",18950284691,福建省,福州市,台江区,福州市
藤野造型(台江万达店),鳌峰街道曙光路万达广场金街2层92号商铺,"119.342933,26.053597",19522849197,福建省,福州市,台江区,福州市
金棕榈(苏宁广场店),宁化路苏宁广场A区1层118,"119.286598,26.061707",0591-87616686,福建省,福州市,台江区,福州市
TNT Barbershop男士理发店(上下杭福街店),台江区青年横路江滨西大道230-3号TNT男士理发(酉时烧鸟处拐入),"119.308734,26.049278",13055256601,福建省,福州市,台江区,福州市
可可造型(福州台江区),达道路达道美食城二楼(麦当劳对面),"119.308442,26.055204",0591-83858839,福建省,福州市,台江区,福州市
蓝调日式美学沙龙(宁化支路店),宁化支路4号(保兴社区南门旁),"119.295954,26.056993",13600834594,福建省,福州市,台江区,福州市
TNT Barbershop男士理发(中央第五街店),工业路360-61号(瑞幸咖啡对面),"119.292340,26.063879",13055256601,福建省,福州市,台江区,福州市
藤野造型(福州宝龙城广场店),工业路197号L4,"119.291013,26.061970",13075955226,福建省,福州市,台江区,福州市
壹发(万象九宜城店),工业路378号万象城3层,"119.290052,26.065066",0591-83217555,福建省,福州市,台江区,福州市
蓝调造型(河下店),长寿路25号北兴园7号楼05店面(义洲街道办事处西南),"119.296703,26.051725",18959185981,福建省,福州市,台江区,福州市
MIR HAIR SALON,交通路1号鸿运星城1号楼1层12号店面,"119.303948,26.066761",13164812360;13799418919,福建省,福州市,台江区,福州市
金棕榈(融侨中心店),江滨西大道100号融侨中心4楼4011,"119.277592,26.060448",0591-87666556,福建省,福州市,台江区,福州市
诣格造型(ICC升龙环球中心店),长汀街23号ICC升龙环球中心F2层,"119.285575,26.058325",0591-87063800,福建省,福州市,台江区,福州市
叁仟先生男士理发(苏宁店),工业路233号福州苏宁广场A区1号门2楼,"119.286838,26.061870",15359181608,福建省,福州市,台江区,福州市
壹发(台江万达店),金融街万达金街1F135号,"119.343238,26.053547",0591-87571636,福建省,福州市,台江区,福州市
蓝调造型(海润店),江滨中大道378号海润花园51座1层16店面,"119.348525,26.052375",17758957605,福建省,福州市,台江区,福州市
唐风采·高端假发定制(福州店),曙光路金融街申发大厦8楼809室,"119.340762,26.052640",18060687769,福建省,福州市,台江区,福州市
斑斓色彩沙龙(金融街万达店),鳌峰街道鳌峰路8号万达广场(福州金融街店)三楼,"119.343075,26.051725",0591-83590881;18050226165,福建省,福州市,台江区,福州市
DI JIA Hair Salon(宝龙店),"工业路193号宝龙广场(福州台江店)L2层(3号门进入直行20m,扶梯上到L2可见)","119.292600,26.061902",18850770045,福建省,福州市,台江区,福州市
HOLA SALON(富力中心店),祥坂街富力中心B区B3栋1816,"119.278080,26.061333",18850379417,福建省,福州市,台江区,福州市
MOCCI慕紫·烫发·染发(榕发·悦动广场店),鳌头路与东滨路交叉口西北140米榕发悦动广场F1-S18,"119.356961,26.047742",15108222350,福建省,福州市,台江区,福州市
蓝调造型(八中店),洋中街道铺前顶路19号(福州八中旁),"119.305617,26.059823",18350070132,福建省,福州市,台江区,福州市
亚木烫发染发Yamu Style(颐景园店),长寿路25号颐景园一区,"119.296260,26.050953",13960971681,福建省,福州市,台江区,福州市
美承尔美发店(万象九宜城店),西环中路691号万象九宜城二楼J08,"119.290034,26.064935",0591-83723332,福建省,福州市,台江区,福州市
MOCCI慕紫·烫发·染发(台江万达店),鳌江路台江万达1号门一层肯德基边上A栋写字楼出口处,"119.343649,26.052937",18060791292,福建省,福州市,台江区,福州市
叁仟先生男士理发(台江万达富闽店),鏊峰街道鏊峰路62号富闽恒升中心项目内3号楼1层02.19号铺,"119.343229,26.055104",15359181608,福建省,福州市,台江区,福州市
MOCCI慕紫·烫发·染发(融侨中心店),宁化街道江滨西大道100号融侨中心商业3层3002,"119.277475,26.059925",19264978391,福建省,福州市,台江区,福州市
美可造型(中央第五街店),工业路360号中央第五街1号楼22楼2212,"119.292490,26.063479",15806008270,福建省,福州市,台江区,福州市
ONE·烫发日记·法式卷·造型烫·烫发专门店(宝龙店),浦东路18号朗庭二期一楼18-9,"119.300418,26.060317",18150790107,福建省,福州市,台江区,福州市
NINESTUDIO,青年横路与中平路交叉口南120米,"119.308022,26.049314",18359162443,福建省,福州市,台江区,福州市
MOCCI慕紫·烫发·染发(宝龙城市广场南区店),宁化街道工业路193号宝龙广场4层47号,"119.292025,26.061575",18150790215,福建省,福州市,台江区,福州市
8cm无痕专业接发(宝龙万象店),上海街道工业路360号中央第五街1号楼1423室,"119.292502,26.063478",13015716683,福建省,福州市,台江区,福州市
艾丝造型(新港街店),五一南路189号金色维也纳C区,"119.317329,26.058788",18050217820,福建省,福州市,台江区,福州市
引领时尚following style,宝龙广场3楼61号引领时尚following style宝龙2号门上手扶梯50米左右靠近kfc珍妮,"119.291425,26.061675",15959108153,福建省,福州市,台江区,福州市
秀发(中央第五街店),中央第五街1号楼1818(宝龙城市广场对面麦当劳旁边),"119.292529,26.063474",18259170219,福建省,福州市,台江区,福州市
精彩造型(苍霞新城嘉华苑店),苍霞新城嘉华园240号,"119.304744,26.048793",18695721975,福建省,福州市,台江区,福州市
SMP缜密纹发中心(福州店),长汀街10号天璟商务中心15楼1502,"119.287296,26.060716",0591-86216626,福建省,福州市,台江区,福州市
SO HAIR(台江万达店),鳌峰街道鳌江路8号福州金融街万达广场二期C1-C4连接体1层95号商铺,"119.342075,26.052625",0591-83300051;18559896557,福建省,福州市,台江区,福州市
叁仟先生男士理发(文化宫群升汇店),洋中街道八一七中路760号群升国际二期E地块E2楼1层01商城15-01,"119.305075,26.058725",15359181608,福建省,福州市,台江区,福州市
张国潮男士理发馆(宝龙店),宝龙广场商场3号门扶梯上3层(扶梯口),"119.292507,26.061848",18250318390,福建省,福州市,台江区,福州市
IN HOPE(漂亮人生澜悦店),瀛洲街道瀛福路南侧万科澜悦花园三区C-S6号楼1层17,"119.328050,26.057432",0591-87326329,福建省,福州市,台江区,福州市
S33·SALON(三迪中心希尔湾店),三迪中心希尔湾商场3层,"119.285375,26.056425",15960008110,福建省,福州市,台江区,福州市
KDsalon(福州苏宁广场B区店),祥坂街长汀街10号天璟商务中心715室,"119.287239,26.060691",19905912370,福建省,福州市,台江区,福州市
咔咔(中亭街店),八一七中路774号,"119.305211,26.057776",18559872590,福建省,福州市,台江区,福州市
迪可造型美发连锁机构(双杭店),学军路融信双杭城mini墅2号楼10号店面,"119.302780,26.055144",15205009790,福建省,福州市,台江区,福州市
午后美发,福能海峡口腔医院西门旁,"119.312161,26.068833",15605917489,福建省,福州市,台江区,福州市
漂亮人生美发(群众路店),茶亭街道群众路53号福德裕苑1号楼1层12店面,"119.308441,26.068895",0591-83577672;13489137802,福建省,福州市,台江区,福州市
A380造型(达道店),后洲街道达江路8号君临天华D区13栋80号店铺,"119.310380,26.054948",13635282925,福建省,福州市,台江区,福州市
妍悦造型金牌烫染设计(苏宁广场店),苏宁广场C区二层207(祥坂地铁站D东北口步行80米),"119.286475,26.060475",[],福建省,福州市,台江区,福州市
iHair Prive·发型高级定制,鳌峰街道鳌峰路8号万达广场A1公寓23层2305室,"119.343645,26.052982",[],福建省,福州市,台江区,福州市
杜莎美业(台江万达旗舰店),金融街1层128号,"119.341771,26.051483",0591-83630373,福建省,福州市,台江区,福州市
MR名人造型(汇福大厦店),群众路198号汇福大厦F1层,"119.309989,26.069492",15960005239;18350182731,福建省,福州市,台江区,福州市
ONESELF·美发沙龙(福晟·钱隆天下店),福晟·钱隆天下,"119.312925,26.062225",15302500465;18144032765,福建省,福州市,台江区,福州市
大头小余·烫发染发造型店(大头小余造型店宝龙店),"工业路193号宝龙广场(福州台江店)L3层(7号门进入直行40m,扶梯上到L3可见)","119.291339,26.061612",15959008821,福建省,福州市,台江区,福州市
慕紫美业宝龙旗舰店,"工业路193号宝龙广场(福州台江店)L4层(6号门进入直行30m,扶梯上到L4可见)","119.291996,26.061539",0591-83801791,福建省,福州市,台江区,福州市
钱隆发型(钱隆店),五一南路28号2栋26-号店面,"119.312971,26.061963",18060646477,福建省,福州市,台江区,福州市
发空间,工业路360号中央第五街,"119.292456,26.063498",0591-28351151,福建省,福州市,台江区,福州市
美遇·专业烫染(台江万达金街店),鳌江路6号台江金街2层219室,"119.342991,26.053695",15345008868,福建省,福州市,台江区,福州市
VanGu梵古(中防万宝店),万象城蘑菇云中防万宝城B1北环街4号,"119.289987,26.063304",17759075766,福建省,福州市,台江区,福州市
蓝咔美发工作室设计(宁化店),宁化街道祥坂路51号温馨家园1号楼13号店,"119.284550,26.062115",13850123287,福建省,福州市,台江区,福州市
禾良形象(君临闽江店),君临闽江6座一层03店面,"119.322890,26.054040",18659166891,福建省,福州市,台江区,福州市
铭发郎发型直营连锁(台江阳光城悠澜郡店),阳光城悠澜郡一区2号门旁,"119.329298,26.057735",18159181535,福建省,福州市,台江区,福州市
美技造型(群升店),八一七中路758-2号,"119.305200,26.059058",18105036861,福建省,福州市,台江区,福州市
V style潮色接发(宝龙广场二),工业路宝龙城市广场2楼125号(5号6号直梯旁内广场舞台旁),"119.291774,26.061185",13799400224,福建省,福州市,台江区,福州市
台江星创元造型(群升国际A区店),群升国际A区(达道地铁站A口步行330米),"119.307998,26.056149",13774515568;15060038722,福建省,福州市,台江区,福州市
花漫造型(汇福大厦店),群众路198号汇福大厦F1层,"119.310013,26.069512",18850484446,福建省,福州市,台江区,福州市
丽丽美容美发会所(君临天华A区店),君临天华A区74号,"119.312799,26.052553",0591-83261598;13950295592,福建省,福州市,台江区,福州市
泓源优品补发(富力中心C2栋店),宁化街道上浦路67号富力中心C2栋1907室,"119.279737,26.060633",13055725526;13055726757,福建省,福州市,台江区,福州市
NOCAP Barbershop男士理发店,洋中街道洋中路299号融信双杭城MINI墅3号楼2楼,"119.303325,26.055625",18850398773,福建省,福州市,台江区,福州市
AK造型(茶亭国际店),八一七中路茶亭国际12层1207,"119.305440,26.068365",15806087298,福建省,福州市,台江区,福州市
93M国潮男士(宝龙店),宝龙城市广场2楼131-132店面,"119.291690,26.061511",17720780067,福建省,福州市,台江区,福州市
A+快剪(达道店)·达道地铁站内,广达路与达道路交叉口北20米,"119.309794,26.057252",15005915661,福建省,福州市,台江区,福州市
柚子发舍(群升白马郡B区店),浦东路12-24号,"119.298269,26.060307",15959017142,福建省,福州市,台江区,福州市
台江区优丝美界理发店,中央第五街1号楼外围瑞幸咖啡旁边,"119.292315,26.063590",13763851181,福建省,福州市,台江区,福州市
玛雅美发店,宁化路3-4号(宁化地铁站C南口步行200米),"119.293428,26.060371",15880466446,福建省,福州市,台江区,福州市
福州范美特接发工厂店,宁化街道工业路宝龙城市广场2层124号,"119.291725,26.061125",13799400224,福建省,福州市,台江区,福州市
Cos Hair·造型,广达路191号(茶亭地铁站D东南口步行380米),"119.307694,26.067325",15960005239,福建省,福州市,台江区,福州市
轻术造型(海润店),鳌中路4号,"119.349039,26.052052",[],福建省,福州市,台江区,福州市
花野慕美发工作室(祥坂店),祥坂路西滨好美佳7栋01号店面,"119.283487,26.061926",13225910003,福建省,福州市,台江区,福州市
缪丝造型(状元店),状元街99号汇福花园5号楼1层3店,"119.316148,26.067432",18059006667,福建省,福州市,台江区,福州市
Monna蒙纳·私人发型定制(心家泊店),长寿之路2号,"119.296248,26.048552",13655066705,福建省,福州市,台江区,福州市
风格造型,浦尾巷82号,"119.308575,26.066775",18606098986,福建省,福州市,台江区,福州市
古北造型(中亭街店),后洲街道透龙街29号(达道地铁站C西南口步行260米),"119.310396,26.054475",18656384876,福建省,福州市,台江区,福州市
IN Hair工作室,上海街道工业路360-9号中央第五街1号楼420室,"119.292535,26.063524",18506007697,福建省,福州市,台江区,福州市
淇淇专业烫染店(祖庙后弄店),群众路祖庙后巷(茶亭地铁站A东北口步行200米),"119.305721,26.070030",15080005492,福建省,福州市,台江区,福州市
江小仙女的私人订制美妆造型,洋中路299号融信双杭城Mini墅3号楼816室,"119.303461,26.055695",15059281877;15960196696,福建省,福州市,台江区,福州市
华尚造型(万达广场店),鳌峰路8号万达广场福州金融街店1F层,"119.343215,26.053709",0591-87480596;13635290119,福建省,福州市,台江区,福州市
九月造型(中央第五街店),怡园支路中茵名仕花城5号楼,"119.292255,26.064451",15259827950,福建省,福州市,台江区,福州市
金玉美发店,鳌光路亚峰小区16号楼下,"119.343290,26.058752",13600817390,福建省,福州市,台江区,福州市
Solo Hair概念设计(西二环中路店),荷泽小区,"119.288526,26.065167",15060004430;15859019041,福建省,福州市,台江区,福州市
尊艺社匠心剪艺,宁化街道福机新苑新兴横巷169店面,"119.291998,26.055095",13605955932,福建省,福州市,台江区,福州市
BELLAIRE贝莱尔沙龙(金域国际店),瀛福路46-42号,"119.327331,26.057934",14759702225,福建省,福州市,台江区,福州市
发界造型(中茵·名仕花城店),交通西路33-22号(宁化地铁站B西口步行340米),"119.291624,26.065307",18616796657,福建省,福州市,台江区,福州市
颜佪美发沙龙,富力中心B区,"119.277562,26.061222",[],福建省,福州市,台江区,福州市
米斯李Hairsalon烫发染发(宝龙店),工业路193号宝龙广场福州台江店L1层,"119.292636,26.060929",[],福建省,福州市,台江区,福州市
618造型(茶亭国际写字楼店),群众路茶亭国际6楼612室(茶亭地铁站D东南口旁),"119.305286,26.068696",13163882263,福建省,福州市,台江区,福州市
铭发郎美发连锁(台江茂泰大厦店),五一南路2号茂泰世纪大厦,"119.312055,26.063469",[],福建省,福州市,台江区,福州市
小童星儿童理发(福州台江店),西环中路691号万象九宜城B1层,"119.290325,26.064775",[],福建省,福州市,台江区,福州市
瑞美时尚沙龙(鳌峰店),鳌峰路海润滨江46栋07店面,"119.345991,26.053007",15959085962,福建省,福州市,台江区,福州市
铭宣造型(君临天华B组团店),中亭街君临天华6号楼27号,"119.311682,26.053761",[],福建省,福州市,台江区,福州市
A+快剪(鳌峰洲店),地铁4号线鳌峰洲地铁站A口(地铁站内),"119.344925,26.055375",15005915661,福建省,福州市,台江区,福州市
合一美容美发连锁(阳光悠澜郡店),瀛福路35号阳光城悠澜郡(二区)7号楼03店面,"119.328508,26.056074",15280028565,福建省,福州市,台江区,福州市
经典造型(宁化店),宁化支路18号,"119.296546,26.057031",15280068343,福建省,福州市,台江区,福州市
芊佰度美容美发形象设计(翠堤苑店),榕信东苑南区,"119.340789,26.058743",13950304312,福建省,福州市,台江区,福州市
发元素·美发沙龙(双杭店),澜园5号016,"119.302469,26.056821",17850879232,福建省,福州市,台江区,福州市
艾简造型,六一中路275号武夷嘉园2幢1层08号,"119.320647,26.063315",13696800006,福建省,福州市,台江区,福州市
甄维康白发脱发修护中心(宝龙店),工业路193号宝龙广场福州台江店L4层,"119.291775,26.061575",18649803918,福建省,福州市,台江区,福州市
趋势造型(新权店),茶亭街道高桥支路6号华信花园4号5号楼105,"119.309805,26.071285",13489033016,福建省,福州市,台江区,福州市
皇冠亲理儿童美发(万象九宜城店),西环中路691号万象九宜城3F层354,"119.290469,26.064820",0591-87525630,福建省,福州市,台江区,福州市
凡高HAIR SALON(融信双杭城沁园店),融信双杭城沁园2栋,"119.301638,26.057411",15750893557,福建省,福州市,台江区,福州市
意流美发连锁机构,上杭路46号,"119.306749,26.055026",15005992956,福建省,福州市,台江区,福州市
动感造型坊(高桥阳光新村店),高桥支路13-5号,"119.311022,26.071761",15980207959,福建省,福州市,台江区,福州市
发缘未了造型机构(义洲新区长寿园店),长寿路20号义洲新区9号楼1层02店面,"119.295799,26.051127",13605957256,福建省,福州市,台江区,福州市
合一美容美发连锁(海润滨江店),鳌峰路451号(鳌峰洲地铁站D东南口步行370米),"119.347479,26.052556",15280028565,福建省,福州市,台江区,福州市
美技造型(双杭城店),双杭城mini墅洋中路307号瑞辛咖啡旁,"119.302850,26.055389",[],福建省,福州市,台江区,福州市
DLM专业接发(宝龙店),宁化街道工业路193号宝龙广场B幢9楼505,"119.290890,26.060960",15126165962,福建省,福州市,台江区,福州市
领域美发工作室,河口东里75号,"119.309243,26.062685",[],福建省,福州市,台江区,福州市
发起点形象沙龙(乃裳园南区店),帮洲新区同德路68号乃裳园11号1层11-2店,"119.299496,26.049511",18750760818,福建省,福州市,台江区,福州市
iD造型(广达店),广发路药王巷25号(达道地铁站A口步行290米),"119.307877,26.058861",18516194287,福建省,福州市,台江区,福州市
圣罗兰造型(红日花园店),国货路鲤鱼巷5-红日花园3座,"119.311693,26.062157",13860637802,福建省,福州市,台江区,福州市
随影造型(河下店),乃裳园西南门旁,"119.298315,26.050867",13860671305,福建省,福州市,台江区,福州市
丝爱造型(龙庭路店),五一中路61-8,"119.312987,26.072162",15060030399,福建省,福州市,台江区,福州市
秀江南美发(武夷嘉园店),六一中路武夷嘉园277号(南公园地铁站D口步行60米),"119.320726,26.063321",[],福建省,福州市,台江区,福州市
发爵造型机构(祖庙路店),祖庙路13(茶亭地铁站A东北口步行270米),"119.306632,26.070095",0591-83227747;13685049909,福建省,福州市,台江区,福州市
摩登造型(水岸华庭店),鳌兴路283号水岸华庭20座2,"119.359525,26.053568",13860606163,福建省,福州市,台江区,福州市
拾缘快剪(宁化店),红旗大厦,"119.296899,26.056774",[],福建省,福州市,台江区,福州市
拾缘快剪(西洋店),西洋路48-3号(西洋地铁站B西口步行230米),"119.295264,26.069837",[],福建省,福州市,台江区,福州市
新舒丽造型机构(台江区鼓楼区龙庭路),龙庭路37号,"119.313258,26.072073",0591-83313837,福建省,福州市,台江区,福州市
ANDY唯美时尚造型(长寿店),长寿路上游巷号13-01,"119.294326,26.051561",13763810345,福建省,福州市,台江区,福州市
奥利斯时尚造型(荷泽小区店),菏泽小区六座,"119.288570,26.065179",13706985832;15060439051,福建省,福州市,台江区,福州市
靓仔发型定制(河下街锦标园店),义洲街道锦标路18号,"119.296039,26.053197",15659735558,福建省,福州市,台江区,福州市
ABP Hair Salon染发·接发·造型(富力中心店),宁化街道富力中心B3栋2205单元,"119.277971,26.061340",13328693529,福建省,福州市,台江区,福州市
芊序美学造型,洋中路299号融信双杭城Mini墅3号楼1020,"119.303353,26.055471",[],福建省,福州市,台江区,福州市
摩登烫染造型(宝龙城市广场店),工业路193号宝龙城市广场3L-42号,"119.291127,26.061797",[],福建省,福州市,台江区,福州市
V+快剪(安淡店),洋中街道国货西路87号福楼1号,"119.309528,26.063504",[],福建省,福州市,台江区,福州市
鑫鑫美发店(福光南路店),福光南路379号武夷绿洲14号楼1层07店面,"119.356244,26.055750",18659199119,福建省,福州市,台江区,福州市
格调美发(怡丰小区店),学军路39号怡丰小区,"119.306532,26.054891",[],福建省,福州市,台江区,福州市
名访精剪烫染专业沙龙(颐景园二区店),颐景园二区1号楼,"119.298117,26.050956",[],福建省,福州市,台江区,福州市
定点造型(福机新苑店),宁化街道福机新苑5号1层06号店面,"119.291396,26.055123",13306918780,福建省,福州市,台江区,福州市
慕紫造型(宁化优享店),宁化支路2号(保兴社区南门旁),"119.295784,26.056996",13105990435,福建省,福州市,台江区,福州市
FCS台湾快剪,群众路110号(茶亭地铁站A东北口步行140米),"119.306172,26.069340",13685040703,福建省,福州市,台江区,福州市
A PLUS·A+美发沙龙,宁化街道工业路193号宝龙城市广场三楼52-54号,"119.291310,26.061719",15960110608,福建省,福州市,台江区,福州市
浅味发艺,仁德路双福花园12号15号铺,"119.304761,26.071771",13850111004,福建省,福州市,台江区,福州市
浪波湾(亚峰小区店),曙光路13号亚峰小区21号楼,"119.342675,26.058370",[],福建省,福州市,台江区,福州市
翔子造型(新港苑店),新港街道五一南路189号启富花园8号楼5店面,"119.317622,26.058866",13559946723;13559949723,福建省,福州市,台江区,福州市
泰库美发沙龙(台江万达店),榕信东苑6号楼01店铺,"119.340568,26.059014",15080035447,福建省,福州市,台江区,福州市
潮匠·7사고급살롱·高桥发型设计(宝龙广场店),宁化街道工业路193号宝龙广场(福州台江店)3号门2楼,"119.292625,26.061775",[],福建省,福州市,台江区,福州市
介里是家理发店,八一七中路499号(茶亭地铁站D东南口旁),"119.304968,26.068327",15880169202,福建省,福州市,台江区,福州市
首赞臣古方头疗(河下街店),河下街81号,"119.297395,26.051110",15592347687,福建省,福州市,台江区,福州市
康臣一品生发乌发养生(宝龙店),浦西路131号博奥城2号楼6号店,"119.294761,26.059366",0591-83806309,福建省,福州市,台江区,福州市
丝沐造型(博美诗邦店),博美诗邦6号楼1层7号,"119.300778,26.063982",13023889686,福建省,福州市,台江区,福州市
栉沐发型工作室,富力中心B区,"119.278075,26.061275",[],福建省,福州市,台江区,福州市
姐妹理发店(荷塘路店),荷塘路50号(西洋地铁站B西口步行330米),"119.297353,26.069017",13600899094,福建省,福州市,台江区,福州市
顶尚美发店(西滨好美家店),祥坂路46号西滨好美家7幢,"119.283413,26.061887",15280015697,福建省,福州市,台江区,福州市
合一美容美发连锁(阳光凡尔赛宫店),水晶花园8号楼02店铺,"119.347356,26.057051",15259773084,福建省,福州市,台江区,福州市
VS沙宣造型全国连锁(大利嘉店),大利嘉城写字楼D区9层913室,"119.313184,26.067603",13609503723;15859193598,福建省,福州市,台江区,福州市
ABC hair美发私人订制(三保园店),三保直街3号店铺,"119.300552,26.048967",13252168837,福建省,福州市,台江区,福州市
千代造型,广达路395号13双丰新村,"119.309348,26.059281",18506007268,福建省,福州市,台江区,福州市
新潮美发旗舰店(长乐南路店),长乐南路7-18号,"119.331303,26.054870",18960809357,福建省,福州市,台江区,福州市
阿胜造型(群众东路店),群众东路状元楼35-4,"119.313352,26.069343",18705919313,福建省,福州市,台江区,福州市
新发线造型(西洋路店),西洋路40-1号(西洋地铁站B西口步行200米),"119.295425,26.070125",18695736757,福建省,福州市,台江区,福州市
一飞美业(美博城店),六一中路382号美博城一楼158号,"119.319884,26.060005",15510895927,福建省,福州市,台江区,福州市
型巢时尚美发(武夷绿洲西区店),福光南路武夷绿洲379号15座06店面,"119.356443,26.055955",13290748115,福建省,福州市,台江区,福州市
平价快剪,上海街道交通路23-7店面,"119.301340,26.066667",15959133442,福建省,福州市,台江区,福州市
VV造型(金色维也纳B区店),五一南路189-32号,"119.317144,26.058983",18960788580,福建省,福州市,台江区,福州市
莱卡造型(奋斗里店),元兴小区奋斗里77号,"119.300291,26.058917",13282001633,福建省,福州市,台江区,福州市
POP美容美发(安平小区店),新玉环路81-4号,"119.313913,26.053169",18950330010,福建省,福州市,台江区,福州市
美约美发(宝龙广场店),宁化街道工业路193号宝龙城市广场3楼40,"119.291852,26.062105",15060100218,福建省,福州市,台江区,福州市
银剪美业,交通路37-4号,"119.298358,26.066575",18106071668,福建省,福州市,台江区,福州市
悦剪坊,浦尾巷43号店面,"119.308619,26.067669",13655075028,福建省,福州市,台江区,福州市
丝镁造型,交通西路33-48(宁化地铁站B西口步行290米),"119.292085,26.064446",15005000719,福建省,福州市,台江区,福州市
小章理发屋,群众东路89−6,"119.315992,26.069334",18396541485,福建省,福州市,台江区,福州市
美芳美发店(交通花园梦茵园店),交通路红庆里8号交通花园梦茵园,"119.300337,26.066123",13123166864,福建省,福州市,台江区,福州市
云顶之艺造型设计(苍霞新城嘉盛苑南区店),南园路86号,"119.305267,26.047563",17605915680,福建省,福州市,台江区,福州市
丝曼形象设计,鳌峰路255号海润滨江46栋04店面,"119.346028,26.052995",13110881025,福建省,福州市,台江区,福州市
爱上快剪,中亭街中亭街G区利民苑1栋,"119.309380,26.055256",18350078809,福建省,福州市,台江区,福州市
艾尚造型(瀛福小区店),环河路与瀛洲路交叉口北80米,"119.316101,26.054667",13959106945,福建省,福州市,台江区,福州市
米兰造型(侨信公寓店),连江中路247号侨信公寓20号店,"119.336427,26.058219",13067258198;18850423661,福建省,福州市,台江区,福州市
后玖造型,铺前顶路19号菁菁园景公寓二区,"119.306237,26.060690",18150051979,福建省,福州市,台江区,福州市
史泰龙发型屋(嘉澄小区店),和平路与安庆横里交叉口西北100米,"119.312993,26.056251",13405959608,福建省,福州市,台江区,福州市
拾缘快剪(同德路店),同德路32号,"119.300255,26.049501",[],福建省,福州市,台江区,福州市
宾森美发工作室,广达路155号(茶亭地铁站D东南口步行330米),"119.307558,26.068036",15715025880,福建省,福州市,台江区,福州市
金频果(福州六一国际童装城店),六一中路利伟大厦六一国际童装城1号楼5号店面,"119.320073,26.054557",13599395406,福建省,福州市,台江区,福州市
剪艺(苍霞新城嘉华苑店),中平路210号,"119.305577,26.049151",15959022583,福建省,福州市,台江区,福州市
美悦沙龙(福州台江区),万科金域国际城市中心S1号楼02店面,"119.328045,26.059621",0591-28022268,福建省,福州市,台江区,福州市
缘星梦发型机构(锦标园店),河下街锦标路30号,"119.296345,26.053254",13950496109,福建省,福州市,台江区,福州市
发尖美发沙龙(宝龙广场福州店B幢店),工业路193号宝龙广场(福州台江店)L3层,"119.291335,26.061751",13489990414,福建省,福州市,台江区,福州市
零度造型(万科金融港5号楼店),鳌峰街道万科金融港5号楼125,"119.362789,26.044969",18649793119,福建省,福州市,台江区,福州市
芊艺美容美发(武夷绿洲东区店),武夷绿洲东区西南门旁,"119.358856,26.054430",15980736485,福建省,福州市,台江区,福州市
小和美发店,乃裳园东北2门旁,"119.299276,26.051006",18259173790,福建省,福州市,台江区,福州市
阿宝理发店(工业路店),工业路118号东辉花园,"119.302656,26.063417",13509394751,福建省,福州市,台江区,福州市
懂你·造型,洋中路299号融信双杭城Mini墅3号楼1511,"119.303494,26.055663",[],福建省,福州市,台江区,福州市
AD快剪(红庆店),红庆路21-3,"119.301744,26.063928",15060421828,福建省,福州市,台江区,福州市
发时尚(中庚·书香大第店),白马中路126号中庚·书香大第南区8幢,"119.295478,26.063862",0591-82379287;13905926667,福建省,福州市,台江区,福州市
飞飞美发(南台商贸中心店),尾垱街23号南台商贸中心,"119.319775,26.055475",15659990978,福建省,福州市,台江区,福州市
帝辰造型(榕江新天地店),鳌峰街道光明路2号榕江新天地,"119.339363,26.056371",18750166468,福建省,福州市,台江区,福州市
浩宇美业(祥安花园店),国货东路78-4号,"119.322242,26.067132",15750860321,福建省,福州市,台江区,福州市
觅思miss hair salon(宝龙店),"工业路193号宝龙广场(福州台江店)L3层(3号门进入直行20m,扶梯上到L3可见)","119.292510,26.061937",13599040474;18664570080,福建省,福州市,台江区,福州市
Vinci美妆造型工作室(富力中心店),富力中心B2栋402,"119.277536,26.061767",13167336233,福建省,福州市,台江区,福州市
楠妞高级私人定制美妆工作室(文华富邑大楼店),五一南路311号文华富邑大楼F36层,"119.314891,26.054145",13799376009,福建省,福州市,台江区,福州市
雾界·美甲美睫工作室,洋中路299号融信双杭城Mini墅1号楼1106,"119.303220,26.055718",[],福建省,福州市,台江区,福州市
Miro·米洛美甲美睫工作室,富力中心B区,"119.277947,26.061196",[],福建省,福州市,台江区,福州市
艾紫工作室,洋中路299号融信双杭城MINI墅1号楼1418,"119.302954,26.055851",19523136165,福建省,福州市,台江区,福州市
手艺人美发店,达江路君临天华C区10号楼8-91,"119.311263,26.054378",15880054323,福建省,福州市,台江区,福州市
OC快剪(白马中路店),上海街道交通路173号白马河公寓,"119.294274,26.065531",[],福建省,福州市,台江区,福州市
免费理发,玉环路1号君临天华A组团,"119.311825,26.053025",[],福建省,福州市,台江区,福州市
大众造型,群众东路99号元一温泉花园,"119.318625,26.068075",[],福建省,福州市,台江区,福州市
藤野造型(福州中骏世界城店),中骏世界城步行街二楼A246A245,"119.321478,26.032771",15820329520,福建省,福州市,仓山区,福州市
期五新生代男士发型仓山万达店,仓山万达广场B区36号店铺,"119.273658,26.036797",18050783063,福建省,福州市,仓山区,福州市
HOME HAIR合木(乐堤港玫瑰天街店),远洋德呈乐堤港玫瑰天街红星国际3号商业楼1层38商铺,"119.278790,26.040280",[],福建省,福州市,仓山区,福州市
MOCCI慕紫·烫发·染发(仓山万达店),万达广场4号门出口对面B1区,"119.273313,26.036565",15159719272,福建省,福州市,仓山区,福州市
智慧沙龙Colour Opal(仓山万达旗舰店),浦上大道276号万达广场A区福州仓山万达广场店F1层,"119.272233,26.035533",15980268800,福建省,福州市,仓山区,福州市
藤野造型(远洋德呈乐堤港店),远洋德呈乐堤港玫瑰天街2层204,"119.279095,26.039936",18050229776,福建省,福州市,仓山区,福州市
93m国潮男士(仓山万达店),金山街道浦上大道272号仓山万达广场A区1层235商铺,"119.274611,26.037085",13305003802,福建省,福州市,仓山区,福州市
圣安娜(江南水都店),闽江大道197号江南水都综合楼2层,"119.280707,26.042132",0591-87579889,福建省,福州市,仓山区,福州市
MOCCI慕紫·烫发·染发(中骏世界城店),中骏世界城(金街2层)10号门出口处,"119.321925,26.032125",15392389517,福建省,福州市,仓山区,福州市
叁仟先生男士理发(金山万科里店),金山街道金康路160号金山万科里B1-34铺位,"119.261243,26.039440",15980291598,福建省,福州市,仓山区,福州市
阿国大叔美发沙龙(仓山万达广场SOHO区C2号楼店),浦上大道274号仓山万达广场SOHO区C2五楼,"119.276410,26.037350",13625021895;13960783447,福建省,福州市,仓山区,福州市
六景c造型馆,浦上大道274号万达广场C区C2楼1526(红星美凯龙旁),"119.276481,26.037296",18649831179,福建省,福州市,仓山区,福州市
蓝调造型(阳光店),建新镇盘屿路3号奥体阳光花园二期1层19-01,"119.278225,26.018475",18005018609,福建省,福州市,仓山区,福州市
立型男士国潮理发馆(仓山万达店),亭头路253-49(浦上大道地铁站A北口步行410米),"119.274321,26.037241",15880077583,福建省,福州市,仓山区,福州市
MOCCI慕紫·烫发·染发(世纪金源店),潘墩路188号闽江世纪金源购物中心2门中庭2层海底捞对面,"119.358097,26.022938",18054937226,福建省,福州市,仓山区,福州市
GT私人订制·专业烫染接发(仓山万达店),浦上大道仓山万达SOHO区C3-8楼825,"119.276296,26.037641",15980210360,福建省,福州市,仓山区,福州市
优剪美发店(工农路店),下渡街道工农路23-20号福圆苑东区10座,"119.325128,26.042775",18850131887,福建省,福州市,仓山区,福州市
XY hair salon,金达路130号大榕树创意园3号楼1楼1011号,"119.262161,26.056782",15859014632,福建省,福州市,仓山区,福州市
蓝调造型(对湖店),嘉年华花园学生公寓西门旁,"119.314455,26.033228",0591-87442855,福建省,福州市,仓山区,福州市
叁仟先生男士理发(远洋德呈乐堤港店),闽江大道远洋德呈乐堤港1层,"119.278875,26.041575",15980291598,福建省,福州市,仓山区,福州市
MI HAIR(爱琴海店),浦上大道198号福州远洋德呈乐堤港2层,"119.279419,26.040268",0591-83741006,福建省,福州市,仓山区,福州市
VVsalon接发烫染连锁(仓山万达店),亭头路253-45号万达二区店面,"119.274189,26.037156",18250486899,福建省,福州市,仓山区,福州市
叁仟先生男士理发(金城湾广场店),金山街道花溪中路32号金城湾广场1层1028商铺,"119.244689,26.049688",15359181608,福建省,福州市,仓山区,福州市
轻术造型(金祥店),金祥路527号春晓苑20号楼06号,"119.254331,26.047322",[],福建省,福州市,仓山区,福州市
蓝调造型(农林大学店),建新镇上下店路102号农林大学东方学院(农林大学劳光综合楼旁),"119.248207,26.081952",0591-88204982,福建省,福州市,仓山区,福州市
GEGE假发(乐堤港店),乐堤港购物中心1号门2层电梯口,"119.279627,26.040032",15896742223,福建省,福州市,仓山区,福州市
黑哥造型(盖山镇卫生院西北),盖山镇义序路棋杆里新村46号隔壁,"119.324563,25.999312",13615048171,福建省,福州市,仓山区,福州市
蓝月亮美发设计(首山路),首山路203号,"119.314595,26.021243",13805062201,福建省,福州市,仓山区,福州市
叁仟先生男士理发(世纪金源店),城门镇潘墩路188号福州闽江世纪金源购物中心一层中岛Z1003,"119.357537,26.023593",15980291598,福建省,福州市,仓山区,福州市
时尚巴厘美容美发(远洋德呈乐堤港店),金山街道浦上大道198号远洋德呈乐堤港L7层,"119.279639,26.041055",0591-88680679,福建省,福州市,仓山区,福州市
蓝调造型(金山亚朵店),金山浦上工业区仓山园协盛装饰大楼2号楼一层05店金霞小区对面,"119.273583,26.029204",15305916752,福建省,福州市,仓山区,福州市
铭发郎发型直营连锁(南站·阳光天地购物中心店),城门镇胪雷路阳光天地S5一103铭发郎直营连锁古名奶茶边上,"119.384418,25.986852",15980645945;18558766655,福建省,福州市,仓山区,福州市
叁仟先生男士理发(中骏世界城店),南台路86号中骏世界城外街2层A208号,"119.321492,26.032391",15980291598,福建省,福州市,仓山区,福州市
想你美发沙龙(金港店),金港路嘉园小区1栋04店面35-11,"119.275591,26.032724",0591-62787797,福建省,福州市,仓山区,福州市
未来美业(仓山万达金街店),金山街道浦上大道272号万达广场(福州仓山店)金街203铺,"119.273299,26.036074",0591-83050086;13763801822,福建省,福州市,仓山区,福州市
兰蔻私人订制美发连锁(仓山万达店),金山街道浦上大道272号仓山万达广场SOHO区C2栋912室,"119.276529,26.037350",13489190310,福建省,福州市,仓山区,福州市
蓝创专业烫染吧,金山大道580融信小区32号橘园洲公交站后,"119.244060,26.050790",13960783985,福建省,福州市,仓山区,福州市
米崎造型(南站阳光天地店),胪雷路16号南站·阳光天地购物中心F1层,"119.384272,25.987909",15570062774,福建省,福州市,仓山区,福州市
几点洗脸洗头吧,金山街道凤冈路226号玺云公馆6-1号楼1层06,"119.259875,26.037775",19559195789,福建省,福州市,仓山区,福州市
想你美发沙龙(金山万科里店),金山街道金康支路金山万科里B-2728,"119.261606,26.039124",0591-62788189,福建省,福州市,仓山区,福州市
卡罗迪发型连锁(学生街店),仓前街道石岩路33-51号欣隆盛花园,"119.314426,26.037673",18558758520,福建省,福州市,仓山区,福州市
美发复印打印照相店,南三环路与螺洲街交叉路口往东南约100米,"119.352939,25.998745",13950408297,福建省,福州市,仓山区,福州市
名点时尚(春晓苑店),金山街道14号金山碧水三期春晓苑20号楼06-07号,"119.254410,26.047286",0591-88071217,福建省,福州市,仓山区,福州市
MOCCI慕紫·烫发·染发(乐堤港店),浦上大道198号福州远洋德呈乐堤港1层,"119.278771,26.040764",[],福建省,福州市,仓山区,福州市
BB儿童理发馆(远洋德呈乐堤港店),浦上大道远洋德呈乐堤港3层童装区(英孚教育旁),"119.279475,26.040375",[],福建省,福州市,仓山区,福州市
艾发造型(兴元花园店),下渡街道展进巷20号兴元花园(大坪路),"119.328747,26.042027",13950406208,福建省,福州市,仓山区,福州市
尚戏造型(江南水都店),上渡街道通江路115号江南水都四期39号楼1层01店面,"119.290163,26.039922",13559199702,福建省,福州市,仓山区,福州市
M6造型公社,城门镇胪厦村西亭3-1号,"119.347430,26.007472",13850115045,福建省,福州市,仓山区,福州市
哈妮发型(菖蒲新区店),朝阳路245号,"119.326525,26.045875",0591-83469800;13559132231,福建省,福州市,仓山区,福州市
蓝调造型(江南水都店),通江路18号融侨江南水都杰座西区,"119.286654,26.039751",18960892183,福建省,福州市,仓山区,福州市
漂亮宝贝烫染,郑安村30号,"119.309322,26.030170",15060198056;18850731304,福建省,福州市,仓山区,福州市
凌度造型(美发沙龙机构),融侨阳光城方圆A区南门19栋109店铺,"119.279730,26.011285",13859022458;15960181434,福建省,福州市,仓山区,福州市
剪吧安腾店,大浦路与大浦支路交叉口北120米,"119.354375,25.996375",13400555190,福建省,福州市,仓山区,福州市
SO HAIR大润发店,建新镇大润发(金山店)1楼,"119.264704,26.056553",13529987888,福建省,福州市,仓山区,福州市
0度造型,仓山镇上三路求实公寓0度造型设计室,"119.321182,26.035728",15880416225,福建省,福州市,仓山区,福州市
名点美业(金桔店),金山桔园龙苑(桔园洲地铁站B西南口旁),"119.242033,26.046525",0591-88072730;13859055657,福建省,福州市,仓山区,福州市
亚木烫发染发Yamu Style(南站阳光天地店),胪雷路16号南站·阳光天地购物中心F1层,"119.384275,25.987075",[],福建省,福州市,仓山区,福州市
精彩美容美甲美发(桥南店),观海新村门口旁边观海路55号,"119.319452,26.047223",13055720087,福建省,福州市,仓山区,福州市
蓝派美发连锁沙龙,福晟朝阳壹品B区1a栋11底商,"119.324352,26.046466",0591-86237062;0591-86237076;13705064469,福建省,福州市,仓山区,福州市
SO HAIR(欢乐颂店),浦上大道306号仓山欢乐颂1层L303商铺SOHAIR美发店,"119.268153,26.033647",0591-83519662,福建省,福州市,仓山区,福州市
新增蓝派美发直营店(城市2店),石岩路33号欣隆盛花园2区B4号楼1层,"119.314382,26.037451",0591-83308190;0591-83532062;13625049913,福建省,福州市,仓山区,福州市
铭发郎发型直营连锁(龙湖天序店),金山街道凤冈路782号玖序公馆S4号2层207商业用房,"119.252363,26.036566",15985795703,福建省,福州市,仓山区,福州市
蓝派美发连锁(十锦店),下渡街道工农路23号福园苑1号1层04店面,"119.324141,26.042821",0591-83580067;0591-83801160;13625049913,福建省,福州市,仓山区,福州市
名媛发艺沙龙(金洲南路店),金山街道金洲南路550号(金建小区底商),"119.268409,26.034899",15060168931;15859190040,福建省,福州市,仓山区,福州市
SO HAIR(奥体阳光店),盘屿路3号奥体阳光天地F1层,"119.278275,26.018475",[],福建省,福州市,仓山区,福州市
雨果造型金牌烫染设计(万达爱琴海店),金山街道浦上大道198号爱琴海购物公园红星国际商务中心15层1503-1505,"119.279177,26.040221",13559181889;19905013312,福建省,福州市,仓山区,福州市
火爆烫染吧,金洲南路86号店面(金山地铁站F口旁),"119.262042,26.045338",13123193415;13675000987,福建省,福州市,仓山区,福州市
名川美发工作室,金山街道浦上大道274号仓山万达广场SOHO区C4栋2201室,"119.276275,26.036825",13763800522;17750254366,福建省,福州市,仓山区,福州市
LANPAI蓝派美发连锁(临江店),朝阳路284号,"119.330889,26.045133",15980288779,福建省,福州市,仓山区,福州市
M造型,盖山镇林浦路331号,"119.357152,26.024169",[],福建省,福州市,仓山区,福州市
青木潮牌发型沙龙(人民公园小区店),上三路113-07号,"119.316266,26.036157",18059369630,福建省,福州市,仓山区,福州市
阿福贝贝婴儿理发(金港路店),金港路177号摩卡生活馆,"119.280797,26.035733",0591-87608699,福建省,福州市,仓山区,福州市
福州市·蓝汐造型(劳光综合楼店),劳光综合楼(农林大学地铁站B口步行160米),"119.248167,26.082272",15880071383,福建省,福州市,仓山区,福州市
点创形象设计沙龙(阳光城新界店),建新镇金洲南路阳光城新界3号楼店面,"119.278961,26.026433",0591-83538586;15960016305,福建省,福州市,仓山区,福州市
C·ONE造型美发,首山路59号2-3,"119.313537,26.028394",15005058818,福建省,福州市,仓山区,福州市
迈凯伦(齐安路店),盖山镇齐安路763-104号,"119.295625,26.002775",13860085288,福建省,福州市,仓山区,福州市
狂剪坊美发工作室,在水一方东北门旁,"119.249369,26.080147",15980708793,福建省,福州市,仓山区,福州市
卡罗迪发型连锁(朝阳壹品店),朝阳路朝阳壹品6号楼8店,"119.324689,26.045944",18350056305,福建省,福州市,仓山区,福州市
铭发郎美发连锁(三高路金满堂店),展进路192号(三叉街地铁站D1口步行330米),"119.328224,26.036543",15860275394,福建省,福州市,仓山区,福州市
ALi美发造型工作室(金山大景城店),金山大道589号大景城1号楼111室(小区内),"119.247813,26.049798",15280001303,福建省,福州市,仓山区,福州市
名流造型(闽江大道店),建新镇闽江大道99-12号天俊·蓝水湾5号楼,"119.253273,26.069230",18606063503,福建省,福州市,仓山区,福州市
欢莱美发,建新镇洪塘路66号状元山庄,"119.248041,26.072964",13678554461,福建省,福州市,仓山区,福州市
圣薇纳美发沙龙(阳光天地店),奥体阳光天地1号门,"119.277730,26.018327",15859052765,福建省,福州市,仓山区,福州市
SOHAIR(融侨江南水都悦湖店),融侨江南水都悦湖,"119.285553,26.043764",[],福建省,福州市,仓山区,福州市
自見山·沙龙,万科云城2期2号楼102号店铺,"119.424025,25.982125",[],福建省,福州市,仓山区,福州市
独品造型(浦上大道店),浦上大道正祥一品新筑14号楼店面,"119.268736,26.033743",18050295939;18060295939,福建省,福州市,仓山区,福州市
名爵造型(万安路店),万安路3号,"119.312626,26.029862",0591-63123899;13706947757,福建省,福州市,仓山区,福州市
梦焕空间美容美发汗蒸SPA馆(新仓山洋楼店),新仓山洋楼(黄山地铁站C东南口步行110米),"119.349476,26.009901",[],福建省,福州市,仓山区,福州市
铭发郎美发直营连锁(融桥则徐道壹号店),三叉街融侨则徐道1号B区,"119.330764,26.032151",[],福建省,福州市,仓山区,福州市
巨匠造型(蓝水湾店),闽江大道99号天俊·蓝水湾,"119.254161,26.068607",18558622233,福建省,福州市,仓山区,福州市
新尼可造型(金山明星店),建新镇金山大道198号金山明星18号楼1层11店面,"119.260875,26.051130",17605020237;17605931597,福建省,福州市,仓山区,福州市
顶刻造型公社(路边店),盖山镇高湖棋杆149号,"119.339536,26.039076",[],福建省,福州市,仓山区,福州市
DM形象设计(高宅路店),高宅路好景城2号楼1层07号店面,"119.263409,26.029546",15859068707,福建省,福州市,仓山区,福州市
品尚Hair salon(仓山万达广场B2区店),亭头路万达B2区32号,"119.273381,26.036685",0591-83059553;18650997599,福建省,福州市,仓山区,福州市
丝奇造型(万安路店),郑安村57号万安路郑安新苑旁,"119.309678,26.028819",13706964454,福建省,福州市,仓山区,福州市
灵动hair salon(嘉年华花园学生公寓店),对湖街道首山路50号滨海嘉年华E区5号楼1层02店面,"119.313877,26.033853",13799989236,福建省,福州市,仓山区,福州市
MR造型(龙湖兰园·天序店),金山街道龙湖兰园天序s4楼08店面,"119.252264,26.036605",17689436072,福建省,福州市,仓山区,福州市
英姿美发(福州仓山区),建新镇马榕小区39号楼1层店面,"119.261615,26.059485",15980645816,福建省,福州市,仓山区,福州市
美莳造型(状元山庄店),洪塘路38号(洪塘地铁站A1北口步行230米),"119.248563,26.073359",17859350880,福建省,福州市,仓山区,福州市
JZ·密丝(中发·印象外滩店),中发•印象外滩3号38,"119.360455,26.020632",17855081089,福建省,福州市,仓山区,福州市
A+快剪(洪湾店),地铁2号线洪湾站B口(地铁站内),"119.249155,26.047467",15005915661,福建省,福州市,仓山区,福州市
奈斯Nice造型(台屿小区店),建新镇台屿路160-11,"119.283757,26.007035",18259091983,福建省,福州市,仓山区,福州市
墨酷儿童造型(远洋德呈乐堤港店),浦上大道198号福州远洋德呈乐堤港B1层,"119.279175,26.041425",[],福建省,福州市,仓山区,福州市
品格美发工作室,城门镇胪雷新城1区8座109,"119.379498,25.981771",15659325676;18959367356,福建省,福州市,仓山区,福州市
艾嘉形象设计,谢宅路8-13,"119.264881,26.034455",15859171446,福建省,福州市,仓山区,福州市
奥斯卡造型(齐安路店),齐安路与长埕路交叉口南160米,"119.294195,26.003218",[],福建省,福州市,仓山区,福州市
星颜·科技美肤养发造型,金祥路233号(金山地铁站D口步行110米),"119.264213,26.047249",15980680471,福建省,福州市,仓山区,福州市
偶遇salon(金榕南路店),金榕南路锦绣闽江8幢04店,"119.274973,26.039707",18305943303,福建省,福州市,仓山区,福州市
千丝造型,建新镇劳光村农大步行街10号店面,"119.247825,26.082725",18305981697,福建省,福州市,仓山区,福州市
皇冠亲理儿童美发造型(福州仓山欢乐颂店),浦上大道306号欢乐颂三层L343,"119.267922,26.033984",18649899498,福建省,福州市,仓山区,福州市
韩发艺社(榕城广场店),建新镇金环路13号金山碧水东区雨桐苑2号楼店面,"119.266419,26.051263",13559171054,福建省,福州市,仓山区,福州市
唯美造型(金桔路店),金山街道金桔路230号水印天长家园8号楼1层10店面,"119.239979,26.042681",13609578338,福建省,福州市,仓山区,福州市
壹丝造型(仓山学生街店),首山路59-8号店面,"119.313568,26.028142",13489998570;18850712216,福建省,福州市,仓山区,福州市
慕沙龙·专业平价烫染(交通学院船政店),首山路与北园路交叉口南180米,"119.314590,26.022051",15659736085,福建省,福州市,仓山区,福州市
剪爱造型(农大店),建新镇上下店路淮安新村金山学生街店面26号,"119.248139,26.080323",18850743624,福建省,福州市,仓山区,福州市
青致造型专业烫染店,五柱厅巷38号(三叉街地铁站A口步行420米),"119.325135,26.039096",13950453482,福建省,福州市,仓山区,福州市
福囍barbershop男士理发(点金财富中心店),金山街道浦上大道208号点金财富中心1号楼802室,"119.276975,26.039598",18350183312,福建省,福州市,仓山区,福州市
度美发沙龙(榕城广场店),建新镇金榕南路10-19号金山碧水榕城广场4座1层10号店,"119.268913,26.051121",15205057393,福建省,福州市,仓山区,福州市
尚秀阁(美伦雅居店),下渡街道三高路18号美伦雅居3座,"119.326484,26.037067",13809518360,福建省,福州市,仓山区,福州市
天姿专业美容美发(金山大道店),金山大道418-8号,"119.253205,26.050646",15959138897,福建省,福州市,仓山区,福州市
柴油推子男士理发馆,金山街道浦上大道216号仓山万达SOHO C区二座1305室,"119.275941,26.037939",17750254366,福建省,福州市,仓山区,福州市
木沐美业形象沙龙(金港路店),建新镇金港路和园小区16座01店,"119.274827,26.032837",15659789002,福建省,福州市,仓山区,福州市
奥美造型店(燎原路店),江南水都杰座25栋,"119.288470,26.039531",13290804828,福建省,福州市,仓山区,福州市
贵艺造型美业(融信宽域店),金山大道580号融信宽域57号02店,"119.247037,26.053663",18860112238,福建省,福州市,仓山区,福州市
π·Hair Salon(万达旗舰店),浦上大道274号仓山万达广场SOHO区F10层,"119.276426,26.037325",13960722100,福建省,福州市,仓山区,福州市
红太阳发型工作室(南国金辉店),建新镇建新南路51-13号,"119.263950,26.030542",15060012808,福建省,福州市,仓山区,福州市
晶艺美发·快剪,昌蒲路3号,"119.325451,26.046181",13625097512,福建省,福州市,仓山区,福州市
铭发郎发型连锁(胪雷新城店),胪雷新城七区3-4号楼,"119.383375,25.987675",15985795703,福建省,福州市,仓山区,福州市
7+one专业美发沙龙(建发玺云店),凤岗里社区凤冈路以北建新中路以东玺云公馆6-1号楼1层02商业以东玺云公馆6-1号楼1层02商业,"119.259875,26.037875",[],福建省,福州市,仓山区,福州市
爱恋美容美发(东岭路店),福建财茂工业技术学校西南门东南50米,"119.294433,26.010544",13799399707,福建省,福州市,仓山区,福州市
港澳名剪(中天·金海岸金爵苑店),金桔路320号,"119.242463,26.036421",0591-83053219;15980565626,福建省,福州市,仓山区,福州市
铭艺造型(金色康城店),盖山镇连江南路731号金色康城20号楼1层09,"119.336898,26.026872",13559939803;13559939809,福建省,福州市,仓山区,福州市
圣薇纳造型(海润尊品店),建新镇浦上大道海润尊品沿街店面06-07店,"119.279579,26.035720",[],福建省,福州市,仓山区,福州市
流行前线美发(都会华彩店),高兴路33号都会华彩汉庭优佳酒店楼下流行前线美发店,"119.343057,26.018520",13043537241,福建省,福州市,仓山区,福州市
巧尼造型公社,仓前街道上藤路184号(万春13区旁),"119.319575,26.044428",18259155122,福建省,福州市,仓山区,福州市
沙之宣美发(建中小区店),卢滨路建中小区18号03,"119.252775,26.042064",13609087540,福建省,福州市,仓山区,福州市
京美发型烫·染设计沙龙精品店(江上图店),城门镇万仁路5号江上图商务中心(嘉里樟岚项目地块五-4)铺位号3号1楼02商铺果缤纷二楼,"119.390625,26.007525",[],福建省,福州市,仓山区,福州市
安妮型色沙龙(友兰苑店),金环路25号金山碧水东区友兰苑4号楼1层01店面,"119.271080,26.048764",[],福建省,福州市,仓山区,福州市
紫尚造型(福州学生街店),大掌柜商业街E区4号楼1层05店面(永辉旁边),"119.313076,26.033728",18695795781,福建省,福州市,仓山区,福州市
妍悦造型金牌烫染设计(乐堤港店),浦上大道198号福州远洋德呈乐堤港F2层,"119.279175,26.041625",17679133108,福建省,福州市,仓山区,福州市
SHUGDESIGN 數格形象,金山榕城广场1号楼2号店面,"119.267253,26.051055",18559351123;18559366671,福建省,福州市,仓山区,福州市
首艺造型(先锋路店),展进巷金色家园5号楼185-13店面,"119.331737,26.041626",13599083328,福建省,福州市,仓山区,福州市
发布汇形象设计(大唐世家店),永南路56号大唐世家,"119.375186,25.988523",[],福建省,福州市,仓山区,福州市
简J HAIR(金城湾广场店),花溪中路32号金城湾广场F1层,"119.245005,26.049552",[],福建省,福州市,仓山区,福州市
Sunny造型工作室(新仓山洋楼店),福峡路11号新仓山洋楼16号楼08号,"119.349575,26.010166",[],福建省,福州市,仓山区,福州市
铭发郎发型直营连锁,建总领筑北区,"119.339075,26.032375",[],福建省,福州市,仓山区,福州市
莉安Lyanne·SMP自然感纹发(红坊海峡创意园店),海峡创意产业园·红坊10号楼,"119.253925,26.064725",[],福建省,福州市,仓山区,福州市
美艺造型(杉林华府店),杉林华府5栋一楼110号,"119.273819,26.041241",[],福建省,福州市,仓山区,福州市
理享造型(上渡店),上渡路227号南台新苑水仙园,"119.299827,26.037295",[],福建省,福州市,仓山区,福州市
沙之宣Hair salon,高宅路120号,"119.259572,26.027369",[],福建省,福州市,仓山区,福州市
剪剪先生(首山店),首山路57-27号(胖嘟嘟水果便利隔壁),"119.313531,26.028997",13950403115,福建省,福州市,仓山区,福州市
blueblur理发&刺青,花溪南路18-8号,"119.250091,26.026998",18573971170;18860111343,福建省,福州市,仓山区,福州市
芷你造型,建新镇盘屿路3号奥体阳光天地G3号楼402,"119.279475,26.018075",[],福建省,福州市,仓山区,福州市
前卫造型(金辉·水印长天店),金桔路26附近,"119.240279,26.041421",13860612576,福建省,福州市,仓山区,福州市
型色视界沙龙(中骏世界城店),仓山镇利民路11号中骏世界城3楼,"119.321946,26.032117",18650130215,福建省,福州市,仓山区,福州市
风格形象设计沙龙,洪塘路27-5(洪塘地铁站C西南口步行100米),"119.247916,26.072540",13860617492,福建省,福州市,仓山区,福州市
绣春刀造型社,黄山村九江106-1号,"119.351411,26.010113",15959001564,福建省,福州市,仓山区,福州市
木北造型(融信第一城店),洪湾北路融信第一城2号楼(农业银行旁),"119.248481,26.051596",0591-88261092;15060081844;18359769515,福建省,福州市,仓山区,福州市
曼丽美发美甲(金辉·水印长天店),金桔路230号水印长天家园6号楼1层11店面,"119.239785,26.042131",18506033096,福建省,福州市,仓山区,福州市
星发型,万春二区8号楼(上藤地铁站C东南口步行230米),"119.319996,26.042798",13023897767,福建省,福州市,仓山区,福州市
明姿造型时尚烫染吧,林文艺口腔诊所东南侧70米,"119.361071,25.998173",13720832599,福建省,福州市,仓山区,福州市
顺时针美发纹绣中心,城门镇胪厦村街南532号,"119.345437,26.006929",13809520693,福建省,福州市,仓山区,福州市
朴星(丽景天成2期店),洪湾路丽景天城23栋(洪湾地铁站B西北口步行240米),"119.250139,26.048667",15359000242,福建省,福州市,仓山区,福州市
艾造型(世欧上江城A区店),南江滨西大道136号世欧上江城3号楼1层03店铺,"119.337491,26.046168",13600884880,福建省,福州市,仓山区,福州市
领秀美发,春风苑一区领秀美发店36-41,"119.275410,26.011737",15259237369,福建省,福州市,仓山区,福州市
简尚造型(福州仓山区),麦浦路66号江南名城12座,"119.251836,26.051637",[],福建省,福州市,仓山区,福州市
美迪精剪空间(东升店),东升小区东园二路84号,"119.326301,26.029556",15280083231,福建省,福州市,仓山区,福州市
流行色美发造型会所(大润发店),塘下路16号福建日报社报业集团印务中心(南区)5号楼1号店面,"119.263846,26.054777",0591-88194599;13635296345,福建省,福州市,仓山区,福州市
皇冠亲理专业儿童理发(金城湾广场店),金山街道花溪中路32号金城湾广场二楼皇冠亲理,"119.245042,26.049375",18649899498,福建省,福州市,仓山区,福州市
zl专业美发,东塔路与浦道一路交叉口东300米,"119.379841,25.993112",13509359505,福建省,福州市,仓山区,福州市
格格梳造型(盘屿路),照屿路20号,"119.288317,26.001335",15080034442,福建省,福州市,仓山区,福州市
精剪坊(仓山店),建新镇金岩路香江明珠36号04店面,"119.261975,26.059474",13774551877,福建省,福州市,仓山区,福州市
拾缘快剪(三叉街店),建设开发有限公司东北门旁,"119.326822,26.034170",[],福建省,福州市,仓山区,福州市
西调阁形象设计(金山桔园吉苑店),金山桔园吉苑B4号楼,"119.242817,26.045109",18960835282,福建省,福州市,仓山区,福州市
伟造型(中天·金海岸俊仕苑店),金桔路中天金海岸俊仕苑3栋,"119.242475,26.036075",0591-88073683,福建省,福州市,仓山区,福州市
格色风造型(福藤苑小区店),仓山步行街福藤苑1号楼10店面,"119.325315,26.039251",15859064970,福建省,福州市,仓山区,福州市
缘尚造型(农大店),建新镇淮安新村20座一层,"119.248283,26.080421",15880159686,福建省,福州市,仓山区,福州市
发工厂造型(福湾新城夏雨苑B区店),建新镇福湾新城夏雨苑b区9号104,"119.277054,26.008275",15980575820,福建省,福州市,仓山区,福州市
英伦造型(洪湾北路店),建新镇洪湾北路洪光村瓦埕8号,"119.240641,26.060195",18250335316,福建省,福州市,仓山区,福州市
R塑造(南台新苑梅花园店),上渡街道上渡路235号南台新苑梅花园6号楼10店面,"119.297737,26.035965",13635261878,福建省,福州市,仓山区,福州市
型格SALON,福建日报社印务中心二区5号楼3号店面,"119.264029,26.054193",[],福建省,福州市,仓山区,福州市
造就Salon(金辉枫尚店),金港路136号橡树湾30栋1层08店面,"119.283279,26.036113",18060788877,福建省,福州市,仓山区,福州市
青林理发店,三叉街展进路151-6号,"119.327885,26.039045",13163884293,福建省,福州市,仓山区,福州市
顶尖造型(金桔路店),金山街道金桔路256号水映天长家园3拣01店面,"119.240156,26.041917",13806098926,福建省,福州市,仓山区,福州市
出发点时尚造型会所(龙江路店),城门镇石步村龙江路154号,"119.378151,25.979086",13763872913;18259190082,福建省,福州市,仓山区,福州市
阿健美发(上渡路店),牡丹园1栋14号,"119.300406,26.038240",13459106613,福建省,福州市,仓山区,福州市
海燕专业理发店,南台大道与南台大道入口交叉口西南60米,"119.335921,26.000710",15880024203,福建省,福州市,仓山区,福州市
飞度造型(洪塘路店),美丽园2号楼07店,"119.245471,26.071452",[],福建省,福州市,仓山区,福州市
天姿造型(中茵上城国际南区店),城门镇上城国际1号楼,"119.370224,25.991620",[],福建省,福州市,仓山区,福州市
米崎造型(悦享中心店),福峡路114号,"119.354330,25.996092",[],福建省,福州市,仓山区,福州市
巨匠造型(融侨江南水都杰座东区店),通江路17号融侨江南水都杰座东区27号楼,"119.290751,26.039556",[],福建省,福州市,仓山区,福州市
小雨理发店,城门镇连坂村连坂新村94号,"119.362577,26.012102",15705916707,福建省,福州市,仓山区,福州市
铭发郎发型直营连锁(朝阳路店),下渡街道临江新天地小区玉岛苑第9号楼第一层号商铺,"119.331119,26.045131",15005018077,福建省,福州市,仓山区,福州市
倾城发型美容(上渡店),上渡街道上渡路235号南台新苑梅花园8栋6号店面,"119.298018,26.036690",[],福建省,福州市,仓山区,福州市
5元理发店,建新北路32号(阵坂地铁站C西南口步行60米),"119.251410,26.063842",13163877221;18350118230,福建省,福州市,仓山区,福州市
曼尼美业(楼下新村店),建新镇建新北路16号(阵坂地铁站D东南口步行170米),"119.251573,26.065727",[],福建省,福州市,仓山区,福州市
创艺造型(洪湾北路店),金山大道618-81号创艺造型店面(橘园洲生活配套房A区),"119.242906,26.057558",18606010286,福建省,福州市,仓山区,福州市
品恒salon美发头疗 (金山大卫城店),金山街道葛屿路16号融信8A原洪湾中路东侧与凤冈路北侧交叉处67栋楼一层02一3商业服务网点,"119.253061,26.035907",15280005288,福建省,福州市,仓山区,福州市
铭丝造型,闽江大道正祥香槟风范东北2门116-22铭丝造型快剪,"119.256975,26.065487",15860688681,福建省,福州市,仓山区,福州市
英芷美妆造型工作室(杉林·悦榕公馆店),金山街道亭头支路杉林悦榕公馆6栋2603室,"119.272310,26.037678",15605080828,福建省,福州市,仓山区,福州市
从芯美妆工作室(奥体阳光天地店),建新镇盘屿路3号奥体阳光天地G3号楼521室,"119.279237,26.017797",19523087215,福建省,福州市,仓山区,福州市
S33 nail美甲个人工作室,集祥天地2号楼508一楼soho,"119.332584,26.027092",13609562915,福建省,福州市,仓山区,福州市
天成快剪(胪雷店),城门镇胪雷新城一区格林豪泰酒店旁,"119.378841,25.983877",18960973292,福建省,福州市,仓山区,福州市
发缘造型,金祥路741(洪湾地铁站B西北口步行210米),"119.247407,26.046966",17750297831,福建省,福州市,仓山区,福州市
时尚秀专业美发,金山街道农林大学上下店路15号,"119.239899,26.085369",[],福建省,福州市,仓山区,福州市
青木造型(首山路店),首山路55号福建第二轻工业学校4号店面(青木造型),"119.313939,26.030477",15695907831,福建省,福州市,仓山区,福州市
FCS台湾快剪(福湾永辉店),盘屿路与湾边路交叉口西北100米,"119.278725,26.008575",13685040703,福建省,福州市,仓山区,福州市
姐妹美发沙龙,城门镇胪厦村大王地5号,"119.347250,26.007222",[],福建省,福州市,仓山区,福州市
SOHAIR(仓山万达店),金山街道浦上大道272号万达广场福州仓山店B1层万达金街101号铺,"119.274505,26.036241",0591-87828911,福建省,福州市,仓山区,福州市
川谷造型,[],"119.252163,26.037445",17359176001,福建省,福州市,仓山区,福州市
帝娜时尚造型,金山工路9号(阵坂地铁站D东南口步行320米),"119.254567,26.063771",[],福建省,福州市,仓山区,福州市
圣薇纳美发沙龙(融信湾店),融信白宫A区西北1门旁,"119.267843,26.006196",15060210967,福建省,福州市,仓山区,福州市
予你造型·予理造型(集祥天地店),东升街道则徐大道398号集祥天地1号门2楼2002室,"119.333290,26.026919",[],福建省,福州市,仓山区,福州市
10元快剪,金祥路721号中庚·国际华府,"119.249164,26.047063",13075907911,福建省,福州市,仓山区,福州市
丽人行·染烫发型设计(福州学生街店),仓山镇首山路郑安村32号,"119.309471,26.030176",13960812856,福建省,福州市,仓山区,福州市
曼森造型(碧桂园天汇店),[],"119.301049,26.019213",13960744603,福建省,福州市,仓山区,福州市
A+快剪(林浦店)·林浦地铁站内,霞洲路与林浦路辅路交叉口北120米,"119.365075,26.016175",13459216766,福建省,福州市,仓山区,福州市
快剪10元,展进路169-4号,"119.327654,26.040041",15050302249,福建省,福州市,仓山区,福州市
大众美发城(金祥路店),金环路1号风荷苑(风荷巷),"119.265982,26.047733",13860603277,福建省,福州市,仓山区,福州市
发炫烫染形象店,建新镇透浦村上透前近20米处96号发炫理发店,"119.273198,26.008015",13205007092,福建省,福州市,仓山区,福州市
拾缘快剪(金港店),金港路35号金山桔园嘉园,"119.277665,26.033331",[],福建省,福州市,仓山区,福州市
铭发郎美发连锁(莱茵城店),则徐大道4栋06店(三叉街地铁站C口步行310米),"119.327880,26.032968",18695615462,福建省,福州市,仓山区,福州市
壹号美发沙龙(汇创名居二期店),金洲南路806-74汇创名居2期,"119.270414,26.032745",13859623817,福建省,福州市,仓山区,福州市
1号造型潮人馆,雁山路与雁头路交叉口北220米,"119.347845,26.039260",15160156371,福建省,福州市,仓山区,福州市
慕名形象沙龙(大掌柜商业街店),七街十二府程厝路132号,"119.312826,26.033643",18649830908,福建省,福州市,仓山区,福州市
阿德烫染吧(上渡店),上渡街道上渡路401号南台新苑茶花园1楼1层12店面,"119.296459,26.034512",13960825051,福建省,福州市,仓山区,福州市
A+快剪(花海公园店,花海公园地铁站内D出站口旁,"119.349024,26.041058",15005915661,福建省,福州市,仓山区,福州市
黑先生形象设计工作室(下藤小区店),下藤路195号下藤小区,"119.326355,26.041053",15881450784,福建省,福州市,仓山区,福州市
爱美丽美发(洪湾中路店),洪湾中路8-9号(洪湾地铁站B西北口步行280米),"119.250067,26.049075",13003823084,福建省,福州市,仓山区,福州市
名宣发型公社(城南锦绣店),工农街36-3名宣理发店,"119.325174,26.043980",15980967480,福建省,福州市,仓山区,福州市
卡秀造型(金辉枫尚店),金港路金辉枫尚31栋底商,"119.281850,26.036292",13489110249,福建省,福州市,仓山区,福州市
星点造型(金山桔苑店),滨州路39号星点美发,"119.242809,26.044992",13960905282,福建省,福州市,仓山区,福州市
拾月造型(冠浦店),建新南路冠浦路凤高村高螺头6号楼4号店,"119.268792,26.021696",15750820670,福建省,福州市,仓山区,福州市
中意形象(金旭小区南区店),金旭小区南门旁(霞镜地铁站A口步行230米),"119.275111,26.026819",18850411955,福建省,福州市,仓山区,福州市
爱尚造型护肤(大东海·中央府A区店),盖山镇大东海中央府A区2号02,"119.337664,26.018621",[],福建省,福州市,仓山区,福州市
ID Hair美发(金旭小区南区店),金旭小区南区东门西南50米,"119.275901,26.026846",18695779636,福建省,福州市,仓山区,福州市
KJ快剪,工农路61号(上藤地铁站D东北口步行460米),"119.324777,26.043348",13605961881,福建省,福州市,仓山区,福州市
天美造型(螺洲街店),螺洲新城四区东北门东130米,"119.350164,25.986227",15606065479,福建省,福州市,仓山区,福州市
艺涵美容美发(红星大都汇店),2栋18(潘墩地铁站B西北口步行380米),"119.355442,26.023414",17077661133,福建省,福州市,仓山区,福州市
完美人生(世欧彼岸城A区店),世欧彼岸城A11-6号,"119.265263,26.044296",18059159838,福建省,福州市,仓山区,福州市
印象阁,迎安路44号印象阁理发店,"119.312697,26.031758",13559949022,福建省,福州市,仓山区,福州市
名剪堂美发店,金榕北路31-123,"119.259226,26.061310",18250337557,福建省,福州市,仓山区,福州市
焦点发型频道美容美发(东园二路),东园二路115-10,"119.326733,26.027619",15080037122;17605911564,福建省,福州市,仓山区,福州市
艺尚形象salon(中天·金海岸金爵苑店),金桔路336号中天·金海岸金爵苑,"119.243181,26.035279",13859056155,福建省,福州市,仓山区,福州市
美之源(福州仓山区),大埕路180-1号,"119.341236,26.036282",18059047443,福建省,福州市,仓山区,福州市
艺剪缘造型(橘园洲生活配套房B区店),建新镇金山橘园洲生活配套房b区32幢店面,"119.240296,26.058881",13600821751,福建省,福州市,仓山区,福州市
芳香世家美容美发,城门镇福峡路北侧城门镇政府沿街商铺10号楼06店面,"119.371403,25.991955",13509359505;4006899188,福建省,福州市,仓山区,福州市
雅臻美发(富贵天成店),先锋路58号富城先锋小区11号楼1层10号店面,"119.330246,26.039970",18705039021,福建省,福州市,仓山区,福州市
追尚造型(福州学生街城市广场店),仓前街道上三路85号学生街城市广场(新兴公寓南)1层,"119.313600,26.037586",13559175045,福建省,福州市,仓山区,福州市
阿铨美发店,塔亭路71-1号(上藤地铁站B西北口步行380米),"119.317480,26.044915",13110788375,福建省,福州市,仓山区,福州市
小庄造型(泰禾红树林C区店),花溪南路18号红树林花园A区5座109,"119.251780,26.021576",17100700719,福建省,福州市,仓山区,福州市
那些年形象设计沙龙(螺洲街店),螺洲镇杜园村72号,"119.351720,25.995202",13163867331,福建省,福州市,仓山区,福州市
贵艺造型(龙湖兰园·天序店),凤冈路782号龙湖兰园·天序,"119.252320,26.037452",18396534306,福建省,福州市,仓山区,福州市
D·Y形象沙龙(奥体公馆店),阳岐路奥体公馆83-1DY形象沙龙,"119.292684,26.010856",[],福建省,福州市,仓山区,福州市
艺尚空间(福晟·钱隆金山店),冠浦路福晟钱隆金山6-17,"119.269885,26.030341",13067110583,福建省,福州市,仓山区,福州市
艺剪造型(师大学生街店),施埔路1号师大学生街,"119.311302,26.035909",15659978205,福建省,福州市,仓山区,福州市
UJ快剪,城门镇黄山村支祠前5-2UJ快剪店,"119.351073,26.009619",13635242437,福建省,福州市,仓山区,福州市
东艺造型(莱茵城店),东升小区莱茵城11栋13栋,"119.327104,26.031702",18350060158,福建省,福州市,仓山区,福州市
赫莎美发店,屿宅路65号屿浦新苑(东部6号安置地)项目1号楼1层01店面,"119.352449,26.026159",13489918131,福建省,福州市,仓山区,福州市
Qc快剪,建新镇金霞小区131-34 Qc快剪,"119.274734,26.030473",13003878453,福建省,福州市,仓山区,福州市
阿里巴巴造型公社(金山桔园龙苑B区店),滨洲路北龙苑B12号06,"119.242614,26.044689",13850182767,福建省,福州市,仓山区,福州市
佰分佰美发沙龙,黄山村黄山钢材店(黄山地铁站C东南口步行420米),"119.351497,26.009992",13055273612,福建省,福州市,仓山区,福州市
单单剪快剪(金辉·水印长天店),金桔路230号金辉·水印长天,"119.240246,26.041509",13405998777,福建省,福州市,仓山区,福州市
十分有型快剪(金山桔园嘉园店),金港路35号金山桔园嘉园,"119.275053,26.032508",18350324037,福建省,福州市,仓山区,福州市
新潮流美业(迎宾苑店),盖山路71-2号,"119.332055,26.022586",13860687503,福建省,福州市,仓山区,福州市
理想美发工作室(金旭小区北区店),金旭小区5号楼1层店面(霞镜地铁站A口步行380米),"119.274906,26.027866",13459144795,福建省,福州市,仓山区,福州市
创艺(新华体育公寓店),上三路115号新华体育公寓1号3号楼,"119.317455,26.035840",13599397164,福建省,福州市,仓山区,福州市
理享美发(好景城店),高宅路94号,"119.262901,26.029580",[],福建省,福州市,仓山区,福州市
阿良美发(锦绣闽江建平新居店),十字亭路115-15号,"119.283272,26.029312",13559437325,福建省,福州市,仓山区,福州市
A+快剪(螺洲温泉店),华龙路与仙洲路交叉口东北80米,"119.349356,25.990310",15005915661,福建省,福州市,仓山区,福州市
起点男士造型,中茵上城国际南区东北1门旁,"119.371032,25.991592",15159966180,福建省,福州市,仓山区,福州市
峰·男士理发,通江路17号融侨江南水都杰座东区,"119.291982,26.039225",[],福建省,福州市,仓山区,福州市
飞飞快剪(福州中骏世界城店),仓山镇利民路11号中骏世界城负一楼B108中润联华超市出口,"119.322225,26.032875",[],福建省,福州市,仓山区,福州市
理享造型(学生街店),首山路与万安路交叉口南260米,"119.313637,26.027599",13706947757,福建省,福州市,仓山区,福州市
银河·造型(朝阳路店),朝阳路临江大厦132号,"119.325447,26.046048",13405950199,福建省,福州市,仓山区,福州市
剪约专业烫染(雁头路店),盖山镇高湖村金浦菜市场,"119.340462,26.038087",18305910891,福建省,福州市,仓山区,福州市
ZZ快剪(锦绣闽江港头新居店),仓前街道金榕南路553号锦绣闽江港头新居,"119.276248,26.040003",[],福建省,福州市,仓山区,福州市
贝贝造型(夏沁苑店),卢滨路424号夏沁苑15号06店,"119.252704,26.042433",13509378935,福建省,福州市,仓山区,福州市
阿康快剪(新天宇城市购物广场店),城门街55号新天宇城市购物广场F1层,"119.366873,25.991476",[],福建省,福州市,仓山区,福州市
10元快剪(临江新天地玉岛苑店),朝阳路278号临江新天地玉岛苑,"119.330098,26.045014",[],福建省,福州市,仓山区,福州市
快剪新趋势(南台新苑茶花园店),上渡路南台新苑水仙园-茶花园,"119.297076,26.035302",[],福建省,福州市,仓山区,福州市
禾慕造型(金山桔园吉苑店),金祥路817号(桔园洲地铁站D东北口步行200米),"119.245070,26.046754",14700022244,福建省,福州市,仓山区,福州市
你形我塑彬彬发型设计(学府林居店),上三路学府林居19-3,"119.308737,26.039494",[],福建省,福州市,仓山区,福州市
拉格造型hair salon,长安路与万安路交叉口西北40米,"119.309654,26.029696",[],福建省,福州市,仓山区,福州市
10元快剪,齐安路与斗盘线交叉口南60米,"119.295365,26.006936",[],福建省,福州市,仓山区,福州市
苏禾造型店(暂停营业),城门镇大浦路2号(福隆楼)安德大厦一层A-10,"119.356638,25.997008",15005900350,福建省,福州市,仓山区,福州市
