名称,地址,经纬度,电话,省份,城市,区县
阿芝创意,西门街与梅城大街交叉口西20米,"118.865532,26.222494",13799359393,福建省,福州市,闽清县
山山造型(乃裳街店),板东镇湖头街122号,"118.775869,26.104790",[],福建省,福州市,闽清县
汉泽美发店,湖头街122-2号,"118.775890,26.104725",18559125823,福建省,福州市,闽清县
首艺护肤造型(溪滨路店),梅城镇溪滨公园防洪堤42号,"118.866786,26.225570",15860297851,福建省,福州市,闽清县
VibeNo.1,北大路园丁花园1-4号,"118.868433,26.225402",13950457930,福建省,福州市,闽清县
得艺旺型理发店(塔庄街店),塔庄街88-3号,"118.776488,26.050983",[],福建省,福州市,闽清县
且慢形象沙龙(解放大街店),解放大街阳光城100-28号,"118.861448,26.218760",13609584140,福建省,福州市,闽清县
审美形象设计养发会所(溪滨路店),溪滨路广宇小区,"118.869825,26.221254",[],福建省,福州市,闽清县
秀发型设计(太阳大厦店),梅溪镇解放大街51-4,"118.863227,26.219830",15980172627,福建省,福州市,闽清县
爱尚造型,溪滨路与解放大街交叉口东南80米,"118.869993,26.221830",13675060138,福建省,福州市,闽清县
伊然美专业美发(恒翔·冠城店),梅城镇天行大街2-28,"118.860409,26.220755",13799398000,福建省,福州市,闽清县
阿芳美发设计室,阳光城东北门西120米,"118.860643,26.218745",[],福建省,福州市,闽清县
尚艺造型(梅溪路店),梅城镇解放大街25号,"118.858920,26.219127",13675049139,福建省,福州市,闽清县
阳光理发店,梅城镇梅溪路1021号,"118.856331,26.218755",13950372780,福建省,福州市,闽清县
发觉时尚发型,溪滨路与南北大街交叉口西北80米,"118.866610,26.225383",15880103379,福建省,福州市,闽清县
艺美造型设计,解放大街270-61号,"118.869216,26.221463",15980156227,福建省,福州市,闽清县
东尼专业美发沙龙(园丁花园店),梅城镇溪滨园丁花园6号楼,"118.866629,26.224544",[],福建省,福州市,闽清县
剪吧美业,坂东镇湖头街94号,"118.775936,26.104257",[],福建省,福州市,闽清县
源创造型,坂东街44号,"118.772440,26.110004",[],福建省,福州市,闽清县
可可造型(X125店),白中街与仙峰路交叉口西160米,"118.735314,26.134850",[],福建省,福州市,闽清县
简易造型,坂东新街与坂东街交叉口西北240米,"118.772133,26.110727",[],福建省,福州市,闽清县
无极限美发沙龙(园丁花园店),溪滨路与南北大街交叉口东北180米,"118.868967,26.225753",[],福建省,福州市,闽清县
时尚八佰伴专业美发中心,解放大街与台山路交叉口西南40米,"118.871176,26.222851",[],福建省,福州市,闽清县
奇绩造型,西门街73-2号,"118.865086,26.221573",[],福建省,福州市,闽清县
伊然美时尚假发定制,天行大街1-143,"118.859378,26.221183",13514085017;13850155508,福建省,福州市,闽清县
HC幻彩闽清店,解放大街51号太阳大厦51-6号,"118.863311,26.219885",17688779777,福建省,福州市,闽清县
尊尚美发美甲工作室,梅城镇西门街73号,"118.865076,26.221427",18506021852,福建省,福州市,闽清县
新动感造型(台山路店),台山路与解放大街交叉口北300米,"118.870444,26.225639",[],福建省,福州市,闽清县
读你造型,龙洲路与梅城大街交叉口东北120米,"118.864705,26.225629",[],福建省,福州市,闽清县
染烫吧,梅城镇梅溪路洋桃路5号,"118.855958,26.218530",18059705050,福建省,福州市,闽清县
金剪坊美发造型(乃裳街店),坂东镇湖头街菜市场正面口,"118.776045,26.104977",[],福建省,福州市,闽清县
流光造型(博仕后·家园店),梅溪镇渡口村668号博士后家园5号D131,"118.889607,26.196172",15959173376,福建省,福州市,闽清县
天姿美发,民德路与坂东新街交叉口东北60米,"118.773910,26.109120",[],福建省,福州市,闽清县
靓点美发工作室,溪滨路与南北大街交叉口西北80米,"118.869958,26.220800",13559114820;13559959904,福建省,福州市,闽清县
露美理发店(湖头街店),湖头村湖头街91-5号,"118.776152,26.104699",15980727147,福建省,福州市,闽清县
梳剪城造型工作室(溪滨路店),梅城镇溪滨南北大街118号,"118.867812,26.225157",13860695377,福建省,福州市,闽清县
酷时尚形象设计(园丁花园店),梅城镇园丁花园111号,"118.866770,26.224622",15280032707,福建省,福州市,闽清县
0度造型(园丁花园店),梅城镇圆丁花园8座108号,"118.866071,26.224189",15980164002,福建省,福州市,闽清县
仟丝雨美发店(白樟街),白樟街派出所下面20米,"118.806099,26.177431",13609584283,福建省,福州市,闽清县
阿玉美容美发,解放大街29号-27,"118.857904,26.219816",[],福建省,福州市,闽清县
发之缘美发中心(梅城大街店),南北大街18-19号附近,"118.863835,26.225305",15980157551,福建省,福州市,闽清县
得艺望型,溪口大街与308省道交叉口南100米,"118.886078,26.203012",13459495601,福建省,福州市,闽清县
新世纪理发店,南通镇医院斜对面,"118.870948,26.223768",15959051601,福建省,福州市,闽清县
艾莎形象沙龙,梅城镇南北大街116-6号,"118.867678,26.224296",15555040520;18506083935,福建省,福州市,闽清县
刘斌美发店,恒晟·晶都二期,"118.859407,26.221040",[],福建省,福州市,闽清县
名匠造型工作室,西门街与梅城大街交叉口西南140米,"118.865044,26.221516",[],福建省,福州市,闽清县
阿凤理发店,梅溪路81号,"118.860839,26.224404",[],福建省,福州市,闽清县
星座-剪·烫·染,梅溪镇赛垱路1号世林弘郡B-5-101,"118.886402,26.197374",17306919938,福建省,福州市,闽清县
简艺Salon,北大路5-4号,"118.867037,26.224848",13506974311,福建省,福州市,闽清县
阿书理发,梨园路与怅先路交叉口南220米,"118.801476,26.104470",[],福建省,福州市,闽清县
凡造型,白中街与仙峰路交叉口西南20米,"118.736696,26.135030",[],福建省,福州市,闽清县
闽清大美人美业(佳垅坂店),佳垅坂新村161号,"118.868935,26.225261",13950373772;17805960868,福建省,福州市,闽清县
MY梦境Hair Salon(一中店),梅溪镇上埔村上埔92号,"118.886809,26.202025",13123156908,福建省,福州市,闽清县
快剪男女剪发,溪口大街与308省道交叉口南20米,"118.885771,26.203593",[],福建省,福州市,闽清县
雨城风格烫染工作室,白中街324号,"118.736504,26.134938",13559461175,福建省,福州市,闽清县
阿容美发店,梅城镇园丁花园2栋,"118.868034,26.225299",15860297993,福建省,福州市,闽清县
阿英美发室,梅城镇广宇c区,"118.869286,26.220502",13799969746,福建省,福州市,闽清县
精剪坊(芝南路店),池园镇丽新村芝北路31号,"118.686119,26.092663",13509375456,福建省,福州市,闽清县
顶点造型,湖头街与乃裳街交叉口西240米,"118.775886,26.104218",18396163680,福建省,福州市,闽清县
标志美发工作室,梅溪镇上埔村一中学校对面,"118.886254,26.202803",13799921852,福建省,福州市,闽清县
焦点造型设计,梅城镇台山路427号,"118.870840,26.222584",13799972779,福建省,福州市,闽清县
艾美造型,坂东新街与坂东街交叉口西北60米,"118.773020,26.109205",13358237962,福建省,福州市,闽清县
ak美发店,梅城镇园丁花园2座9号,"118.867853,26.225175",13950134121,福建省,福州市,闽清县
起点美发(新世纪大厦店),解放大街新世纪大厦1层1号店面,"118.864076,26.220745",[],福建省,福州市,闽清县
大众理发室(天馨园小区店),解放大街116-5号,"118.863095,26.219280",[],福建省,福州市,闽清县
D造型,坂东镇湖头街115号,"118.775488,26.104165",[],福建省,福州市,闽清县
阿杰美发室,梅城镇城关村委会佳垅坂17号,"118.869019,26.223561",15960056755,福建省,福州市,闽清县
纤纤美发,坂东街与商贸街交叉口西80米,"118.772662,26.108442",[],福建省,福州市,闽清县
红都美发,坂东街与商贸街交叉口西40米,"118.773169,26.108532",[],福建省,福州市,闽清县
佰艺造型,世林弘郡A区9栋112号店铺,"118.887294,26.195839",15005050423,福建省,福州市,闽清县
云艺造型,202省道与云龙街交叉口西南100米,"118.836271,26.170569",[],福建省,福州市,闽清县
木北造型(商贸街店),商贸街与坂东新街交叉口西南160米,"118.772932,26.107231",[],福建省,福州市,闽清县
独品造型(西门街店),梅城镇西门街73号独品造型,"118.865448,26.221983",[],福建省,福州市,闽清县
艺北造型(商贸街店),商贸街与坂东新街交叉口西南160米,"118.772911,26.107391",15359109500,福建省,福州市,闽清县
视觉美发店,塔庄镇塔庄街,"118.776606,26.050841",[],福建省,福州市,闽清县
阿丰理发店,怡得园酒店北80米(台山路西),"118.870945,26.223693",13609585260,福建省,福州市,闽清县
阿邦美发店,115县道下祝乡政府东南,"118.996288,26.491213",[],福建省,福州市,闽清县
极简造型,政府路与坂东新街交叉口东北40米,"118.774654,26.107930",[],福建省,福州市,闽清县
奈蜜NLCME.H,梅城镇西大路518-10号,"118.858339,26.216566",17759194968,福建省,福州市,闽清县
木子造型,台山路与梅溪路交叉口东南40米,"118.867425,26.230775",[],福建省,福州市,闽清县
阿渊发屋,梅城镇南北大街129号,"118.868016,26.221264",[],福建省,福州市,闽清县
阿周造型,梅城镇梅溪路洋桃3号,"118.856001,26.218336",18650719996,福建省,福州市,闽清县
腾飞发屋,坂东镇坂东湖头街,"118.775864,26.104682",[],福建省,福州市,闽清县
丽剪美发店,梅溪镇榕星村台山路50号,"118.868927,26.227067",18960866537,福建省,福州市,闽清县
艺剪坊(坂东街店),坂东镇坂东新街7号,"118.771725,26.110475",13110875310,福建省,福州市,闽清县
阿健理发店,溪口大街与308省道交叉口西北100米,"118.885004,26.204730",[],福建省,福州市,闽清县
东方之剪造型设计室,梅城镇台山路98号,"118.871259,26.223635",[],福建省,福州市,闽清县
蓝调形象设计,莲花住宅小区1-7,"118.687091,26.091389",[],福建省,福州市,闽清县
红太阳时尚发型设计,芝东路与125县道交叉口西北180米,"118.687548,26.091959",[],福建省,福州市,闽清县
青青发室,梅城镇南北大街93号,"118.868016,26.222264",[],福建省,福州市,闽清县
青青美发,湖头街与乃裳街交叉口西180米,"118.776256,26.104883",[],福建省,福州市,闽清县
金剪子(台山路店),台山路463-1号,"118.870829,26.224640",18359768150,福建省,福州市,闽清县
尚之美美发,梅溪镇里寨路渡口村668号博仕后·家园,"118.887842,26.195516",[],福建省,福州市,闽清县
欧芭(恒晟·晶都二期店),梅城镇恒晟晶都步行街88号,"118.858748,26.220935",[],福建省,福州市,闽清县
金铭造型,白中中学东南门旁,"118.734145,26.134891",15959170821,福建省,福州市,闽清县
贵族造型设计,坂东新街与坂东街交叉口西北160米,"118.772570,26.110058",[],福建省,福州市,闽清县
领先造型工作室,梅城镇溪滨公园防洪堤店面65号,"118.867752,26.226072",[],福建省,福州市,闽清县
缘起美发造型,台山路479-1号,"118.870007,26.226209",[],福建省,福州市,闽清县
千丝美容美发,白中镇闽清白中中学,"118.734102,26.134142",[],福建省,福州市,闽清县
都都美容美发,白中街与仙峰路交叉口西220米,"118.735955,26.134838",[],福建省,福州市,闽清县
格调造型,下祝街与学府路交叉口东60米,"118.995740,26.491694",[],福建省,福州市,闽清县
阿雪理发,下祝街与学府路交叉口东南140米,"118.996249,26.490849",[],福建省,福州市,闽清县
10元洗发,芝东路与125县道交叉口西北100米,"118.687975,26.091225",[],福建省,福州市,闽清县
理发馆,乃裳街与车墘街交叉口北200米,"118.774625,26.102375",[],福建省,福州市,闽清县
李坂理发店,128县道与长征十三路交叉口西北420米,"118.760725,26.113675",[],福建省,福州市,闽清县
雾·Hair Studio造型设计,下龙洲9-1号,"118.864397,26.225230",[],福建省,福州市,闽清县
西滨公园来剪吧,溪滨路与南北大街交叉口北80米,"118.867075,26.225675",[],福建省,福州市,闽清县
斌斌10元快剪,湖头街与乃裳街交叉口西140米,"118.776825,26.105175",[],福建省,福州市,闽清县
遇尚造型,溪滨路与南北大街交叉口北120米,"118.867675,26.226075",[],福建省,福州市,闽清县
清城快剪,解放大街与过龙路交叉口西南140米,"118.861825,26.218075",[],福建省,福州市,闽清县
哈星造型,127县道与省璜街交叉口东南140米,"118.731525,25.986875",[],福建省,福州市,闽清县
阿文美发,白樟街与白樟街北路交叉口东340米,"118.808545,26.177680",[],福建省,福州市,闽清县
青亦美发,南北大街与解放大街交叉口南60米,"118.867991,26.221315",[],福建省,福州市,闽清县
钗云理发店,南山路与溪口大街交叉口西北40米,"118.881943,26.210768",[],福建省,福州市,闽清县
666造型,溪口大街与308省道交叉口南60米,"118.885875,26.203443",[],福建省,福州市,闽清县
新大路美发,大路村村委会西侧180米,"118.854229,26.206517",[],福建省,福州市,闽清县
左右手造型设计,梅溪镇台山路436号(人民银行斜对面),"118.871097,26.223477",[],福建省,福州市,闽清县
创鑫造型(闽芝·御景豪庭店),梅溪路596号闽芝·御景豪庭,"118.870228,26.231940",[],福建省,福州市,闽清县
潮流艺剪造型(博仕后·家园店),梅溪镇里寨路渡口村668号博仕后·家园,"118.889667,26.196060",[],福建省,福州市,闽清县
原点美业,上莲街与125县道交叉口南120米,"118.652521,26.036056",18050228114,福建省,福州市,闽清县
一剪风,湖头街与政府路交叉口东南160米,"118.775323,26.106484",[],福建省,福州市,闽清县
煌煌美发店,白中街与仙峰路交叉口西南120米,"118.737025,26.134925",[],福建省,福州市,闽清县
嘟嘟造型,125县道,"118.736215,26.134873",[],福建省,福州市,闽清县
山小毛驴理发店,过龙路与解放大街交叉口南120米,"118.862181,26.218139",[],福建省,福州市,闽清县
动感美发店,塔庄镇塔庄街,"118.776765,26.051260",[],福建省,福州市,闽清县
芳芳剪吧,溪滨路与浮桥头街交叉口东北140米,"118.865752,26.224332",[],福建省,福州市,闽清县
艺剪发艺(台山路店),梅城镇台山路461号,"118.870862,26.224855",[],福建省,福州市,闽清县
欣欣美发工作室,台山路与解放大街交叉口北240米,"118.870844,26.225123",[],福建省,福州市,闽清县
尚形美发,台山路与解放大街交叉口北320米,"118.870348,26.225811",[],福建省,福州市,闽清县
预知造型,梅城镇梅城大街47号,"118.865577,26.223194",[],福建省,福州市,闽清县
晶晶美发店,梅城镇南北大街145号,"118.867821,26.220748",[],福建省,福州市,闽清县
境心科技美肤工作室,梅溪镇榕院村梅溪路是972号,"118.858088,26.223211",15880132359,福建省,福州市,闽清县
芳芳美颜工作室,坂东镇湖头村湖头街35号2楼,"118.776450,26.105860",[],福建省,福州市,闽清县
遇见美美容美体工作室(解放大街店),解放大街梅花园,"118.868410,26.222134",[],福建省,福州市,闽清县
艾尚工作室,溪滨路与天行大桥交叉口东40米,"118.860524,26.222579",[],福建省,福州市,闽清县
东沙龙工作室,政府路与湖头街交叉口东40米,"118.774736,26.107706",[],福建省,福州市,闽清县
青年发社,凤山镇闽星花园1号楼016号,"119.555511,26.489115",13664640172,福建省,福州市,罗源县
雅丹妮青禾店,松山镇滨海路2号世纪金源购物中心A区2层004,"119.594581,26.470651",13859044644,福建省,福州市,罗源县
漂亮宝贝发型设计(福州罗源县),起步大桥附近,"119.546814,26.504222",18750198955,福建省,福州市,罗源县
凯琪美容美发(闽星花园店),罗中路闽星花园1-15号,"119.555389,26.489074",17706903330,福建省,福州市,罗源县
头部交易美发工作室,凤山镇罗川中路5-1号华美花园,"119.558375,26.489025",17774469249,福建省,福州市,罗源县
美尚美容美发(世纪金源大道店),松岐路1号罗源湾滨海新城,"119.598342,26.464820",[],福建省,福州市,罗源县
雅丹妮护肤造型(青禾店),凤山镇三中路青禾小区0708店铺,"119.559090,26.487451",0591-26850111,福建省,福州市,罗源县
创品·形象设计,松岐路1号罗源湾滨海新城,"119.598470,26.463845",[],福建省,福州市,罗源县
发吧(福州罗源县),凤山镇府前新村2号楼,"119.551973,26.485595",13110521118;18850385556,福建省,福州市,罗源县
领秀造型(府前街店),凤山镇府前街6号楼店面妈祖庙对面,"119.552928,26.485328",13559195200;13774583009,福建省,福州市,罗源县
莱卡美发店,世纪花园东南门旁,"119.550865,26.488362",0591-26830367,福建省,福州市,罗源县
TT美业(金源滨海商务中心店),江滨南路1号罗源世纪金源购物中心2F层(南门旁扶梯上到2F可见),"119.594596,26.469111",18850385756,福建省,福州市,罗源县
卡顿美发沙龙(东方星城B区店),东外路12-19号,"119.565758,26.486042",13950231990,福建省,福州市,罗源县
名店造型工作室(罗源世纪金源购物中心B区店),松山镇滨海商业街6-3号,"119.598223,26.467430",18650499698,福建省,福州市,罗源县
君子兰(罗源府前店),府前街与东环路交叉口东120米,"119.552006,26.485593",13110521118;15880137753,福建省,福州市,罗源县
尚美工作室(福州罗源县),府前街8号楼6号店,"119.553795,26.485280",13075961685,福建省,福州市,罗源县
MAX美发沙龙(烫染优质店),滨海路商业街A区06-07号(观音广场正对面),"119.598062,26.470197",18859156498,福建省,福州市,罗源县
首秀造型(江滨北路店),松山镇江滨北路13-7店面,"119.595256,26.475636",15059112538,福建省,福州市,罗源县
独领美容美发(金凤小区店),罗中路金凤小区大门口3-10号,"119.553662,26.488892",18250908733,福建省,福州市,罗源县
宝弟造型,罗中路与星豪路交叉口东北180米,"119.562053,26.491947",15960156052,福建省,福州市,罗源县
名剪烫染工作室,岐阳南路1025号,"119.551953,26.488589",15005963585,福建省,福州市,罗源县
霏梵美发沙龙,滨海新城滨海商业街23-10,"119.599609,26.460363",13665062110,福建省,福州市,罗源县
A-one素人轻奢定制,滨海新城商业街12区西门正对面H5-21,"119.598368,26.458155",13655049724,福建省,福州市,罗源县
顶点造型(华林御景店),府前街3号华林御景门口,"119.556625,26.485375",15985787820,福建省,福州市,罗源县
E剪造型,滨海商业街C5-11,"119.598340,26.462490",13960757293,福建省,福州市,罗源县
锦和造型,罗中路1023号,"119.551962,26.488679",15645592627,福建省,福州市,罗源县
新创意美发(妈祖前街店),马祖前新村55-14室,"119.557043,26.486470",18506026859,福建省,福州市,罗源县
匠心造型,凤南东路10-011消防队附近,"119.551957,26.483395",18960750020,福建省,福州市,罗源县
森尼造型,水岸路香蜜湖9号楼108店面,"119.570502,26.484485",15377936080,福建省,福州市,罗源县
318美发工作室,松山镇罗盛苑9号楼104,"119.592409,26.465609",15980178997,福建省,福州市,罗源县
阿金理发店,明日之星东区南门旁,"119.589047,26.454099",18065109068,福建省,福州市,罗源县
头发乱了美发沙龙(罗中路店),凤山镇岐阳北路119号闽星广场,"119.554691,26.488133",[],福建省,福州市,罗源县
SAVOUR·苏梵造型,滨海新城罗泰苑18号楼105室,"119.600748,26.462243",18959126851,福建省,福州市,罗源县
剪艺快发(滨海店),松山镇松岐路9-33号,"119.588893,26.459655",13705992320,福建省,福州市,罗源县
丝情发艺(正祥店),松山镇正祥特区13号楼05号店面,"119.581092,26.471863",13559452132,福建省,福州市,罗源县
品柏发型屋,罗中路3-7,"119.553872,26.488933",[],福建省,福州市,罗源县
凡高HAIR SAILON,凤山镇罗川中路5-1号华美花园,"119.558313,26.489457",[],福建省,福州市,罗源县
奈斯美发沙龙(汉昇城霍安府西区店),松山镇松岐路7号汉升城东区12栋9号店面,"119.588240,26.456373",[],福建省,福州市,罗源县
初见美发会所,松山镇滨海新城松旗路商业街4-5(BS1-05)初见美发会所,"119.590596,26.469836",18705066143,福建省,福州市,罗源县
零度美发沙龙,松岐路1号罗源湾滨海新城,"119.603195,26.460373",[],福建省,福州市,罗源县
今喜造型(罗源世纪金源购物中心B区店),江滨南路1号罗源世纪金源购物中心B区1F层,"119.593906,26.469312",[],福建省,福州市,罗源县
jk快剪,松岐路1号罗源湾滨海新城,"119.598359,26.465921",15159622809;18695602649,福建省,福州市,罗源县
头上艺人(东方星城B区店),凤山镇东方星城B区一号楼店面,"119.566625,26.486111",13777552532,福建省,福州市,罗源县
完美形象美发沙龙,凤山镇妈祖街4-3号,"119.552037,26.486424",[],福建省,福州市,罗源县
雅士造型,马祖前新村37-11号,"119.555278,26.486587",[],福建省,福州市,罗源县
丝诺美业,松岐路1号罗源湾滨海新城,"119.598382,26.462034",13655081723,福建省,福州市,罗源县
艺廊造型,滨海路与世纪金源大道交叉口东南140米,"119.600026,26.469628",[],福建省,福州市,罗源县
造型公主嫁到(罗源湾滨海新城罗贵苑店),滨海路1号罗源湾滨海新城罗贵苑,"119.590666,26.471439",[],福建省,福州市,罗源县
指间发工作室(明日之星店),站前路与松岐路交叉口西180米,"119.588295,26.455176",[],福建省,福州市,罗源县
时尚联盟烫染吧,妈祖前新村南门旁,"119.555255,26.486586",15060151703,福建省,福州市,罗源县
牵心美发(东方星城B区店),凤山镇东方星城B区1号楼店面,"119.566636,26.486127",[],福建省,福州市,罗源县
发艺时尚馆,福建罗源湾经济开发区管理委员会西北侧230米,"119.595755,26.471998",[],福建省,福州市,罗源县
优美理发店(西外路店),西外路与党校路交叉口东40米,"119.540603,26.486198",[],福建省,福州市,罗源县
艾意·Eyi美容美发,松岐路16-33号,"119.590616,26.455969",[],福建省,福州市,罗源县
缘星梦美容美发,S201罗源县外洋中学东侧约80米,"119.622711,26.432086",[],福建省,福州市,罗源县
剪艺美发型(金源滨海商务中心店),滨海路一号金源滨海商务中心F1层,"119.598306,26.468196",13696846451,福建省,福州市,罗源县
奥斯卡造型(罗源滨海店),松岐路1号罗源湾滨海新城,"119.598385,26.462163",13645072073,福建省,福州市,罗源县
cm快剪,滨海商业街f2-07,"119.600781,26.460405",18059196209,福建省,福州市,罗源县
美约造型,江滨南路与岐鹤路交叉口东60米,"119.582034,26.472550",[],福建省,福州市,罗源县
品尚造型,松岐路与海川路交叉口西北80米,"119.589455,26.460663",[],福建省,福州市,罗源县
慕名而来理发店,北大路与学前洋街交叉口东北160米,"119.549733,26.489152",15205049623,福建省,福州市,罗源县
理云龙理发店,松岐路1号罗源湾滨海新城,"119.600272,26.460355",15859191693,福建省,福州市,罗源县
酷酷男士理发馆,凤山镇西大路20栋05店,"119.544060,26.486537",15985762728,福建省,福州市,罗源县
精艺剪造型,滨海商业街B5-05,"119.598215,26.466532",18059039937,福建省,福州市,罗源县
美约造型(海川路店),海滨新城海川路F1-12对面,"119.599425,26.460325",13799969799,福建省,福州市,罗源县
三毛造型(闽星花园店),闽星花园1号楼,"119.555226,26.489078",0591-26828933,福建省,福州市,罗源县
天玺造型,东大新村16-3号,"119.550578,26.485794",18359757212,福建省,福州市,罗源县
酷琪美发(余家塘店),余家塘165-3,"119.563498,26.488771",15080051717,福建省,福州市,罗源县
星海Star Sea美发工作室,司前新村5-8店面,"119.547909,26.487597",18850701871,福建省,福州市,罗源县
艺美造型,松岐路1号罗源湾滨海新城,"119.598397,26.458766",15959056032,福建省,福州市,罗源县
爱尚美形象设计(东方星城B区店),东外路16-226号,"119.565584,26.487615",15860486931,福建省,福州市,罗源县
简研工作室,滨海新城滨海商业街9-9号,"119.598362,26.466324",18559179101,福建省,福州市,罗源县
依剪缘理发店,凤南路与城南西巷交叉口西100米,"119.548491,26.483440",[],福建省,福州市,罗源县
叮当造型(闽星花园店),罗中路与岐阳路交叉口南160米,"119.554428,26.487708",15859159799,福建省,福州市,罗源县
南溪快剪,东大新村20号楼,"119.550575,26.485575",[],福建省,福州市,罗源县
起点造型(世纪金源大道店),世纪金源大道滨海新城商业街H9段06号商铺,"119.598374,26.456468",19523172669,福建省,福州市,罗源县
A+高定沙龙,司前街3号楼,"119.547999,26.486635",18649781557,福建省,福州市,罗源县
伊剪美时尚造型(天福花园店),罗川中路1号天福花园1座,"119.556671,26.486668",[],福建省,福州市,罗源县
出发点,凤南西路与南大路交叉口东南20米,"119.547530,26.483353",[],福建省,福州市,罗源县
叁木造型工作室(罗马景福城B区店),罗马景福城B区西北门旁,"119.564801,26.491734",[],福建省,福州市,罗源县
靓点美发,起步村委会东北侧100米,"119.546802,26.504111",[],福建省,福州市,罗源县
壹号造型,罗中路与东环路交叉口东北60米,"119.552180,26.488994",[],福建省,福州市,罗源县
艺佳造型(水岸菁华店),松山镇水岸菁华1号-23店面,"119.573048,26.484152",[],福建省,福州市,罗源县
您好漂亮造型,凤山镇罗川中路5-1号华美花园,"119.557777,26.489636",15750871696,福建省,福州市,罗源县
杰造型,罗中路12-29,"119.554218,26.489989",13015762836,福建省,福州市,罗源县
正翔理发店,江滨南路与岐鹤路交叉口西200米,"119.579289,26.472268",[],福建省,福州市,罗源县
首艺造型(溪尾街店),西大路与西环城路交叉口东260米,"119.545286,26.487482",[],福建省,福州市,罗源县
小眼圈,凤山镇竹兜130-1,"119.560840,26.490009",[],福建省,福州市,罗源县
社慕颜灵感造型,松山镇海川路5号滨海新城罗玉苑9座101单元,"119.603774,26.456664",[],福建省,福州市,罗源县
C+文豪发型设计(凤安家园店),华林御景1004,"119.555376,26.485319",15859062656,福建省,福州市,罗源县
漂亮宝贝造型(阳光小区店),凤山镇东外路阳光小区2号楼22店面,"119.563290,26.485390",13799968334,福建省,福州市,罗源县
雅琪造型(松岐路商业街店),松岐路商业街,"119.590570,26.471061",15659780337,福建省,福州市,罗源县
蓝密码(佳禾盛世名城店),104国道与罗川中路交叉口东南100米,"119.558803,26.481942",18559123540,福建省,福州市,罗源县
吓细理发店,罗川中路8号金福花园(罗中路),"119.557002,26.490434",15985762926,福建省,福州市,罗源县
剪艺造形理发店,松山镇江滨南路9-121,"119.579520,26.472652",15880022895,福建省,福州市,罗源县
魅丽雅姿造型(东方星城D区店),东方星城D区东南2门东北50米,"119.571709,26.487020",[],福建省,福州市,罗源县
审美形象设计,罗川中路6-86,"119.558345,26.489040",15280154732,福建省,福州市,罗源县
靓丽人生形象设计(罗源店),凤山镇府前街凤安家园81号楼8号车库,"119.556218,26.485577",13850188033;18850773586,福建省,福州市,罗源县
小爱发屋(水岸菁华店),水岸菁华西北门东北70米,"119.573137,26.485787",[],福建省,福州市,罗源县
美姿剪造型,富丰住宅区北门西50米,"119.554840,26.486464",[],福建省,福州市,罗源县
发艺坊形象设计沙龙(莲花东区店),凤山镇莲花东区6-1075,"119.552112,26.484060",[],福建省,福州市,罗源县
紫竹苑养生馆独领造型,凤山镇金凤小区1栋,"119.553120,26.488868",[],福建省,福州市,罗源县
ABC美容美发,江滨南路1号罗源世纪金源购物中心1F层,"119.593950,26.469412",[],福建省,福州市,罗源县
阿萍理发店,凤南东路13号,"119.552280,26.484386",[],福建省,福州市,罗源县
约尚造型,凤山镇西大路22-9号,"119.543597,26.486590",[],福建省,福州市,罗源县
理发店,罗川南路天星幼儿园,"119.544350,26.483643",[],福建省,福州市,罗源县
吸引力造型,福源花园南门旁,"119.556754,26.485580",13705013293,福建省,福州市,罗源县
玉薇,北大路98-9店玉薇,"119.550467,26.489376",[],福建省,福州市,罗源县
ONE莫造型,水岸路香蜜湖9栋107,"119.570482,26.484466",15005003226,福建省,福州市,罗源县
艺豪发吧私人定制,凤山镇罗川中路5-1号华美花园,"119.558474,26.488108",[],福建省,福州市,罗源县
罗伊美发造型工作室,起步村委会东北侧60米,"119.546545,26.503869",[],福建省,福州市,罗源县
唯美发屋(万豪·城市广场店),凤山镇万豪城市广场21幢,"119.559579,26.488062",15280115106,福建省,福州市,罗源县
高琛美发(物资大楼店),北环城路49-006,"119.551402,26.488946",[],福建省,福州市,罗源县
E+Hairsalon美发沙龙,凤山镇东外路16号东方新城B区28号楼商店10,"119.567712,26.488250",[],福建省,福州市,罗源县
阿国美容美发,妈祖前新村西南侧80米,"119.553204,26.485338",[],福建省,福州市,罗源县
非凡造型工作室,松岐路1号罗源湾滨海新城,"119.598351,26.455273",[],福建省,福州市,罗源县
禾里造型(东方星城B区店),东方星城B区侧门7号楼05店面,"119.569057,26.486563",[],福建省,福州市,罗源县
彩剪点,鉴江镇卫生院北侧60米,"119.759025,26.547475",[],福建省,福州市,罗源县
快剪,东方星城,"119.569325,26.486275",[],福建省,福州市,罗源县
灿灿理发店,白廷线与142县道交叉口西南100米,"119.345146,26.454017",[],福建省,福州市,罗源县
理好理发店,松岐路1号罗源湾滨海新城,"119.598186,26.462640",[],福建省,福州市,罗源县
小爱发屋(香密湖店),香蜜湖西北门东北60米,"119.571425,26.484925",[],福建省,福州市,罗源县
阿康理发店,恒益建材科技有限公司北侧310米,"119.581575,26.466325",[],福建省,福州市,罗源县
亮亮理发,霍口畲族乡人民政府西侧170米,"119.275575,26.446025",[],福建省,福州市,罗源县
2元洗剪吹,妈祖前新村东南侧60米,"119.554195,26.485598",[],福建省,福州市,罗源县
喜理美发美甲工作室,罗源湾滨海新城罗旺苑,"119.599275,26.453125",[],福建省,福州市,罗源县
啊康美发,恒益建材科技有限公司北侧350米,"119.581575,26.466725",[],福建省,福州市,罗源县
陈金妹理发店,鉴江镇卫生院西南侧,"119.758889,26.546581",[],福建省,福州市,罗源县
金喜理发店,霍口畲族乡人民政府西侧100米,"119.276425,26.445525",[],福建省,福州市,罗源县
白云理发店,西外路与党校路交叉口东北20米,"119.540325,26.486275",[],福建省,福州市,罗源县
西里造型,松岐路1号罗源湾滨海新城,"119.598284,26.459750",[],福建省,福州市,罗源县
阿春发型工作室,松岐路与海川路交叉口西北100米,"119.589399,26.460854",[],福建省,福州市,罗源县
香香理发店,碧里乡碧里村民委员会西南侧120米,"119.717425,26.463275",[],福建省,福州市,罗源县
丝情发艺,凤山镇罗川中路5-1号华美花园,"119.558375,26.488975",[],福建省,福州市,罗源县
格调造型,滨海路1号罗源湾滨海新城罗贵苑,"119.591405,26.472084",[],福建省,福州市,罗源县
时遇-造型,松岐路与闽都路交叉口东南100米,"119.590613,26.467076",[],福建省,福州市,罗源县
阿春理发店,起步村委会东侧50米,"119.546631,26.503612",[],福建省,福州市,罗源县
魅秀造型,桥边驿北侧,"119.718644,26.463865",[],福建省,福州市,罗源县
新辉发型(盛丰蓝湾明珠店),蓝湾明珠2期东南门西210米,"119.595269,26.475647",[],福建省,福州市,罗源县
顶流造型(水岸菁华店),水岸菁华东门东南60米,"119.574264,26.484977",[],福建省,福州市,罗源县
GD造型,溪尾街与司前街交叉口西北140米,"119.546563,26.487029",[],福建省,福州市,罗源县
艺剪美,正祥特区美居东南侧230米,"119.581688,26.470545",[],福建省,福州市,罗源县
美约造型,禹步路与禹步支路交叉口西南120米,"119.574094,26.483739",[],福建省,福州市,罗源县
理想理发,罗源县起步卫生院东北侧80米,"119.547650,26.504833",[],福建省,福州市,罗源县
时匠造型(闽星花园店),罗中路与岐阳路交叉口南160米,"119.554581,26.487807",[],福建省,福州市,罗源县
南岐理发店,松岐路与新城路交叉口西北40米,"119.589713,26.470553",[],福建省,福州市,罗源县
米奈美发工作室(万豪·城市广场店),三中路2号万豪·城市广场,"119.560275,26.488275",[],福建省,福州市,罗源县
广式造型(东方星城B区店),凤山镇东外路16号东方星城B区,"119.565478,26.487952",[],福建省,福州市,罗源县
剪艺造型,松岐路与新城路交叉口西北120米,"119.589077,26.470916",[],福建省,福州市,罗源县
简易烫染吧,岐后村委会西南侧220米,"119.581549,26.469952",[],福建省,福州市,罗源县
梳剪造型(溪尾街店),溪尾街与司前街交叉口西北120米,"119.546826,26.487033",[],福建省,福州市,罗源县
浩丹娜美发店,鉴江镇港东路17号,"119.759325,26.546317",[],福建省,福州市,罗源县
名流造型设计(万豪·城市广场店),三中路2号万豪·城市广场,"119.558611,26.488185",[],福建省,福州市,罗源县
阿平美发工作室(龙瀚·闽星佳园店),闽星佳园15号楼,"119.564557,26.484176",[],福建省,福州市,罗源县
非凡一族形象设计,凤山镇西大路22座店面,"119.543725,26.486667",[],福建省,福州市,罗源县
发丝缘美发造型,凤山镇府前街妈祖新村33座,"119.554539,26.485538",[],福建省,福州市,罗源县
肯尼造型(闽星花园店),罗中路与岐阳路交叉口南200米,"119.554542,26.487288",[],福建省,福州市,罗源县
剪约美发工作室(嘉禾花园店)(暂停营业),嘉禾花园南门旁,"119.558467,26.483697",13123192795,福建省,福州市,罗源县
冷雨轩工作室,凤山镇府前街妈祖新村33-02店,"119.554330,26.485597",13950455792,福建省,福州市,罗源县
YT工作室,滨海商业街19-5,"119.592269,26.460328",[],福建省,福州市,罗源县
沐颜工作室,方新小区西门旁,"119.558679,26.490805",[],福建省,福州市,罗源县
由理工作室,禹步路1-102号,"119.573703,26.485717",15005003226,福建省,福州市,罗源县
奇遇美甲工作室,松山镇滨海新城13区罗玉苑36栋703室,"119.604953,26.459404",18695709221,福建省,福州市,罗源县
上禾sh工作室,松岐路1号罗源湾滨海新城,"119.598375,26.458775",[],福建省,福州市,罗源县
豆豆工作室,东环路与学前洋街交叉口西南60米,"119.550892,26.486442",[],福建省,福州市,罗源县
预见hair.salon(龙华花园一区店),龙华一期6-105,"119.535837,26.212033",18506909229,福建省,福州市,连江县
轻术造型(莲荷东路店),莲荷东路龙事达19楼4店,"119.540659,26.201592",[],福建省,福州市,连江县
优米烫染形象设计,日出东方南门对面凤翔国际9号楼9号商铺,"119.541176,26.211866",17689268761,福建省,福州市,连江县
焦点美业(莲荷东路店),莲荷东路龙事达楼下,"119.540654,26.201593",18759163713,福建省,福州市,连江县
焦点美业(凤翔国际店),凤翔国际西北门西南50米,"119.541059,26.211814",13675050327,福建省,福州市,连江县
秋水伊人科技美肤·SPA会所(江滨观邸店),文山南路江滨观邸11号楼A70,"119.543439,26.194603",0591-38152226;18105030350,福建省,福州市,连江县
玖伍男士理发(丽景天下店),马祖西路23-8丽景天下,"119.530054,26.207138",13763807465,福建省,福州市,连江县
奇恒美业(顶尚店),凤城镇丹凤东路15-A92号,"119.537090,26.208839",15960163202,福建省,福州市,连江县
喜欢理(连江旗舰店),妈祖东路碧水龙城3-36喜欢理(红锦江楼下),"119.546320,26.214150",18759163713,福建省,福州市,连江县
林向美业(迪鑫花园店),凤城镇金安西路迪鑫花园6栋(丹凤东路7-7),"119.535957,26.208435",17859528328,福建省,福州市,连江县
浅深造型(贵阁苑店),贵安新天地芳园路贵阁苑6-65,"119.402894,26.255436",13559117203,福建省,福州市,连江县
慕斯造型,莲荷东路20-118号,"119.541525,26.202975",18606070750,福建省,福州市,连江县
EASY艺界造型(正祥日照家林店),"敖江镇温泉路9-10号,正祥日照家林1号楼1层01商铺","119.550538,26.210634",17605016994,福建省,福州市,连江县
卡咔形象定制(龙华店),凤城镇文笔西路龙华二期18号楼2号店,"119.536690,26.212554",13850160480,福建省,福州市,连江县
艺森沙龙(万星店),温泉路与马祖东路交叉口南120米,"119.548367,26.213725",15980710407,福建省,福州市,连江县
秀丽丝沙龙(贵泉苑店),贵安贵泉苑14-50店铺(秀丽丝沙龙),"119.404925,26.242522",18150838729,福建省,福州市,连江县
雅丝专业接发染发造型(凤翔国际店),文汇路5-8,"119.541875,26.210025",18859167176,福建省,福州市,连江县
心晨美发(日出东方店),凤城镇马祖西路2-4号店,"119.541020,26.212191",13860659008,福建省,福州市,连江县
快剪LDY(贵安新天地海峡传统文化街店),文化街26栋13号,"119.394096,26.256395",13645094207,福建省,福州市,连江县
名塑造型(丹凤花园一区店),丹凤花园一区西北门西70米,"119.536932,26.208741",15280119647,福建省,福州市,连江县
云秀造型(连江店),凤城镇文山南路12号,"119.542587,26.198539",13950451678,福建省,福州市,连江县
易都造型(丹凤花园三区店),凤城镇万家丹凤三区39号3店,"119.536177,26.210019",15980160162,福建省,福州市,连江县
锦村时尚烫染吧,琯头镇开放西路24号,"119.565800,26.134161",0591-38153815,福建省,福州市,连江县
雾都造型,万家广场4号入口正对面雾都造型,"119.535855,26.211176",17605010555,福建省,福州市,连江县
发随心变(江南小学),江南乡复兴路8号科灵新天地17号楼一层7店面,"119.537955,26.185054",18559133350,福建省,福州市,连江县
风花雪月时尚造型(丹凤花园二区店),丹凤二区25号楼一号店风花雪月时尚造型,"119.536421,26.209760",13960705032,福建省,福州市,连江县
冰典美业(龙芝御景二区店),金安东路2-52-54号,"119.543111,26.212130",13559430100,福建省,福州市,连江县
Xy星艺烫染造型,贵安新天地世纪金源大道6-21,"119.400325,26.256025",13559451641;13799269841,福建省,福州市,连江县
古格造型(贵阁苑店),潘渡镇芳园路世纪金源大道(6-64号)(贵阁商铺),"119.402625,26.255475",13959306177;15160166611,福建省,福州市,连江县
首艺造型(马祖西路店),文山北路8-139,"119.536892,26.213285",[],福建省,福州市,连江县
索比造型(华光西路),凤凰城1号楼09店,"119.540130,26.213658",[],福建省,福州市,连江县
伊若美发养生会所(凤翔国际店),凤城镇文汇路5-38号,"119.540387,26.211592",13489902901,福建省,福州市,连江县
菲林造型(连江盛世豪门店),丹凤东路盛世豪门36-29号,"119.548670,26.210043",13509311173,福建省,福州市,连江县
红太阳造型(莲荷东路店),凤城镇莲荷东路25-9,"119.542474,26.201970",[],福建省,福州市,连江县
梳剪城(福州连江县),凤城镇玉荷东食品2号第一间,"119.541706,26.197187",13605941236,福建省,福州市,连江县
匠人造型,浦下村宅丙里154号,"119.551897,26.210868",19890510821,福建省,福州市,连江县
艺丝特造型(永得利花园店),永得利花园9号楼第二店面,"119.539496,26.205974",15959090590,福建省,福州市,连江县
艺发烫染品质店,金凤名都2号楼11间,"119.537995,26.213008",0591-26215509,福建省,福州市,连江县
百分百形象设计,管头镇福新花园对面鑫建楼第2间,"119.566727,26.134263",13655002131,福建省,福州市,连江县
玲子快剪(贵安新天地海峡传统文化街店),贵安新天地海峡传统文化街18栋15店,"119.397875,26.254075",18059108976,福建省,福州市,连江县
快剪10元,凤城镇丹凤西路2号宏宇花园,"119.532912,26.207356",19523167340,福建省,福州市,连江县
连江乐想美发店,凤城镇文山北路87号连江县附小,"119.540089,26.205642",13859046990,福建省,福州市,连江县
原创发型设计(永得利花园店),丹凤东路16-9号,"119.538649,26.207167",13489924797,福建省,福州市,连江县
卡诗理念形象品牌店,琯头镇开放西路62号,"119.564072,26.134786",15859172223,福建省,福州市,连江县
动感造型(动感店),凤尾花园42号楼2号店,"119.536384,26.205038",13859045470,福建省,福州市,连江县
艺度造型,莲荷东路19-8号,"119.540765,26.201633",18060555187,福建省,福州市,连江县
简尚造型设计(敖江路店),傲江景城西门西北50米,"119.549534,26.197356",18659178951,福建省,福州市,连江县
创世纪形象设计沙龙(青龙路店),青霞路20-75建发书香府创世纪形象设计沙龙,"119.521342,26.214549",13905909064,福建省,福州市,连江县
新世界精剪刀造型设计,贵岚苑2号门旁,"119.405791,26.254559",13705957188,福建省,福州市,连江县
Nice理发店,万星广场7号楼126店面,"119.550146,26.212746",15959007295,福建省,福州市,连江县
剪派形象设计,世纪金源大道大拇指教育中心西51米,"119.399113,26.257110",15259338885,福建省,福州市,连江县
匠人造型(丽景华府店),丽景华府西门旁,"119.530566,26.205633",13655051297,福建省,福州市,连江县
风尚造型(鼎森中央公园南区店),金安东路5-31,"119.548737,26.211489",18675937692,福建省,福州市,连江县
格调造型(贵泉苑店),潘渡乡贵泉苑1段7号店,"119.404239,26.240723",15980298278,福建省,福州市,连江县
小辉哥快剪,海峡传统文化街12幢5号,"119.399363,26.250899",[],福建省,福州市,连江县
艾尚造型(正祥·日照家林店),中国敖江镇温泉路9号正祥日照家林15号一层25号店,"119.550152,26.209738",15980130017,福建省,福州市,连江县
W.Y美容美发(建发双玺书香里店),敖江镇纵一路8-38号,"119.518312,26.212314",[],福建省,福州市,连江县
嘉卓(盛世豪门店),凤城镇丹凤东路36号盛世豪门8号楼1层第-16B店面嘉卓TOPsalon,"119.549606,26.209718",13559951665;15960169281,福建省,福州市,连江县
民尧SALON,中央公园B区8号楼1号店,"119.548297,26.212501",[],福建省,福州市,连江县
艺匠造型(凤翔现代城店),文笔路6-82号,"119.534640,26.213759",15800107667,福建省,福州市,连江县
欧尚形象设计(江滨观邸店),凤城镇旧十字街江滨观邸2号楼7号店面,"119.541255,26.194687",[],福建省,福州市,连江县
君子兰美发沙龙(朝晖路店),江南乡华侨中学斜对面,"119.541273,26.188199",[],福建省,福州市,连江县
新发现造型专业烫染,青龙路与纵一中路交叉口西南160米,"119.517041,26.212793",[],福建省,福州市,连江县
艺剪坊造型(凤鸣路店),凤城镇凤尾花园30号楼,"119.537675,26.204625",[],福建省,福州市,连江县
小时代美发工作室,凤城镇文山南路妇幼保健院旁,"119.542193,26.199120",[],福建省,福州市,连江县
美咖造型(江滨观邸店),江滨观邸西门旁,"119.540965,26.193917",[],福建省,福州市,连江县
剪单专业烫染吧(凯旋公馆B区店),凤城镇文汇路5-22 号,"119.541424,26.210199",[],福建省,福州市,连江县
古格造型,贵荣苑北门西180米,"119.396575,26.258975",[],福建省,福州市,连江县
原宿造型,凤城镇玉荷东路水关口2号楼4店,"119.542924,26.197300",[],福建省,福州市,连江县
玲香理发店,凤福路与凤园路交叉口西北40米,"119.537569,26.204080",17805997380,福建省,福州市,连江县
凡客美业,敖江镇青塘经济开发区好又多超市对面,"119.521530,26.215570",[],福建省,福州市,连江县
鸣剪造型(丹凤花园二区店),丹凤东路15-B105,"119.536273,26.210132",[],福建省,福州市,连江县
巴黎造型,马鼻镇卫生院西南侧200米,"119.659049,26.371617",[],福建省,福州市,连江县
三木快剪10元,温泉路1号翡丽云邸1号楼S109商铺,"119.548030,26.217547",[],福建省,福州市,连江县
发匠理发店,贵安新天地海峡传统文化街,"119.399338,26.249482",13799971500,福建省,福州市,连江县
流星雨理发店,文笔路6号凤翔现代城,"119.535700,26.214093",[],福建省,福州市,连江县
宁宁快剪(万家城市广场店),凤城镇马祖西路10号万家城市广场F2层,"119.534946,26.210836",[],福建省,福州市,连江县
理享造型,文山北路5号太一新天地1栋5-3理享造型,"119.539081,26.211513",13559945922;15259101207,福建省,福州市,连江县
艺咔形象定制(江南店),江南乡朝晖路52-1,"119.541809,26.187262",13706966064,福建省,福州市,连江县
出色造型(百凤店),凤城镇莲荷东路25-5,"119.542366,26.201947",13774621006,福建省,福州市,连江县
合一烫染引领者,江南镇朝晖路43号2室,"119.541849,26.186706",19890520185,福建省,福州市,连江县
爱出色时尚烫染(丹凤花园一区店),凤城镇丹凤东路15号丹凤花园一区10座,"119.537773,26.209079",15080098839,福建省,福州市,连江县
煌朝发型工作室,凤城镇城关西街八一六西路28号,"119.539742,26.194454",13960982744,福建省,福州市,连江县
亿众美发,岱云村委会北侧80米,"119.559660,26.227100",13675055155,福建省,福州市,连江县
菲凡美发造型,文山南路与东城路交叉口北140米,"119.542221,26.199821",18705076061,福建省,福州市,连江县
台湾快剪,玉荷路与解放路交叉口东140米,"119.537575,26.195686",[],福建省,福州市,连江县
JY发型工作室(贵尊苑A区店),贵安新天地贵尊苑1楼2店面,"119.415012,26.247773",[],福建省,福州市,连江县
佳丽美容美发(京岚线店),罐车检验站北侧190米,"119.508581,26.254645",18350176802,福建省,福州市,连江县
青叶艺剪坊,敖江镇青霞路20号,"119.520737,26.214320",[],福建省,福州市,连江县
悦美时尚造型,站东路与马祖路交叉口南200米,"119.558495,26.219225",[],福建省,福州市,连江县
施恩理发店,文明西路13号,"119.535466,26.201388",13599406994,福建省,福州市,连江县
祠台理发店,祠台村委会西南侧30米卫生所对面,"119.519104,26.276579",18900253543,福建省,福州市,连江县
飘艺造型(丹凤花园三区店),凤城镇丹凤东路15号丹凤花园29号楼14店面,"119.535640,26.208550",15005065181,福建省,福州市,连江县
林丽梳剪理发店,104国道与长通东路交叉口南500米,"119.515852,26.235781",18596830771,福建省,福州市,连江县
首型造型定制,敖江镇毗屯村毗屯村2号,"119.548227,26.217293",19906929562,福建省,福州市,连江县
腾田美容美发连锁,青芝路与大众中路交叉口西20米,"119.565567,26.132259",[],福建省,福州市,连江县
罗丽芬雕族传奇美容美发(凤尾小区店),凤城镇文山南路465-251,"119.540864,26.204182",0591-26666933,福建省,福州市,连江县
十元快剪(天和城店),凤城镇凤园路327号天和城,"119.542866,26.205536",[],福建省,福州市,连江县
世爵美发(龙芝御景店),格林威治6号楼金安东路2-12号店,"119.545116,26.213234",[],福建省,福州市,连江县
贵族壹号沙龙(博士华庭店),博士华庭,"119.547320,26.217193",[],福建省,福州市,连江县
轩boss理发馆(龙华花园店),文山北路8号龙华花园二区,"119.533198,26.212561",[],福建省,福州市,连江县
回头客理发店(玉荷西路店),玉荷西路2-262号(连江县教育局附近),"119.534202,26.194936",0591-26464666,福建省,福州市,连江县
1998hair salon(宏泰·凤凰城店),文汇路与华光西路交叉口北100米,"119.539345,26.214126",18359785917,福建省,福州市,连江县
千百度烫染造型,后港街东南路48西北方向70米,"119.939794,26.356837",13799369601,福建省,福州市,连江县
纯度造型(丹凤花园店),凤城镇丹凤东路15-C142号,"119.536313,26.209663",13805099324,福建省,福州市,连江县
赫本造型(鼎森中央公园南区店),鼎森中央公园南区西北门旁,"119.548368,26.211938",13509337392;13788884313,福建省,福州市,连江县
双木剪艺,玉荷路与解放路交叉口东40米,"119.536647,26.195422",[],福建省,福州市,连江县
尽善美造型工作室,凤城镇文山路凤城镇卫生院正对面,"119.542580,26.198457",13960760282,福建省,福州市,连江县
天鹰美容美发,八一六北路97-16,"119.538111,26.199766",13459449099;13960969005,福建省,福州市,连江县
向阳美业(正祥·日照家林店),正祥日照家林15-12店铺(向阳美业),"119.550478,26.209819",15005965302,福建省,福州市,连江县
格调造型烫染店,丹阳镇连罗路10-2号,"119.486860,26.346499",13489077880,福建省,福州市,连江县
C one Hairsalon(博士华庭店),博士华庭2-15店,"119.547470,26.216722",15060169976,福建省,福州市,连江县
京世造型,连江县凤凰城华光西路2-20,"119.539725,26.213475",13127571604,福建省,福州市,连江县
明森造型,贵府苑商业1-2段19号,"119.402770,26.254011",[],福建省,福州市,连江县
时尚剪烫,琯头镇粗芦岛后一村澳中路2-8号,"119.612642,26.156795",[],福建省,福州市,连江县
米兰MiLan发型定制(百凤花园店),凤城镇莲荷东路20-20号,"119.542465,26.202432",[],福建省,福州市,连江县
阿荣美发店,镇府路与升兴路交叉口北100米,"119.600328,26.245300",[],福建省,福州市,连江县
恩典理发,兰若堂南门旁,"119.519616,26.217722",[],福建省,福州市,连江县
艾尚造型(闽江花园店),琯头镇闽江花园1号楼拱屿菜市场旁,"119.563958,26.129676",[],福建省,福州市,连江县
A造型(文笔东路),毗田屯路8号,"119.548512,26.217332",[],福建省,福州市,连江县
满满国潮男士造型,敖江镇青霞路20-86号(糖巢零食隔壁),"119.521746,26.214699",13600811901,福建省,福州市,连江县
山亭理发店,官巷路362号理发店,"119.564604,26.237495",[],福建省,福州市,连江县
时尚宝贝造型,开放路与大众中路交叉口西80米,"119.565811,26.133961",[],福建省,福州市,连江县
友谊美发室,凤城镇玉荷西路20号楼1层,"119.534436,26.195018",13799320598,福建省,福州市,连江县
灵悟造型(宏宇花园店),凤城镇丹凤西路2号宏宇花园8座,"119.532875,26.206167",[],福建省,福州市,连江县
唯尚造型(玉荷西路店),凤城镇玉荷西路连江实验小学旁,"119.535975,26.195491",[],福建省,福州市,连江县
出色发艺,201省道与104省道交叉口西380米,"119.886828,26.320770",[],福建省,福州市,连江县
七彩研发屋,凤城镇青年路上林街36号,"119.540527,26.197844",13015776746,福建省,福州市,连江县
中汇美容美发护肤造型,文山北路8-108号,"119.535442,26.213445",17794595632,福建省,福州市,连江县
阿良美发店,琯头镇大众北路223号御景华庭1栋,"119.565990,26.140009",[],福建省,福州市,连江县
真莎廊剪烫染专家,凤城镇凤尾村温麻路98号凤尾酒店旁,"119.540442,26.202740",[],福建省,福州市,连江县
招招美发造型,凤尾小区西门旁,"119.540453,26.202462",[],福建省,福州市,连江县
新丽人发艺,丹心路与丹兴路交叉口南80米,"119.487227,26.347237",[],福建省,福州市,连江县
冰海造型,苔菉中心小学西侧约150米,"119.939665,26.357191",[],福建省,福州市,连江县
MIKA SALON中国风修颜设计,凤城镇文笔东路8号禹洲学苑,"119.543984,26.218846",13959131242,福建省,福州市,连江县
唯美特美发店,凤翔国际5号车库,"119.541557,26.210304",[],福建省,福州市,连江县
最美美容美发养生会所(永辉大厦店),琯头镇开放西路(好又多超市旁),"119.562355,26.135424",[],福建省,福州市,连江县
品味造型,凤城镇莲荷西路北岳大厦(肯德基海峡会所正对面福粥城旁),"119.535909,26.201047",[],福建省,福州市,连江县
雨爱造型(宏泰·凤凰城店),凤城镇华光路凤凰城2号楼17店,"119.541072,26.213948",[],福建省,福州市,连江县
米卡品牌沙龙(禹洲学苑店),凤城镇文笔东路8号禹洲学苑,"119.544003,26.218871",13959131242,福建省,福州市,连江县
艺派造型,201省道与学园路交叉口东南180米,"119.767658,26.336197",[],福建省,福州市,连江县
枫叶造型,牛栏坪村委会西南侧180米,"119.509117,26.254674",[],福建省,福州市,连江县
名姿造型(贵府苑店),潘渡镇贵新社区世纪金源大道8号贵府苑,"119.404135,26.250824",[],福建省,福州市,连江县
英格曼造型(万星城店),敖江镇丹凤东路41-37号,"119.550266,26.212623",18259167073,福建省,福州市,连江县
秀阁Hair Salon,丹凤东路38号,"119.547565,26.208057",[],福建省,福州市,连江县
NT(潮爷教理发)假发定制-连江店,凤城镇文山北路5-70号,"119.537701,26.212607",18250176066,福建省,福州市,连江县
青奢造型(贵尊苑B区店),潘渡乡贵安新天地社区贵康路5号贵尊苑B区,"119.415348,26.248265",[],福建省,福州市,连江县
吉妮斯造型剪艺(绿茵花园店),绿茵花园西北门旁,"119.537774,26.206641",18659458193,福建省,福州市,连江县
首艺造型,苔菉镇后港西北路,"119.939372,26.356823",[],福建省,福州市,连江县
靓丽造型(天和城店),凤城镇凤园路327-57号,"119.542652,26.205780",[],福建省,福州市,连江县
花都造型(百凤花园店),凤城镇莲荷东路23号楼8号店,"119.541922,26.201851",13110517081,福建省,福州市,连江县
奈丝Hair salon(丹凤花园二区店),丹凤东路15-B89,"119.536717,26.210375",15980747808,福建省,福州市,连江县
转折点烫染造型,潘渡中心小学东侧120米,"119.458397,26.234017",[],福建省,福州市,连江县
美客造型(天和城店),凤园路与莲荷东路交叉口西北200米,"119.542257,26.206873",15060164201,福建省,福州市,连江县
蔷薇发廊,坑园村宏达路喜客来宾馆正对面,"119.768289,26.336107",[],福建省,福州市,连江县
视觉造型,104国道与207省道交叉口北80米,"119.487325,26.346825",[],福建省,福州市,连江县
BF美发沙龙(琯头店),大众中路与青芝路交叉口西南60米,"119.565369,26.131872",13067317696,福建省,福州市,连江县
木子造型(大众中路店),联合路8-10号(购好超市旁),"119.563175,26.129415",[],福建省,福州市,连江县
阳造型(美林苑小区店),美林苑小区北门旁,"119.532941,26.194353",15959182055,福建省,福州市,连江县
阳光形象造型,凤城镇丹凤东路15号丹凤花园一区,"119.539031,26.208064",0591-26153707,福建省,福州市,连江县
ACE美发沙龙,横厝新村227号,"119.658309,26.371092",13696851646,福建省,福州市,连江县
咔咔快剪,贵安新天地商业路4-4-3,"119.399675,26.252125",[],福建省,福州市,连江县
上林街理发店,上林街59号,"119.540304,26.198751",13696811767,福建省,福州市,连江县
新春美发造型,凤城镇文明西路214号,"119.534278,26.201741",15059465480,福建省,福州市,连江县
酷帝阿灯造型,凤城镇816北路97号华星苑华盛楼6店,"119.538406,26.199892",15715912293,福建省,福州市,连江县
名创剪艺工作室(文山南路店),凤城镇文山南路梦幻冰季斜对面,"119.542017,26.200568",13015719222,福建省,福州市,连江县
神彩时尚造型,开放西路79-1号,"119.564626,26.134250",13599986040,福建省,福州市,连江县
名瑜美发店,大众中路与青芝路交叉口东南80米,"119.566487,26.131810",13774600788,福建省,福州市,连江县
名姿发型设计沙龙(宏泰·凤凰城店),凤城镇凤凰城1号楼(12店),"119.540013,26.213627",13805078583,福建省,福州市,连江县
尚轩美发形象沙龙,东城路南,"119.546962,26.198706",13459448131,福建省,福州市,连江县
至简理发店,温泉路1号翡丽云邸3号楼S102,"119.547715,26.217682",[],福建省,福州市,连江县
瑞美造型(贵安店),潘渡乡贵康路贵尊苑6-9,"119.414651,26.249600",15959752706,福建省,福州市,连江县
剪艺城(贵泉苑店),世纪金源奥特莱斯购物广场北门西300米,"119.405167,26.242531",15750878668,福建省,福州市,连江县
Fashion baby形象造型屋,开放路与大众中路交叉口西80米,"119.565849,26.133970",15059162932,福建省,福州市,连江县
蒂梵妮形象沙龙,凤城镇文明西路61号,"119.534264,26.201122",13489982639,福建省,福州市,连江县
梵古造型(丽景华府店),丹凤西路丽景华府2栋08号,"119.531714,26.205411",13665094818,福建省,福州市,连江县
温馨·美发(凤尾小区店),凤尾小区南门旁,"119.540708,26.202188",18046082237,福建省,福州市,连江县
开兴发廊,凤城镇西南街社区旁边,"119.534846,26.195101",15980528321,福建省,福州市,连江县
剪艺造型(文华路店),丹凤东路5号丹凤朝阳花园,"119.535237,26.207742",18350170717,福建省,福州市,连江县
A上美形象设计(丹凤花园三区店),文华路丹凤花园-三区,"119.534685,26.208972",18250310797,福建省,福州市,连江县
度尚造型,莲荷东路20-12号,"119.542305,26.202296",13763886962,福建省,福州市,连江县
茂发烫染吧,莲荷东路与温麻路交叉口西160米,"119.538883,26.201608",[],福建省,福州市,连江县
风花雪月发型设计,连江互通主线桥与G15沈海高速交叉口南360米,"119.554138,26.219082",[],福建省,福州市,连江县
黄安杰理发店,201省道与安赤线交叉口南60米,"119.850448,26.340166",[],福建省,福州市,连江县
吉美·美发,丹凤花园三区西南门东南50米,"119.535132,26.208496",13559175780,福建省,福州市,连江县
领秀造型(凤园路店),凤园路与凤福路交叉口西20米,"119.537562,26.203821",[],福建省,福州市,连江县
红豆美容美发(福州连江县),凤城镇凤尾花园1座(国土资源局对面),"119.537140,26.203513",[],福建省,福州市,连江县
1号美业(贵府苑店),潘渡镇贵新社区世纪金源大道8号贵府苑,"119.404215,26.251158",[],福建省,福州市,连江县
美格美容美发(贵尊苑A区店),潘渡乡贵安新天地社区贵康路6号贵尊苑A区,"119.414799,26.248713",[],福建省,福州市,连江县
发匠造型(金凤名都店),凤城镇文山北路7-15号,"119.537814,26.212935",[],福建省,福州市,连江县
ASK美发沙龙(龙宾新界店),凤城镇龙宾新界5号楼14店,"119.542967,26.213478",13285028502,福建省,福州市,连江县
独领造型(天和城店),凤城镇天和城九号楼,"119.542526,26.206839",13635270943,福建省,福州市,连江县
十年美发工作室(凤翔国际店),凤城镇凤翔国际9号6号车库,"119.541298,26.211805",[],福建省,福州市,连江县
壹加壹发型形象工作室(江滨观邸店),江滨观邸西北2门北50米,"119.541406,26.194980",[],福建省,福州市,连江县
出发点造型(丹凤东路店),敖江镇温麻社区温泉路9号正祥·日照家林,"119.551190,26.210776",[],福建省,福州市,连江县
美格造型(丽景华府店),凤城镇丹凤西路1号丽景华府7-11,"119.530929,26.206666",[],福建省,福州市,连江县
发丝缘造型工作室(三友楼店),侨乡公园东门西南150米,"119.561790,26.136313",[],福建省,福州市,连江县
鸿飞理发店,北新路与凤园路交叉口南40米,"119.533954,26.202092",[],福建省,福州市,连江县
品尚造型(凤翔路店),凤园路与凤福路交叉口东北40米,"119.538031,26.203998",[],福建省,福州市,连江县
唯丝工作室,马祖西路23-8丽景天下,"119.530717,26.206792",15060163495,福建省,福州市,连江县
木子工作室(凯旋公馆B区店),文汇路3号凯旋公馆B区3座,"119.541325,26.209175",18559898891,福建省,福州市,连江县
连江县鼻鼻美甲工作室,凤城镇马祖西路10号万家城市广场一区1号楼1509,"119.535026,26.211658",15059461096,福建省,福州市,连江县
秋屏头疗工作室,江南镇江南居委会光明路233-2楼,"119.546207,26.188892",[],福建省,福州市,连江县
玖柒·Nail美甲工作室,马祖西路10号万家城市广场1号楼1415室,"119.535125,26.211625",[],福建省,福州市,连江县
H+造型,丹凤东路15号,"119.535125,26.208325",18120916030,福建省,福州市,连江县
丽都男士复古理发馆,凤城镇文山南路89号宏宙花园西南2门旁,"119.542725,26.196481",[],福建省,福州市,连江县
男士理发馆,凤城镇凤园路327号天和城,"119.542888,26.205520",[],福建省,福州市,连江县
GYQ男士理容馆,建发领郡,"119.528575,26.210875",[],福建省,福州市,连江县
G+男士理容馆,学院路恒宇国际观湖5-06店铺,"119.528145,26.210688",[],福建省,福州市,连江县
圣妃·国际VIP店(福清清昌万达广场店),清昌万达1号门四楼圣妃国际VIP店,"119.349740,25.714352",0591-85159488,福建省,福州市,福清市
Moone慕颜烫染接发(万达金街店),音西街道康达路36-42号万达金街,"119.349915,25.716665",18212147988,福建省,福州市,福清市
One+造型(万嘉广场店),清昌大道与康达路交叉口东南140米万嘉广场5号楼5楼,"119.350829,25.712981",15960041015;18559912729,福建省,福州市,福清市
DR HAIR SALON(江山云著店),康达路8-12号(江山云著),"119.351398,25.709301",17689988842,福建省,福州市,福清市
圣安娜·美尚庄园(街心店),一拂路116号,"119.383382,25.720517",0591-85248288,福建省,福州市,福清市
藤野造型(福清万嘉广场店),音西街道清昌大道168号5幢1301-1307,"119.350773,25.713070",19859921840,福建省,福州市,福清市
意境造型,宏兴村1号楼3-16号,"119.321005,25.703747",13960924859,福建省,福州市,福清市
新发现HAIR SALON(福和万达店),福和大道1F-110,"119.351687,25.721232",13559351554,福建省,福州市,福清市
漂亮人生(龙旺店),音西街道龙旺名城9号楼01店门,"119.365938,25.717376",0591-85717555;15880472748,福建省,福州市,福清市
圣妃国际美容美发连锁(龙田店),龙锦路与龙飞路交叉口南40米,"119.453957,25.608017",0591-85765889,福建省,福州市,福清市
圣安娜美容美发(加州城店),加州城1号楼2层,"119.368554,25.720730",0591-86071616;0591-86071818,福建省,福州市,福清市
在这里预见FORESEE(万达金街店),音西街道清昌大道105号万达广场福清清昌店1F层,"119.350152,25.715987",18695721186,福建省,福州市,福清市
季屿SALON,石竹街道棋山村新厝83-1,"119.321081,25.706348",17621107914;18850429086,福建省,福州市,福清市
豪盟聖妃美容美发连锁,玉屏街道一拂街与深巷交叉口东南角富豪花园35号楼2层,"119.381001,25.718451",[],福建省,福州市,福清市
D·R+造型(宏路店),宏路街道福平街南宅348号,"119.322606,25.702257",13110870375,福建省,福州市,福清市
圣妃美容美发连锁(融侨城店),融侨城272层阿龙,"119.350570,25.711027",0591-85220987,福建省,福州市,福清市
林敏美发店(境洋店),境洋镇境洋街道镜洋街84号,"119.295269,25.769071",13696848304,福建省,福州市,福清市
深藏Blue私人定制美容美发,龙田镇龙飞路1-21号,"119.448662,25.610813",18873433352,福建省,福州市,福清市
福清优美姿接发(融侨悦府南门店),音西街道融侨悦府南门8号楼9-83沿街门店(福清优美姿接发工厂店),"119.355017,25.720590",15859085658,福建省,福州市,福清市
am发型定制,一拂街与锦云街交叉口西南40米,"119.380339,25.718310",17850875515,福建省,福州市,福清市
拾一美发,音西街道康达路国际华城4幢2楼,"119.348401,25.716045",18650775563,福建省,福州市,福清市
叁拾玖度半烫染吧(清航街总店),音西街道清航街75号,"119.374190,25.726451",13950744559;13960744559,福建省,福州市,福清市
俤俤发艺(江滨花园店),水南江滨花园287号第一座,"119.379907,25.710028",13950258803,福建省,福州市,福清市
情人岛形象设计(清荣大道店),福清人民体育场东北2门旁,"119.386555,25.724613",15359115525,福建省,福州市,福清市
匠人发型定制(明梅楼店),向高街道人巷48-8号,"119.381225,25.721522",0591-85876722;13950227237,福建省,福州市,福清市
三姐美容美发(万嘉广场店),万嘉广场6号楼5层06-13,"119.350029,25.712662",0591-86555995,福建省,福州市,福清市
V1唯一颜值美丽定制(侨荣城店),清昌大道107-159号,"119.348832,25.714299",[],福建省,福州市,福清市
领先美业(富贵世家1期店),音西清盛大道富贵世家1期(恒丰银行楼上)9-7号3楼,"119.361675,25.712175",13950339889,福建省,福州市,福清市
壹家烫染·美发沙龙(璀璨天元店),音西清昌大道31西北方向120米璀璨天元,"119.358398,25.720338",15060141454,福建省,福州市,福清市
V美·美发沙龙(金街店),音西康达路36-111号,"119.349575,25.718325",17859546979,福建省,福州市,福清市
圣妃国际美容美发连锁(锦绣店),音西街道锦绣家园南区10号楼福28号,"119.364826,25.716867",0591-85340333,福建省,福州市,福清市
雲尚造型烫发染发,新市街203-86,"119.460908,25.609030",[],福建省,福州市,福清市
圣妃国际美容美发连锁(国际公馆店),音西街道阳光锦城3号楼1号,"119.367841,25.717081",0591-85156633,福建省,福州市,福清市
KONI美发沙龙(中联城四、五期店),宏路街道上郑村中联城四五期20号楼108-109店面,"119.336946,25.702919",15060696185,福建省,福州市,福清市
Nk造型美发工作室(万嘉广场店),音西街道清昌大道万嘉广场5号楼5楼,"119.350734,25.713077",18105917627,福建省,福州市,福清市
美丽一生形象设计(卓越路店),卓越路1号2层,"119.368624,25.721591",0591-85397779,福建省,福州市,福清市
圣妃美容美发(福清福和万达店),福和路9号万达广场福清福和店F3层,"119.351925,25.721675",13685048365,福建省,福州市,福清市
壹号造型·沙龙(渔市街店),玉屏街道一拂路6号楼2层,"119.381004,25.718439",15659555665,福建省,福州市,福清市
圣妃国际美容美发连锁(万达B2区店),音西街道康达路36-186福清万达广场B2区,"119.348903,25.716497",15659555665,福建省,福州市,福清市
范先生男士理发馆,康达路5号100,"119.345799,25.717066",18350039332,福建省,福州市,福清市
流星发艺(福州福清市),渔溪镇育才路好又多酒楼对面,"119.300375,25.601525",13635222625,福建省,福州市,福清市
小香港形象设计总店(龙安街店),龙田镇龙辉街85-241,"119.460946,25.609614",0591-85776723;18150060871,福建省,福州市,福清市
Mr.高(万达广场店),[],"119.346160,25.715170",13055525506,福建省,福州市,福清市
微星造型(宏路店),善胡街226-1号,"119.317465,25.706662",18606067855,福建省,福州市,福清市
尚艺烫染会所,清昌大道与善福街交叉口西180米,"119.317158,25.702943",13850197891,福建省,福州市,福清市
奥斯卡造型(融侨锦江玖里店),融侨锦江二期2号楼109号,"119.333556,25.702743",13960781213,福建省,福州市,福清市
蚂蚁美发(362店),天河酒店路口往里50米河头巷9-7号,"119.380214,25.717256",18850449598,福建省,福州市,福清市
拾光美发店,宏路石竹街道棋山街158号158-1158-2,"119.320176,25.707886",13625072007,福建省,福州市,福清市
世爵美容美发(宏路),石竹街道西环路187号,"119.317608,25.706003",0591-85369181,福建省,福州市,福清市
千叶造型(福清店),龙山街道鸿商路6号富丽华花园3号楼4号店面,"119.386133,25.716739",13960710520;15880083428,福建省,福州市,福清市
佧施心艺美容美发(融侨城东区店),音西镇康达路融侨城23栋05店,"119.350471,25.712466",13635231756,福建省,福州市,福清市
感剪国际美业(融侨观邸店),清昌大道279-46号,"119.341825,25.711175",15060699998;18659139808,福建省,福州市,福清市
品位造型(成龙步行街店),成龙步行街1号楼停车场出口旁,"119.379659,25.721177",15280188887,福建省,福州市,福清市
YM hair salon(国际华城店),康达路5-71国际华城,"119.346242,25.715550",[],福建省,福州市,福清市
DW美容美发(万嘉广场店),音西街道清昌大道万嘉广场5号楼201室,"119.351101,25.713005",0591-86559655,福建省,福州市,福清市
蚂蚁美发527店,融侨城30号楼2-101,"119.351706,25.710127",13067390660,福建省,福州市,福清市
SO剪发城(五井街店),中心街与朱平路交叉口东南220米,"119.519436,25.528413",13860644505;15960043299,福建省,福州市,福清市
发记hairsalon(善福街店),石竹街道西环路建融商业街2号楼一层,"119.317700,25.706960",15860809958,福建省,福州市,福清市
阿松造型(向高街店),玉屏街道向高街明翔楼103号店,"119.381581,25.721119",[],福建省,福州市,福清市
美丽印象烫染品质店(清航街店),清航街66号,"119.376172,25.725987",[],福建省,福州市,福清市
梦想发型设计(宏兴街店),宏兴街与福平街交叉口西40米,"119.321196,25.705166",15959079822,福建省,福州市,福清市
艺剪美(通福花园北),清昌大道诚丰世纪园4号楼109店面,"119.358112,25.717351",13599952659;18350127168,福建省,福州市,福清市
卓艺形象设计(玉屏街道),较场路与后埔街交叉口西北60米,"119.382729,25.721019",0591-28399133;13809525258,福建省,福州市,福清市
顶尚造型(宏路店),宏路镇石竹街道龙塘村清宏路35-6号,"119.324939,25.712035",13055377795;13055737795,福建省,福州市,福清市
首秀(福州福清市),龙田镇龙达路千家电器往福清车站方向50米旺客隆超市旁,"119.458788,25.609775",13163888646,福建省,福州市,福清市
约定,宏路街道融侨锦江2-25号,"119.332933,25.703013",15555593994,福建省,福州市,福清市
LC美业(渔溪店),渔溪镇草厝育才路196号LC美业,"119.300272,25.601402",15605081886,福建省,福州市,福清市
八佰伴形象设计,龙田镇龙飞路39号,"119.457463,25.608081",13107690388,福建省,福州市,福清市
810潮牌美发机构,金鹰汉庭大酒店门口,"119.365925,25.719675",13159239040,福建省,福州市,福清市
慕尚造型(西环东路店),西环东路与东桥路交叉口东北80米,"119.352356,25.710221",15396118086,福建省,福州市,福清市
艺剪吧时尚造型,阳下镇坝头村25-3,"119.428385,25.768239",15985716669,福建省,福州市,福清市
蚂蚁美发(413店),冠业居民小区西北门旁,"119.377987,25.721555",15280188887,福建省,福州市,福清市
发苑形象设计(万达店),音西街道国际华城13号楼店面,"119.347677,25.717681",[],福建省,福州市,福清市
女神造型(融侨城东区店),融侨城25栋一层02店面,"119.350197,25.711909",0591-85880903,福建省,福州市,福清市
环球造型(善福街店),棋山村外厝199-1号,"119.317225,25.707426",13859009570,福建省,福州市,福清市
ONE+造型(宏路店),善福街西环路尚里83-3成龙大酒店周六福对面上二楼,"119.318526,25.703274",18645343951,福建省,福州市,福清市
1FAnFS美容美发,康达路2-35号,"119.350175,25.712675",[],福建省,福州市,福清市
多门男士理发馆(万达广场店),清昌大道105号福清万达广场A1座2F层,"119.350616,25.714628",17188886887,福建省,福州市,福清市
一帆美发(融侨城西区店),融侨城18栋01号店面(康达路1-15号),"119.350400,25.710346",18250300538,福建省,福州市,福清市
尚品美发美甲(玉屏街道),龙江市场监督管理所东北门旁,"119.387326,25.720534",[],福建省,福州市,福清市
阿伟美发工作室私人订制,高山镇中街12号阿伟美发工作室3楼,"119.563186,25.468477",13275913275,福建省,福州市,福清市
4AM形象设计,阳下溪头村323-3号,"119.413871,25.769396",17605013534,福建省,福州市,福清市
尚美造型(尚理新兴苑店),尚理新兴苑,"119.318035,25.703898",15980165011;18850118657,福建省,福州市,福清市
佳佳造型室(二中店),豪豪小区2号楼1层店面,"119.384251,25.723582",13960867693;15080078438,福建省,福州市,福清市
QQ时代形象沙龙,渔溪镇星华街86号,"119.296497,25.597115",13459457670,福建省,福州市,福清市
PCL金善(融侨城东区店),音西街道融侨城2期25栋1楼20号,"119.350293,25.711716",13599976678,福建省,福州市,福清市
潮发染吧(融创滨江壹号店),融创滨江1号8幢102店铺,"119.359108,25.715516",13960974153,福建省,福州市,福清市
斯朵利发型侨荣店,国际华城B2-108室,"119.346147,25.715208",13655030623,福建省,福州市,福清市
空间造型(融侨城店),融侨城东区25号楼08号,"119.350388,25.711729",0591-85159755;13665006213,福建省,福州市,福清市
亚琪染烫吧,向高街与较场路交叉口东20米,"119.381377,25.721496",[],福建省,福州市,福清市
楚匠美业形象沙龙(福华小区店),桥南路福华小区,"119.378389,25.709516",17706922289,福建省,福州市,福清市
蚂蚁美发 462(卓越观天下3期店),瑞亭街19-20号,"119.395051,25.718945",[],福建省,福州市,福清市
范美特造型接发(福清店),成龙步行街8号楼,"119.379601,25.720434",18559117629,福建省,福州市,福清市
斯芒连锁护理玫瑰园店,玫瑰园西北门西南110米,"119.396761,25.732761",[],福建省,福州市,福清市
蚂蚁美发(福清锦绣家园北区店),锦绣家园北区西南门东南50米,"119.363586,25.716985",[],福建省,福州市,福清市
米娜造型(福清恒大城店),恒大城1期3号楼,"119.407752,25.717971",[],福建省,福州市,福清市
忠和美发(洋埔公寓1期店),洋埔公寓1期,"119.341587,25.720801",13509344770,福建省,福州市,福清市
简尚造型(西环西路店),宏路村尚里161-1二楼紫金益民楼上,"119.318120,25.702788",[],福建省,福州市,福清市
66发艺,玉井路乐居家装对面,"119.387162,25.728339",15980577397;18250458533,福建省,福州市,福清市
欧森漫美发(三福龙景店),三福龙景11号楼11店面,"119.412749,25.724660",[],福建省,福州市,福清市
宏爵理发馆,宏路镇后铁铺610-1,"119.319670,25.700296",[],福建省,福州市,福清市
V1私人订制,音西清昌大道31西北方向120米璀璨天元,"119.358315,25.718906",[],福建省,福州市,福清市
爱简发快剪(融侨城店),音西街道康达路2-32号,"119.350008,25.712314",13713463598,福建省,福州市,福清市
奈丝美容美发(龙旺名城南区店),龙旺名城-南区1号门东北70米,"119.367247,25.717644",[],福建省,福州市,福清市
小杨快剪(冠业居民小区店),玉屏产塘街25号8号,"119.378559,25.721036",[],福建省,福州市,福清市
中锦美容美发,音西清昌大道107-57号二层,"119.345583,25.714281",13696833631,福建省,福州市,福清市
10元快剪(锦绣豪庭店),旧法院后门对面马路,"119.390080,25.723383",19187553445;19235909056,福建省,福州市,福清市
简爱染烫吧(北前亭店),后塘巷16-3,"119.330076,25.724207",13110873110;17605009970,福建省,福州市,福清市
发仕名匠(城头店),177县道与大四路交叉口西南80米,"119.519997,25.701051",15060169322,福建省,福州市,福清市
湘婷美业(国税家苑店),清昌大道35号国税家苑,"119.356071,25.716288",13276046721;19235916915,福建省,福州市,福清市
发新设(后山顶店),东门后山顶义乌小商品超市旁,"119.386961,25.716420",13290932306,福建省,福州市,福清市
你好漂亮发型工作室,178县道新林南路公交站旁(白墓十字路口往福清方向),"119.483670,25.552354",15959076039,福建省,福州市,福清市
O-HAIR凹造型,龙田镇金山街204-9,"119.461756,25.607516",18559991112,福建省,福州市,福清市
LC这是一家理发店,安置区LC理发店,"119.324772,25.464213",19074530774,福建省,福州市,福清市
悟空快剪,东门街与拱北路交叉口东北20米,"119.391024,25.726645",[],福建省,福州市,福清市
月月美甲,海口镇新山路2-17号,"119.459496,25.696682",13859012669,福建省,福州市,福清市
首艺造型(海城路店),201省道冠乐福便利店对面,"119.571071,25.692015",0591-85580083;15359192063,福建省,福州市,福清市
厚木发型社,凯景悦蓝山二期北门旁,"119.401071,25.734537",18210320978,福建省,福州市,福清市
名剪造型,后埔街27-11号,"119.386893,25.724816",13045871779,福建省,福州市,福清市
爱U剪(中联·天玺店),中联天玺1号118店面,"119.353998,25.720439",13101487888,福建省,福州市,福清市
禾木造型Salon(利桥古街店),利桥街303号东百利桥古街第B1F层B1-b1022店铺,"119.381213,25.716018",19859921840,福建省,福州市,福清市
第六感形象设计会所(渔溪店),渔溪镇育才路138号,"119.300020,25.600301",18506025799,福建省,福州市,福清市
千丝造型,清荣大道与福唐路交叉口西100米,"119.365909,25.729351",18960996790,福建省,福州市,福清市
V8造型,康达路1-26号,"119.350607,25.709877",15980520088,福建省,福州市,福清市
明星美业,融侨城康达路2-14号,"119.350391,25.711484",13305915713,福建省,福州市,福清市
康林理发店,双墩路与八一五路交叉口西100米,"119.294835,25.601326",13067272905,福建省,福州市,福清市
V1唯一美发潮店(万嘉广场店),万达对面万嘉广场6号楼5楼(全季酒店楼上),"119.349900,25.712876",18650377717,福建省,福州市,福清市
阿曼妮专业烫染,六一路78-53,"119.563009,25.473232",0591-85888782,福建省,福州市,福清市
爱尚你美容美发(福清港头店),港头镇五星村东南116号,"119.486247,25.553470",15005097779;18359777795;18705903654,福建省,福州市,福清市
喜理美发沙龙(中联·天玺店),福百路6-96号,"119.354513,25.722007",13400594000,福建省,福州市,福清市
艺典造型,清航街85号,"119.374024,25.726493",13599389394,福建省,福州市,福清市
阿龙专业烫染,洪宽大道与洪宽三路交叉口东北320米,"119.428588,25.768781",18350150687,福建省,福州市,福清市
阿霖理发,融北路23号,"119.386970,25.725488",13609514232,福建省,福州市,福清市
壹间理发店,东方印象12井-08店面壹间理发店,"119.398033,25.713020",18559126909,福建省,福州市,福清市
你好漂亮造型沙龙,龙田镇上薛村岭头顶49-1号,"119.454720,25.625930",18259040904,福建省,福州市,福清市
芬格造型,音西清昌大道6-33,"119.366965,25.716873",13859006162,福建省,福州市,福清市
尚艺造型(江滨路店),江滨路南方宾馆边上,"119.381072,25.716620",18759110015,福建省,福州市,福清市
鼎尚沙龙(泰禾华侨城1期店),龙田镇福庐北路31-34号,"119.449941,25.611916",18259036456,福建省,福州市,福清市
Likc爱简发快剪(福和万达店),福和万达B1层B157(国美电器旁),"119.351925,25.721075",13713463598,福建省,福州市,福清市
酷拉拉(加州城店),音西街道加州城9号楼1-3室,"119.368555,25.720726",0591-83257390;0591-85257390,福建省,福州市,福清市
时尚元素发型设计(尚理新兴苑店),宏兴街香玉食杂店旁,"119.317935,25.703868",13459178750,福建省,福州市,福清市
阿玛尼美容美发(外环路店),江阴镇外环路62号,"119.317192,25.454456",18250167023,福建省,福州市,福清市
ZAIJ在家·美发(三福龙景店),三福龙景北门13号楼01店,"119.411731,25.724912",17841141845,福建省,福州市,福清市
名流造型屋,高山镇高园路17号街道南6-7号店面,"119.564675,25.473025",15080082688,福建省,福州市,福清市
玩美style美发香溪美地(加州·香溪美地A区店),奎岭香溪美地二期二号楼D8,"119.375481,25.733861",15060177702,福建省,福州市,福清市
A+·造型(融侨悦府店),融侨悦府9-77店面A•造型,"119.355185,25.720646",15606077010,福建省,福州市,福清市
福平街晖尚造型,福平街与棋山街交叉口南140米,"119.321012,25.706640",15959163107,福建省,福州市,福清市
舒罗兰美发店(玫瑰园店),玉屏街道东门街石井村塘边第一排第一座店面,"119.396186,25.732558",15280189753;17306909877,福建省,福州市,福清市
启点造型(福平街店),福平街与宏兴街交叉口北140米,"119.321323,25.706335",15005989484,福建省,福州市,福清市
city城市快剪店(佳源超市),佳源超市门店第三柜,"119.380894,25.718248",15005027855,福建省,福州市,福清市
名将造型(渔溪店),渔溪镇隆华路220号,"119.301209,25.600860",18606998986,福建省,福州市,福清市
剪艺造型(水岸观溪店),宏路街道水岸观溪2号楼商业3号店面,"119.349974,25.697779",15985780809,福建省,福州市,福清市
友金理发店,宏路新街10号,"119.317557,25.697174",[],福建省,福州市,福清市
阿曼达烫染品质店(洋洋百货店),洋洋百货德克士楼下,"119.316573,25.702419",18259134293,福建省,福州市,福清市
文强造型沙龙(尚理新兴苑店),西环路107号,"119.317901,25.702996",0591-85366579,福建省,福州市,福清市
芭本SO理发馆,龙田镇泰禾华侨城2期31-18店铺,"119.450896,25.612895",18649891778,福建省,福州市,福清市
流行密码美发沙龙(龙江路店),龙江街道龙江路487-3号,"119.382117,25.704154",13599951579,福建省,福州市,福清市
咔嚓咔嚓发型社,178县道与瀚莲路交叉口西北300米,"119.609180,25.430597",15980629994,福建省,福州市,福清市
蚂蚁美发(中庚432店),中庚香汇融商业街SY13-12,"119.369059,25.752934",13023806627,福建省,福州市,福清市
MSMK.美时美刻私人订制(龙田店),龙田镇龙锦路116-7号,"119.455192,25.610548",15005927720,福建省,福州市,福清市
一剪钟情理发店,新厝镇坂顶街一剪钟情理发店,"119.255316,25.509683",13696826218,福建省,福州市,福清市
小贝烫染造型工作室(景观豪庭南区店),景观豪庭南区东北门旁,"119.363704,25.716066",13950393020,福建省,福州市,福清市
新宿造型(优步书苑店),龙山街道优步书苑2号107,"119.398907,25.712558",18760449346,福建省,福州市,福清市
亚当美业,宏路镇高仑村委旁,"119.329570,25.713026",18759199881,福建省,福州市,福清市
唯美形象设计室(盈丰花园A区店),"阳下街道骏和小区盈丰花园A区,福阳路1-11","119.383227,25.739095",18396177771,福建省,福州市,福清市
渔溪快剪,隆华路南151号,"119.299025,25.600925",18060711536,福建省,福州市,福清市
理享造型(侨乡特区店),高山镇侨乡特区曹厝211-12号,"119.561445,25.475806",17606077797,福建省,福州市,福清市
微潮形象设计,龙塘村清宏路福政路交叉路口,"119.324480,25.712420",17746099061,福建省,福州市,福清市
沙宣美容美发(清盛大道店),上郑村中联城一期12号楼119店面,"119.337639,25.702332",18900266931,福建省,福州市,福清市
HE潮牌造型三山店,三山镇三山村384号,"119.521007,25.528538",15959125985,福建省,福州市,福清市
岸恋造型(美发),城头镇新街211-1,"119.515548,25.701992",18120841964,福建省,福州市,福清市
V造型沙龙(龙旺名城南区店),音西清昌大道6-117,"119.366350,25.717414",13950266111,福建省,福州市,福清市
丽人吉岩融创滨江壹号店,清昌大道融创滨江3-03店铺105,"119.359959,25.716553",15396000023;15859042654,福建省,福州市,福清市
阿辉形象沙龙,江明街与泰山路交叉口北160米,"119.429140,25.556398",18150789991,福建省,福州市,福清市
MJ造型私享工作室(较场路店),玉屏街道较场路2号楼第14间门牌1-202,"119.382100,25.724635",13960793036,福建省,福州市,福清市
彪师艺剪,清宏路日东包装对面彪师艺剪,"119.342924,25.716498",0591-85167157;13395919531,福建省,福州市,福清市
雅琪美发(卓越观天下店),卓越观天下1期南门旁,"119.394337,25.717620",0591-85166767,福建省,福州市,福清市
纵横造型造型,西环小区乐易购超市旁,"119.330956,25.725899",13599967410,福建省,福州市,福清市
放心飞染烫吧,上郑村平安医院,"119.332031,25.707667",15880414861,福建省,福州市,福清市
风采发型设计中心(融鑫花园店),龙山花园西南门西北140米,"119.391323,25.723154",13705931205,福建省,福州市,福清市
尚艺沙龙,龙福路与龙发路交叉口北20米,"119.462015,25.603755",15860402459,福建省,福州市,福清市
瑞美美发,龙江街道霞楼龙江路,"119.388691,25.693835",13385912175,福建省,福州市,福清市
中青年理发店,江阴镇寻头村外环路3号,"119.318663,25.452041",15980507521,福建省,福州市,福清市
慕鑫美发店,玉屏街道后埔街18-5慕鑫美发店,"119.384557,25.722664",15059425855,福建省,福州市,福清市
阿峰美发工作室,龙田镇龙锦路146-1,"119.454629,25.609569",15860259629,福建省,福州市,福清市
阿娟理发店,天宝路158号壹品江山,"119.357507,25.703869",13696805017;18850708829,福建省,福州市,福清市
时尚剪艺,高山镇高园路16-2,"119.564342,25.472837",18120947757,福建省,福州市,福清市
新海发型,高山镇下街33号,"119.562760,25.468782",13799994791;15860258887,福建省,福州市,福清市
新潮美容美发中心(小桥街店),小桥街何厝巷44号,"119.382014,25.717934",0591-85216953,福建省,福州市,福清市
博雅美发室(清荣花园店),清荣花园508号,"119.393615,25.730265",13960869779,福建省,福州市,福清市
ASM形匠造型(成龙步行街店),锦云街与一拂街交叉口西北60米,"119.380238,25.718706",15080081291,福建省,福州市,福清市
非常男女时尚造型,下街与六一路交叉口东南120米,"119.561373,25.469482",13859011700,福建省,福州市,福清市
顺艺美发,宏路街道宏路村桥下137号,"119.320615,25.697875",13959176935,福建省,福州市,福清市
第六感美发,后埔街与一拂街交叉口西60米,"119.382125,25.719775",13705987332,福建省,福州市,福清市
名古屋专业烫染吧,小桥街116-2号附近,"119.383428,25.718707",13605958597,福建省,福州市,福清市
阿名染烫城(小北小区店),融城龙山综合楼3号楼第7间,"119.390479,25.725862",0591-85221220,福建省,福州市,福清市
艺度造型(中庚紫金香山店),中庚紫金香山13号,"119.337200,25.708050",13799994987,福建省,福州市,福清市
帅薇美容美发头疗店,福百路9-83号,"119.355400,25.720660",17375037806,福建省,福州市,福清市
唯妳形象管理,龙田镇三村新市街3号楼212号,"119.460312,25.607626",13489069857,福建省,福州市,福清市
千艺造型,镜洋镇镜洋街32号,"119.295535,25.769666",15985716027,福建省,福州市,福清市
九隆发型中心,龙江市场监督管理所东北门旁,"119.386708,25.720636",13055414173,福建省,福州市,福清市
阿伟形象设计(加州城店),加州城9号楼彩票店斜对面,"119.367839,25.720328",13599093712;15960081813,福建省,福州市,福清市
云创梳剪轩理发店,清荣大道31-1号,"119.391012,25.722741",15980731648,福建省,福州市,福清市
欣语发型,清航街与融西路交叉口西北40米,"119.376824,25.725834",15396116240,福建省,福州市,福清市
新坊造型烫染店,清航街与融西路交叉口西40米,"119.376723,25.725655",13072559237,福建省,福州市,福清市
剪单美发,龙安街与金山街交叉口东南100米,"119.462700,25.607128",13003834706,福建省,福州市,福清市
兵哥专业男式理发,三山镇兵哥专业男式理发,"119.522210,25.526257",18060734142,福建省,福州市,福清市
Timi美发(闽江职校学生公寓店),福通路4-4号,"119.330146,25.726305",[],福建省,福州市,福清市
创意美发(祥云楼店),玉屏街道深巷祥云楼小桥街31-10,"119.382186,25.717480",13696802889,福建省,福州市,福清市
圣安庭专业美发(尚理新兴苑店),尚理新兴苑,"119.318409,25.703734",0591-85377569,福建省,福州市,福清市
雪柔美发设计(小北小区店),小北小区东北门旁,"119.390320,25.725312",13605953981,福建省,福州市,福清市
乡亲理发店,福泰路与清航街交叉口南100米,"119.374989,25.725261",15960083332,福建省,福州市,福清市
日兴理发,西门街与察院埔交叉口西80米,"119.376839,25.719118",15985713115,福建省,福州市,福清市
怡心缘发型设计室,中街与金辉路交叉口西北100米,"119.562216,25.469198",13055555837,福建省,福州市,福清市
漂亮美啦,东张镇清荣路南17号,"119.247219,25.710377",19959134222,福建省,福州市,福清市
鑫·银色,江阴镇下石村233-20,"119.302348,25.429867",15036150622,福建省,福州市,福清市
兰美造型,康达路与清展街交叉口北100米,"119.347680,25.722520",[],福建省,福州市,福清市
云辉美发工作室,钓鱼台幼儿园西南门旁,"119.460876,25.610079",[],福建省,福州市,福清市
丝齐美造型设计,河头巷与江滨路交叉口北80米,"119.380145,25.717081",13859022528,福建省,福州市,福清市
v秀造型,小桥街53号西北50米,"119.384384,25.719572",[],福建省,福州市,福清市
老乡美发形象设计,宏路镇右竹街道福平街点点培训中心楼下,"119.321289,25.706368",13960793009;17708370496,福建省,福州市,福清市
千姿造型,清繁大道(京东方西南侧约91米),"119.359973,25.756043",[],福建省,福州市,福清市
千艺造型,美嘉城西北门旁,"119.324503,25.704517",13275013531,福建省,福州市,福清市
君子兰美发店,东南大道与龙江路交叉口西南220米,"119.401469,25.687335",[],福建省,福州市,福清市
AF奥斯卡造型,福平街与清昌大道交叉口北60米,"119.321954,25.704472",[],福建省,福州市,福清市
阿香理发店,宏路街道大埔村250,"119.324943,25.690979",[],福建省,福州市,福清市
YOAN佑安专业美发沙龙(龙田店),龙田镇龙飞路198-1,"119.453370,25.608577",18305909268,福建省,福州市,福清市
非凡造型,清繁大道(京东方西南侧约60米),"119.360540,25.756387",[],福建省,福州市,福清市
千艺造型(隆华路),隆华路331-333号附近,"119.295826,25.601025",[],福建省,福州市,福清市
精艺理发店,棋山街与福平街交叉口东120米,"119.321811,25.707825",[],福建省,福州市,福清市
匠心美发,龙江路与融宽环路辅路交叉口西北200米,"119.389186,25.693354",15980556345,福建省,福州市,福清市
Likc爱简发快剪店(利嘉佳源店),音西街道清昌大道56号利嘉中心一楼入口处,"119.352398,25.713100",[],福建省,福州市,福清市
发艺轩染烫吧(棋山街店),宏路镇清岚街乐旺佳超市旁边,"119.321423,25.708026",[],福建省,福州市,福清市
明云美发店,福厦大道与上杭北路交叉口南220米,"119.314302,25.718270",13720811665,福建省,福州市,福清市
千瑾造型(泰禾店),泰禾华侨城1期东南门东60米,"119.449631,25.611340",13459177523,福建省,福州市,福清市
福清市宏路下曹街专业烫染,圳边村下曹街25-3,"119.312568,25.666533",15005983009,福建省,福州市,福清市
佳美美容美发店,龙田镇积库村渔池71-72号,"119.427321,25.605827",15880192525,福建省,福州市,福清市
简约造型(天翔·凯旋城店),天翔·凯旋城东门旁,"119.316515,25.709183",[],福建省,福州市,福清市
万里美发店,上杭北路与宏路交叉口东60米,"119.314575,25.720493",[],福建省,福州市,福清市
阿亮理发(金辉城市广场店),清昌大道269号金辉城市广场,"119.343037,25.711874",15394556179,福建省,福州市,福清市
阿文理发店,宏路街道永惠超市后门,"119.320205,25.704117",[],福建省,福州市,福清市
飞剪造型·美容美发中心,"音西街道音西村,马山村香匯融江B区27号楼03商业","119.368021,25.754651",[],福建省,福州市,福清市
十元快剪(锦绣豪庭店),东门街北段68号锦绣豪庭,"119.390625,25.725588",[],福建省,福州市,福清市
文林美发,众清平大道(玉瑶小学西南侧约50米),"119.404603,25.604912",[],福建省,福州市,福清市
阿标美发造型店,福山路与桥南路交叉口东南160米,"119.378970,25.712226",[],福建省,福州市,福清市
常美理发店,北溪路与高园东路交叉口西南180米,"119.565357,25.470971",13285982207,福建省,福州市,福清市
艺境美业,新华街与中心街交叉口东60米,"119.297565,25.597333",[],福建省,福州市,福清市
完美造型(瑞亭街店),卓越观天下2期西门旁,"119.393486,25.716612",[],福建省,福州市,福清市
派头男士理发馆,龙田镇中联蓝天国际168-27,"119.463175,25.615775",[],福建省,福州市,福清市
理容威尔国潮男士理发馆(中联城店),中联城一期,"119.338197,25.702856",[],福建省,福州市,福清市
男士理发,中心街与新华街交叉口南40米,"119.297001,25.596839",[],福建省,福州市,福清市
大咖男士理发馆,福平街与清昌大道交叉口南120米,"119.322407,25.702798",[],福建省,福州市,福清市
精喜男士理发馆(融创滨江壹号店),融创江滨1号15号楼18店铺,"119.360225,25.714625",13950979748,福建省,福州市,福清市
一剪缘理发店(新华街店),新华街与育才路交叉口西100米,"119.298975,25.597125",18960968974,福建省,福州市,福清市
名匠发型会所,江阴镇南曹村,"119.300308,25.460028",[],福建省,福州市,福清市
首艺造型(福耀智汇苑店),石竹福政路3-1号1207号商铺,"119.320807,25.718986",[],福建省,福州市,福清市
壹加快剪(万达广场福清福和店),福和路9号万达广场福清福和店B1层,"119.351925,25.720425",[],福建省,福州市,福清市
理享美发工作室(盘昇新港花园店),盘升新港花园5A09号,"119.258431,25.504843",17637478141,福建省,福州市,福清市
MOCCI慕紫·烫发·染发(精美店),郑和中路189号,"119.509385,25.958037",15705976373,福建省,福州市,长乐区
藤野造型(市标吴航西洋中路店),吴航西洋中路9号(十洋地铁站B西北口步行450米),"119.513613,25.955307",13112317921,福建省,福州市,长乐区
漂亮人生美容美发连锁企业(胜利店),吴航镇胜利路30-40号二楼,"119.522282,25.959418",0591-28825288;0591-28825611,福建省,福州市,长乐区
佩奇造型.烫染接发(金峰店),金峰镇振兴路249号,"119.629134,25.975350",15880127823,福建省,福州市,长乐区
叁仟先生男士理发(长乐万星广场店),万星广场二层B035商铺,"119.493143,25.953324",15980291598,福建省,福州市,长乐区
美丽公社(南华花园店),金峰镇南华花园B座22号,"119.625253,25.976701",0591-28679525;15060444151,福建省,福州市,长乐区
MOCCI慕紫烫发.染发(永荣店),广场南路888号永荣广场,"119.494275,25.943275",19204929211,福建省,福州市,长乐区
福州藤野造型(万星广场店),吴航路988号万星广场长乐店B1层,"119.493505,25.953176",17674132174,福建省,福州市,长乐区
漂亮人生(永荣广场店),广场南路888号58-59,"119.493674,25.941756",0591-28989652,福建省,福州市,长乐区
轻丝美高端假发定制(长乐店),吴航街道吴航路226号,"119.511771,25.955129",15060126668,福建省,福州市,长乐区
最美识光美学沙龙(会堂路店),会堂路83号,"119.504581,25.953467",15750816456;15859021321,福建省,福州市,长乐区
壹加美美业(宾顺花园旗舰店),胪峰大道宾顺花园613号,"119.627164,25.978805",0591-27522668;0591-28671723,福建省,福州市,长乐区
蒂舞季美业(总店),吴航街道三峰路金色海岸169号,"119.512539,25.961668",18060879520,福建省,福州市,长乐区
A咖造型(长乐大名城店),首占镇通圆路长乐大名城89-31,"119.497226,25.930266",18649860502,福建省,福州市,长乐区
漂亮人生(长山湖广场店),长山湖购物广场2层肯德基旁(沃尔玛超市出口处),"119.499648,25.955943",0591-27567000,福建省,福州市,长乐区
古奈Hair Salon(滨海新城蝶寓店),文武砂蝶寓古奈理发店,"119.589823,25.886046",15555155616,福建省,福州市,长乐区
尤理(工作室),朝阳北路188-6号(尤理工作室),"119.508353,25.970393",[],福建省,福州市,长乐区
美美造型(宾顺花园总店),金峰镇胪峰大道宾顺花园4座5-8号,"119.626962,25.978759",0591-28670978;0591-28671723;13774612216,福建省,福州市,长乐区
塑型形象造型(解放路店),解放路212号民主小区北区,"119.517954,25.964196",[],福建省,福州市,长乐区
独特美发,漳港街道漳港商行街59号,"119.629663,25.919878",15060680860,福建省,福州市,长乐区
漂亮人生(三峰街店),通济园6座(十洋地铁站B西北口步行480米),"119.514531,25.961752",0591-28825722;0591-28930365,福建省,福州市,长乐区
慕颜Design(东湖数字小镇店),文物砂镇东湖星街B104,"119.592144,25.874843",17306909776,福建省,福州市,长乐区
超会染·时尚顶尖造型(长乐店),吴航街道民主街89号,"119.520072,25.962654",13809544800,福建省,福州市,长乐区
颜东HAIRSALON(国鑫庄苑店),朝阳中路23号,"119.508922,25.956588",15259199299,福建省,福州市,长乐区
领结理发店,首占镇和谐路正源财富广场,"119.494236,25.936864",18860139541,福建省,福州市,长乐区
漂亮人生(漳港店),漳港街道商行街72号,"119.629361,25.920086",0591-28629526,福建省,福州市,长乐区
长乐香港发廊玉田旗舰店(玉田店),营融线与青闸线交叉口西20米,"119.459229,25.872960",13950279377;15060040840,福建省,福州市,长乐区
FCS台湾快剪(长乐十洋商贸大厦店),十洋永辉超市入口通道(十洋地铁站D东南口步行130米),"119.514894,25.957904",17720751634;18250446466,福建省,福州市,长乐区
发缘帝形象会所(团结小区店),民主街团结小区5幢13号店面(131铺),"119.521136,25.962198",[],福建省,福州市,长乐区
Barber Shop绅士男士理髪馆(万星广场店),航城街道万星广场988号写字楼1号楼一楼地面停车场绅士男士理髪馆,"119.493425,25.954125",19942394550;19959159021,福建省,福州市,长乐区
审美烫染沙龙(福州长乐区),松下镇首址村首址医院旁,"119.600736,25.756379",15985768502,福建省,福州市,长乐区
漂亮人生(锦江店),航城街道锦江花园二6号7楼连接体3号店,"119.506789,25.958063",0591-28202228;0591-28883810;15859137065,福建省,福州市,长乐区
三原色烫染造型(城市之春店),城市之春7号楼5-6号(国惠酒店正对面),"119.498730,25.953954",[],福建省,福州市,长乐区
北极星美发造型,首站镇中发首府101店铺05号北极星美发造型,"119.494109,25.939427",15880400554,福建省,福州市,长乐区
重庆无名剪(长乐商贸大楼店),奎桥路226号,"119.515792,25.954113",[],福建省,福州市,长乐区
慕可造型(金色海岸店),三峰路195号,"119.511531,25.961704",18750785510,福建省,福州市,长乐区
杉浩美发造型(长乐店),民主街团结小区134号(吴航小学斜对面),"119.520217,25.962918",0591-28602860;13685003940,福建省,福州市,长乐区
漂亮人生美容(锦江店),郑和西路200-5号邮电小区1号楼一层店面,"119.502475,25.958406",0591-28511799,福建省,福州市,长乐区
顺杰美发用品(日辉小区店),爱心路139号,"119.512265,25.964751",0591-28837003,福建省,福州市,长乐区
长乐香港发廊(河下店),河阳楼小区2座,"119.516991,25.962515",[],福建省,福州市,长乐区
纤艺造型(外语外贸店),首占镇外语外贸学院学生街,"119.500443,25.925993",13055401345,福建省,福州市,长乐区
领秀会(长乐店),吴航街道西洋中路国际明珠,"119.512413,25.957908",15859139771;18060511719,福建省,福州市,长乐区
新伽美(河阳楼小区店),河阳楼小区4座,"119.517118,25.962983",0591-28333110;13489014512,福建省,福州市,长乐区
漂亮人生(龙庭湾店),航城街道永硕龙庭湾A区s3-1漂亮人生,"119.497235,25.948017",0591-28818855,福建省,福州市,长乐区
新动丽美发连锁机构(乐升花园店),西洋北路22号(乐升花园旁),"119.513008,25.965739",13055254210,福建省,福州市,长乐区
格调形象设计(商行街店),漳港街道商行街124-12,"119.629934,25.918654",13615008382,福建省,福州市,长乐区
博雅美业造型连锁,八角亭解放路223号店面,"119.518293,25.964408",13015754618,福建省,福州市,长乐区
新偶像美容美发会所(漳港分店),漳港街道永安路11号,"119.628760,25.918383",0591-28799990;13600888415,福建省,福州市,长乐区
你好漂亮(商行街店),漳港街道商行街75号,"119.629639,25.919832",13110777760,福建省,福州市,长乐区
漂亮人生(商业店),金峰镇弘鑫商业街胪东二路 132 号,"119.629194,25.976212",0591-28908055,福建省,福州市,长乐区
首选美容美发(永荣广场店),广场南路888号永荣广场F1层,"119.494571,25.943129",13358207222,福建省,福州市,长乐区
292barbershop男士理发馆,三峰路116号,"119.515019,25.962016",18850784120,福建省,福州市,长乐区
MK发型设计,航城街道吴航路287号,"119.507814,25.954810",18506053887,福建省,福州市,长乐区
kk快剪新趋势(安平广场店),源达超市收银台旁边,"119.626323,25.920667",13599052803,福建省,福州市,长乐区
ONLY唯一造型(团结小区店),杨井巷与培青路交叉口东北20米,"119.521697,25.961519",18825727725,福建省,福州市,长乐区
漂亮人生C&C首占店,首占镇振铎路98-12号(皇庭·首占1号),"119.482308,25.942303",15659199599,福建省,福州市,长乐区
娜娜发廊(十洋街店),解放路217号,"119.518470,25.964434",[],福建省,福州市,长乐区
触动烫染吧(吴航路店),吴航路46号仁和医院对面,"119.516656,25.955421",15959114786,福建省,福州市,长乐区
纤艺造型(凯旋城店),长限路1-6号,"119.485588,25.950638",13055401345,福建省,福州市,长乐区
圣美烫染吧(日辉小区店),爱心路135号,"119.512352,25.964757",15205087821,福建省,福州市,长乐区
壹佰分形象裁剪沙龙(河下街店),民主街27号民主小区南区7座,"119.518965,25.963376",15960154746,福建省,福州市,长乐区
三溪漂亮人生,三溪商贸城东滨路90号,"119.554480,25.842890",0591-28511368;13950445023,福建省,福州市,长乐区
回首造型(福州长乐区),吴航路国丰花园11座楼12店,"119.511490,25.955145",13055254893,福建省,福州市,长乐区
完美人生形象设计(西滨花园店),西洋南路65号西滨花园,"119.513442,25.967180",[],福建省,福州市,长乐区
五月造型(长乐大名城店),通园路长乐大名城,"119.497130,25.930120",13850107221,福建省,福州市,长乐区
美丽传说奢华造型(兴业银行大楼店),中国银行长乐侨联支行南门旁,"119.513855,25.962026",[],福建省,福州市,长乐区
慕颜Design(时代广场店),漳港街道万沙路7号新投时代中心4-101,"119.603619,25.897703",17306909776,福建省,福州市,长乐区
漂亮人生(首占一号店),首占一号,"119.482339,25.942398",15659199599,福建省,福州市,长乐区
靓顺美发,广场南路888号永荣广场,"119.494425,25.942325",13055295796,福建省,福州市,长乐区
米紫雅美发工作室,金峰镇金林路15号,"119.629024,25.970765",17850093997,福建省,福州市,长乐区
攻略,金峰镇胪东三路207号,"119.628617,25.976834",15980122891,福建省,福州市,长乐区
名轩美发,区S201(漳湖路),"119.632686,25.924294",13509303434;18759139355,福建省,福州市,长乐区
星.造型 hair zone,江田镇滨东一路22-1,"119.580181,25.823374",15060155939,福建省,福州市,长乐区
一剪美理发店(凤岐东路店),仙岐村三10号,"119.646525,25.914694",15359765365,福建省,福州市,长乐区
新主流烫染造型设计,金峰镇兰田村鑫福源戴斯酒店旁边,"119.603933,25.958179",13665013630,福建省,福州市,长乐区
新感觉美发,漳港街道龙峰村杨南路290号,"119.626031,25.926365",13489018582,福建省,福州市,长乐区
江田镇三溪村格调造型专业烫染机构,江田镇三溪新区南路24号,"119.551173,25.838912",13685026031,福建省,福州市,长乐区
忠·造型,漳港街道永安路47号,"119.627981,25.918492",15960076719,福建省,福州市,长乐区
新名都美发,金峰镇山星村星城区9-8号,"119.622876,25.976085",15005039909,福建省,福州市,长乐区
尚艺发型工作室,大兴南路中国移动营业厅对面,"119.582189,25.817092",18750707030,福建省,福州市,长乐区
曼青美容美发店,航城吴航路427号阳光花园一区,"119.503588,25.954476",18396123136,福建省,福州市,长乐区
精致快剪(河阳楼小区店),河下街1297号,"119.517055,25.962293",15659152118,福建省,福州市,长乐区
风云剪美发沙龙(02分店),南阳大道与双桂路交叉口东南80米,"119.579418,25.820900",18650076202,福建省,福州市,长乐区
艾尼造型,金峰镇星城区1-51-6号,"119.623600,25.974795",13960876961,福建省,福州市,长乐区
快剪,航城龙津村前街237号,"119.506007,25.936274",13030801746,福建省,福州市,长乐区
忠艺造型6S烫染品牌店,西洋北路201号滨江望郡,"119.513518,25.970300",17758917746,福建省,福州市,长乐区
至尊精致剪烫(郑和花园一期店),吴航街道航华路36号(十洋地铁站B西北口步行450米),"119.511623,25.959631",13950273427,福建省,福州市,长乐区
卓艺造型(长乐店),福州华纯连锁酒店西门旁,"119.513519,25.954094",13615021582,福建省,福州市,长乐区
发觉(安平广场店),安平广场,"119.626006,25.920644",17606075887,福建省,福州市,长乐区
青丝坊美发,古槐镇感恩村工业路17号,"119.543695,25.857334",17605901567,福建省,福州市,长乐区
千丝造型,榕航路114-1号店,"119.497761,25.960056",15985737885;18859117731,福建省,福州市,长乐区
星梅理发,西洋南路与江莲路交叉口北260米,"119.511632,25.947166",15960077969,福建省,福州市,长乐区
(完美造型)专业美发,吴航街道西关街50号,"119.516447,25.965880",13003890530,福建省,福州市,长乐区
阿宝发吧,漳港镇龙峰村蔡北路47号,"119.629511,25.928315",13763850105,福建省,福州市,长乐区
艺剪美,振兴路与弘鑫商业街交叉口北300米,"119.630530,25.978692",15960057550,福建省,福州市,长乐区
鸿辉烫染造型纹绣点痣祛疣,金峰镇塘下村王朱97号,"119.631904,25.985645",15880479164,福建省,福州市,长乐区
韩风专业形象沙龙(金色海岸店),吴航街道金色海岸21座,"119.511963,25.959835",13459133151,福建省,福州市,长乐区
摩登美发设计中心,区三峰西路航中楼10号摩登美发店,"119.509519,25.962008",15880120808,福建省,福州市,长乐区
UU造型,吴航街道三峰路220号,"119.512074,25.962046",13655078543,福建省,福州市,长乐区
568造型(长乐店),南山御景11栋2号,"119.515400,25.953090",[],福建省,福州市,长乐区
炫彩美发(漳湖路店),228国道与漳湖路交叉口西220米,"119.656517,25.936336",[],福建省,福州市,长乐区
林义理发店,营前街道东街路159号,"119.468203,25.964965",[],福建省,福州市,长乐区
新天姿美发会所(日辉小区店),吴航街道爱心路115号日辉小区5座,"119.512775,25.964775",[],福建省,福州市,长乐区
漂亮宝贝美发会所,滨东一路15号,"119.580425,25.822875",[],福建省,福州市,长乐区
首选美容美发(皇庭美域店),航城街道朝阳北路99-5号,"119.509039,25.968485",13788999583,福建省,福州市,长乐区
A剪吧,郑和东路425号,"119.525884,25.956075",[],福建省,福州市,长乐区
阿伟美发(福州长乐区),郑和中路与西洋中路交叉口东北100米,"119.514232,25.958628",[],福建省,福州市,长乐区
JIE造型形象工作室,长乐区街南182-1号,"119.583305,25.815626",15005935607,福建省,福州市,长乐区
晶晶美发,陈文口腔西侧160米,"119.554397,25.947382",[],福建省,福州市,长乐区
发拉利美发工作室(鹤梅线店),振兴路与弘鑫商业街交叉口北220米,"119.629268,25.978160",[],福建省,福州市,长乐区
香港发廊阿水造型,吴航十洋路39-9,"119.521895,25.961874",13950272170,福建省,福州市,长乐区
艾美造型(三峰路店),三峰路与公馆巷交叉口东南20米,"119.506780,25.961766",[],福建省,福州市,长乐区
阿彪造型(商行街店),漳港街道商行街29号,"119.629818,25.920531",[],福建省,福州市,长乐区
阿娥理发店,朱熹街与228国道交叉口西南500米,"119.602583,26.023871",13559953938,福建省,福州市,长乐区
八月工作室(东台港光明城店),小时光牛排披萨(长乐漳港店)滨星时代广场1号楼对面,"119.626913,25.920279",[],福建省,福州市,长乐区
卡诗形象设计,商行街83号,"119.629585,25.919615",[],福建省,福州市,长乐区
大众理发店(永和园店),首石路30号永和园,"119.514647,25.963425",[],福建省,福州市,长乐区
阿斌造型,海城路与228国道交叉口东360米,"119.599744,25.725435",15005952558,福建省,福州市,长乐区
奈斯造型,朗山路与数港路交叉路口往东约220,"119.611664,25.892966",15005038689;15555155616,福建省,福州市,长乐区
华仔美发,谯国路与滨西一路交叉口西北260米,"119.573619,25.830250",[],福建省,福州市,长乐区
剪艺造型(鹤梅线店),金峰镇振兴路42号,"119.628161,25.972399",[],福建省,福州市,长乐区
UP.SaLon(永荣广场店),广场南路888号永荣广场F1层,"119.494398,25.943244",[],福建省,福州市,长乐区
剪艺烫染吧,150乡道与双兴路交叉口东南200米,"119.587318,25.813064",[],福建省,福州市,长乐区
安之秀造型(福渡线店),金峰镇金峰村董塔路31-8,"119.626261,25.973862",13328661628,福建省,福州市,长乐区
亮点美发(市场店),鹏兴路1-3号,"119.665520,25.953754",[],福建省,福州市,长乐区
快简生活(会堂路店),会堂路快简生活296号,"119.504524,25.960470",13685040703,福建省,福州市,长乐区
时间之间无敏染护小屋(三峰路店),三峰路200号一层,"119.512390,25.961945",[],福建省,福州市,长乐区
长乐区文岭镇石壁村池长寿理发店,文岭镇石壁村𥐯赶兜,"119.691533,25.969176",15859135536,福建省,福州市,长乐区
头领造型烫染公社(奎桥路店),南山御景西北门西南50米,"119.515211,25.952886",18050791189,福建省,福州市,长乐区
FCS台湾快剪(航城永辉店),会堂北路锦江三区永辉超市,"119.504525,25.960425",13859998917,福建省,福州市,长乐区
时代精剪,融鹤线西侧,"119.600574,25.755912",18649858999,福建省,福州市,长乐区
加剪乘除形象设计,鹤上北山郑朱里117号,"119.532966,25.937645",13960949696,福建省,福州市,长乐区
艺文美发,首南路与前街东路交叉口南20米,"119.489337,25.931262",13275012789,福建省,福州市,长乐区
胜芳发艺,228国道与胪峰大道交叉口西北220米,"119.632010,25.985373",13255041568,福建省,福州市,长乐区
灰度美发,金峰镇金林村振兴路45号,"119.628648,25.971981",13656952608,福建省,福州市,长乐区
千艺形象设计,振兴路259号,"119.629250,25.975538",13055291290,福建省,福州市,长乐区
三木hair salon(凯升花园店),凯昇花园吴航路496号,"119.505513,25.955267",13110537319,福建省,福州市,长乐区
顶尚造型(吴航路店),十洋新村南1门旁,"119.516332,25.955069",15985738338,福建省,福州市,长乐区
新发现造型金峰店,金峰镇峰里新村24号,"119.628394,25.976212",[],福建省,福州市,长乐区
感恩理发店,150乡道与013乡道交叉口东20米,"119.544975,25.857325",[],福建省,福州市,长乐区
燕子坞美发,湖滨路与鹏程路交叉口西北160米,"119.673025,25.953825",[],福建省,福州市,长乐区
后街男孩美发形象设计(玉田店),玉田镇玉田村新街319号,"119.458373,25.874254",13805001672,福建省,福州市,长乐区
快剪不快,郑和东路与资圣路交叉口南20米,"119.522616,25.958056",[],福建省,福州市,长乐区
美云理发店,漳港街道百户村美云理发店,"119.618007,25.912023",15005955887;15750861287,福建省,福州市,长乐区
金峰小雷同学理发店,金峰镇三星村后墩282号,"119.619054,25.978203",13615023278,福建省,福州市,长乐区
英子理发店,富民路与锦绣路交叉口东北140米,"119.635277,25.917982",[],福建省,福州市,长乐区
艺发彩屋(阳光花园一区店),阳光花园二期16号15号店,"119.504113,25.952669",13706995474;18059322533,福建省,福州市,长乐区
缔凡造型(国际明珠店),西洋中路110号国际明珠25号店面,"119.513018,25.956441",13809537424,福建省,福州市,长乐区
理享理发店,漳港永安路8号,"119.628899,25.918773",[],福建省,福州市,长乐区
流行线美发造型(金峰店),金峰镇六林村大亨305号六林便民市场对面,"119.627672,25.969275",13696819601,福建省,福州市,长乐区
得艺旺型美发工作室(漳湖路店),漳湖路与乐业路交叉口西南80米,"119.639750,25.927519",15695905576,福建省,福州市,长乐区
洋光美发工作室,鹤上镇京岭路龙湖天宸星座2号楼108,"119.537569,25.929480",18065138052,福建省,福州市,长乐区
沐笙时尚造型,前街西路与新明路交叉口西南100米,"119.488066,25.932835",[],福建省,福州市,长乐区
青丝理发店,星光路与胪峰大道交叉口西北40米,"119.623609,25.975583",[],福建省,福州市,长乐区
古匠烫染连锁,洋里大楼东侧60米,"119.611569,25.960252",15060116467,福建省,福州市,长乐区
新概念造型设计(商行街店),商行街124-16,"119.630075,25.918625",15860817933,福建省,福州市,长乐区
寻觅(利洋新村店),利洋新村西北1门西南90米,"119.515711,25.953584",13609572843,福建省,福州市,长乐区
名匠造型理发店,牛山环岛综合楼706号,"119.588846,25.948582",15205035594,福建省,福州市,长乐区
顶尚名流专业美发设计,鹤上镇新世纪超市对面,"119.552512,25.947041",13685039200,福建省,福州市,长乐区
阳光不锈美发设计(鹤梅线店),文岭镇东吴村程朱137号,"119.645472,25.986708",15750862085,福建省,福州市,长乐区
佳丽盘头,西环路纺织城4栋16号,"119.604099,25.961958",13665013603;15067964418,福建省,福州市,长乐区
尊尼发型,壶井中心小学南侧70米,"119.586240,25.902270",13110510540,福建省,福州市,长乐区
艺廊salon,松下镇首址村军民路82-1,"119.600823,25.757222",18623993075,福建省,福州市,长乐区
美丽约会专业烫染(长乐花园店),吴航镇祥乐花园A1幢11号店,"119.510936,25.954674",15859115110,福建省,福州市,长乐区
梦缘造型(永荣广场),广场南路888号永荣广场,"119.493675,25.942586",15280176298,福建省,福州市,长乐区
新潮美发沙龙(胪峰大道店),金峰镇新六林新村,"119.621687,25.971883",13400510815,福建省,福州市,长乐区
ONE壹造型(裕达小区店),爱心路231号裕达小区,"119.507948,25.964945",[],福建省,福州市,长乐区
创新经典造型,董朱新村12座胪东一路18-4,"119.625233,25.975380",13489900721,福建省,福州市,长乐区
MJ hair salom(福盛花园店),金峰镇福盛花园旁(董塔路31-17),"119.623267,25.973673",18750706303,福建省,福州市,长乐区
美丝莱美发,乐业路3-22号,"119.642864,25.927188",13365021660,福建省,福州市,长乐区
金典发艺(筹岐明珠店),筹岐明珠西南门西北80米,"119.494169,25.937488",[],福建省,福州市,长乐区
好莱坞美发(漳港店),漳港永安路东台港花园45号,"119.628278,25.918884",13067423598,福建省,福州市,长乐区
喜理·造型,吴航路城市之春800-41号,"119.497983,25.953744",13609506768,福建省,福州市,长乐区
钦德瑞造型(锦绣家园店),锦绣家园北门旁,"119.617049,25.978928",15880082263,福建省,福州市,长乐区
爱尚造型,玉田镇玉田村新街157号,"119.458289,25.874196",17689980914,福建省,福州市,长乐区
艺术人生(鹤梅线店),金峰镇振兴路97号艺术人生,"119.628198,25.972778",17396515022,福建省,福州市,长乐区
蓝调形象设计工作室,G228永丰染整,"119.603141,25.784385",[],福建省,福州市,长乐区
青丝形象造型,金峰镇宏达商场环岛,"119.629497,25.918928",[],福建省,福州市,长乐区
亿禾造型,仙岐村二区207,"119.645674,25.915113",[],福建省,福州市,长乐区
新丝路烫染吧(福州长乐区),董朱新村2号楼,"119.626025,25.976025",13609544791,福建省,福州市,长乐区
超凡造型,下朱村治安岗西北侧160米,"119.498975,25.970925",[],福建省,福州市,长乐区
A新美发店,双魁路与228国道交叉口西北420米,"119.603924,25.906995",[],福建省,福州市,长乐区
康乃馨美发形象设计,鹤梅线与039乡道交叉口东180米,"119.554553,25.947572",13850170968,福建省,福州市,长乐区
爱尚造型(东街路店),东街路138号,"119.467055,25.964633",[],福建省,福州市,长乐区
飘逸形象沙龙,中共福州市长乐区松下镇首祉村委员会西南侧200米,"119.601311,25.758723",13290801747,福建省,福州市,长乐区
思容美发,漳港街道凤岐东路与祈福路交叉路口西侧,"119.647313,25.914270",[],福建省,福州市,长乐区
仟丝美发,鹏陈卫生所东侧,"119.658238,25.938497",[],福建省,福州市,长乐区
首艺人,新明路与广场路交叉口东80米,"119.489166,25.933692",[],福建省,福州市,长乐区
红剪刀美发,鹤梅线西南40米,"119.615809,25.962464",[],福建省,福州市,长乐区
观点造型,金峰镇振兴路211号,"119.628708,25.974686",13960911069,福建省,福州市,长乐区
剪约造型,星光路与振兴路交叉口西北60米,"119.627285,25.973709",[],福建省,福州市,长乐区
艺名造型(乐升花园店),乐升花园西洋北路20号,"119.512992,25.965544",[],福建省,福州市,长乐区
尚剪造型(鹤梅线店),金峰镇鹤梅线华阳德响五金配件对面,"119.608580,25.958071",15959039084,福建省,福州市,长乐区
隆丰发廊,三峰街66号(十洋地铁站A东北口步行480米),"119.515773,25.961978",13960872279,福建省,福州市,长乐区
名发堂,G3京台高速入口与228国道交叉口东100米,"119.597815,25.729052",[],福建省,福州市,长乐区
审艺造型,西关街46号,"119.516405,25.965730",[],福建省,福州市,长乐区
V·v造型(南华花园店),金峰镇三星村胪西二路3-12号,"119.625325,25.976836",[],福建省,福州市,长乐区
兴达烫染,东鳌花园西南门北60米,"119.523992,25.955782",[],福建省,福州市,长乐区
艺都烫染中心(长乐店),航华路47号(十洋地铁站B西北口步行490米),"119.511197,25.959772",[],福建省,福州市,长乐区
美遇工作室(美甲美睫纹绣),万业锦江13座3梯505,"119.506158,25.970580",17366880521,福建省,福州市,长乐区
姜姐安利工作室,集仙大桥(源顺花园西侧约150米),"119.626152,25.980915",13514089108,福建省,福州市,长乐区
佳佳美容美体工作室(西滨花园店),吴航街道西洋南路65号西滨花园14座502室,"119.513911,25.968186",13774611619,福建省,福州市,长乐区
愈见st•美甲工作室,吴航朝阳南路25号景美小区5座Z23,"119.509165,25.952891",18307046594,福建省,福州市,长乐区
天艺工作室,江田镇长林新村,"119.601686,25.791015",13400577566,福建省,福州市,长乐区
永琪美容美发(吴航店),郑和西路288号长山碧水,"119.498833,25.958519",[],福建省,福州市,长乐区
BOW TIE男士理發館(新宁路店),古槐镇新宁路24号9号03店面,"119.549173,25.875904",[],福建省,福州市,长乐区
本末Hair Salon(东湖山庄店),潭城镇东湖山庄136号小区2号楼1-2间店面,"119.788627,25.491268",18659130188,福建省,福州市,平潭县
瑞吉斯-剪发城(西航店),西航路西桂园7号楼,"119.794232,25.494482",0591-38311188;0591-38312777,福建省,福州市,平潭县
超会染·只做染发(康德世家二期店),康平路20号康德世家二期,"119.795404,25.485763",13860616068,福建省,福州市,平潭县
8HAIR平潭店,潭城镇龙景路海锦嘉园07号,"119.801438,25.498414",15606023261,福建省,福州市,平潭县
平潭回头率烫染(小湖庄店),潭城镇小湖庄15号,"119.793875,25.498751",17659055713,福建省,福州市,平潭县
理享发型设计(康德店),海坛街道中湖村岚湖庄59号101室,"119.780532,25.494769",15359015907;15980718623,福建省,福州市,平潭县
星宿工作室,平潭综合实验区岚城片区竹屿湖中路8号正荣·御湖湾5-101,"119.767208,25.505955",17759080091;18506022292,福建省,福州市,平潭县
剪发城(中亿尚品店),中亿尚品,"119.790250,25.490706",0591-23177188,福建省,福州市,平潭县
慕色美发,平潭综合实验区潭城镇康德别墅B区12排F3座房屋2层,"119.793552,25.487069",13559175942;15259173332,福建省,福州市,平潭县
剪艺造型,金地天逸岚道汽车租赁隔壁剪艺造型,"119.767257,25.506892",18359799802,福建省,福州市,平潭县
私人订制烫染会所(翠园中路店),翠园中路(逸轩酒店隔壁),"119.797275,25.513475",13850120363,福建省,福州市,平潭县
明天见,龙山路豪香御景花园,"119.803504,25.494460",17068169999,福建省,福州市,平潭县
聪明不绝顶,岚城乡中湖村岚湖庄(地号T67-37),"119.781069,25.495474",13015727888,福建省,福州市,平潭县
剪发城美容美发会所(金象店),海坛街道龙里路金象名城东门庄50号A56,"119.798508,25.501104",0591-23177177,福建省,福州市,平潭县
星际造型工作室,盛林庄52号101,"119.796491,25.504247",18476861115,福建省,福州市,平潭县
研艺造型·烫染·漂发接发(平潭店),翠园中路165号3楼(肯德基斜对面海澜之家这栋楼),"119.793721,25.505394",15859005868,福建省,福州市,平潭县
派斯造型(平潭总店),东方百合酒店对面二楼派斯造型,"119.785923,25.494021",15960133312,福建省,福州市,平潭县
千丝缘造型店(康泰路店),康泰路18号康德世家一期5号楼,"119.794217,25.487282",13774579957,福建省,福州市,平潭县
剪约(红山中路店),潭城镇新垄庄164号,"119.788798,25.509709",13599955420,福建省,福州市,平潭县
青木造型工作室(城南新庄店),城南新庄261号,"119.780009,25.497730",15555226567,福建省,福州市,平潭县
悦沐salon,南林庄76,"119.786049,25.495161",17268693886,福建省,福州市,平潭县
品尚造型(翠园中路店),海坛街道桂山庄八弄60号,"119.795963,25.509417",13635222125,福建省,福州市,平潭县
丽吉黑(平潭店),综合实验区潭城镇盛林庄1号华厦小区A2栋01,"119.793604,25.503330",13859078019,福建省,福州市,平潭县
阿正美发(中亿尚品店),潭城镇小湖新庄216号,"119.790284,25.490709",0591-23175572;13799961088,福建省,福州市,平潭县
聚星发艺,龙山路58号,"119.798145,25.494376",18750770309,福建省,福州市,平潭县
摩登美容美发护理中心,潭城镇龙景路100-20号,"119.799014,25.499468",[],福建省,福州市,平潭县
转变造型(东升花园店),潭城镇东门庄111号东昇花园门口,"119.802980,25.499922",15626665666,福建省,福州市,平潭县
八百磅发艺沙龙,潭城镇九一六万德福花园18号101室,"119.793156,25.503724",13600831821;15985779595,福建省,福州市,平潭县
西里造型,109-5,"119.795674,25.499028",[],福建省,福州市,平潭县
护发使者,潭城镇上埔133号,"119.792220,25.507963",15005959563,福建省,福州市,平潭县
知我美发工作室(金地天逸店),岚城8路,"119.767458,25.506775",13774556733,福建省,福州市,平潭县
林钦美容美发,潭城镇中埔街152号,"119.790310,25.504730",15005067688,福建省,福州市,平潭县
时尚名剪(东方大名城店),东方大名城西南门旁,"119.800261,25.496814",[],福建省,福州市,平潭县
动感美发(平潭中埔路店),潭城镇东大街中埔75号,"119.789755,25.504426",13489054850,福建省,福州市,平潭县
烦恼师造型设计(福顺公寓店),平潭实验幼儿园东南门旁,"119.793025,25.502210",13959135084,福建省,福州市,平潭县
阿强美发(盛林路店),潭城镇盛林庄52号,"119.796902,25.504024",13705920631,福建省,福州市,平潭县
阿Q美发(圣景兴业嘉园店),潭城镇东大街小湖路口,"119.794214,25.499497",15080055626,福建省,福州市,平潭县
艺术人生(康德世家三期店),康宁路57号康德二期02店面,"119.795778,25.486189",15280065333,福建省,福州市,平潭县
剪发城养生会所(海滨店),潭城镇盛林路160-4号,"119.795429,25.505249",[],福建省,福州市,平潭县
柯先生,竹屿湖东路301号岚湾正荣府1幢101室,"119.775344,25.501060",13067220007,福建省,福州市,平潭县
尚艺潮牌美发店,潭城镇翠园中路苗圃七彩城儿童生活馆旁,"119.792897,25.502936",13600830758,福建省,福州市,平潭县
零度造型(X162店),平原镇中心卫生院西南侧70米,"119.736554,25.603456",13559100945;13559150945,福建省,福州市,平潭县
雅仕美业,潭城镇西宝庄10号102,"119.786733,25.500779",18960982296,福建省,福州市,平潭县
英子美发造型(欧洲风华店),欧洲风华北1门西70米,"119.786392,25.483847",[],福建省,福州市,平潭县
尚秀·阿进发型工作室,翠园中路222号,"119.796216,25.510031",[],福建省,福州市,平潭县
精剪造型,红山西路与盛北巷交叉口东南160米,"119.788587,25.510076",[],福建省,福州市,平潭县
非凡美业(翠园中路店),中国电信股份有限公司平潭综合实验区分公司西南门西北420米,"119.793621,25.506440",[],福建省,福州市,平潭县
靓典专业烫染吧(潭城北路店),莲花门57号,"119.792632,25.510717",[],福建省,福州市,平潭县
发艺轩造型(小湖店),潭城镇新庄106号,"119.791752,25.493412",15396065262,福建省,福州市,平潭县
星悦美发(中海华侨城店),中海华侨城1期东南2门旁,"119.802467,25.493573",[],福建省,福州市,平潭县
TIMI造型(欧洲风华店),潭城镇世界城五期1号楼,"119.787538,25.483895",15860299251;15868299251,福建省,福州市,平潭县
主流造型(海锦嘉园店),潭城镇龙景路海锦嘉园1号楼14号店,"119.801218,25.498458",15606998979,福建省,福州市,平潭县
kv精品造型,盛林路173号101,"119.795143,25.505028",13979777775;18816460488,福建省,福州市,平潭县
阿锋非凡美发沙龙(平潭龙居世界城店),世界城三、四期南门东90米,"119.786863,25.484130",18659167966,福建省,福州市,平潭县
品潮造型,916盛林路34号店面,"119.795250,25.504734",15960180668,福建省,福州市,平潭县
手心缘美发,正荣润海路面116店面手心缘美发,"119.711925,25.478675",13788892102,福建省,福州市,平潭县
吾悦美容美发,融信外滩8号楼S111号,"119.764504,25.507697",13509319558,福建省,福州市,平潭县
超凡个性发型,翠园中路12-10,"119.784105,25.492240",18705905550,福建省,福州市,平潭县
森谷造型,潭城镇竹屿湖东路城南新庄506号,"119.780643,25.499215",15860825446,福建省,福州市,平潭县
千辫万发(福州平潭县),潭城北路与红山西路交叉口北140米,"119.791804,25.509662",13055532320;13599076047,福建省,福州市,平潭县
新感觉发型机构,中湖路与翠园中路交叉口西北80米,"119.783536,25.493199",13788884998,福建省,福州市,平潭县
爱·时尚(金地天逸店),金地·天逸南门旁,"119.766793,25.507078",13960890546,福建省,福州市,平潭县
卡斯Salon,万象公寓A座109店面,"119.798570,25.500958",18558887975,福建省,福州市,平潭县
V时尚美发沙龙(海峡如意城店),海峡如意城商务街B032-1,"119.709265,25.478661",15259175879,福建省,福州市,平潭县
炫靓美业(东方明珠花园店),中村东门庄金象名城b区8号1楼,"119.801038,25.500120",13799943181,福建省,福州市,平潭县
魅惑时尚理发店,中湖村岚湖庄47号102,"119.779975,25.494175",13774559420;15880451752,福建省,福州市,平潭县
阿辉造型(龙凤中路店),龙凤中路岚城安置小区,"119.756803,25.525952",13774558911,福建省,福州市,平潭县
神剪美容美发,翠园中路附近,"119.797728,25.513220",15980197187,福建省,福州市,平潭县
小雨美容美发,中七路湧鑫城,"119.797210,25.502582",13107683358;18106023502,福建省,福州市,平潭县
三千丝美发屋,红山中路新庄7号,"119.787412,25.510803",15059106550,福建省,福州市,平潭县
兄弟造型(海峡如意城店),海峡如意城商业D区A048号,"119.709827,25.479220",15980195959,福建省,福州市,平潭县
岚岛造型,富春城1期3幢02号店,"119.779778,25.499976",15080089292,福建省,福州市,平潭县
奈斯Hair Salon(万佳花园店),福胜西路盛南庄7号,"119.783563,25.502551",13285005288;18359913093,福建省,福州市,平潭县
名剪艺人(福州平潭县),潭城镇万宝庄108号,"119.795714,25.508822",13685045150,福建省,福州市,平潭县
艺铭造型社(平潭龙居世界城店),世界城一期西南门北60米,"119.783890,25.488570",15750821713,福建省,福州市,平潭县
丝情发艺(海锦嘉园店),潭城镇海锦嘉园2号楼东起,"119.802371,25.497900",13489002769,福建省,福州市,平潭县
遇尚造型,中湖村万宝路中段北侧5栋6号店,"119.788458,25.491112",15960134018,福建省,福州市,平潭县
梦森时尚造型(宝城花园店),汉阳路宝城花园,"119.792310,25.484588",15980585739;18759107663,福建省,福州市,平潭县
你型我秀烫染吧(红湖西路店),红湖西路与敬业巷交叉口西北40米,"119.781554,25.494135",13685045325;13685405325,福建省,福州市,平潭县
JC美发造型中心(明珠路店),潭城镇明珠路东门庄外贸城对面,"119.799445,25.500502",18650391305,福建省,福州市,平潭县
创艺空间发艺秀,潭城北路与红山西路交叉口东北160米,"119.792122,25.509640",13600842342,福建省,福州市,平潭县
托尼造型(正荣·润海店),北厝镇天山北路九号正荣润海1期七号楼125商业,"119.711645,25.478020",15806098676,福建省,福州市,平潭县
紫魅美容美发,岚城小区北区紫魅美容美发,"119.757604,25.528127",[],福建省,福州市,平潭县
CamelliaBarbershop(山茶男士理容馆),融信·外滩8栋,"119.764278,25.507874",[],福建省,福州市,平潭县
顶尊造型,竹屿湖中路正荣御湖湾凯特琳洗衣店隔壁,"119.766475,25.506675",15280136300,福建省,福州市,平潭县
唯美造型(翠园中路店),翠园中路183-8,"119.794907,25.507807",[],福建省,福州市,平潭县
云剪美发店,万顺路与合掌街交叉口东南20米,"119.782869,25.503795",13107628333,福建省,福州市,平潭县
艺品秀,西航路潭人街北门1198号,"119.795390,25.492455",13489046669,福建省,福州市,平潭县
阿建美发店,潭城镇福胜路燕山庄38号,"119.785218,25.501921",13850182820,福建省,福州市,平潭县
星艺造型,城南新村457号,"119.781551,25.500355",13489952593,福建省,福州市,平潭县
爱生美发室,161县道与沃前路交叉口东南280米,"119.805992,25.473376",[],福建省,福州市,平潭县
丝尚剪·烫·染(平潭店),夏升庄12号,"119.790471,25.509148",13055721098,福建省,福州市,平潭县
流剪派时尚造型(城南新庄店),城南新庄5号,"119.782321,25.499913",13405946777,福建省,福州市,平潭县
有间Salon,桂山十弄24号101,"119.799494,25.507235",[],福建省,福州市,平潭县
墨刻·男士国潮理发·修眉·烫染,康湖路1号东湖山庄,"119.788475,25.491325",[],福建省,福州市,平潭县
唯一接发工厂店理发店,潭城镇城东小学对面公交站二楼唯一接发工厂店,"119.795149,25.505495",[],福建省,福州市,平潭县
头等舱美发店(海坛东路店),海坛东路158-13,"119.792571,25.501159",[],福建省,福州市,平潭县
尚艺形象设计,"图东湖装103东湖庄,103号","119.792872,25.495667",[],福建省,福州市,平潭县
清禾美发沙龙,盛林路与翠园中路交叉口东180米,"119.795754,25.505088",[],福建省,福州市,平潭县
灵感美发美容(桂山路店),桂山6弄6号,"119.797162,25.506651",[],福建省,福州市,平潭县
千悦美容美发(正荣·润海店),正荣·润海,"119.711075,25.479125",[],福建省,福州市,平潭县
ZL理发馆(平潭龙居世界城一期店),世界城一期西5门北80米,"119.783770,25.489808",[],福建省,福州市,平潭县
发艺工作室盛南庄(万佳花园店),溪南庄3号万佳花园,"119.781675,25.500475",[],福建省,福州市,平潭县
帝凡尼造型(平潭龙居世界城店),世界城澳洲阳光13栋,"119.783750,25.489520",13055251711,福建省,福州市,平潭县
名点造型,岚城乡融信大卫城A11一108,"119.797654,25.525333",[],福建省,福州市,平潭县
型匠造型(正荣润海店),正荣·润海,"119.708810,25.478565",18705908187,福建省,福州市,平潭县
理想造型(正荣·御湖湾店),御湖湾,"119.767009,25.506491",18250183301,福建省,福州市,平潭县
理享美容美发,海坛街道红湖东路77-5号,"119.792463,25.489189",[],福建省,福州市,平潭县
彡禾(城南新庄店),潭城南路城南新庄,"119.782470,25.498405",[],福建省,福州市,平潭县
聚星烫染中心,中银路与桂三路交叉口东南20米,"119.800230,25.510487",[],福建省,福州市,平潭县
秋沺工作室,中山大道君山镇大中村大中1号潭中佳苑2号楼商业101室,"119.757642,25.554403",[],福建省,福州市,平潭县
MVP潮牌造型,步行街A区2楼08-09号,"119.790527,25.502971",15659773789,福建省,福州市,平潭县
搞頭美发工作室,瑶竹南路平潭公馆对面搞头美发工作室,"119.762336,25.510197",13023880058,福建省,福州市,平潭县
岚色发艺(华厦阳光城C区店),翠园中路,"119.803140,25.523674",15655871586,福建省,福州市,平潭县
668造型(东方明珠花园店),东方明珠花园南门旁,"119.801425,25.499782",13950346572,福建省,福州市,平潭县
好势造型,东大街东大商场西后4号,"119.786183,25.505263",13599969957,福建省,福州市,平潭县
焕型私人形象设计,长福麒麟湾19号楼S52商铺,"119.768454,25.509250",18506090990,福建省,福州市,平潭县
壹家造型,海坛东路与龙山路交叉口南240米,"119.798357,25.495670",[],福建省,福州市,平潭县
無所.美发沙龙,翠园南路103号,"119.786008,25.495041",[],福建省,福州市,平潭县
沐尚造型,康宁路121号,"119.791477,25.488652",13600817128,福建省,福州市,平潭县
伊然美造型(万豪大景城店),万豪大景城北1门旁,"119.789829,25.483997",18705068667,福建省,福州市,平潭县
唯爱造型(万豪大景城店),前湖路95号,"119.789552,25.484008",[],福建省,福州市,平潭县
艺廊造型工作室(长福·麒麟湾一期店),竹屿湖中路18号长福麒麟湾一期9栋S13商铺,"119.769380,25.509971",18750796101,福建省,福州市,平潭县
发线造型(X162店),162县道西50米,"119.776418,25.561330",13799978543,福建省,福州市,平潭县
缘凤造型(正荣·润海店),正荣·润海,"119.711871,25.477714",18859253638,福建省,福州市,平潭县
启点造型,长福·麒麟湾一期东1门旁,"119.769398,25.510010",[],福建省,福州市,平潭县
国立发廊,162县道南50米,"119.736800,25.603559",13313768049;13706971767;13799316389,福建省,福州市,平潭县
角色造型,翠园中路与丽源路交叉口北60米,"119.796081,25.510832",15280083444,福建省,福州市,平潭县
80简约造型,潭城镇桂山9弄20号一楼,"119.796675,25.508408",13799421000,福建省,福州市,平潭县
新发现形象会所,平潭第三中学东南门东北90米,"119.733223,25.447821",13489032581,福建省,福州市,平潭县
简舒理发店,正荣润海s3号楼112,"119.711187,25.479589",18759109926,福建省,福州市,平潭县
东星美发,顺意路与政区三路交叉口东60米,"119.709096,25.478600",[],福建省,福州市,平潭县
首秀造型(福胜店),潭城镇燕山庄139号,"119.785664,25.501485",13110888308;18960903216,福建省,福州市,平潭县
时尚造型坊,上楼路与大卫城二路交叉口西240米,"119.798020,25.525294",[],福建省,福州市,平潭县
7天造型,潭城镇南门庄177号2座101室,"119.782568,25.493961",[],福建省,福州市,平潭县
尤剪造型,潭城镇中海华侨城中海华侨城2栋1单元62号,"119.802725,25.494475",13148709967,福建省,福州市,平潭县
简短造型,164县道西侧,"119.733136,25.448435",18659155923,福建省,福州市,平潭县
阿杰造型(康德世家一期店),康泰路18号康德世家一期,"119.794330,25.486866",13107699768,福建省,福州市,平潭县
E剪(流水小城镇安置房1期C区店),流水镇流水安置房c区18号店铺,"119.831055,25.561183",15695901179,福建省,福州市,平潭县
大忙人美发会所,东大街海坛步行街西巷,"119.790443,25.503332",15959058970,福建省,福州市,平潭县
艾丽斯形象造型吧,龙山路与竹屿湖东路交叉口北280米,"119.797954,25.494468",[],福建省,福州市,平潭县
名匠沙龙(福顺公寓店),福满堂养老院西南门旁,"119.792729,25.501717",18350188383,福建省,福州市,平潭县
久恩理发(明珠花园店),明珠花园一号楼三单元一层(东南第一间)底层,"119.802515,25.500213",13055787906,福建省,福州市,平潭县
鑫颜美发,中湖路与翠园中路交叉口西北120米,"119.783124,25.493365",18705028596,福建省,福州市,平潭县
便民理发店,君山镇大中村1号潭中佳苑10号楼商业110号,"119.760321,25.553822",[],福建省,福州市,平潭县
时代造型(流水小城镇安置房1期C区店),流水小城镇安置房一期C区,"119.829984,25.559734",[],福建省,福州市,平潭县
千艺发屋(明珠路店),明珠路东方明珠1期6号楼底商,"119.801460,25.499763",15985775483,福建省,福州市,平潭县
丽华新美业,湖新路与小湖巷交叉口南80米,"119.791575,25.492775",13107629227,福建省,福州市,平潭县
潮流密码,潭城镇东大街涌鑫公寓店9号,"119.793427,25.500696",[],福建省,福州市,平潭县
39度半丽人美业,融信·大卫城39度半B区一层12-131,"119.797687,25.524637",[],福建省,福州市,平潭县
泊斯整体形象设计(平潭店),东林巷与竹屿湖东路交叉口北20米,"119.787875,25.495437",[],福建省,福州市,平潭县
领域美发沙龙,海坛名街中段(吃购驿站隔壁)101-29,"119.795527,25.490846",18506092505,福建省,福州市,平潭县
剪术造型,翠园中路与桂一路交叉口东北40米,"119.796577,25.511015",[],福建省,福州市,平潭县
欧阳造型(圣景兴业嘉园店),海坛东路119-3,"119.793569,25.500199",[],福建省,福州市,平潭县
JH理发美发(流水小城镇安置房一期C区店),流水小城镇安置房一期C区,"119.831369,25.561059",[],福建省,福州市,平潭县
MmaiNail美甲美学馆,福胜路与龙磹路交叉口东60米,"119.780075,25.503375",[],福建省,福州市,平潭县
梦兰美容美发,潭城中路与潭城北路交叉口西北150米,"119.791082,25.506024",[],福建省,福州市,平潭县
永顺美容美发(美发用品+护肤品),盛林路平安巷198号A3店面,"119.793005,25.502156",[],福建省,福州市,平潭县
艺匠世家时尚造型(财润山海观店),财润山海观1号楼12号店铺,"119.799339,25.490303",[],福建省,福州市,平潭县
富贵理发馆,海坛街道瑶竹南路11号平潭吾悦广场S7号楼227商铺,"119.763101,25.509574",13599914845,福建省,福州市,平潭县
伊美美业(海坛商业城店),海坛商业城一层43号,"119.783493,25.504557",18060563637,福建省,福州市,平潭县
水金发廊,潭城镇桂山庄6弄6号,"119.796779,25.506895",13705988090,福建省,福州市,平潭县
阿明理发店,039乡道与038乡道交叉口东北240米,"119.833758,25.568737",[],福建省,福州市,平潭县
快乐造型(雍景苑商业街),顺意路世茂海峡城,"119.708076,25.478212",18359799168,福建省,福州市,平潭县
杰森私人订制,翠园北路318号鼎新悦海湾一号楼S110,"119.801168,25.524361",17085922223,福建省,福州市,平潭县
尊尚造型(翠园中路店),翠园中路与丽源路交叉口西南140米,"119.795349,25.509241",13599380052,福建省,福州市,平潭县
立美美学形象设计,潭城镇西航路二建,"119.796392,25.498355",18850479393,福建省,福州市,平潭县
格调造型(海坛东路店),潭城镇东大街66号圣景兴业嘉园,"119.793345,25.500319",15059490853,福建省,福州市,平潭县
爱格(万宝中路店),万宝中路壹号公馆,"119.786700,25.490310",[],福建省,福州市,平潭县
艺剪造型(潭城北路店),潭城镇北大街99号,"119.791931,25.509450",13950379800,福建省,福州市,平潭县
未来造型,平原镇委东北侧90米,"119.735417,25.602853",[],福建省,福州市,平潭县
名师名店理发店,融信·外滩东北门旁,"119.765576,25.508650",18250185560,福建省,福州市,平潭县
新感觉造型,岚城小区南18号楼1110室,"119.757296,25.527192",13276996818;18759109650,福建省,福州市,平潭县
微造型(正荣·润海店),正荣润海商业街S8-117,"119.713249,25.476750",15980718586,福建省,福州市,平潭县
阿杰美发,台亚岚小区108号,"119.788365,25.490939",13489000760,福建省,福州市,平潭县
优艺造型,白鹭街2号,"119.795425,25.492825",18860109000,福建省,福州市,平潭县
小康造型,潭城镇城关水果批发市场斜对面小康造型,"119.799133,25.510964",18587379201,福建省,福州市,平潭县
尚美造型(岚湾·正荣府店),岚湾·正荣府北门旁,"119.774690,25.501349",[],福建省,福州市,平潭县
起点造型(城南新庄店),潭城南路与竹屿湖东路交叉口东北100米,"119.782851,25.498793",15980211222,福建省,福州市,平潭县
红太阳美容美发,敖东镇委西北侧,"119.732372,25.450032",13675096859,福建省,福州市,平潭县
理享先生美发室,潭城镇盛东庄134号,"119.788330,25.510222",18759292955,福建省,福州市,平潭县
阿杰造型,滨海新苑E橦109店,"119.801845,25.498375",13107699768,福建省,福州市,平潭县
水调歌头造型(平潭店),竹屿湖东路东星庄67-3号101号店,"119.790645,25.495015",13616166855,福建省,福州市,平潭县
名尚造型专业染烫,澳前镇宝城花园175号红冠超市旁,"119.792331,25.485635",13685045145,福建省,福州市,平潭县
海山美容美发(平潭店),海坛东路与西航路交叉口西40米,"119.796360,25.498626",[],福建省,福州市,平潭县
理好美发店,海坛街道上铺庄3号101店面,"119.792094,25.506281",15705966772,福建省,福州市,平潭县
发歌发型设计工作室(万豪大景城店),万豪大景城北1门东70米,"119.790364,25.483989",13950249209;13950429209,福建省,福州市,平潭县
晓晓发屋,润和购物中心后门9栋402,"119.796817,25.500082",13015769915,福建省,福州市,平潭县
女王国际美业,潭城镇海坛名街亲爱的郭对面本末四楼,"119.792595,25.489186",13799961266,福建省,福州市,平潭县
美高造型(平潭龙居世界城店),世界城三、四期南门东80米,"119.786856,25.484187",[],福建省,福州市,平潭县
第六感发型设计(宝城花园店),汉洋路宝城花园41号,"119.792310,25.484731",15960139989,福建省,福州市,平潭县
零度造型(红湖中路店),潭城镇宝湖居委会南门庄158号,"119.780997,25.494816",15985777570,福建省,福州市,平潭县
艾森造型(城南新庄店),综合实验区潭城镇南新庄319号,"119.779774,25.497206",13225919995;15225909995,福建省,福州市,平潭县
舒欣园创意美发,圣景兴业嘉园西北门北100米,"119.792086,25.501454",13559150020,福建省,福州市,平潭县
造星坊烫染专业店,华夏小区101店铺,"119.794686,25.503503",13075806856;15005979393,福建省,福州市,平潭县
书文美发会所(东湖山庄店),潭城镇红湖东路198号,"119.788940,25.491142",13067330333,福建省,福州市,平潭县
乐岛·美发·美甲·美睫工作室,融信大卫城商业街B区b13-138号,"119.797418,25.523674",17759081995,福建省,福州市,平潭县
杰越造型(央城家苑店),央城家苑南门东南70米,"119.775443,25.501741",13960892317,福建省,福州市,平潭县
缔造时尚造型,龙山新村86号,"119.799217,25.496485",18060543999,福建省,福州市,平潭县
米蘭style品质沙龙,翠园中路龙翔大地冠超市斜对面中国银行旁边,"119.796303,25.511473",13338258288,福建省,福州市,平潭县
剪爱造型(丽源路店),桂山庄8弄36店面,"119.796914,25.509218",13055533326;13375007707,福建省,福州市,平潭县
永发美容美发(福顺公寓店),平潭翠园青少年活动中心北门西北80米,"119.793054,25.502223",0591-24399851,福建省,福州市,平潭县
子梁发艺,康泰路18号康德世家一期,"119.794425,25.486675",[],福建省,福州市,平潭县
1025造型(万豪大景城店),澳前镇深溪底万豪名城第八栋一层20号房,"119.789914,25.483999",13959122785,福建省,福州市,平潭县
聚星美容美发精剪烫染,中埔街与海坛东路交叉口东北180米,"119.789878,25.504609",13003819099,福建省,福州市,平潭县
TIMI造型(红湖西路店),红湖西路与敬业巷交叉口东40米,"119.782115,25.493916",[],福建省,福州市,平潭县
潮发养吧,平潭如意城店,"119.708378,25.478357",[],福建省,福州市,平潭县
波浪湾造型(海坛东路店),海坛东路与龙山路交叉口东南160米,"119.799625,25.496875",13107949555,福建省,福州市,平潭县
名都美业,荷花庄176号,"119.796015,25.510660",[],福建省,福州市,平潭县
头等职业(正荣·润海店),正荣润海东北门西70米,"119.712333,25.479854",[],福建省,福州市,平潭县
AS艾尚造型(中银路店),桂四路与中银路交叉口西20米,"119.799816,25.507933",[],福建省,福州市,平潭县
一诺HAIRSOLON(翠园中路店),翠园中路183号,"119.794894,25.507903",[],福建省,福州市,平潭县
派森造型社(平潭龙居世界城店),世界城三、四期南门旁,"119.786278,25.484138",[],福建省,福州市,平潭县
艺术人生美发沙龙,澳前镇卫生院北侧90米,"119.851259,25.465066",[],福建省,福州市,平潭县
泊斯造型美发店,潭城镇翠园中路万宝山创业楼二楼,"119.787830,25.495453",13859056501,福建省,福州市,平潭县
精艺时尚造型(福州平潭县),潭城镇西湖庄102号,"119.792741,25.495706",[],福建省,福州市,平潭县
D·K美发,翠园中路与九一六路中段交叉口东北140米,"119.793723,25.504173",[],福建省,福州市,平潭县
艺星造型(康德世家三期店),康德世家三期西门旁,"119.795648,25.486094",[],福建省,福州市,平潭县
时尚美发(潭城中路),潭城镇燕山庄2号,"119.786001,25.502499",[],福建省,福州市,平潭县
心语理发店,城北幼儿园东南门西北280米,"119.787869,25.510399",[],福建省,福州市,平潭县
平潭千禧美妆工作室,东星路与翠园中路交叉口西北60米,"119.788565,25.498420",[],福建省,福州市,平潭县
美肌美容工作室,岚湖庄77号二楼202,"119.782239,25.493636",13067330552,福建省,福州市,平潭县
匠鑫美妆工作室,红湖东路与西航路交叉口东南100米,"119.792525,25.489075",[],福建省,福州市,平潭县
3.MG工作室(华厦香槟园店),潭城镇华夏香槟园101店面3,"119.799939,25.517864",[],福建省,福州市,平潭县
造星坊(莲花东路),潭城镇城北小区7号楼,"119.798035,25.511708",13023826661,福建省,福州市,平潭县
桃熹妆造工作室,潭城镇小湖庄174号,"119.794434,25.496871",18906911668,福建省,福州市,平潭县
三十而已美学工作室,龙景路与西航路交叉口东南120米,"119.798695,25.499657",[],福建省,福州市,平潭县
柚野美甲工作室,太谷城A栋611,"119.775777,25.507736",18900397816,福建省,福州市,平潭县
漂亮人生美发(泰盛豪庭店),泰盛豪庭D139,"118.939879,25.863690",13950218785,福建省,福州市,永泰县
兰中兰美容形体会所(城峰大厦店),城峰镇后垄路6号城峰大厦b栋6号店,"118.939372,25.866518",13809558606,福建省,福州市,永泰县
靓丽造型(福州永泰县),樟城镇东街路35号,"118.936762,25.862176",13950290812,福建省,福州市,永泰县
北尚美发工作室,城峰镇十八坪华莱士旁边北,"118.960894,25.865432",13850189717,福建省,福州市,永泰县
秦い这是一家理发店(润城店),城峰镇银汤路9号润诚壹品大观3幢103商业服务网点,"118.948763,25.855577",17521009998,福建省,福州市,永泰县
古惑仔狂剪理发店,城峰镇旗山路314号,"118.965341,25.865322",15880150006,福建省,福州市,永泰县
维尼丝造型(冠景天地店),冠景天地2号楼,"118.931848,25.852148",13950415566,福建省,福州市,永泰县
M.米兰造型,旗山路10-1号,"118.964232,25.865342",15205041862;18020973710,福建省,福州市,永泰县
漂亮人生美发(泰盛豪庭店),城峰镇永兴苑二楼,"118.939037,25.863123",13950218785,福建省,福州市,永泰县
艺剪钟情(北门路店),北门路76号闽峰华庭1层01号店面,"118.934195,25.870558",15059181141;15259181185,福建省,福州市,永泰县
晓燕美容美发(南湖花园店),樟城镇南湖花园E区14号,"118.933032,25.865487",[],福建省,福州市,永泰县
出色美发造型(泰盛名居店),樟城镇杨梅路7号泰盛名居1栋7号店面,"118.936345,25.869455",[],福建省,福州市,永泰县
青慕美发,樟城镇后垅路133-23青慕美发,"118.938732,25.866917",15960159278,福建省,福州市,永泰县
小炫姿造型(永福苑店),永福苑西北门旁,"118.932263,25.870089",[],福建省,福州市,永泰县
爱上快剪,樟城镇八仙路99-7闽辉超市内,"118.930250,25.872521",[],福建省,福州市,永泰县
思语快剪,城峰镇银汤路9号10幢一层闽辉超市L专柜,"118.947752,25.856897",15860009583,福建省,福州市,永泰县
艺梵造型(山水传说2期水韵府店),城峰镇汤洋村下林66-44号,"118.947211,25.850260",13625097790,福建省,福州市,永泰县
Y&C12快剪,坵山路16-75号,"118.931587,25.853287",13635277857,福建省,福州市,永泰县
创美造型(温泉一品店),温泉一品北出口D126,"118.944933,25.846454",18695781825,福建省,福州市,永泰县
铭尚假发小卢造型全真发定制(永泰店),城峰镇龙峰村龙峰园387一层,"118.945459,25.862850",18695773688,福建省,福州市,永泰县
嘉莲娜美容美发中心,樟城镇东街路10-3,"118.937074,25.862339",0591-24836939;13774595653,福建省,福州市,永泰县
欣蕾美发店,樟城镇马洋新村60号,"118.952418,25.860002",0591-24856849;13615016841,福建省,福州市,永泰县
六艺造型,樟城八仙路92号,"118.929674,25.873020",13255990324;18650476952,福建省,福州市,永泰县
你型我塑形象设计(龙峰路店),樟城镇安华商贸城二楼,"118.942032,25.863056",13950380228,福建省,福州市,永泰县
京艺形象设计沙龙,樟城镇吉祥温泉小区35栋(永泰旅游局旁边),"118.930393,25.864465",[],福建省,福州市,永泰县
梅芳非凡美业,樟城镇东街路10-8号,"118.937208,25.862280",13514098073,福建省,福州市,永泰县
名爵美发,东门小学南门旁,"118.968598,25.865856",18705031259,福建省,福州市,永泰县
依然美造型,闽峰华庭西门东南80米,"118.934530,25.870370",15280151267,福建省,福州市,永泰县
金艺造型(福州永泰县),樟城镇北门路72号安福小区2幢,"118.935073,25.871041",[],福建省,福州市,永泰县
小兰造型,南湖花园,"118.931404,25.867274",[],福建省,福州市,永泰县
星秀坊时尚造型(万冠双子星店),站前大道万冠双子星,"118.935485,25.849612",[],福建省,福州市,永泰县
简一剪烫,城峰镇板桥路5号,"118.962643,25.866410",[],福建省,福州市,永泰县
啊杰理发店,城峰镇东门小学旁,"118.965160,25.865817",[],福建省,福州市,永泰县
玥玥美容养生美发,城峰镇龙头路13号武夷澜郡小区6幢106商户,"118.927424,25.855237",13385918595,福建省,福州市,永泰县
一剪缘(杨梅路店),后埕路133-1号,"118.936095,25.869224",13645057775,福建省,福州市,永泰县
TL国潮男士,城峰镇坵山路16-82,"118.931252,25.853242",13107622851,福建省,福州市,永泰县
阿珍美容美发店,吉祥温泉小区北区35幢,"118.930301,25.864373",13774526179,福建省,福州市,永泰县
天姿美发,城峰镇马洋小区15号,"118.951865,25.860862",13805078024,福建省,福州市,永泰县
光头强理发店,十八坪路南侧,"118.959872,25.865215",15715929519,福建省,福州市,永泰县
尚艺造型,永泰·华煦·中央府,"118.932155,25.852388",[],福建省,福州市,永泰县
美GO造型(吉祥温泉小区南区店),吉祥温泉小区南区14幢,"118.930005,25.863870",17758945200,福建省,福州市,永泰县
漂亮一点理发店,十八坪路与祥和路交叉口东北80米,"118.956348,25.865060",18650725608,福建省,福州市,永泰县
博诗形象造型沙龙(后垅大厦店),后垅大厦2号楼,"118.938960,25.866460",[],福建省,福州市,永泰县
品尚造型,板桥路与十八坪路交叉口西北100米,"118.962622,25.866195",[],福建省,福州市,永泰县
春松理发店,汽车站对面龙峰园16号,"118.943260,25.863960",13338416277,福建省,福州市,永泰县
名爵造型(吉祥路店),樟城镇吉祥温泉小区7栋号,"118.931795,25.863477",13645024902,福建省,福州市,永泰县
曼纤造型(江山大名城店),江山大名城西北2门旁,"119.077421,25.879652",[],福建省,福州市,永泰县
星星美发时尚造型,城峰镇旗山路9号,"118.964030,25.865363",13003890038,福建省,福州市,永泰县
剪艺工作室,213省道与182县道交叉口西北60米,"118.781360,25.911971",[],福建省,福州市,永泰县
阿康发型设计,赤锡乡玉锡村义湾85号,"118.865917,25.781623",13358265897;18906902683,福建省,福州市,永泰县
潮匠美业(恒宇国际观邸店),刘岐大道5号恒宇国际观邸,"118.932192,25.853674",[],福建省,福州市,永泰县
星星美发,樟城镇后垅路1号,"118.939514,25.865491",[],福建省,福州市,永泰县
多美歌造型(城峰大厦A幢店),樟城镇公路局旁边城峰大厦,"118.939665,25.865946",15059435335,福建省,福州市,永泰县
六六六美学,城峰镇十八坪路789号品润滨江府3幢02商业,"118.964954,25.865130",15060100201,福建省,福州市,永泰县
Mr.壕,城峰镇后垅路6-34,"118.939241,25.866746",18396534494,福建省,福州市,永泰县
手艺人美发店(南湖路店),南湖路7-21号,"118.933675,25.865375",0591-24877770,福建省,福州市,永泰县
多米造型,城峰镇汤洋村下林68-26号,"118.948352,25.849363",13599086573,福建省,福州市,永泰县
千艺造型(十八坪路店),城峰镇十八坪路23号,"118.961775,25.865425",15859176582,福建省,福州市,永泰县
云尚造型,龙峰路与较场路交叉口东260米,"118.943793,25.864012",15305019110,福建省,福州市,永泰县
欧尚造型(旗山路店),城峰镇十八坪路789号品润滨江府S2幢05商业,"118.963569,25.864293",15980729012,福建省,福州市,永泰县
北奢·SALON,城峰镇洋亭路1-15号北奢SALON,"118.949880,25.853876",15059180023,福建省,福州市,永泰县
MT see you tomorrow,城峰镇润城壹品大观162店,"118.947425,25.856825",13799351491,福建省,福州市,永泰县
1+1理发店,塔山路与203省道交叉口南60米,"118.941613,25.859147",15305905595,福建省,福州市,永泰县
独领烫染店(山水传说2期水韵府店),永泰城峰镇汤洋村下林66-2号,"118.946892,25.850124",13860623725;18850792533,福建省,福州市,永泰县
维香美发店,樟城镇南湖路南湖大厦,"118.933727,25.864847",18950351885;18950531885,福建省,福州市,永泰县
精剪发型,城峰镇旗山路316号,"118.965525,25.865329",13459156656,福建省,福州市,永泰县
佳嘉美发美容,南湖路南湖大厦,"118.933975,25.864425",0591-24858355;13959174826,福建省,福州市,永泰县
名匠造型(吉祥温泉小区南区店),吉祥温泉小区南区西门旁,"118.930154,25.864080",18558609037;18705918326,福建省,福州市,永泰县
剪艺发型,樟城镇后埕路121号,"118.936417,25.869073",15880456492,福建省,福州市,永泰县
爱尚造型(杨梅路店),泰盛名居西南门东南80米,"118.937096,25.868752",15005005173,福建省,福州市,永泰县
尊尚工作室,樟城镇后埕路6-17号,"118.937992,25.867995",13055529598,福建省,福州市,永泰县
艺丹美容美发,镇中182号村民委员会对面,"118.860754,25.775611",13405955860,福建省,福州市,永泰县
皇家名将烫染旗舰店,城峰大厦a栋,"118.939440,25.866327",13960855286,福建省,福州市,永泰县
尚世纪造型(泰盛豪庭店),樟城镇泰盛豪庭负一层35号店,"118.939497,25.863673",[],福建省,福州市,永泰县
聚星发艺专业烫染机构,城峰镇旗山公园后第一排,"118.968920,25.864893",[],福建省,福州市,永泰县
金莎美发(旗山店),城峰镇东门新村旗山路12号,"118.964355,25.865337",[],福建省,福州市,永泰县
陈芳理发店,赤锡乡玉锡村后门厝26号,"118.866656,25.781152",[],福建省,福州市,永泰县
阿民理发店,县府路161号西门新村,"118.931708,25.870543",[],福建省,福州市,永泰县
yc美发沙龙(溪西村安置房店),舒美口腔东侧80米,"119.058107,25.898899",[],福建省,福州市,永泰县
林源理发店,龙峰路与较场路交叉口东北180米,"118.942974,25.863807",[],福建省,福州市,永泰县
美格造型(吉祥温泉小区南区店),樟城镇吉祥温泉小区13栋B8店,"118.930370,25.864228",[],福建省,福州市,永泰县
清清美发,后垅路3号,"118.939602,25.865148",[],福建省,福州市,永泰县
天颜美业(永泰日出东方店),富裕路日出东方,"118.927578,25.869470",[],福建省,福州市,永泰县
火爆造型(南湖花园店),南湖路31号,"118.933324,25.865154",13675006919,福建省,福州市,永泰县
701发型设计阿康美容美发店分店,城峰镇旗山路701一层,"118.967194,25.862958",17705902096;18906902683,福建省,福州市,永泰县
领先,县府路13号领先,"118.931024,25.868788",0591-24877770;13178385331,福建省,福州市,永泰县
美格发型设计,旗山路314-2号,"118.965384,25.865321",[],福建省,福州市,永泰县
菊花理发店,泗洲路与八仙路交叉口北460米,"118.937135,25.876639",18120905523,福建省,福州市,永泰县
玖度美发空间,大汤西路与汤泉路交叉口南60米,"118.943264,25.852952",[],福建省,福州市,永泰县
阿诗玛沙龙,均和·源玺东门旁,"118.940903,25.862601",[],福建省,福州市,永泰县
米克美发店,城峰镇坵山路16-81号,"118.931358,25.853211",[],福建省,福州市,永泰县
苏格造型,020乡道与355国道交叉口北380米,"118.747475,25.723625",[],福建省,福州市,永泰县
趣剪时光,保利堂悦小区133号,"118.941323,25.846605",15790571936;18050202073,福建省,福州市,永泰县
美悦美发(山水传说2期水韵府店),城峰镇汤洋村下林66号山水传说水韵府12幢1层06店面,"118.948626,25.852032",15306910196,福建省,福州市,永泰县
艾艺造型,樟城镇县府路200-13号,"118.931234,25.867605",15859072472,福建省,福州市,永泰县
韩清理发店,樟城镇县府路119号,"118.930955,25.869295",13328236222,福建省,福州市,永泰县
风格造型(正得·格林兰景店),城峰镇塔山路正得·格林兰景4幢,"118.935709,25.856854",13110799599,福建省,福州市,永泰县
阿金造型(吉祥温泉小区南区店),吉祥温泉小区南区22幢,"118.931669,25.862051",18606028527,福建省,福州市,永泰县
剪约发艺,永泰县嵩口医院西南门西100米,"118.593027,25.800826",[],福建省,福州市,永泰县
小胖造型(南方花园店),北门路与县府路交叉口西北180米,"118.933925,25.871575",13055263558,福建省,福州市,永泰县
阿翔工作室,南湖路7-24,"118.933470,25.865540",15892053656,福建省,福州市,永泰县
哑巴理发店,213省道与182县道交叉口北60米,"118.781547,25.912042",[],福建省,福州市,永泰县
HG美容美发,大洋镇广安街44号,"118.785467,25.911727",13110759684,福建省,福州市,永泰县
不·晚,吉祥富裕路1-223号,"118.930033,25.864118",18050178026,福建省,福州市,永泰县
丽华理发店,山水传说2期水韵府,"118.946430,25.851879",[],福建省,福州市,永泰县
遇见美形象私人定制(杨梅路店),樟城镇杨梅路7号泰盛名居,"118.936586,25.869011",[],福建省,福州市,永泰县
超会染烫超市(樟城镇店),北门路76号闽峰华庭,"118.933975,25.870875",[],福建省,福州市,永泰县
丝情发艺,永泰县第二(智华)中学北侧220米,"118.593735,25.800552",[],福建省,福州市,永泰县
大哥美发屋(吉祥温泉小区南区店),五福巷吉祥温泉小区南区内,"118.931229,25.863536",15859124209,福建省,福州市,永泰县
七月发型(山水国际店),山水国际东门旁,"118.967733,25.864005",19905907009,福建省,福州市,永泰县
龄龄美发,嵩阳购物广场西门东北50米,"118.592465,25.800963",13489127993,福建省,福州市,永泰县
艺发发型设计烫染,马洋小区302号,"118.951963,25.859411",15860265102,福建省,福州市,永泰县
酷点理发店,城峰镇十八坪路349号,"118.958111,25.865415",[],福建省,福州市,永泰县
山屿造型,城峰镇龙峰园388-78,"118.945413,25.862727",[],福建省,福州市,永泰县
你好漂亮美发(永馨苑店),城峰镇塔山交警大队对面,"118.933458,25.851797",[],福建省,福州市,永泰县
这理时尚造型,樟城镇马洋新村307号,"118.951847,25.858692",[],福建省,福州市,永泰县
哈喽理好(超会染),后埕路125-2号,"118.936220,25.869175",17689974151;17720813913,福建省,福州市,永泰县
姐妹理发店,城峰镇太原村太原82号,"118.972181,25.851459",[],福建省,福州市,永泰县
初艺造型,洋亭路与永福大道交叉口北200米,"118.942225,25.846375",15205027499,福建省,福州市,永泰县
小S造型形象店,洋亭路与站前大道交叉口东北100米,"118.951656,25.858257",[],福建省,福州市,永泰县
雅伯沙龙,八仙路28-1号,"118.934526,25.873047",[],福建省,福州市,永泰县
阿诗玛理发店,梧桐镇富民新村9号,"118.747195,25.725304",[],福建省,福州市,永泰县
理发店,富裕新村路与吉祥路交叉口西南100米,"118.928721,25.865742",[],福建省,福州市,永泰县
铭煊发艺阁,城峰镇太原村银场136-13号,"118.962945,25.862478",13285919457,福建省,福州市,永泰县
小鱼理发店,富裕路1-222号,"118.929939,25.864099",[],福建省,福州市,永泰县
剪艺美发店,工业路与旗山路交叉口东北240米,"118.964586,25.867092",[],福建省,福州市,永泰县
简约(杨梅路店),樟城镇后埕路129号泰盛名居对面,"118.936356,25.869125",13950471314,福建省,福州市,永泰县
新视觉形象设计,城峰镇东门旗山路604号,"118.968839,25.864213",[],福建省,福州市,永泰县
造型屋,旗山路与工业路交叉口东200米,"118.964987,25.865354",[],福建省,福州市,永泰县
聋哑人理发店,020乡道与355国道交叉口北420米,"118.747217,25.723806",18850477690,福建省,福州市,永泰县
名剪艺人(家馨园店),北门路68-2家馨园,"118.935450,25.871125",13515006597,福建省,福州市,永泰县
阿成造型,534国道,"118.862355,25.779843",[],福建省,福州市,永泰县
六六六美发工作室,永泰县道南82号,"118.590861,25.801546",[],福建省,福州市,永泰县
小陈理发店,202省道与葛清线交叉口东南80米,"118.927077,25.899532",[],福建省,福州市,永泰县
友理barbershop,城峰镇塔山路81号,"118.939759,25.858489",[],福建省,福州市,永泰县
菊花美发店,213省道与扬燈路交叉口西北260米,"118.807962,25.973947",[],福建省,福州市,永泰县
丝情发艺,永泰三洋中学南侧210米,"118.798075,25.797334",[],福建省,福州市,永泰县
小鱼快剪,吉祥温泉小区南区,"118.932925,25.862425",[],福建省,福州市,永泰县
小白造型工作室,奎阁岭路98号永泰宝龙世家小区,"118.936727,25.850796",[],福建省,福州市,永泰县
南湖理发店,县府路与上坪路交叉口南160米,"118.933175,25.864425",[],福建省,福州市,永泰县
华亚人理发店,020乡道与355国道交叉口北380米,"118.747153,25.723392",[],福建省,福州市,永泰县
靓坊理发店,七境堂西侧210米,"119.031832,25.989136",[],福建省,福州市,永泰县
贝客快剪连锁,旗山路与工业路交叉口东140米,"118.964475,25.865325",[],福建省,福州市,永泰县
红军楼理发店,杨梅路与新安路交叉口北20米,"118.935825,25.869625",[],福建省,福州市,永泰县
巷口理发店,洋亭路与南江滨大道交叉口南120米,"118.952625,25.859825",[],福建省,福州市,永泰县
春平美发,南江滨大道与洋亭路交叉口东60米,"118.953255,25.860788",[],福建省,福州市,永泰县
佳佳烫染吧,冠景天地,"118.931575,25.852275",[],福建省,福州市,永泰县
小鱼造型(云山蓝郡店),城峰镇云山蓝郡1-35号,"118.949551,25.853015",[],福建省,福州市,永泰县
起点造型,洋亭路与站前大道交叉口东20米,"118.951263,25.857412",[],福建省,福州市,永泰县
清凉理发店,202省道与葛清线交叉口东南120米,"118.927335,25.899356",[],福建省,福州市,永泰县
曼森造型,舒美口腔东侧130米,"119.058675,25.898785",[],福建省,福州市,永泰县
简约造型,杨梅路与里岛路交叉口东南40米,"118.937839,25.868233",[],福建省,福州市,永泰县
简美造型,永泰·华煦·中央府,"118.933812,25.852342",[],福建省,福州市,永泰县
锌艺造型,东街路与上马路交叉口东南200米,"118.938225,25.862275",[],福建省,福州市,永泰县
大洋乡亲理发店,182县道与041乡道交叉口东20米,"118.789175,25.911325",[],福建省,福州市,永泰县
黄守明理发店,三环路与005乡道交叉口东南500米,"119.016175,25.877684",[],福建省,福州市,永泰县
再回首发屋,大洋镇委员会东南侧110米,"118.784780,25.912327",[],福建省,福州市,永泰县
妍酷造型(江山大名城店),江山大名城西北2门旁,"119.077503,25.880150",[],福建省,福州市,永泰县
遇剪造型,南滨路与洋亭路交叉口西南20米,"118.952270,25.860857",[],福建省,福州市,永泰县
审美美容美发,城峰镇洋亭路2-27号,"118.948379,25.850375",[],福建省,福州市,永泰县
盈希美发,泰禾红峪南侧150米,"118.969905,25.866912",[],福建省,福州市,永泰县
东洋仁忠理发店,东门小学南门东北70米,"118.968777,25.866116",[],福建省,福州市,永泰县
志喜理发店,183县道与534国道交叉口西160米,"118.489282,25.836791",[],福建省,福州市,永泰县
玉娇理发店,534国道与葛天线交叉口东80米,"119.012136,25.872434",[],福建省,福州市,永泰县
一剪美造型,梧桐镇富民街14号,"118.747128,25.725895",13295910878,福建省,福州市,永泰县
彬彬理发店,213省道与1603村道交叉口西南100米,"118.760893,25.833407",[],福建省,福州市,永泰县
仕武理发店,城峰镇政府蓝天山庄下一排,"118.964175,25.866775",[],福建省,福州市,永泰县
坤丁理发店,梧桐镇富民路31号,"118.747142,25.725894",[],福建省,福州市,永泰县
蓝创造型,吉祥温泉小区南区西门旁,"118.930445,25.864302",[],福建省,福州市,永泰县
艺剪倾城(江山大名城店)(暂停营业),江山大名城西北2门旁,"119.077417,25.879627",[],福建省,福州市,永泰县
剪吧(暂停营业),嵩口镇道南村26-9,"118.594733,25.800726",15396026001,福建省,福州市,永泰县
予她美学工作室,碧桂园6号楼205单元,"118.927374,25.879580",17759886510,福建省,福州市,永泰县
潮艺工作室,龙峰园388号步行街店面1幢093,"118.946036,25.862803",[],福建省,福州市,永泰县
永泰初见美妆美甲工作室,城峰镇洋亭路25号外滩一号5号楼118商铺,"118.957568,25.860296",[],福建省,福州市,永泰县
有我造型美容(永泰新华都店),池峰路2号,"118.938923,25.863625",[],福建省,福州市,永泰县
丫丫美容工作室,吉祥温泉小区南区,"118.931425,25.863025",[],福建省,福州市,永泰县
灵彩妆工作室,刘岐大道5号恒宇官邸5号楼2602室,"118.930925,25.853475",15880036933,福建省,福州市,永泰县
YLing工作室,汤洋路与银汤路交叉口南200米,"118.947875,25.853025",[],福建省,福州市,永泰县
悦己美容工作室,213省道与182县道交叉口西北120米,"118.781034,25.912461",[],福建省,福州市,永泰县
雅痞工作室,城峰镇刘岐村立塘46号永馨苑,"118.933925,25.851375",[],福建省,福州市,永泰县
阿烨工作室,永富苑A区,"118.942525,25.852125",[],福建省,福州市,永泰县
洗脸熊·洗脸吧(南湖路店),南湖花园,"118.933010,25.865486",[],福建省,福州市,永泰县
HOME HAIR合木(东街店),东街8号利达大厦(聚春园酒店旁KFC肯德基隔壁),"119.300020,26.086331",0591-87665002,福建省,福州市,鼓楼区
期五新生代男士发型,东百中心C馆C4-301赤境隔壁3楼,"119.300148,26.081596",17305912028,福建省,福州市,鼓楼区
Myhair Salon 福州东街店,东街12-3号(东街口地铁站D东南口步行200米),"119.300397,26.086292",13338283768,福建省,福州市,鼓楼区
金棕榈(大洋晶典店),安泰街道八一七北路268号冠亚广场8号楼3层大洋晶典,"119.300027,26.076300",0591-88999907;13859091449,福建省,福州市,鼓楼区
藤野造型(福州万象城店),洪山镇工业路东侧华润万象城(三期)S11号楼2层01-07铺,"119.277993,26.076528",13268962067,福建省,福州市,鼓楼区
发源地美容美发(福州五店),杨桥路99号三友大厦二层G3,"119.298327,26.085694",0591-87552237,福建省,福州市,鼓楼区
蓝调造型(省府店),省府路108号(东街口地铁站B西北口步行430米),"119.296098,26.086895",0591-87517617,福建省,福州市,鼓楼区
叁仟先生男士理发(华润万象城店),洪山镇工业路512号华润万象城1期S2楼2层58号商铺,"119.278027,26.073606",15980291598,福建省,福州市,鼓楼区
TONI&GUY(福州万象城店),洪山园路5号福州万象城L1层,"119.277921,26.075636",0591-87666789,福建省,福州市,鼓楼区
慕紫造型(五四路精品店),五四路新华福广场A楼一层,"119.307092,26.098659",0591-87511180,福建省,福州市,鼓楼区
TNT Barbershop男士理发(东街东大路店),东大路92号华源大厦F1层,"119.313009,26.087704",13055256601,福建省,福州市,鼓楼区
壹发YIFA造型(东街口店),东街55号(三山大厦旁),"119.304425,26.086125",15980616725,福建省,福州市,鼓楼区
蓝调造型(津泰店),津泰路52号(南门兜地铁站S4口步行400米),"119.301985,26.081527",15005912792,福建省,福州市,鼓楼区
时尚巴厘(冠城大通首玺店),井大路62号冠城大通首玺F1层,"119.304265,26.088311",0591-87505405;15705907058,福建省,福州市,鼓楼区
千禾造型,东街街道津泰路51号津泰新村17号楼地下51号店面,"119.301743,26.081202",13599515502,福建省,福州市,鼓楼区
斑斓色彩沙龙(东百中心C馆店),鼓楼区东百中心C3馆极氪汽车旁电梯上三楼,"119.299925,26.082225",15359119688,福建省,福州市,鼓楼区
可可造型(华林店),华林路169号1号楼沿街商铺(树兜C口),"119.304751,26.101769",0591-87806830,福建省,福州市,鼓楼区
峰都美业(五凤店),丞相路50号五凤兰庭五期28座,"119.274080,26.107195",13062287529;15505902863,福建省,福州市,鼓楼区
蓝调造型(福屿店),福屿路西二环中路新园新村B区1-2号店面,"119.282972,26.075603",0591-88250917,福建省,福州市,鼓楼区
给头男士理发店,开元路16-2(东街口地铁站A东北口步行360米),"119.301534,26.088486",18105965022,福建省,福州市,鼓楼区
EGM北奢沙龙(恒宇国际店),恒宇国际A幢10楼1010室,"119.314654,26.090473",15859889951,福建省,福州市,鼓楼区
叁仟先生男士理发(东百中心店),东百中心C馆B2层54商铺,"119.299396,26.084247",15359181608,福建省,福州市,鼓楼区
K-MAXsalon(三盛国际中心店),三盛国际中心东塔楼3楼,"119.305303,26.091243",18396120598,福建省,福州市,鼓楼区
诣格造型(信和广场商场店),五四路137号信和广场商场F2层,"119.307139,26.096542",18650066446,福建省,福州市,鼓楼区
蓝调造型(福州广场五四店),五四路155号丰华苑03店面(星巴克甄选对面),"119.307407,26.097463",18120825968,福建省,福州市,鼓楼区
诣格塞巴斯汀专业美发(东百中心c1馆店),八一七北路88号东百中心C1馆F2层,"119.299419,26.084225",15345000024,福建省,福州市,鼓楼区
Diamond黛茉造型(东街店),贤南商厦8号楼(东街口地铁站A东北口步行80米),"119.299402,26.087350",15060002196;15060157908,福建省,福州市,鼓楼区
MOCCI慕紫·烫发·染发(省府店),省府路13-1号(东街口地铁站B西北口步行210米),"119.298015,26.087116",18558782052,福建省,福州市,鼓楼区
叁舍·私人定制,卧湖路69号,"119.293578,26.090358",15005056761,福建省,福州市,鼓楼区
蓝调造型(大儒店),洪山镇大儒世家梅亭路41号店面,"119.256662,26.087568",0591-83703039,福建省,福州市,鼓楼区
立型·男士国潮理发馆(福州万象城店),华润置地中心二期南门旁,"119.278211,26.075961",15806039648,福建省,福州市,鼓楼区
MING.发型定制(新华都大厦店),五四路162号新华都大厦南楼12层516,"119.305999,26.096118",13950407586,福建省,福州市,鼓楼区
发元素·Fa-Element美发沙龙(温泉店),树汤路7-2号(树兜地铁站D东南口步行380米),"119.309205,26.101432",18950252509,福建省,福州市,鼓楼区
雨果造型Hugo Hair烫染漂(东街口店),八一七北路88号东百中心A馆15楼(东街口地铁站C西南口旁),"119.298824,26.084918",13559181889,福建省,福州市,鼓楼区
GEGE格格假发(华润万象城店),华润万象城L3(西禅寺对面),"119.277425,26.073925",15896742223,福建省,福州市,鼓楼区
尚艺丽人·烫发·染发沙龙(福泉花园店),五凤街道江厝路21-1,"119.296972,26.112876",13696860521;15993108561,福建省,福州市,鼓楼区
匠人组合工作室,正大广场御景台28楼2801,"119.310541,26.075413",13599391703,福建省,福州市,鼓楼区
品恒时尚沙龙(保利天悦二期店),梦斗巷保利天悦二期D1,"119.292598,26.110727",13338543210;18805906159,福建省,福州市,鼓楼区
尤司男士国潮理发馆(福州万象城店),洪山镇工业路东侧福三路北侧洪山园地块华润万象城(二期)S8楼2层18商铺,"119.278137,26.075987",15880077583,福建省,福州市,鼓楼区
CP·STUDIO发型工作室(华林星座店),华林星座11楼316,"119.304918,26.102406",13960850215,福建省,福州市,鼓楼区
好事Barbershop男士理发店(冠亚广场店),安泰街道八一七北路268-3号冠亚广场7号楼负一层D179,"119.301411,26.077097",18649755311,福建省,福州市,鼓楼区
发中发(福州鼓楼区),龙山巷22座,"119.302477,26.091675",13328273119,福建省,福州市,鼓楼区
大卫美业(元帅路店),元帅路109号(西门地铁站D东南口步行460米),"119.294846,26.086019",15059430150,福建省,福州市,鼓楼区
嘉年华美发连锁(益馨苑店),六一中路136号益馨苑5号、6号楼连接体19店面,"119.318872,26.069828",15859000182,福建省,福州市,鼓楼区
立馨,南后街127号,"119.296442,26.084770",[],福建省,福州市,鼓楼区
93M国潮男士(东百中心店),八一七北路88号东百大厦15层1518号,"119.298855,26.084799",13228462718,福建省,福州市,鼓楼区
兰蔻私人订制美发连锁(东百中心东街口店),东百中心B馆B2西塔楼1203(东街口地铁站B口步行70米),"119.297763,26.086450",13489190310,福建省,福州市,鼓楼区
阿纬美发工作室,祥屿路与乌山西路交叉口西北40米,"119.281834,26.070866",13635260572,福建省,福州市,鼓楼区
佳剪造型(金泉小区店),北二环西路158-8号,"119.290055,26.106043",13788893813;13799911856,福建省,福州市,鼓楼区
TaTa造型(福大怡山青年创新创业中心店),怡山路青年创新创业中心1楼1-11号,"119.268636,26.072674",13950482141,福建省,福州市,鼓楼区
SO HAIR(华林店),鼓东街道五四路258号嘉键大厦1层,"119.305332,26.101728",[],福建省,福州市,鼓楼区
漂亮人生(尚宾店),鼓东路五显巷16号漂亮人生,"119.300585,26.089142",0591-87803362;15959197702,福建省,福州市,鼓楼区
美技造型(六一店),六一中路58号(闽都地铁站C口步行110米),"119.319077,26.074089",18905910335,福建省,福州市,鼓楼区
8cm无痕专业接发(别墅店),华侨新村54号,"119.280716,26.086401",13559171898,福建省,福州市,鼓楼区
术戈美发沙龙,怡山路福大怡山青年创新创业中心2号门2楼22号,"119.268475,26.072175",15705906278,福建省,福州市,鼓楼区
青丝烫染吧(五凤兰庭三期店),丞相路五凤兰亭3期23座,"119.272237,26.106300",13905006352,福建省,福州市,鼓楼区
SO HAIR(万象店),华润万象城一期s2号楼一层105商铺(蔚来汽车正对面),"119.278176,26.073666",[],福建省,福州市,鼓楼区
Family美发工作室(华城国际店),五四路华城国际(南楼)19楼1213,"119.305856,26.096054",17859184810,福建省,福州市,鼓楼区
Jonny高格造型设计工作室(宏运帝豪店),五四路宏远帝豪六楼614室,"119.306821,26.096988",15060092454,福建省,福州市,鼓楼区
kk台湾快剪(新园新村店),二环路新园新村楼下336号,"119.283816,26.075072",18806098279,福建省,福州市,鼓楼区
头牌美发沙龙(西洪小区店),西洪路195号(西洪大饭店对面),"119.284719,26.085336",13075827266,福建省,福州市,鼓楼区
元景造型(温泉店),温泉路58号,"119.309575,26.090675",[],福建省,福州市,鼓楼区
Guping51(鼓屏),鼓屏路51号,"119.297874,26.093296",18950378636,福建省,福州市,鼓楼区
A+快剪理发店(西门店),西门地铁站a口里面,"119.290124,26.084438",15005915661,福建省,福州市,鼓楼区
马克美发工作室(华润置地中心一期店),工业路512号华润置地中心一期S2号楼,"119.278183,26.073465",13459102781,福建省,福州市,鼓楼区
好印象美业(屏东店),华屏路9号,"119.300953,26.103107",14700000360,福建省,福州市,鼓楼区
动感世界(华林路店),温泉街道树汤路17号康光温泉小区1号楼06店面,"119.309737,26.100661",13860604366,福建省,福州市,鼓楼区
东美形象设计(福新小区店),古田支路51号1栋(水部地铁站A东北口步行190米),"119.314046,26.077736",13788899197,福建省,福州市,鼓楼区
杰克造型(万隆花园一区店),洪山镇西洪路467号万隆花园一区大门口,"119.275606,26.080416",13950491232;13960838836,福建省,福州市,鼓楼区
A+快剪(陆庄店)·陆庄地铁站内,南街街道地铁4号线陆庄地铁站A口负一楼,"119.283415,26.082564",15005915661,福建省,福州市,鼓楼区
一间salon(中建龙庭嘉园B区店),古乐路87-25店面一间沙龙,"119.317129,26.072445",18350084330,福建省,福州市,鼓楼区
MG慕谷造型(鼓楼店),溢景苑9号楼06店,"119.297271,26.115443",19285909516,福建省,福州市,鼓楼区
丝尚形象沙龙(银湖花园店),西洪路79号银湖花园(西门地铁站B西北口步行480米),"119.286475,26.085475",15280161156,福建省,福州市,鼓楼区
轩逸造型(杨桥店),杨桥中路87号(西门地铁C站口步行100米),"119.286894,26.083492",0591-83790137,福建省,福州市,鼓楼区
HAO形象(通湖公寓店),通湖路通湖公寓1栋102,"119.293229,26.082092",13655041785,福建省,福州市,鼓楼区
周末造型(卧湖新苑店),鼓西路216号卧湖新苑,"119.293975,26.088925",0591-85910102;15980142829,福建省,福州市,鼓楼区
Y.S发型设计工作室(宏运·帝豪国际店),五四路151号宏运帝豪三楼307室,"119.307125,26.097075",13705050076,福建省,福州市,鼓楼区
梵欧造型,恒力博纳广场(北区)1号楼101梵欧造型,"119.299153,26.110511",13645090061,福建省,福州市,鼓楼区
奈美Hair Salon,鼓东路69-1(东街口地铁站A东北口步行410米),"119.300203,26.089424",13860661307,福建省,福州市,鼓楼区
哆唻咪美发(丞相路),丞相路92号,"119.272489,26.106382",0591-88836085,福建省,福州市,鼓楼区
查理形象定制(澳林大厦店),乌山九巷时光里D1栋3楼330,"119.302075,26.074025",13860632606,福建省,福州市,鼓楼区
艾德美容美发(仙塔小区店),东街街道仙塔街86-2,"119.305232,26.083639",13959102461,福建省,福州市,鼓楼区
玳玲美容造型设计(北大路店),北大路北大新村4座(屏山地铁站B西北口步行400米),"119.293291,26.095339",0591-87830189,福建省,福州市,鼓楼区
森泉造型(冠亚广场店),冠亚美食街3号楼104,"119.299875,26.077690",[],福建省,福州市,鼓楼区
全性·SaLon高空沙龙(五四路店),新华都大厦南楼14层701,"119.305851,26.095995",13328238028;15060070762;15579811916,福建省,福州市,鼓楼区
艺塑人(杨桥旗舰店),杨桥中路71号闽赋苑1幢1号楼,"119.287371,26.083714",0591-83756492;13960705070,福建省,福州市,鼓楼区
喜登来造型(福屿店),西二环福屿路165号新园新村B区,"119.283293,26.075584",0591-87288508;15306077587,福建省,福州市,鼓楼区
HZ造型(帝豪国际店),五四帝豪国际6楼627,"119.307034,26.097088",[],福建省,福州市,鼓楼区
悦美时尚沙龙(五凤兰庭五期店),丞相路50号一3号,"119.273428,26.106919",13850111206;15280087157,福建省,福州市,鼓楼区
剪艺造型(福州鼓楼区),金牛山高校小区6号04店面,"119.262296,26.074193",18750170374,福建省,福州市,鼓楼区
无发无天美容美发沙龙(新园C区店),福仕路新园C区2号楼43店面,"119.282427,26.077636",13044582588;13055742254,福建省,福州市,鼓楼区
发之密语(古田路店),古田路中城名仕汇8号楼(闽都地铁站B口步行170米),"119.318572,26.077270",0591-87560071,福建省,福州市,鼓楼区
品柏造型PB HAIR SALON(鑫亭新苑店),融侨路35-18,"119.307109,26.111922",18559115778,福建省,福州市,鼓楼区
C位美发空间,保利首开天悦2期D区,"119.292725,26.110675",[],福建省,福州市,鼓楼区
好运来千姿美发机构(第四分店),洪山镇乌山西路126路好都市家园2号楼01号店面,"119.283525,26.071456",0591-87397562;18950234982,福建省,福州市,鼓楼区
首艺人工作室(鸿裕温泉花园店),茶园路与香槟支路交叉口西南180米,"119.310136,26.105286",18650779797,福建省,福州市,鼓楼区
仟格美发馆,东城边街39号恒宇国际B栋612,"119.315276,26.090606",13705050912,福建省,福州市,鼓楼区
VV快剪,崎下路35号电大宿舍,"119.288000,26.105701",15005086339,福建省,福州市,鼓楼区
伊美丝美发(九彩新苑店),外九彩巷29号9号店面,"119.296332,26.094579",15060022839,福建省,福州市,鼓楼区
研尚美业(融侨锦江B区店),凤湖路融侨锦江B区1楼103,"119.269933,26.068440",13950434417,福建省,福州市,鼓楼区
aqua barbershop (男士理发店),温泉街道东城边街39号恒宇国际B幅楼2109,"119.315242,26.090607",17339511907,福建省,福州市,鼓楼区
艺术人生造型(省直机关湖前住宅区店),江厝路省湖前小区14号,"119.294928,26.114580",13635265107,福建省,福州市,鼓楼区
缪斯(观岚店),大儒世家观岚东门西南210米,"119.256162,26.084690",13675015415,福建省,福州市,鼓楼区
益明工作室,井大路柒星佳寓141号,"119.304028,26.090840",13959196606,福建省,福州市,鼓楼区
后街秀造型(乌山文心园西区店),道山路189-2文心门口后街,"119.296726,26.077684",0591-87664478;13705944467,福建省,福州市,鼓楼区
纯剪一族(紫荆花园店),金汤巷17号,"119.309153,26.094946",13110889355,福建省,福州市,鼓楼区
水慕年华美发造型,城守前16号城守前新村2号楼03店面,"119.306370,26.083474",13960829557,福建省,福州市,鼓楼区
鸿运当头古方头疗,工业路647号华润万象城二期S9栋,"119.278775,26.076025",[],福建省,福州市,鼓楼区
舒雅美业(五凤兰庭五期店),五凤兰庭五期27号-8店面,"119.273314,26.106935",[],福建省,福州市,鼓楼区
喜洋洋造型,洪山镇斗池路68-10,"119.287992,26.068861",15806062138,福建省,福州市,鼓楼区
兰莎莉专业美发(道山路店),道山路189号乌山文心园,"119.297826,26.077941",13805004612,福建省,福州市,鼓楼区
30%沙龙,工业路512号华润置地中心一期S2号楼,"119.278077,26.073488",[],福建省,福州市,鼓楼区
阿慕形象工作室,五四北体育中心北二北3门(华大警务室对面二楼),"119.303864,26.111554",18649796383,福建省,福州市,鼓楼区
泉亨工作室(馨泉公寓店),金泉路20-5号,"119.312300,26.091653",13665038577,福建省,福州市,鼓楼区
风彩名都(五凤店),丞相路42号,"119.273669,26.107056",18020880928,福建省,福州市,鼓楼区
壹佳Salon(化民营路店),化民营路78号基星阁,"119.304702,26.090222",[],福建省,福州市,鼓楼区
A+快剪(东街口店),东街口地铁站a口里面,"119.298775,26.086225",15005915661,福建省,福州市,鼓楼区
妍剪发艺,御景台花园南门西50米,"119.302580,26.117975",13665007965,福建省,福州市,鼓楼区
信纸美发工作室,五一路18号御景台(水部地铁站C西南口步行370米),"119.310528,26.075434",[],福建省,福州市,鼓楼区
审剪造型(泰馨公寓店),琴亭路54号泰馨公寓1号店面,"119.305012,26.118027",13635263717,福建省,福州市,鼓楼区
精剪艺美发中心(华林路店),华林路福寿巷2号(斗门地铁站B西北口步行300米),"119.310841,26.102799",15980160751,福建省,福州市,鼓楼区
艾星缘形象沙龙(华屏路店),华林路北龙峰村1-3号楼连体部分综合1层,"119.300622,26.105122",13850173854,福建省,福州市,鼓楼区
加分品牌形象店,西洪路33号(西门地铁站B西北口步行320米),"119.288291,26.086004",15280014583,福建省,福州市,鼓楼区
狼雪发吧(豪成花园店),华大街道琴湖二路86号,"119.303932,26.116800",13313772418,福建省,福州市,鼓楼区
斑斓(华润万象城店),华润万象城3期S10栋1层(瑞幸咖啡右侧),"119.276829,26.076212",18659133000,福建省,福州市,鼓楼区
绿色美发室(竹林境店),竹林境灯笼巷7号,"119.303776,26.084469",13799385798,福建省,福州市,鼓楼区
L·CHEUNG蘭西造型(福州万象城店),工业路486号华润置地中心A座,"119.277694,26.075433",[],福建省,福州市,鼓楼区
型与色创意烫染salon,东街83号中庚青年广场8楼/804A,"119.305995,26.086068",15715929375,福建省,福州市,鼓楼区
夫妻理发店(工业路店),洪山镇古楼区工业路403号中茵花城,"119.279212,26.068255",13805059117,福建省,福州市,鼓楼区
快剪(津泰新大都店),城守前路13号,"119.307297,26.083407",[],福建省,福州市,鼓楼区
拾缘快剪(津泰路店),香台里与津泰路交叉口西北20米,"119.301800,26.081481",[],福建省,福州市,鼓楼区
千姿造型美业美发店,西洪路328号,"119.280259,26.083920",15060080008,福建省,福州市,鼓楼区
拾缘快剪(树汤店),玉泉路57号,"119.309321,26.095481",[],福建省,福州市,鼓楼区
小颜美发专项(杨桥宿舍店),杨桥宿舍东北门旁(陆庄地铁站D东南口步行290米),"119.286125,26.082725",[],福建省,福州市,鼓楼区
根艺造型(津泰新大都店),东街街道城守前路35号,"119.307711,26.083413",[],福建省,福州市,鼓楼区
拾缘快剪(卫前街店),卫前街18-22号卫前里新村,"119.303329,26.088501",[],福建省,福州市,鼓楼区
非流行(豪成花园店),湖前支路86号,"119.303897,26.116319",[],福建省,福州市,鼓楼区
CC快剪,西二环中路318号,"119.283712,26.075422",13067270439,福建省,福州市,鼓楼区
你型我塑融侨(锦江店),融侨锦江D区东北门东南120米,"119.267576,26.070171",[],福建省,福州市,鼓楼区
闽A造型烫发·染发私人订制(五四路店),新华都超市(五四路店),"119.305974,26.095858",[],福建省,福州市,鼓楼区
艺时代美业(御景台花园店),琴亭路66号御景台花园4号,"119.302938,26.118003",13559117658,福建省,福州市,鼓楼区
兴兴美发店,秘书横巷28号(省立医院地铁站A东北口步行330米),"119.308575,26.088583",[],福建省,福州市,鼓楼区
靓发堡(鼓西店),通湖路109号湖光花园,"119.291567,26.088101",[],福建省,福州市,鼓楼区
金丽莱造型(湖前分店),五凤街道江厝路80号市直湖前小区9座2号店面,"119.292711,26.113599",[],福建省,福州市,鼓楼区
四季快剪,山野洪山桥农产品交易中心东南门旁,"119.252728,26.085337",[],福建省,福州市,鼓楼区
出发点造型(梅峰路店),梅峰支路保福公寓13店面,"119.264481,26.094764",[],福建省,福州市,鼓楼区
名流美容美发(西营里珠宝玉石城店),斗西路10-1店面,"119.300826,26.074242",[],福建省,福州市,鼓楼区
玳玲美容美发,乌山九巷C1-06店面玳玲美容美发,"119.302058,26.074568",13635246503,福建省,福州市,鼓楼区
靓丽·私人定制美妆造型(华润万象城店),工业路512号华润置地中心一期S5号楼,"119.278125,26.072575",[],福建省,福州市,鼓楼区
拾缘快剪(观风亭店),观风亭街77号,"119.302502,26.096473",18825876631,福建省,福州市,鼓楼区
艺阁Hair salon发型设计工作室(福州美发店),东街口南门兜地铁站D2出口力信新村29-5西营里茶城,"119.301807,26.075400",15960056626,福建省,福州市,鼓楼区
拾缘快剪(井大路店),井大路213号,"119.303373,26.092103",[],福建省,福州市,鼓楼区
佳佳理发店(卫前街店),贤南路卫前街妙巷31号,"119.300862,26.087736",15505900059,福建省,福州市,鼓楼区
广式造型(双抛桥二里小区店),元帅庙新村17号楼3号店面,"119.294866,26.086591",15059174685,福建省,福州市,鼓楼区
星之汇发型美集,卫前街11号冠城三牧苑3号楼18铺,"119.303900,26.088233",13763850756,福建省,福州市,鼓楼区
型色沙龙colorsalon烫发染发(福州东街口店),东街与三牧坊交叉口西20米,"119.302675,26.086425",[],福建省,福州市,鼓楼区
美都·发型定制(鼓西路店),锦绣华庭2座附近,"119.296054,26.089171",0591-87565661,福建省,福州市,鼓楼区
张琦美发工作室,五一中路18号正大广场,"119.310335,26.075387",[],福建省,福州市,鼓楼区
型匠造型(温泉支路店),温泉支路15号,"119.310767,26.090026",13509313444;13809508849,福建省,福州市,鼓楼区
艺韩专业烫染(冠亚品质店),安泰街道八一七北路268号冠亚广场3号楼1楼106室,"119.299025,26.078075",15205000708;19859855007,福建省,福州市,鼓楼区
圆点造型,斗西路与乌山支路交叉口西南120米,"119.300600,26.073614",13960907693,福建省,福州市,鼓楼区
名俊快剪店,乌山之路29-24(南门兜地铁站D2口步行260米上门剪发80元),"119.301108,26.074876",13075918728,福建省,福州市,鼓楼区
勿忘我精剪(乌山小区店),道山路乌山小区5座54号,"119.293874,26.076622",13514060625,福建省,福州市,鼓楼区
10元快剪(虎节楼店),虎节路62号虎节楼(东街口地铁站B西北口步行290米),"119.296725,26.086825",15985792836,福建省,福州市,鼓楼区
臻品沙龙(冠亚广场店),八一七北路冠亚广场3号楼222号,"119.300948,26.077920",13805080423,福建省,福州市,鼓楼区
古月形象设计(大儒世家花园四区店),大儒世家花园四区原厝路92号,"119.252082,26.087885",15060001619,福建省,福州市,鼓楼区
思托拉假发超市(华商楼店),安泰街道八一七中路11号君临盛世茶亭A区地块二商业综合楼1层02店面,"119.302777,26.075892",0591-87644699;15659302255,福建省,福州市,鼓楼区
壹丝快剪美发(市直湖前小区店),市直湖前小区江厝路80-57(冰城小串旁边),"119.293719,26.113521",15960086310,福建省,福州市,鼓楼区
秀艺美发(东水路店),东水路阳光城14号,"119.314462,26.082290",13696884986,福建省,福州市,鼓楼区
S梳剪城(庆城店),井大路庆城花园3座2层,"119.304660,26.088638",0591-87534562;18305952951,福建省,福州市,鼓楼区
Allen造型,五四路华晨国际南楼17楼1019,"119.305850,26.096264",13805097387,福建省,福州市,鼓楼区
太阳城时尚造型,杨桥西路244号,"119.256214,26.077609",13609555945;15960193151,福建省,福州市,鼓楼区
秀艺美发连锁(中城·名仕汇店),闽都地铁站B口步行230米,"119.318824,26.078220",0591-87562661;18750761257,福建省,福州市,鼓楼区
美佳理烫染(光荣路小区店),光荣路60-32号(陆庄地铁站B西北口步行490米),"119.282953,26.086531",13174527115,福建省,福州市,鼓楼区
DF10元快剪,鼓西路181号店面,"119.294310,26.088731",15859046609,福建省,福州市,鼓楼区
大众快剪(太阳城店)(专业收长头发),杨桥西路太阳城268号A区店,"119.255696,26.077694",13559136918,福建省,福州市,鼓楼区
小珍理发店,水涧新村9号楼,"119.313222,26.079909",15959001302,福建省,福州市,鼓楼区
拾光造型,福飞南路65号时光造型,"119.294275,26.102092",15860820400,福建省,福州市,鼓楼区
璐璐染吧美甲纹绣(龙泉社区店),三角井崎上路13号,"119.289917,26.101772",13685008982,福建省,福州市,鼓楼区
头等舱·印象美发沙龙,鼓西街道西洪路64-1号头等舱·印象美发沙龙,"119.286855,26.086187",13675010989,福建省,福州市,鼓楼区
聚典·造型,西洪新村23座1层6号店面,"119.277454,26.082565",15396145756,福建省,福州市,鼓楼区
唯美style造型(灵响小区店),道山路212号,"119.292474,26.076423",13774567344,福建省,福州市,鼓楼区
蛋蛋美容美发工作室(鸿源天城店),华林路246-248号鸿源天城,"119.310693,26.103571",15980160751,福建省,福州市,鼓楼区
阿宋造型会所,白马路与道山路交叉路口文庭雅居219-18,"119.291131,26.076405",13489999332,福建省,福州市,鼓楼区
永誠美业,安泰中心B-37(南门兜地铁站A1/E口步行360米),"119.301329,26.081391",13960777009,福建省,福州市,鼓楼区
拾缘快剪(037海潮路店),六一中路90号福田宜家,"119.318909,26.071721",15005000600,福建省,福州市,鼓楼区
军嫂理发店,铜盘路永辉超市旁,"119.282025,26.102675",18959106310,福建省,福州市,鼓楼区
剪悦造型(鼓西路),鼓西路143号,"119.295964,26.088908",15659736008,福建省,福州市,鼓楼区
探索时尚造型(六一中路店),六一中路90号福田宜家(闽都地铁站D口步行390米),"119.319251,26.071776",18750112827,福建省,福州市,鼓楼区
素感造型,后县路10号,"119.278340,26.087823",17326500779,福建省,福州市,鼓楼区
晨钟美发造型工作室(馨泉公寓店),金泉路20号馨泉公寓,"119.312236,26.091899",[],福建省,福州市,鼓楼区
拾缘快剪(树兜店),树汤路12号(树兜地铁站D东南口步行360米),"119.309067,26.100803",[],福建省,福州市,鼓楼区
久东形象(蔚蓝国际店),温泉街道树汤路9-2(树兜地铁站D东南口步行420米),"119.309155,26.100314",18759187321,福建省,福州市,鼓楼区
木沙造型(中茵花城店),洪山镇首凤路中茵花城7号楼8号店,"119.279393,26.067197",15859029520,福建省,福州市,鼓楼区
明珠造型(碧玉花园店),东泰路172号,"119.303025,26.083225",13950413632,福建省,福州市,鼓楼区
21G美业(金冠花园店),华屏路金冠花园3号楼,"119.299781,26.106463",13799933663,福建省,福州市,鼓楼区
首艺形象沙龙(梅兰路店),洪山镇梁厝路65号,"119.255099,26.083141",13696389757;13696839757,福建省,福州市,鼓楼区
星期五沙龙(嘉华新城店),观风亭街嘉华新城一层34号,"119.302246,26.095809",17706909227,福建省,福州市,鼓楼区
莱卡约美发,梅峰路1号大儒世家公馆一层6-10店面(肯德基后面),"119.260775,26.091788",13625083733,福建省,福州市,鼓楼区
罗兰士美发沙龙(五四路店),五四路70号(省二人民医院后门),"119.305125,26.095725",13655086562;18060753723,福建省,福州市,鼓楼区
紫罗兰美容美体养生SPA(湖前店),江厝路市直湖前小区步行街80-16号店,"119.293979,26.114044",[],福建省,福州市,鼓楼区
2018星秀造型,北环中路81号北江新村,"119.301492,26.108310",15959149720,福建省,福州市,鼓楼区
轻术造型(朗园店),大儒世家朗园五号楼七号店33-25,"119.257795,26.088427",18250494412,福建省,福州市,鼓楼区
剪匠(织缎巷),东泰路144号军门社区东区,"119.302914,26.082654",13959183015,福建省,福州市,鼓楼区
星辰HAIR SALON(屏东城西区店),华屏路25-15号,"119.300928,26.102695",19859135175,福建省,福州市,鼓楼区
旧米仓美发店,鼓西路164号旧米仓新村,"119.294710,26.089031",[],福建省,福州市,鼓楼区
哈拉少男士理发店Barbershop(三山大厦店),东街59号三山大厦北楼F7层,"119.304767,26.085974",[],福建省,福州市,鼓楼区
Clim's Haircut男士理发(灵响新村店),南街街道灵响路2号Clims Haircut,"119.294462,26.078618",17305906020,福建省,福州市,鼓楼区
Sagee Barbershop男士理发店,黎明街46号兴园新村综合楼1-2号,"119.286585,26.073429",13123322591,福建省,福州市,鼓楼区
孟平理发店,观风亭街99号七海花园5座D002,"119.302528,26.097345",15005951684,福建省,福州市,鼓楼区
艺风美发,温泉路5-3号,"119.310398,26.088208",[],福建省,福州市,鼓楼区
温泉理发店(永安街店),温泉街道永安街2号,"119.307640,26.089381",13655033098,福建省,福州市,鼓楼区
精艺美发(卫前街店),卫前街18-22号卫前里新村,"119.303131,26.088515",13696863920,福建省,福州市,鼓楼区
QC快剪,达明路138号达明新村,"119.294217,26.088074",13328388992,福建省,福州市,鼓楼区
及米美发,杨桥中路34号店面(西门地铁站B西北口步行180米),"119.288060,26.084577",[],福建省,福州市,鼓楼区
快剪理发(海景花园店),天骐路11号海景花园,"119.279688,26.100245",[],福建省,福州市,鼓楼区
兴如美发屋(建闽大厦店),东大路大营街5号(东门地铁站B西北口步行140米),"119.312819,26.087719",[],福建省,福州市,鼓楼区
佳曼丝JM造型,铜盘路与铜益路交叉口南140米,"119.276874,26.109061",13675051588,福建省,福州市,鼓楼区
拾缘快剪,温泉路35号温泉苑,"119.310328,26.090178",[],福建省,福州市,鼓楼区
拾缘快剪,温泉支路64号金龙新村,"119.314728,26.091000",[],福建省,福州市,鼓楼区
HOME HAIR合木(泰禾广场店),东二环泰禾新天地12号楼102,"119.333792,26.091562",0591-83800711,福建省,福州市,晋安区
Myhair Salon 福州泰禾店,岳峰镇连江北路东二环泰禾广场西区二期20号楼210号,"119.333982,26.091381",0591-87958515,福建省,福州市,晋安区
期五新生代男士发型(世欧广场店),世欧广场北区B1层A3-B1-1店铺(1号门星巴克楼下),"119.326857,26.071794",19005916050,福建省,福州市,晋安区
叁仟先生男士理发(世欧店),王庄街道晋连路20号世欧王庄城C-a3地块2层05商铺,"119.326330,26.071762",15359181608,福建省,福州市,晋安区
叁仟先生男士理发(福州泰禾广场店),竹屿路6号福州泰禾广场20号楼1层03商铺,"119.334627,26.091455",15980291598,福建省,福州市,晋安区
期五新生代男士发型(泰禾广场店),竹屿路6号泰禾广场西区F1层,"119.334125,26.091702",19906903809,福建省,福州市,晋安区
93M国潮男士(东泰禾店),岳峰镇东二环泰禾广场19号楼二楼208,"119.335275,26.091225",19870605616,福建省,福州市,晋安区
藤野造型(五四in象店),秀峰路188号五四in象L4层,"119.324930,26.139789",[],福建省,福州市,晋安区
叁仟先生男士理发(五四in象店),新店镇坂中路6号泰禾城市广场(二期)4楼1层11商业蒙自源斜对面,"119.323773,26.140225",15359181608,福建省,福州市,晋安区
美技造型(世欧天虹店),天虹商场二楼2001,"119.326925,26.069375",15980688918,福建省,福州市,晋安区
MOCCI慕紫·烫发·染发(五四in象店),新店镇秀峰路423号五四in象4号门天街二楼海底捞旁边02-03店面,"119.325524,26.139830",13055259807,福建省,福州市,晋安区
MAKE SENSE美可沙龙(世欧天虹店),世欧广场南区天虹百货商场4楼,"119.327425,26.069175",15979092701,福建省,福州市,晋安区
发境造型(泰禾店),竹屿路福州泰禾广场21栋1层115号,"119.334575,26.090975",0591-83321731,福建省,福州市,晋安区
藤野造型(世欧王庄公主塔店),王庄街道公主塔20楼2012-2016房,"119.326273,26.071577",19522849197,福建省,福州市,晋安区
DLM专业接发(泰禾店),泰禾广场8号楼5层512-513,"119.334257,26.092034",13600816644,福建省,福州市,晋安区
立型男士国潮理发馆(东泰禾店),东泰禾水街21号楼一层,"119.334737,26.090837",18559935961,福建省,福州市,晋安区
MOCCi慕紫造型(鼓山沃尔玛店),鼓山镇招贤路盛天现代城62号店,"119.351842,26.069492",13067221600,福建省,福州市,晋安区
峰都美业(金银城广场店),金银城广场82号,"119.298475,26.124090",15859424722,福建省,福州市,晋安区
意象AESTHETIC烫染(世欧广场店),晋连路88号世欧广场北区负一层18/19商铺,"119.326885,26.070758",0591-83313325,福建省,福州市,晋安区
蓝调造型(稻田店),五四北郭前路65-1号(果岭生活西南门东南80米),"119.313516,26.130341",17805929951,福建省,福州市,晋安区
SO HAIR(世欧广场南区店),长河路88号世欧广场南区B1层,"119.327025,26.069575",15060160326,福建省,福州市,晋安区
8CM专业接发染发(泰禾广场店),福州泰禾广场西区15座101,"119.336023,26.091546",13015716683,福建省,福州市,晋安区
养乌芳本草头疗(三盛果领店),新店镇南平东路(果岭生活)138号店,"119.315156,26.130356",18597705383,福建省,福州市,晋安区
欣知造型,长春路52号(前屿地铁站F西南口步行320米),"119.348106,26.070119",18305999395,福建省,福州市,晋安区
峰都美业(西园店),新店镇西园新苑17号楼1层04,"119.323843,26.117328",15750893631,福建省,福州市,晋安区
诣格·塞巴斯汀(泰禾广场店),"竹屿路6号泰禾广场西区L1层(5号门进入直行30m,扶梯附近)","119.336636,26.090941",13850122351,福建省,福州市,晋安区
流行美(五四in象店),秀峰路188号五四in象B1层,"119.324125,26.140075",13705919264,福建省,福州市,晋安区
宏阳潮色研究所(东泰禾店),横屿路15号东二环泰禾soho广场6号楼15楼08室,"119.335582,26.092472",13795339890,福建省,福州市,晋安区
M1山木造型(福州泰禾广场店),竹屿路6号泰禾广场西区,"119.334453,26.091015",19169424441,福建省,福州市,晋安区
BB儿童理发馆(东二环泰禾广场东区店),东二环泰禾广场东区B1层中庭,"119.339015,26.089887",17262009961,福建省,福州市,晋安区
美技造型(五四in象店),新店镇坂中路6号五四北泰禾广场天街2楼,"119.324768,26.140043",19821935799,福建省,福州市,晋安区
天艺形象(浮村佳园店),浮村佳园南平东路46号二楼04店面,"119.300292,26.125380",15951695551,福建省,福州市,晋安区
欢喜时尚美学馆(泰禾广场店),岳峰镇连江北路东二环泰禾广场SOHO一期9号楼325室,"119.333870,26.091674",[],福建省,福州市,晋安区
苏式造型,鼓山镇前屿东路102号苏式造型,"119.356870,26.067698",18650376880,福建省,福州市,晋安区
钱隆发型(泰禾店),五四北泰禾城市广场4号楼1层,"119.323802,26.140550",0591-88511397,福建省,福州市,晋安区
ONHAIR(东区店),东二环泰禾广场东区一楼L113铺(kk桌球旁),"119.339106,26.090050",17859011994,福建省,福州市,晋安区
U.NI发型专门店,茶会路765号龙湖·天璞5栋04商铺(五里亭地铁站B口步行300米),"119.337973,26.076082",13705042628,福建省,福州市,晋安区
纤尚造型(塔头店),塔头路158号美莱华美整形医院正对面(华美美容医院),"119.321724,26.089583",15280030546,福建省,福州市,晋安区
时尚巴厘专业烫染沙龙(王庄店),讲堂路133号,"119.325591,26.071726",0591-83628219;0591-83628289,福建省,福州市,晋安区
时尚巴厘(海潮店),王庄街道讲堂路134号,"119.325620,26.071102",0591-83628219;0591-83628289,福建省,福州市,晋安区
御发源养发中心,王庄街道长乐中路王庄绎园96号6座1层02店面,"119.326764,26.074534",13457852728,福建省,福州市,晋安区
MJ美发工作室(世欧王庄店),王庄街世欧王庄一区4栋105,"119.325313,26.073076",15280099978,福建省,福州市,晋安区
HK HAIR(战板路店),新店镇战坂路536号万科天空之城,"119.314618,26.142914",18350061450,福建省,福州市,晋安区
雅尚美业(福州晋安区),新店镇秀峰路185号高佳苑3期6号楼1层11店面(枫丹白露小学旁),"119.321583,26.128894",13774593162,福建省,福州市,晋安区
兰蔻私人订制美发连锁专业烫染接发(东泰禾店),岳峰镇竹屿路10号泰禾广场(东二环店)10号楼1027室,"119.336011,26.091955",13489190310,福建省,福州市,晋安区
品恒时尚沙龙(西园店),新店镇西园村西园新苑25座,"119.323795,26.117595",18805906159,福建省,福州市,晋安区
MOCCI慕紫·烫发·染发(东泰禾店),岳峰镇竹屿路6号东二环泰禾广场15号楼2楼,"119.335325,26.091525",15392389517,福建省,福州市,晋安区
一仟艺形象造型(西园新苑2期店),新店镇火车站西园新苑26座,"119.322993,26.117882",13960700089,福建省,福州市,晋安区
百变专业接发(晋安区店),岳峰镇岳后路137号7-1-5号店面,"119.328844,26.094658",13859005536,福建省,福州市,晋安区
V8潮牌接发烫染连锁(金银城广场店),福飞北路80号金银城广场,"119.298504,26.124073",18506037281,福建省,福州市,晋安区
迪可造型美发连锁机构(王庄店),世欧王庄城象园地块D4-3号1层03商业用房,"119.325722,26.066020",13235900811,福建省,福州市,晋安区
新影·铭都造型(枫丹白鹭店),五四北枫丹白鹭城一期14座8号店铺,"119.320425,26.128725",18886888954,福建省,福州市,晋安区
瑞美时尚沙龙(三华花园店),岳峰镇岳峰路13号三华花园13-3,"119.331109,26.083406",0591-87145638;13860602994,福建省,福州市,晋安区
银都造型(王庄荷园店),象园街道长福路155号王庄荷园新区8号楼09号铺头发护理美容美发美发造型发型设计烫染发洗剪吹头发,"119.331324,26.069210",0591-83261622;13788899148;18305955137,福建省,福州市,晋安区
New Fashion发型定制,新店镇坂中路6号五四北泰禾广场4号楼1328室,"119.324052,26.140543",13607512969;17689385357,福建省,福州市,晋安区
奥迪动感形象沙龙(火车站店),火车站商贸城1层26号,"119.317713,26.111262",0591-87573381;13599966997;18396191142,福建省,福州市,晋安区
HG专业烫染造型,茶香路龙湖天耀B1号楼2层230室,"119.344345,26.086542",13850151601,福建省,福州市,晋安区
A+快剪理发店(三角池店),地铁4号线三角池地铁站D口(地铁站内服务台对面),"119.327092,26.091087",15005915661,福建省,福州市,晋安区
SOHAIR(北泰禾店),新店镇秀峰路188号五四in象L1层(东北门附近),"119.325591,26.139726",13541550260,福建省,福州市,晋安区
雅诗芳香(中海锦园店),岳峰镇梅仙街98号中海锦园13号楼112店铺雅诗芳香,"119.319682,26.084552",[],福建省,福州市,晋安区
丝情发艺(紫阳店),王庄街道福马路阳光城二区82号,"119.324252,26.077263",[],福建省,福州市,晋安区
翎里美业(福晟钱隆大第店),讲堂路18号福晟钱隆大第9号楼9层901-905室,"119.325625,26.076075",18305979772,福建省,福州市,晋安区
A+快剪(象峰店)·象峰地铁站内,新店镇地铁1号线象峰站C口负一楼,"119.329659,26.143932",15005915661,福建省,福州市,晋安区
阿仔造型(福马名城B座店),福马名城B座01店面(紫阳地铁站A口步行480米),"119.331367,26.076467",18150800088,福建省,福州市,晋安区
私享空间美发沙龙,茶园路8号实达花园2座10店面,"119.312244,26.104973",18559102763,福建省,福州市,晋安区
灵感造型(桂香街店),塔头路桂香街桂梅小区三座,"119.320555,26.087345",13459146285;15280020130,福建省,福州市,晋安区
奢艺salon(正荣悦榕府二区店),茶园街道北二环东路25-1号正荣悦山居(二区)2A号楼1层17商业,"119.320884,26.104870",18559109345,福建省,福州市,晋安区
墨酷儿童造型(世欧王庄天虹店),长乐路88号世欧王庄天虹百货5楼,"119.327037,26.069296",18950361989,福建省,福州市,晋安区
美发馆(北尚B区店),新店镇秀山路318号北尚新宿花园B区13号楼1层06店面-2,"119.311193,26.133701",18350078865,福建省,福州市,晋安区
爱情魔发造型机构(长安新城店),岳峰路54号,"119.330800,26.083253",13959435219,福建省,福州市,晋安区
乐草元爱丽丝美发(东方水都店),鼓山镇远洋路508号东方水都4座,"119.352425,26.062380",15505907276,福建省,福州市,晋安区
A+快剪理发店(竹屿店),岳峰镇福州地铁4号线竹屿地铁站B1层(近A2口),"119.338475,26.092875",15005915661,福建省,福州市,晋安区
KL9元快剪(融侨东区C区店),融侨东区c区连洋西路48号,"119.342253,26.069868",13599392552,福建省,福州市,晋安区
C欧造型(三木城A区店),岭下路三木A区6栋17号,"119.328708,26.143904",15980665083,福建省,福州市,晋安区
迪可造型美发连锁机构(洋下店),洋下新村时代锦城18号,"119.316149,26.099335",18060526496,福建省,福州市,晋安区
金太郎(福盛店),新店镇南平西路福盛花园一号楼8号店面,"119.298264,26.125018",0591-87955219;13123178019,福建省,福州市,晋安区
友谊男士理发商店,岳峰镇竹屿路6号泰禾广场7号楼8层812号、813号,"119.336276,26.092402",18250458935,福建省,福州市,晋安区
爱丽丝·Alice Salon(福马路店),王庄街道福马路82号阳光城二区15座,"119.324636,26.077189",[],福建省,福州市,晋安区
RUIYA·高定彩妆造型,讲堂路与王庄街交叉口东南60米,"119.326175,26.071675",[],福建省,福州市,晋安区
鲁遇造型·烫发·染发·接发(万科金域时代店),茶园横路8号万科金域时代,"119.315406,26.112353",[],福建省,福州市,晋安区
BF美发沙龙(中海金玺公馆店),中海金玺公馆2-102店面,"119.343035,26.072085",15659039352,福建省,福州市,晋安区
纤手(福州晋安区),福马路420-32(五里亭地铁站B口步行6米),"119.339347,26.074625",13559452665,福建省,福州市,晋安区
韩秀造型(前横路店),鼓山镇红光路373号中辉新苑8号15号,"119.351483,26.075235",13950203210,福建省,福州市,晋安区
梵欧美发工作室(华林上景店),华林上景2号楼03店,"119.315742,26.106364",15959138320,福建省,福州市,晋安区
诣格xMASKMAN男士发型(泰禾广场西区店),竹屿路与横屿路交叉口南100米,"119.337344,26.092085",[],福建省,福州市,晋安区
欣汇造型,王庄街道福马路钱隆首府一号楼03店,"119.328375,26.075525",13799986896,福建省,福州市,晋安区
怡悦美发(新华商场店),岳峰镇福新中路90号新华园1-4号楼新华商场,"119.326200,26.081903",19959928337,福建省,福州市,晋安区
领尚造型沙龙(岳峰南路店),岳峰南路东显花园3号楼,"119.331067,26.078814",18850407611,福建省,福州市,晋安区
CHENCHENG美发(泰禾广场SOHO C5店),岳峰镇化工路东二环泰禾广场二期SOHO写字楼C5座826号,"119.344124,26.090164",15750805002,福建省,福州市,晋安区
品恒美发烫发染发(果岭生活店),南平东路100-9号果岭生活门口六一超市旁边,"119.314083,26.130134",13559928188,福建省,福州市,晋安区
杰克森发型设计(华庆花园店),"塔头路与三八路交叉口,三八路口公交站背后华庆花园小区4号楼01店面","119.326927,26.091986",13696862501,福建省,福州市,晋安区
品恒美发烫发染发(和源居店),鼎屿二路87号,"119.333883,26.077388",[],福建省,福州市,晋安区
女王造型(福峰路店),福峰路133号三盛国际公园长岛区1栋店面,"119.334580,26.142919",13635283655;15005019610,福建省,福州市,晋安区
圣森美业(阳光檀悦店),鼓山镇化工路998号阳光愉景花园(阳光城檀悦)2号楼1层02店面,"119.359364,26.090776",18650484883,福建省,福州市,晋安区
无名时尚造型(西园支路店),西园支路32号西园新苑24号楼一层07号店面,"119.324157,26.117993",15880060001,福建省,福州市,晋安区
鲁遇·形象设计(鲁能公馆店),南平东路668号鲁能公馆11号楼07店面鲁遇形象设计,"119.317992,26.131390",[],福建省,福州市,晋安区
拾缘快剪(塔头店),岳峰镇塔头路57-5号桂香新村14座,"119.319867,26.088408",15790615150,福建省,福州市,晋安区
818美容美发店(金城住宅小区店),新店镇南平西路71号金城住宅小区,"119.295347,26.124953",13763818929,福建省,福州市,晋安区
顾佳美业,新店镇桂山路100号正荣府A1楼1层18商业服务网点,"119.328335,26.114291",13515001195,福建省,福州市,晋安区
X.D沙龙(世欧广场王子塔店),象园街道讲堂路183号世欧广场王子塔3516室,"119.326328,26.068947",15005905969,福建省,福州市,晋安区
时尚形象设计(香槟路店),晋安区茶园香槟路实达花园8号,"119.313365,26.105298",13696680275;13696860275,福建省,福州市,晋安区
首艺造型(环北三村店),茶园街道北环中路280-3号,"119.314556,26.109265",[],福建省,福州市,晋安区
八佰伴·美发(保利香槟店),诚安楼少匠造型(竹屿地铁站C西南口步行290米),"119.335200,26.092032",[],福建省,福州市,晋安区
秀美发艺,火车站沁园支路27号,"119.325472,26.108461",18959198776,福建省,福州市,晋安区
卡尔造型(丰洲园店),岳峰路40-12号丰州园小区后门,"119.330336,26.082808",13960937383,福建省,福州市,晋安区
锦逸星美容美发,新店镇满洋路三木城b区7号楼外围店,"119.322936,26.142244",13960925975,福建省,福州市,晋安区
丝丹美容美发(井源居店),鼎屿一路井源居3栋,"119.333055,26.078574",18506942906,福建省,福州市,晋安区
动力造型(英泰商业中心店),长乐南路英泰商业中心115号,"119.329297,26.064613",13685032182,福建省,福州市,晋安区
818发艺造型(东华苑店),连江北路582号东华苑118楼综合一层号店面818,"119.334317,26.074922",0591-83926931,福建省,福州市,晋安区
超会染·只做染发(三华花园店),岳峰路13号三华花园13座,"119.331132,26.083308",[],福建省,福州市,晋安区
格色风造型(三木·都市田园店),鼓山镇前横南路153号三木都市田园B1座1号店,"119.348238,26.065830",17605015755,福建省,福州市,晋安区
领秀造型(连潘路店),鼓山镇远洋路融侨东区a区58号13座9号店面,"119.340997,26.064811",[],福建省,福州市,晋安区
漂亮人生(世纪东方店),连江北路558号世纪东方,"119.333199,26.077575",[],福建省,福州市,晋安区
创奇造型,王庄街道福临东城7号楼19号店,"119.325933,26.073401",13615050342,福建省,福州市,晋安区
欧风美发工作室(北环中路店),北环中路218-3号,"119.312836,26.109570",13959183690,福建省,福州市,晋安区
简约造型(兴元星辰店),鼓山镇浦墘路19号,"119.356064,26.069287",13075959566,福建省,福州市,晋安区
M6潮剪沙龙(世贸璀璨天城店),世茂·璀璨天城2期北门东90米,"119.340825,26.069075",13850115045,福建省,福州市,晋安区
崇尚造型(福州晋安区),鼓山镇浦墘路316号金辉东景C区20号楼04店面,"119.353841,26.064245",18350170626,福建省,福州市,晋安区
简艺SALON(融侨东区A区店),鼓山镇远洋路58号融侨东区a区6号楼1层05店面,"119.342770,26.065982",15880182070,福建省,福州市,晋安区
你形我塑专业美发(鼓山镇前屿安置商住楼店),福马路453-7号(前屿地铁站B西北口步行270米),"119.348596,26.072805",15806009261,福建省,福州市,晋安区
QC HOME快剪(五四in象店),秀峰路188号五四in象B1层,"119.323625,26.140062",[],福建省,福州市,晋安区
丝缔秀,紫阳商住楼西门西北70米,"119.324764,26.079298",15980696220,福建省,福州市,晋安区
零度造型(世纪金辉小区店),世纪金辉二期49座5号店连福路290号零度造型,"119.355230,26.063028",15960066803,福建省,福州市,晋安区
升美造型(郭前路店),秀山路316号北尚新宿花园12号08店面,"119.311936,26.133935",0591-87955845,福建省,福州市,晋安区
森发型,南平东路235号,"119.313275,26.129325",18905917234,福建省,福州市,晋安区
海岸线专业造型(东二环店),连江北路与南垱路交叉口南140米,"119.330600,26.095384",13599083969,福建省,福州市,晋安区
奕飞美发沙龙,公元大观商住楼C4-4043,"119.348440,26.070068",13609589341,福建省,福州市,晋安区
铭都造型(枫丹白鹭店),新店镇西园路26号奇山新苑1号楼,"119.324673,26.124526",[],福建省,福州市,晋安区
舒曼造型(鼓山大景城店),福马路648号鼓山大景城(上洋地铁站B口步行210米),"119.361726,26.068202",[],福建省,福州市,晋安区
沐野·造型(世欧王庄广场店),世欧王庄公主塔39楼3912,"119.326125,26.071583",13290986438,福建省,福州市,晋安区
铭卡诗·烫发·染发(三盛店),三盛国际公园·上东区东北门西北60米,"119.334062,26.142849",[],福建省,福州市,晋安区
创艺造型(东方纽约店),福光南路260号东方纽约12号楼,"119.355387,26.060966",18506902331,福建省,福州市,晋安区
蓝茜发型设计形象沙龙(西园新苑1期店),茶园街道火车站西园路西园新苑C1期19号楼店面,"119.323239,26.117219",[],福建省,福州市,晋安区
刘先生造型美发店(保利天玺店),战坂路536号天城花园B1楼一层S10店面,"119.312571,26.141564",18649861001,福建省,福州市,晋安区
千丝美造型,国货东路331号英泰商业中心,"119.329225,26.065181",[],福建省,福州市,晋安区
拾缘快剪(岳峰紫阳店),岳峰南路38-1号紫阳新园,"119.330977,26.079904",[],福建省,福州市,晋安区
动感领秀会(泰禾广场店),秀峰路423号五四in象3层L310,"119.324562,26.139500",0591-87766299,福建省,福州市,晋安区
创艺造型(前屿东路店),鼓山镇前屿东路179号福州春天2号03店面,"119.361316,26.065466",18059021630,福建省,福州市,晋安区
喜来屋美业(鹤林新城店),岳峰镇三八路鹤林新城2座102,"119.333701,26.100596",13799421876;15806085028,福建省,福州市,晋安区
轩妮诗研发(融侨东区a区店),鼓山镇远洋路58号融侨东区A区13座08店,"119.340904,26.064811",[],福建省,福州市,晋安区
品恒时尚沙龙(大景城店),鼓山镇福马路大景城3号12店,"119.361774,26.068291",[],福建省,福州市,晋安区
轻术造型(晋安联发君樾府店),晋安区玉井路86号联发君樾府3号楼D105,"119.353828,26.090798",18059466589,福建省,福州市,晋安区
福州市晋安区快简美发店(香开连天花园店),福洋路9号香开连天花园3号楼1层09店,"119.357260,26.090177",18850466485,福建省,福州市,晋安区
六六私人订制美妆造型(泰禾店),东二环泰禾广场8号楼(竹屿地铁站C西南口步行390米),"119.334179,26.092119",[],福建省,福州市,晋安区
古奇造型(晋安北路店),"晋安北路月琯尾街交叉口东南角晋安新村7座105,古奇造型店内绝味鸭脖楼上","119.316852,26.091314",[],福建省,福州市,晋安区
A米商务造型(福州晋安区),岳峰镇鹤林新城1栋,"119.333225,26.100312",[],福建省,福州市,晋安区
钟意造型(世欧王庄十区店),世欧王庄十区象兴路32-18,"119.325152,26.066445",13600899445,福建省,福州市,晋安区
优尚美容美发(新厦店),秀山路康城二期9号15,"119.308241,26.133244",[],福建省,福州市,晋安区
玩美沙龙(鹤林新城店),岳峰镇鹤林新城3号楼105单元,"119.333494,26.100658",[],福建省,福州市,晋安区
老友男士理髪馆,王庄街道华美社区晋连路18号世欧王庄公主塔,"119.326169,26.071683",[],福建省,福州市,晋安区
八佰伴·美发(保利香槟店),保利香槟国际42栋903单元,"119.336838,26.096351",13003835326,福建省,福州市,晋安区
10元快剪,象峰一路51号,"119.331598,26.141769",18359155028,福建省,福州市,晋安区
顶尖时尚造型(五四in象店),坂中路6号五四in象1层,"119.324997,26.140014",15280336075,福建省,福州市,晋安区
予时造型,西庄路与猫岭路交叉口东北80米,"119.291925,26.134975",[],福建省,福州市,晋安区
3AM HAIR SALON烫发染发接发(泰禾广场一店),岳峰镇泰禾广场二期18号楼1层店铺,"119.334676,26.091199",[],福建省,福州市,晋安区
有间·SALON(世茂东望店),塔头支路世茂东望7-115商铺,"119.323226,26.088767",13774553886,福建省,福州市,晋安区
首帅造型美发工作室,鼓山镇长春路前屿新村8号楼69-11店面,"119.347583,26.069209",13960705849,福建省,福州市,晋安区
首艺造型(世欧王庄店),世欧王庄,"119.325018,26.071940",15980726126;18850472411,福建省,福州市,晋安区
PINO品诺美发工作室,南平东路90号二楼,"119.309374,26.128774",15060003971,福建省,福州市,晋安区
阿兵理发店,鼓山镇樟林路5-1号,"119.366339,26.073404",13860372118,福建省,福州市,晋安区
伊朵美容美发(三木花园D区店),远洋路192号三木花园D区,"119.343813,26.063447",15980163853,福建省,福州市,晋安区
MM造型,碧桂园融侨·时代城3号楼,"119.315275,26.117275",13023822348,福建省,福州市,晋安区
小皇后型色精致沙龙(原前屿店),鼓山镇连福路332号,"119.356298,26.062789",13799971375,福建省,福州市,晋安区
欧卡美发(鹤林路店),岳峰新城二区1号楼103欧卡美发,"119.333857,26.098614",13055422903,福建省,福州市,晋安区
新城美发,岳峰新城三区四号楼104,"119.333025,26.098175",17850047795,福建省,福州市,晋安区
雨果造型·Hugo Hair 烫染(王庄店),世欧王庄公主塔24楼2406,"119.326126,26.071667",13559110813,福建省,福州市,晋安区
福州市晋安区圣罗兰染烫专门店(茶会路店),茶会路765号龙湖·天璞S1栋商铺(五里亭地铁站B口步行220米),"119.337939,26.075499",13275012178,福建省,福州市,晋安区
红梅发艺(名桂佳园店),名桂佳园东1门旁,"119.327882,26.114143",15960099781,福建省,福州市,晋安区
MOCCI慕紫·烫发·染发(东泰禾店),竹屿路与洋头尾路交叉口西240米,"119.335275,26.091375",[],福建省,福州市,晋安区
V时尚造型(福日新城店),新店镇南平东路福日新城2号18店,"119.300062,26.125184",17683194946,福建省,福州市,晋安区
哈发族美业,讲堂路132号,"119.325525,26.071125",13959129921,福建省,福州市,晋安区
木·慕hairsalong(三木都市田园店),三木·都市田园南2门旁,"119.347421,26.063746",15205003305,福建省,福州市,晋安区
A8造型(乐福苑店),岳峰镇长乐北路111-6号,"119.326889,26.083596",15959088336,福建省,福州市,晋安区
ZYZhairsalon(东二环泰禾广场店),竹屿路6号泰禾广场西区,"119.335375,26.090925",[],福建省,福州市,晋安区
大众理发店(桂香街店),桂梅小区3号楼4号铺,"119.320888,26.087120",13860666723,福建省,福州市,晋安区
闽先生快剪,福新中路151号,"119.330935,26.081203",[],福建省,福州市,晋安区
九玥美业,鼓山镇秀坂路世茂璀璨天城九栋108,"119.341026,26.069236",13799999385,福建省,福州市,晋安区
ONLY欧尼造型(南平东路店),福飞北路175号蓝海大厦,"119.301675,26.130775",[],福建省,福州市,晋安区
唯美形象设计(晋安支路店),金鸡山路9号唯美形象设计,"119.316795,26.093331",18350058827,福建省,福州市,晋安区
格莱美造型(实达温泉花园店),香槟路16号(斗门地铁站A东北口步行250米),"119.313234,26.105582",15959049976,福建省,福州市,晋安区
顶尚快剪10元,环北一村北门旁,"119.310219,26.111236",18905019476,福建省,福州市,晋安区
匠心造型形象沙龙(琴亭湖畔店),南平东路123号琴亭湖畔,"119.307495,26.127419",[],福建省,福州市,晋安区
惠玲美发店(正荣府B区店),桂山路正荣府b2-110,"119.329653,26.115957",15960197500,福建省,福州市,晋安区
DK潮牌烫发染发(中天翡翠城店),秀峰路153号中天翡翠城,"119.315125,26.127975",[],福建省,福州市,晋安区
理享·烫发·染发,连福路57号,"119.348362,26.063434",18559876921,福建省,福州市,晋安区
风彩造型(岳峰路店),岳前路75号岳峰小区,"119.330712,26.084333",0591-87170585,福建省,福州市,晋安区
SWARK M+r烫发·染发·发型·设计工作室(世欧店),王庄街道晋连路88号世欧广场公主塔916室,"119.326226,26.071704",13323672538,福建省,福州市,晋安区
阿航美发(钱隆世家商业街店),招贤路95号,"119.351690,26.067927",13075822095,福建省,福州市,晋安区
正荣府鑫美姿造型,桂山路正荣府100号S3-204,"119.329713,26.115042",15980258755;15980658958,福建省,福州市,晋安区
指格专业男士发型沙龙(东二环泰禾广场店),竹屿路6号泰禾广场西区F1层,"119.336608,26.090822",13960798873,福建省,福州市,晋安区
JACK SALON发型工作室,秀山路110号,"119.304909,26.131413",15060063908,福建省,福州市,晋安区
喜理(王庄店),晋安南路40-12号,"119.322856,26.073527",15280088210,福建省,福州市,晋安区
伊梵造型,鼓山镇招贤路8号盛天现代城1号楼13店面伊梵造型,"119.352247,26.071312",13599040608,福建省,福州市,晋安区
1994发型工作室(福晟钱隆大第店),福马路钱隆大第9号楼30层3006,"119.324783,26.076084",18960791128,福建省,福州市,晋安区
剪剪吧理发店,东山新苑一区南门西北230米,"119.365282,26.093772",18105031678,福建省,福州市,晋安区
浪迪造型(紫光公寓砌池店),晋安南路8号紫光公寓2号楼8-4,"119.322659,26.075168",13860609065,福建省,福州市,晋安区
晓晓美发室,鼓山镇福兴茶会小区17座店面107号,"119.338214,26.079951",13348233386,福建省,福州市,晋安区
舒罗兰(金晖新村店),鼓山镇连江北路589号金晖新33座A2,"119.336900,26.077655",0591-83635887,福建省,福州市,晋安区
沐野·造型美甲工作室(五四in象店),新店镇坂中路6号五四in象1期1号楼10层1029室,"119.326125,26.139925",15880021745,福建省,福州市,晋安区
净颜莉雅新颜美容工作室,岳峰镇横屿路17号东二环泰禾城市广场(一期)7号楼9层923,"119.336288,26.092646",13559100580;18950240352,福建省,福州市,晋安区
美琪丝工作室(井店路店),新店镇五四北路君临香格里b区6号楼12号店,"119.330524,26.141462",18059763169;18659427967,福建省,福州市,晋安区
思月美甲工作室,东二环泰禾广场5号楼1523室,"119.334938,26.092740",[],福建省,福州市,晋安区
知遇美容美甲工作室(公主塔写字楼店),王庄街公主塔309,"119.326042,26.071694",19525910637,福建省,福州市,晋安区
在左美妆·美学工作室,东泰禾soho,"119.342175,26.090125",[],福建省,福州市,晋安区
巴黎之星美发沙龙,福洋路蓝光星珀S6-107门店铺,"119.355567,26.089819",[],福建省,福州市,晋安区
玉之都美容美发形象设计(康城二期店),新店镇秀山路198号源达小区2号楼01号,"119.308551,26.133566",15059474592,福建省,福州市,晋安区
理享,湖目鱼山路3号院16栋11号店面,"119.350955,26.080763",15959091103,福建省,福州市,晋安区
品尚造型(兴屿路店),鼓山镇兴屿路汇城雅园8号楼08号店,"119.355015,26.076594",18752893167,福建省,福州市,晋安区
煜见美发沙龙,茶园街道斗门红星小区26-22号,"119.320718,26.107422",18950585989,福建省,福州市,晋安区
纤百度形象设计(满洋路店),新店镇满洋路37号家天下二期f组团1号楼1层12店面,"119.325474,26.142910",18960870305,福建省,福州市,晋安区
风暴发艺(双坂巷),王庄荷园南门西50米,"119.331639,26.069199",13799418318,福建省,福州市,晋安区
快剪茶会店,后浦路236-5,"119.341400,26.081190",17581701669,福建省,福州市,晋安区
快剪10元,西园9号楼-3店铺,"119.323689,26.120646",17326553105,福建省,福州市,晋安区
顺爱发式(福马路店),福马路大名城6座5号店面大名城公交车站后面,"119.328525,26.076425",13799989819,福建省,福州市,晋安区
雪梅理发店,鼓山镇浦墘路19号兴元星辰,"119.358770,26.069060",13960781778,福建省,福州市,晋安区
忘不了造型(瑞城花园店),长乐北路83号瑞城花园,"119.327328,26.087155",15060437159,福建省,福州市,晋安区
慕野美容美发(奇山新苑店),西园路26号奇山新苑2号楼慕野美容美发,"119.325035,26.124763",13175637710,福建省,福州市,晋安区
新艺造型设计,新城卓越公馆7号楼288号沿街,"119.308795,26.137932",18150789535,福建省,福州市,晋安区
慕丝私人定制(实达温泉花园店),茶园路8-18号(斗门地铁站B西北口步行220米),"119.312102,26.105259",13799365909,福建省,福州市,晋安区
琳娜烫染潮店,塔头路328号顺意园(三角池地铁站B口步行250米),"119.323322,26.090147",19859103582,福建省,福州市,晋安区
艺秀美发沙龙(福光南路店),福光南路康居康园6-06店,"119.358928,26.067462",13075876688,福建省,福州市,晋安区
艳丽美发,华林路366号彩虹铺景A座架空层02店面,"119.316141,26.106022",13696844705,福建省,福州市,晋安区
艺发造型(紫阳新园店),岳峰南路38-1号紫阳新园4座,"119.330126,26.079817",18033910591,福建省,福州市,晋安区
丝沐美发(果岭生活A区店),果岭生活A区2座,"119.314594,26.130197",13023889686,福建省,福州市,晋安区
云燕美发店,北二环中路与香槟北路交叉口北50米,"119.313812,26.109572",18250341823,福建省,福州市,晋安区
诗恩造型,连洋西路中海金玺07商业诗恩造型,"119.341980,26.070679",17706981694,福建省,福州市,晋安区
奈美造型美发店,大东海晋棠郡s3-5商业,"119.350425,26.076975",18759393008,福建省,福州市,晋安区
美约形象设计(世欧王庄十区店),象兴路32-8,"119.324691,26.066347",18250496248,福建省,福州市,晋安区
发艺造型(福州晋安区),连江北路589号金晖新村28栋16号店,"119.337281,26.077775",0591-83926931,福建省,福州市,晋安区
瑞美美业(茶会店),官前路30号福兴茶会小区,"119.341515,26.080759",13696861759,福建省,福州市,晋安区
岳峰珍珍美发(九龙城店),岳峰镇三八路6号龙事达华温泉花园二区2号楼1层店面,"119.326336,26.094403",15392016853;18259189979,福建省,福州市,晋安区
姚剪阿彬造型(融侨东区C区店),连洋西路108号09店面,"119.342085,26.068844",13665025789,福建省,福州市,晋安区
鑫艺美发(东方水都店),鼓山镇远洋路508号东方水都4座,"119.352445,26.062658",18060689159,福建省,福州市,晋安区
欧简美发造型工作室(罗马假日花园店),茶园街道晋安北路6号罗马假日花园1楼,"119.313437,26.102515",13055776609,福建省,福州市,晋安区
聚美理发店,融侨悦城5号楼102店面,"119.338352,26.095979",15060088216,福建省,福州市,晋安区
吉米造型(山北路店),新店镇山北路381号,"119.340046,26.136158",15880154208,福建省,福州市,晋安区
啊进美发工作室,桂山路名桂佳园外侧9号楼32号店面,"119.328149,26.114032",13859024197,福建省,福州市,晋安区
尚剪造型(王庄店),岳峰南路38-1号紫阳新园,"119.329786,26.079773",15080498802,福建省,福州市,晋安区
舒心美发店,沁园支路桂山公寓北(福铁桂山新村西南),"119.328861,26.112636",13559162671,福建省,福州市,晋安区
ABC造型旗舰店,福新中路90号新华商场1层144号,"119.325613,26.081819",[],福建省,福州市,晋安区
立型男士国潮理发馆(公主塔店),王庄街道平安银行(福州王庄支行)世欧王庄公主塔6楼612,"119.326122,26.071574",[],福建省,福州市,晋安区
朱先生男士理发馆(汽运宿舍店),鼓山镇官前路9号2号店,"119.338401,26.079644",[],福建省,福州市,晋安区
私人订制男士美发馆,讲堂路183号世欧广场王子塔F6层,"119.326370,26.068934",[],福建省,福州市,晋安区
LY男士剪吧,三八路与岳峰路交叉口东40米,"119.331412,26.082690",[],福建省,福州市,晋安区
彩虹美容美发,华林路彩虹铺景B座后面,"119.316129,26.106307",[],福建省,福州市,晋安区
茉莉hairsalon(公主塔店),讲堂路183号王子塔6楼610室,"119.326375,26.068925",[],福建省,福州市,晋安区
新星美发屋(铁六小区店),铁六小区东南门东北100米,"119.325357,26.108698",13774508835,福建省,福州市,晋安区
AD造型(福晟·钱隆首府店),福马路159号福晟·钱隆首府,"119.327325,26.074875",[],福建省,福州市,晋安区
DK潮牌造型连锁,站前路98号盛景新村,"119.324075,26.109975",[],福建省,福州市,晋安区
优剪,桂山路与境下路交叉口东南20米,"119.329125,26.113675",[],福建省,福州市,晋安区
Coco造型(横屿鳝溪佳园店),化工路横屿鳝溪佳园8号楼104,"119.362426,26.090947",[],福建省,福州市,晋安区
沐颜·匠人发型设计,星旺路尚城建筑52号,"119.457846,25.989577",0591-83688339,福建省,福州市,马尾区
SO HAIR(名城中心店),马尾镇儒江西路名城中心7号门,"119.398840,26.018115",18506076489,福建省,福州市,马尾区
米崎造型(马尾正荣财富中心店),正荣财富中心商场一楼米崎造型,"119.459414,25.993482",13365044154,福建省,福州市,马尾区
星秀美发,马尾街道江滨大道68号名城港湾二区85号-87号连接体一层21店面,"119.393851,26.019855",15880025152,福建省,福州市,马尾区
壹佳美发儒江分店,儒江东路97号,"119.417799,26.016569",17689343439,福建省,福州市,马尾区
发之轩(马尾店),罗星路49-51号,"119.457616,25.989542",15959005263,福建省,福州市,马尾区
京美(名城中心店),马尾镇东方名城名城中心永辉超市旁(1F-150店),"119.398466,26.017603",[],福建省,福州市,马尾区
壹佳美发(东方名城尚郡店),魁岐路68-30号,"119.393332,26.023389",17689343439,福建省,福州市,马尾区
星期八美发(银河湾店),银河湾大门口右侧二楼,"119.422625,26.014625",[],福建省,福州市,马尾区
丽都时尚造型(西提丽府店),罗星街道君竹路47号西提丽府,"119.457585,25.989559",[],福建省,福州市,马尾区
星期八美甲美发正荣店,正荣财富中心1层30商铺,"119.459799,25.992907",18650733525,福建省,福州市,马尾区
80时尚(名郡店),名郡西南2门西北130米,"119.415772,26.018017",13075900570,福建省,福州市,马尾区
神马造型(正荣御品中央店),建星路168号,"119.460514,25.992438",17605914591;17605917615,福建省,福州市,马尾区
巷子理美发工作室,葆桢路111-57号,"119.407442,26.022533",13774608127,福建省,福州市,马尾区
壹佳美发(紫金轩店),儒江西路61-29,"119.404657,26.018765",13950311923,福建省,福州市,马尾区
巨星美发专家(君竹路店),君竹路178-2号,"119.459291,25.996210",18559102385,福建省,福州市,马尾区
TH美发(儒江店),马尾镇儒江东路62号名城港湾三区20号楼1层46店面,"119.420476,26.015756",13225018958;15260171877,福建省,福州市,马尾区
漂亮宝贝美容美发(建星路店),罗星街道罗建路108号,"119.459374,25.987072",13960769141,福建省,福州市,马尾区
星期八康雅旗舰店,儒江东路62号名城港湾三区23号1楼一层34店面,"119.421893,26.013118",[],福建省,福州市,马尾区
型匠造型沙龙(罗建路店),罗建路5号安顺楼F1层,"119.457176,25.988057",13514074144;18559876458,福建省,福州市,马尾区
至尊美发(福州马尾区),罗新西路68号阳光花都二号楼1层02店面,"119.462670,25.990484",18040667740,福建省,福州市,马尾区
港派时尚发型工作室(凯隆·橙仕公馆2栋店),马尾镇东方名城永辉超市旁,"119.399362,26.021284",15880493893,福建省,福州市,马尾区
发裁轩形象沙龙(联安路店),马尾镇马尾联安路128号,"119.448320,25.990984",15860829810,福建省,福州市,马尾区
发源帝专业烫染,君竹路41号,"119.455158,25.987772",15659182988,福建省,福州市,马尾区
兴造型(尚郡店),鬼魁岐路马尾镇东方名城尚郡小区13号09店面,"119.392406,26.023678",15060085094,福建省,福州市,马尾区
美丽人生(琅岐店),红旗路与商运线交叉口西40米,"119.585680,26.085548",[],福建省,福州市,马尾区
骄典美发沙龙(福州马尾区),红旗路与八一七街交叉口东南160米,"119.574888,26.087755",[],福建省,福州市,马尾区
牵手专业染烫,红旗路与三商线交叉口西60米,"119.583583,26.085585",[],福建省,福州市,马尾区
妞妞798专业美发,农旗村委会东北侧160米,"119.578914,26.085568",[],福建省,福州市,马尾区
星期八美容美甲(名城中心店),[],"119.398457,26.018072",0591-62760700,福建省,福州市,马尾区
动感金剪子,红旗路与三商线交叉口西200米,"119.582227,26.085122",[],福建省,福州市,马尾区
型人坊HAIR•SALON•剪发•烫染设计(儒江东路店),儒江东路62号名城港湾三区25号楼1层24号店面,"119.423145,26.014246",18559914790,福建省,福州市,马尾区
渝丰造型(东方名城尚郡店),马尾镇魁岐路68号名城港湾五区16楼1层04商业,"119.394330,26.024245",15659791771,福建省,福州市,马尾区
简呗专业理发烫发(招商雍景湾店),儒江东路与朏头路交汇处10号招商雍景湾,"119.437078,26.004129",13706985935,福建省,福州市,马尾区
名城美业(名城·紫金轩店),名城·紫金轩东门旁,"119.404853,26.018130",18985352728,福建省,福州市,马尾区
兴造型(新店),鬼魁岐路马尾镇东方名城小区11号10店面,"119.393954,26.023190",15060085094,福建省,福州市,马尾区
AD快剪(沿山店),上岐路福星新村,"119.455962,25.990731",15060421828,福建省,福州市,马尾区
玖玖(名城珑域店),葆桢路111-107号,"119.406899,26.024193",15396063099,福建省,福州市,马尾区
快剪,罗建路40号,"119.457387,25.988359",15659751880,福建省,福州市,马尾区
喜理美发店,马尾镇儒江东路阳光城SOHO福客来超市旁边,"119.437773,26.003521",13960712078,福建省,福州市,马尾区
梦得娇沙龙(济安苑店),罗星街道济安路16号济安苑,"119.462397,25.986310",13675060856,福建省,福州市,马尾区
魅力金剪(江滨锦城秋实苑店),江滨锦城秋实苑8座,"119.418201,26.016839",15806042520;18965086331,福建省,福州市,马尾区
艺剪坊(阳光城·山与海A区店),马尾镇儒江东路135号阳光城山与海6号楼05号店面,"119.442506,25.999813",15205093291;15205903291,福建省,福州市,马尾区
金剪刀造型(英华园店),罗星路37号,"119.461263,25.985994",15060194518,福建省,福州市,马尾区
玳玲造型美容养生(马尾店),儒江东路62号名城港湾三区20井楼1层39号店面,"119.420858,26.015707",0591-62762383;13655028614,福建省,福州市,马尾区
艺佳造型,亭江镇锦洲路48号店面,"119.507214,26.068813",13600818019,福建省,福州市,马尾区
艾美时尚造型(正荣御品中央店),上岐路168号正荣御品中央,"119.459556,25.993121",13950379526,福建省,福州市,马尾区
哥弟造型,马尾镇游子超市旁边,"119.417719,26.029171",15280170501,福建省,福州市,马尾区
尚酷发(名城银河湾店),名城银河湾20号楼儒江东路40号店面,"119.420852,26.015574",18850374583,福建省,福州市,马尾区
转角美发(中环自贸广场店),罗星西路80号中环自贸广场F1层,"119.465447,25.992919",13055273612,福建省,福州市,马尾区
首艺造型(西提丽府店),君竹路47号帝豪花园10号楼15号,"119.457812,25.989416",13395008750,福建省,福州市,马尾区
丝雅美发,马尾镇联安路83号,"119.448325,25.990856",15359011600,福建省,福州市,马尾区
艺剪时尚造型(宝马花园店),宝马花园东北门旁,"119.460575,25.985866",13665028464,福建省,福州市,马尾区
发缘(江滨锦城秋实苑店),快安路50号江滨锦城秋实苑9号楼06号铺,"119.418655,26.016623",15959186745,福建省,福州市,马尾区
丝源美发,亭江镇象洋公寓是300-2,"119.513748,26.080564",18046068392,福建省,福州市,马尾区
风采理发店,沿山东路159号,"119.456305,25.991450",18150800101,福建省,福州市,马尾区
精苹果理发店(阳江瑞景店),马尾镇江滨东大道阳江瑞景小区B座,"119.440536,26.000557",13685005857;15806082006,福建省,福州市,马尾区
NICE奈斯造型(东方名城尚郡店),魁岐路68-36,"119.393761,26.023359",13055762308,福建省,福州市,马尾区
剪艺(星旺路店),君竹路47号帝豪花园1栋,"119.458804,25.988806",15394522501,福建省,福州市,马尾区
102男士理发馆,马尾镇名郡小区37栋104号,"119.414749,26.018679",18305931089,福建省,福州市,马尾区
妖界美发,旺岐境新苑西北门西南180米,"119.443631,25.997461",[],福建省,福州市,马尾区
拾缘快剪,罗星街道君竹路47号西提丽府,"119.457450,25.989636",[],福建省,福州市,马尾区
蚂蚁美发(凯隆广场店),马尾镇宗棠路18号凯隆·橙仕公馆,"119.399144,26.020873",[],福建省,福州市,马尾区
圣都美发设计,亭江新街7号,"119.510820,26.070783",[],福建省,福州市,马尾区
哆咪咪剪吧(君竹路店),罗建路与步行街交叉口东南100米,"119.457070,25.988129",[],福建省,福州市,马尾区
兴旺理发店,马尾前街2号楼,"119.448264,25.990954",18396138748,福建省,福州市,马尾区
创意精剪(名郡店),名郡南门西50米,"119.414914,26.018205",[],福建省,福州市,马尾区
缘发时尚造型设计,立马花园北门南150米,"119.459450,25.997277",[],福建省,福州市,马尾区
喜理美发造型,上岐路168号正荣御品中央,"119.460609,25.994384",[],福建省,福州市,马尾区
名都美发设计室,马尾镇江滨大道南侧福益新村四栋,"119.446494,25.990943",18960953052,福建省,福州市,马尾区
佳艺美发,罗星街道君竹路172号三鑫·财富中心,"119.458499,25.995511",[],福建省,福州市,马尾区
创意靓发,快安路与马江路交叉口南160米,"119.421516,26.018949",[],福建省,福州市,马尾区
意莎造型(天马花园店),君竹路9号天马花园,"119.454510,25.986775",13635288254,福建省,福州市,马尾区
柯琳造型,快安路与马江路交叉口东北60米,"119.422826,26.020924",[],福建省,福州市,马尾区
青禾私人形象定制工作室(名城·紫金轩店),儒江西路61号八区16号楼1层08店铺,"119.402601,26.018918",15756377855,福建省,福州市,马尾区
丝情发艺(安居佳苑店),马尾镇快安村安居佳苑1栋楼,"119.423449,26.024744",15806049131,福建省,福州市,马尾区
再回首造型(易安居小区店),青洲路26号易安居小区6店再回首造型,"119.465145,25.995990",13625083457,福建省,福州市,马尾区
SK发廊(马尾店),马尾区-罗星街道建星路168号正荣御品商住中心(正荣.御品中央)D6楼1层05复式商业,"119.460281,25.994438",[],福建省,福州市,马尾区
Hi理好美发美甲,Hi理好美发店,"119.462464,26.003698",17310409857,福建省,福州市,马尾区
So时尚造型,104国道与石狮路交叉口东140米,"119.418059,26.029373",13774588543,福建省,福州市,马尾区
柚米造型,快安路128号名城港湾B地块18号楼1层06店面,"119.418266,26.014245",18759170778,福建省,福州市,马尾区
星工坊美发(东方·名城天鹅堡店),马尾镇东方名城天鹅堡73栋店面,"119.391426,26.020839",0591-83969986;13675012712,福建省,福州市,马尾区
米兰造型(名城中心店),马尾镇名城中心北区商业楼145号(85度C对面),"119.398253,26.018132",[],福建省,福州市,马尾区
如意时尚烫染,新街与亭头康庄路交叉口东100米,"119.507848,26.069926",[],福建省,福州市,马尾区
尚引吧美发沙龙,104国道与中垱路交叉口北140米,"119.422190,26.026278",[],福建省,福州市,马尾区
e剪,快安大道45-3,"119.420327,26.017108",[],福建省,福州市,马尾区
格调造型(新街店),新街与琴片路交叉口西南80米,"119.508357,26.069847",[],福建省,福州市,马尾区
阿云美发,福马路与快洲路交叉口东260米,"119.410064,26.030240",[],福建省,福州市,马尾区
留芳美发美容,江滨东大道115号,"119.446377,25.990964",[],福建省,福州市,马尾区
几禾造型(名城中心店),马尾镇江滨东大道68-8号南区商业楼一层05号一单元商铺,"119.399068,26.017699",[],福建省,福州市,马尾区
创意精剪(快安路店),儒江东路名郡,"119.420593,26.017564",[],福建省,福州市,马尾区
新发点美发店,凤窝村十字街23号,"119.601466,26.121897",13805040405,福建省,福州市,马尾区
聚美时尚美发(魁岐佳园店),魁岐家园3号店面,"119.389854,26.024114",13959304304,福建省,福州市,马尾区
酷hair salon(招商江悦府店),快安朏头路2号招商江悦府,"119.434819,26.006081",[],福建省,福州市,马尾区
顶尚美发(帝豪花园店),君竹路47号帝豪花园,"119.458218,25.989212",[],福建省,福州市,马尾区
出发点造型(正荣御品中央店),上岐路168号正荣御品中央,"119.460517,25.994544",13055737398,福建省,福州市,马尾区
顶剪美发,红旗路与八一七街交叉口西北80米,"119.575531,26.086671",[],福建省,福州市,马尾区
小林美发室(沿山东路店),沿山东路19号沿山新村,"119.454422,25.988307",[],福建省,福州市,马尾区
梵壹沙龙·染发烫发(福州名城中心店),江滨东大道68名城城市广场F一层,"119.398525,26.018825",[],福建省,福州市,马尾区
喜理美发设计沙龙(名城珑域店),葆桢路111-21号,"119.405741,26.023233",15790575428,福建省,福州市,马尾区
BF时尚沙龙(锦洲新村金福楼店),亭江镇锦洲支路锦洲新村金福楼,"119.507448,26.068305",13067317696,福建省,福州市,马尾区
金悦理发(凯兴花园店),星达路28号凯兴花园,"119.461615,25.994406",18750728819,福建省,福州市,马尾区
巨星美发专家(君竹路店),君竹路158号,"119.458175,25.994200",[],福建省,福州市,马尾区
星动造型,琅岐镇海屿东侨新村19号,"119.612184,26.070339",13818675191,福建省,福州市,马尾区
酷美理发店,长洋路与溪里路交叉口东北240米,"119.540191,26.103858",[],福建省,福州市,马尾区
流行密码理发店,中庚·香海世界,"119.562672,26.079001",13656950552,福建省,福州市,马尾区
简·发剪艺坊,沿山东路福星新村133号,"119.456020,25.990986",[],福建省,福州市,马尾区
V1造型(名城国际店),江滨东大道128号名城国际,"119.418594,26.014856",13805017614,福建省,福州市,马尾区
纯剪派(东方名城尚郡店),魁岐路68号东方名城尚郡,"119.394308,26.024076",[],福建省,福州市,马尾区
贵族一品娟美发造型(江滨东大道店),江滨路福兴新村1号楼10号店,"119.447008,25.991185",15959044538,福建省,福州市,马尾区
发丝缘,云龙路与云龙外街交叉口东20米,"119.638962,26.077285",13950257009,福建省,福州市,马尾区
悦享烫染沙龙(东方·名城天鹅堡店),江滨东大道68号名城港湾二区82号楼下一层40号,"119.394454,26.019490",15980152260,福建省,福州市,马尾区
湘邵理发店,联安路4-114号附近,"119.448386,25.990902",[],福建省,福州市,马尾区
李谨理发店,岩山东路145号,"119.456165,25.991240",[],福建省,福州市,马尾区
80时尚(东方名城店),东方名城天鹅堡43店,"119.394378,26.019190",13960913571,福建省,福州市,马尾区
焕界私美名媛美容美发,东方·名城温莎堡东门西北130米,"119.395448,26.019533",[],福建省,福州市,马尾区
TH美发(马尾店),君竹支路与君竹路交叉口东140米,"119.460089,25.994161",[],福建省,福州市,马尾区
亮点美学沙龙(商贸大楼店),商贸大楼,"119.505342,26.070606",[],福建省,福州市,马尾区
新红太阳美容美发,琅岐镇衙前街212号,"119.575373,26.087032",[],福建省,福州市,马尾区
七彩美发造型烫染店,官板路与乐园路交叉口北80米,"119.511064,26.072245",13509310734,福建省,福州市,马尾区
零创美发店,快洲南路8-50,"119.407704,26.022356",18033934386,福建省,福州市,马尾区
童发精灵专业儿童理发造型(名城中心店),儒江西路111-1号,"119.398163,26.018058",13960797715,福建省,福州市,马尾区
美艺造型(名城珑域店),葆桢路111号名城珑域,"119.405902,26.023940",[],福建省,福州市,马尾区
美之选理发店(兴业路店),快安村文图山278-9,"119.417409,26.029237",13055414558,福建省,福州市,马尾区
He·ye剪发烫染,阳光城·山与海A区西1门旁,"119.442975,25.999425",[],福建省,福州市,马尾区
布兰琪Burch·星期八美容美发,悦和巷与儒江西路交叉口东南140米,"119.398317,26.017989",[],福建省,福州市,马尾区
臻臻理发,104国道与石狮路交叉口东140米,"119.418173,26.029405",18396135057,福建省,福州市,马尾区
顶点造型(阳光花都店),罗星西路68-6号,"119.462531,25.989373",[],福建省,福州市,马尾区
艾美时尚造型,新街与琴片路交叉口西60米,"119.508497,26.070239",[],福建省,福州市,马尾区
杨明理发店,新街与环乡路交叉口西南40米,"119.509862,26.070250",[],福建省,福州市,马尾区
剪艺造型,琅岐镇荣光村下磨36号,"119.618762,26.096181",18850482621,福建省,福州市,马尾区
唯美时尚造型(沿山东路店),近郊君竹路12号鸿瑞苑2号楼09号铺,"119.453903,25.987440",[],福建省,福州市,马尾区
倩倩发型设计(沿山东路店),沿山东路91号,"119.455517,25.990179",[],福建省,福州市,马尾区
时代·美发造型,琅岐镇争丰村八一七街16号二楼,"119.580028,26.085197",15980200201,福建省,福州市,马尾区
依贞美发室,锦洲路与洪塘路交叉口西北40米,"119.506975,26.068875",[],福建省,福州市,马尾区
快剪,亿载金城,"119.457875,25.992475",[],福建省,福州市,马尾区
禾木造型,马尾镇儒江东路28号名城映江,"119.418340,26.017867",[],福建省,福州市,马尾区
新匠美发,罗星街道沿山东路143号福星新村,"119.456275,25.991175",[],福建省,福州市,马尾区
川妹子理发店,104国道与石狮路交叉口东北280米,"119.418925,26.030525",[],福建省,福州市,马尾区
梧桐美发舍,沿山东路9-1号,"119.453472,25.986897",[],福建省,福州市,马尾区
简艺美发店,亭江镇长安投资区长洋路95号海西假日湾,"119.516625,26.075475",[],福建省,福州市,马尾区
全新剪发模式,君竹路8-1号安福楼小区,"119.453223,25.985989",[],福建省,福州市,马尾区
阿海美发,儒江东路与朏头路交叉口西北100米,"119.434275,26.006325",[],福建省,福州市,马尾区
非剪造型,红旗路与三商线交叉口西280米,"119.581525,26.084875",[],福建省,福州市,马尾区
快剪10元,魁岐小区1区,"119.389241,26.024386",[],福建省,福州市,马尾区
四川理发店,沿山东路92号凤祥小区,"119.455054,25.990254",[],福建省,福州市,马尾区
原溯hair salon(望海潮小区店),望海潮2号楼05商铺,"119.463157,25.991126",[],福建省,福州市,马尾区
独美时尚造型,沿山东路与沿山六弄交叉口东20米,"119.455464,25.989953",[],福建省,福州市,马尾区
小丑+剪刀=您靓了,三商线与红旗路交叉口西北20米,"119.584009,26.085641",[],福建省,福州市,马尾区
靓点美容美发沙龙,吴庄街与红旗路交叉口西260米,"119.594693,26.085769",[],福建省,福州市,马尾区
优装家,君竹路与星发路交叉口西60米,"119.456223,25.991529",[],福建省,福州市,马尾区
美都美发造型(沿山东路店)(暂停营业),沿山东路174号,"119.455400,25.990448",[],福建省,福州市,马尾区
发现美(锦洲路店),锦洲新村金福楼西南门旁,"119.507454,26.068206",[],福建省,福州市,马尾区
发财·美甲Nail Studio(正荣财富中心店),正荣财富中心16号楼,"119.459010,25.993519",[],福建省,福州市,马尾区
爱尚美工作室,亭江镇新街32号,"119.508966,26.070024",15060011619,福建省,福州市,马尾区
野有蔓草美睫美甲工作室,招商江悦府2号楼10楼1015室,"119.434334,26.006658",13609515145,福建省,福州市,马尾区
此时化妆工作室,马尾镇宗棠路18号凯隆·橙仕公馆,"119.399125,26.021075",[],福建省,福州市,马尾区
安芯造型嫁纱礼服工作室(观海国际公馆店),罗星西路17号观海国际A栋413,"119.459229,25.984183",15306972006;15359739711,福建省,福州市,马尾区
蔻曼熙形象店,君竹路47号帝豪花园,"119.457590,25.988122",[],福建省,福州市,马尾区
爵尚形象店,快安朏头路2号招商江悦府,"119.434331,26.006532",18250977675,福建省,福州市,马尾区
珂娅斯形象店,君竹路47号帝豪花园,"119.457795,25.988036",[],福建省,福州市,马尾区
期五新生代男士发型(旗山大学城店),国宾大道103号永嘉天地一层(汉堡王右拐),"119.201348,26.069462",17689940545,福建省,福州市,闽侯县
藤野造型(正荣财富中心旗舰店),上街镇新保路28号正荣·福州正荣财富中心2号楼3层B3009,"119.219085,26.018590",0591-38260569,福建省,福州市,闽侯县
壹发(永嘉天地店),上街镇国宾大道268号永嘉东百生活城16号楼1F-A0002-1店铺,"119.201200,26.069597",19959939791,福建省,福州市,闽侯县
设计师V8美发屋烫头染发接发(东百城永嘉天地店),东百永嘉4号楼7-2店面(游乐场旁),"119.200686,26.070062",13044581885,福建省,福州市,闽侯县
VVsalon接发烫染连锁(钱隆城店),上街镇源通东路118号福晟钱隆城,"119.196403,26.075944",15059104859,福建省,福州市,闽侯县
好先生理发馆烫发染发接发(永嘉天地店),国宾大道268号永辉城市生活广场103号店面,"119.200640,26.070707",13044581885,福建省,福州市,闽侯县
上古造型(东百城-永嘉天地店),国宾大道268-1永嘉天地幸福里,"119.200471,26.070095",0591-23510591,福建省,福州市,闽侯县
亚木烫发染发Yamu Style(祥禾天地金街店),祥禾天地109铺,"119.227077,25.995951",13043519109,福建省,福州市,闽侯县
沙炫美业(甘蔗世茂店),甘蔗街道民俗园路25号(世茂·上游墅二期西2门西北70米),"119.152978,26.139170",13459153282,福建省,福州市,闽侯县
Colour Opal智慧沙龙(金街形象店),祥禾公社19号楼118铺,"119.226270,25.996145",15750819119,福建省,福州市,闽侯县
凌风造型(福大旗舰店),岐安福大学生街(猪师弟炸蘑菇),"119.192132,26.060163",15880103086,福建省,福州市,闽侯县
MOCCI慕紫·烫发·染发(祥禾天地店),南屿镇乌龙江南大道69号祥禾天地商场1号门2层2033室,"119.226875,25.997075",13305009053,福建省,福州市,闽侯县
ACR发型设计烫染店(东百永嘉福禄坊店),上街镇工贸路103福禄坊20号楼106号,"119.201156,26.073279",15659799459,福建省,福州市,闽侯县
智慧沙龙Colour Opal(祥禾天地店),南屿镇乌龙江南大道69号祥禾天地4楼4002号,"119.227154,25.996745",15705998181,福建省,福州市,闽侯县
型色沙龙ColorSalon(福州大学城师大店),广贤路60号荷塘名郡,"119.204425,26.032775",18106926913,福建省,福州市,闽侯县
蓝调造型(钱隆店),上街镇源通东路(福晟钱隆公馆)77-29号,"119.194703,26.073411",18960858679,福建省,福州市,闽侯县
沙炫美业(西海岸店),甘蔗街道滨城大道100-30号(阳光城西海岸A区西南门旁),"119.159280,26.131286",13859052829,福建省,福州市,闽侯县
型色沙龙Color Salon(福州闽侯万家广场店),甘蔗街道横街59号万家广场F2层,"119.138530,26.145938",19835568225,福建省,福州市,闽侯县
叁拾柒度造型(博雅星城康园店),青口镇博雅星城新城路62-217,"119.376395,25.899777",13599954258,福建省,福州市,闽侯县
格蓝美造型(师大文化街店),大学城师范大学旗山校区校内文化街二楼格蓝美造型,"119.208808,26.035162",[],福建省,福州市,闽侯县
精剪刀美发造型(校园店),福建省福州市闽侯县甘蔗街道甘洲路346精剪刀,"119.140804,26.147728",13950352500;15750812730,福建省,福州市,闽侯县
SOHALR美发店(永嘉天地店),上街镇国宾大道268号东百城永嘉天地一楼1035号商铺,"119.201057,26.069181",[],福建省,福州市,闽侯县
剪约造型-烫染纹身绣眉,上街镇金桥新上街23-9号,"119.205117,26.073395",15659137313,福建省,福州市,闽侯县
蓝调造型(甘蔗店),甘蔗街道昙石山中大道118号新城丽景A区1号楼107,"119.151725,26.141830",18060533709,福建省,福州市,闽侯县
超会染·只做染发(永嘉天地店),上街镇国宾大道268号东百城永嘉天地16号楼第3层,"119.201139,26.069260",13358282285;13950362629,福建省,福州市,闽侯县
艺境美业,甘蔗街道学院路27号闽侯世贸滨江新城商业4号楼102号,"119.151558,26.138081",13696854165,福建省,福州市,闽侯县
永嘉格蓝美(永嘉天地店),上街镇工贸路永嘉天地3号楼3层3036商铺,"119.201225,26.069325",13950362629,福建省,福州市,闽侯县
创新造型,上街镇高新苑B区24栋,"119.212752,26.041789",15105060069,福建省,福州市,闽侯县
想你美发沙龙(高新万达店),乌龙江南大道69号祥禾天地F1层,"119.226925,25.995775",18396139513;18850134008,福建省,福州市,闽侯县
U美学hairsalon(中海寰宇天下店),上街镇高新大道1-1号中海囊宇天下46号楼1层121,"119.217225,26.049425",17281166519,福建省,福州市,闽侯县
立型·男士国潮理发馆(福州大学城店),上街镇国宾大道268-1号永辉城市生活广场2号楼1层1店面,"119.201384,26.071120",13599925015,福建省,福州市,闽侯县
风起美发沙龙(师大店),上街镇广贤路16号荷塘名郡11-101-103-2F,"119.205037,26.032618",[],福建省,福州市,闽侯县
风起男士发型沙龙,上街镇国宾大道268-1号永辉城市生活广场5号楼3店面,"119.201227,26.069736",18060845319,福建省,福州市,闽侯县
蓝调造型(万家店),甘蔗街道横街108号,"119.137545,26.145424",18960938370,福建省,福州市,闽侯县
发丝源专业烫发染发接发(上街店),上街永嘉天地购物广场一层11号店面,"119.200880,26.070860",18850715723,福建省,福州市,闽侯县
color me烫染工作室(师大店),上街镇广贤路6-11号福州汽车客运西站,"119.206357,26.038883",15060061395;15280032042,福建省,福州市,闽侯县
俏西施头疗馆(永嘉店),国宾大道268号永嘉天地城市生活广场,"119.200763,26.071099",17705914846,福建省,福州市,闽侯县
COCO造型(东百永嘉店),上街镇大学城永嘉天地14号楼1910,"119.199627,26.069427",13959114568,福建省,福州市,闽侯县
雅淇造型(广贤路店),上街大学城科技路第六栋第1层第4店雅淇造型(大众之家宾馆旁),"119.205579,26.034577",0591-22862693,福建省,福州市,闽侯县
蓝调造型(青口店),青口镇农光村新城路博雅星城13号楼一层店面,"119.374504,25.900250",19906930405,福建省,福州市,闽侯县
爵色造型(福州闽侯县),上街镇榕桥村超山61-102号,"119.164827,26.068070",15960125755,福建省,福州市,闽侯县
Stand·替身,广贤路99-13,"119.200949,26.024518",18950468825,福建省,福州市,闽侯县
3H,上街镇红峰社区居委会宪窗2号,"119.188834,26.083767",15980231429,福建省,福州市,闽侯县
ONLY·唯一·烫发·染发·接发Hair Salon,国宾大道268-1永嘉天地幸福里,"119.201128,26.070618",[],福建省,福州市,闽侯县
一嘉美发美甲,国宾大道83-4,"119.204805,26.068316",15705910415,福建省,福州市,闽侯县
澜悦沙龙造型,街心路首邑步行街32号,"119.141638,26.149325",15960166171,福建省,福州市,闽侯县
闽侯县首邑步行街金太阳造型,街心路32号-37号,"119.141960,26.149638",13110891234,福建省,福州市,闽侯县
精剪刀美业(龙峰二店),甘洲路与十字街交叉口西南100米,"119.136875,26.147875",13950352500,福建省,福州市,闽侯县
M·R美发沙龙,广贤路60号荷塘名郡,"119.203330,26.034402",[],福建省,福州市,闽侯县
发迪专业接发烫染店(上街永嘉天地店),上街镇国宾大道永嘉天地购物广场一层四号店面,"119.201106,26.071117",18850715723,福建省,福州市,闽侯县
D1发型沙龙(永嘉天地店),东百城永嘉天地3号楼3店面(麦当劳对面),"119.200814,26.070586",15220592589,福建省,福州市,闽侯县
艺品·专业烫染(群升广场店),群升广场8号楼106店,"119.221448,26.014366",18649722763,福建省,福州市,闽侯县
凌风造型烫染专业店(中海店),中海寰宇天下51栋B122,"119.214302,26.049809",15659138116,福建省,福州市,闽侯县
山山时尚造型(甘蔗店),甘蔗街道亭下街01店面,"119.146128,26.146957",13290894663,福建省,福州市,闽侯县
乐草元邦娜造型,上街镇金屿村余盛(罗道金宅),"119.204925,26.068825",13067208002,福建省,福州市,闽侯县
88·ACE专业男士发型(祥禾天地金街店),乌龙江南大道69号祥禾天地F4层,"119.227164,25.996738",[],福建省,福州市,闽侯县
逸沙龙(发型私人定制),上街镇红峰村沙墩21号,"119.186175,26.078036",17750270593,福建省,福州市,闽侯县
纤艺(福晟钱隆城店),上街镇福晟钱隆城8号楼2号店面,"119.196529,26.076124",15060080064;15605083473;18050198356,福建省,福州市,闽侯县
剪艺造型(青口店),青口镇海韵店面 1-33,"119.376096,25.900857",13400535785;15880055931,福建省,福州市,闽侯县
UNIQUE SALON 优妮可沙龙(私人订制),甘蔗街道横街59号万家广场F3层,"119.139195,26.146047",15205058820,福建省,福州市,闽侯县
馨雨美发沙龙(甘蔗世茂店),学院路与滨城大道交叉口东北200米,"119.152257,26.137858",[],福建省,福州市,闽侯县
达达美业连锁(福大店),上街镇学府南路福州大学旗山校区学生生活区8号架空层3号店面,"119.191894,26.057227",13696856499,福建省,福州市,闽侯县
上雅美发店,南屿镇南井街上井359号,"119.221663,25.969192",0591-22803889;18059090529,福建省,福州市,闽侯县
花千家造型,青口镇陶精路3-47号,"119.369269,25.895904",13950250371,福建省,福州市,闽侯县
1seven美发沙龙,关口村620号,"119.176564,26.138064",18120881720,福建省,福州市,闽侯县
VV·salon(西海岸店),甘蔗阳光西海岸A区08店面,"119.158763,26.131552",15059104859,福建省,福州市,闽侯县
华渼汇·烫染美发salon(师大文化街店),福州师范大学文化街257号(二楼),"119.208425,26.036120",[],福建省,福州市,闽侯县
丝语造型·烫发·染发,国宾大道与旗山大道交叉口东180米,"119.202329,26.066788",[],福建省,福州市,闽侯县
蓝天造型(福州闽侯县),青口镇沪屿街2号,"119.366299,25.902655",18059595960,福建省,福州市,闽侯县
演绎(中建华府店),青口镇中建华府57号店面,"119.370622,25.901146",15980252101,福建省,福州市,闽侯县
吾尚美业(永丰店),荆溪镇永丰村浦里2号吾尚美业(永丰店),"119.242341,26.107481",13799949594,福建省,福州市,闽侯县
VVsalon接发烫染连锁(正荣财富中心店),正荣财富中心醉得意或者小叫天门口的一号观光梯上来三楼,"119.218127,26.018373",15059104859,福建省,福州市,闽侯县
溪源理髮廳(国贸·九溪原店),融侨·誉江东北门北70米,"119.230149,26.014685",15750871558,福建省,福州市,闽侯县
震龙盟专业男士发型沙龙(甘蔗店),甘蔗街道滨江西大道68号12层1206,"119.152435,26.131901",13075979162,福建省,福州市,闽侯县
A·HAIR沙龙(青口店),青口镇农光路3-14号,"119.371684,25.895831",15806019057,福建省,福州市,闽侯县
一墨烫染,上街镇源通东路118号福最学府1号楼1层04店面,"119.193932,26.073367",[],福建省,福州市,闽侯县
青奢男士发型(正荣SOHO店),上街镇新保路28号正荣财富中心5号楼203商铺蜜雪冰城对面2楼,"119.219065,26.019137",[],福建省,福州市,闽侯县
格格薇(福州大学旗山校区学生生活区店),溪源宫路,"119.188212,26.058572",18150025983,福建省,福州市,闽侯县
鑫澜造型,国宾大道268-1永嘉天地幸福里,"119.200125,26.069525",[],福建省,福州市,闽侯县
尤理·美发Salon,祥禾公社11号楼,"119.226975,25.995375",13110966712,福建省,福州市,闽侯县
心悦.古方头疗(万家店),甘蔗街道横街59号万家广场二楼,"119.138775,26.146525",[],福建省,福州市,闽侯县
Cc·造型美发沙龙(荷塘名苑店),广贤路92号荷塘名苑,"119.203646,26.032248",[],福建省,福州市,闽侯县
知发者,福大生活三区26号楼知发者,"119.191766,26.052057",18659134959,福建省,福州市,闽侯县
元素(博仕后时代购物广场店),上街国宾大道233号博仕后时代购物广场F1层,"119.202500,26.067143",18096489391,福建省,福州市,闽侯县
闽侯县艺剪尚干连锁店,尚干镇祥谦路383号,"119.372848,25.924188",15960092531,福建省,福州市,闽侯县
剪发吧美发工作室,顺华乌龙江大区B区3号楼8号底商,"119.242739,25.986286",17304037429,福建省,福州市,闽侯县
U美学hairsalon(荷塘名郡店),广贤路60号荷塘名郡,"119.204278,26.032845",15859179193,福建省,福州市,闽侯县
新创意美业(阳光城·领海店),阳光城·领海闽江院子东门旁,"119.144101,26.138997",17305028889,福建省,福州市,闽侯县
VS米兰美发连锁(尚干店),尚干镇祥谦路163号(万年青斜对面),"119.379100,25.923735",15959100585,福建省,福州市,闽侯县
楚楚美容美发SPA馆,上街镇新峰村新宅17号(林水溪宅),"119.195751,26.079380",0591-22635070;18859102076,福建省,福州市,闽侯县
ME SALON定点造型群升店,乌龙江南大道21号群升广场6号楼,"119.221833,26.013796",18059186632,福建省,福州市,闽侯县
一剪美造型(博雅商业步行街店),海韵·国际城西南门西50米,"119.374674,25.901504",0591-22788820;15005058668,福建省,福州市,闽侯县
ABC造型(正荣SOHO店),上街镇新保路28号正荣·财富中心2层221商铺,"119.218394,26.018859",13655040138,福建省,福州市,闽侯县
剪艾时尚造型(义溪路店),青口镇义溪路22号,"119.357483,25.884793",13290986462,福建省,福州市,闽侯县
永琪造型(马保店),上街镇马保路56-22号,"119.206738,26.019841",15280130522,福建省,福州市,闽侯县
崇尚美发沙龙,尚干镇祥谦路295号,"119.375592,25.924819",15959112362,福建省,福州市,闽侯县
品尚造型·化妆·纹绣·美甲·祛痣(鼓山洲商贸综合大楼店),荆溪镇厚屿街道品尚造型纹绣美甲护肤,"119.228595,26.111596",13489154982,福建省,福州市,闽侯县
优享快剪(祥禾天地店),乌龙江南大道69号祥禾天地B1层,"119.226831,25.996654",13328858669,福建省,福州市,闽侯县
清逸美发室(昙石店),华侨路39-1号,"119.159125,26.143395",13509368723,福建省,福州市,闽侯县
SO·时尚形象设计(中海店),上街镇高新大道1号中海寰宇天下43栋,"119.215163,26.050144",15060081127,福建省,福州市,闽侯县
演绎造型(龙湖店),龙湖春江天越S7号101,"119.375226,25.893057",18859199619,福建省,福州市,闽侯县
新东尼造型(阳光城丽景湾店),福州高新区南屿中心幼儿园尧沙分园东北门东北50米,"119.231187,25.943552",15980200615,福建省,福州市,闽侯县
柏莎造型,万科又一城东门8栋106,"119.201569,26.046433",15659104613,福建省,福州市,闽侯县
新时尚形象设计中心,甘蔗街道大元村广元路23号,"119.138223,26.150563",0591-22989995,福建省,福州市,闽侯县
奈斯美发沙龙(国贸学原二期店),国贸学原二期s11-101,"119.224454,26.015960",13003872013,福建省,福州市,闽侯县
壹家快剪,新上街7-27号,"119.207293,26.072019",18750721956,福建省,福州市,闽侯县
理好LiHAO这是一家美发店,国宾大道61-8号,"119.208106,26.069101",18516932881,福建省,福州市,闽侯县
优贝造型公社(好益佳购物广场店),尚干镇祥谦路尚干公交总站好益佳购物广场对面,"119.381613,25.925059",13400535785,福建省,福州市,闽侯县
方圆美发(福建师范大学旗山校区李苑店),福建师范大学旗山校区李苑,"119.208673,26.035674",15737500107,福建省,福州市,闽侯县
单品造型(中海寰宇天下店),上街镇高新大道1号中海寰宇天下,"119.212986,26.050197",[],福建省,福州市,闽侯县
独占神发(弘绘菁华园店),上街镇邱阳东路2号弘绘菁华园215店面,"119.186819,26.077016",15806013800,福建省,福州市,闽侯县
慕色沙龙专业男士发型设计(钱隆公馆店),福晟钱隆公馆北门旁,"119.195178,26.073960",15080025565,福建省,福州市,闽侯县
千姿美业旗舰店(民医思邈养生馆),新上街20-2店,"119.206107,26.073124",0591-22778008;15060080008,福建省,福州市,闽侯县
灵魂Soul理发店,溪源宫路100-24号,"119.182946,26.059348",[],福建省,福州市,闽侯县
首艺人美业(江洲花园店),甘蔗街道蔗洲路55号江洲花园15号1层101店面,"119.144075,26.145275",13625098908,福建省,福州市,闽侯县
沐先生美发沙龙,旅游技术学校大门口科教园公交站对面,"119.254168,26.103798",15005082098,福建省,福州市,闽侯县
四川(达川)陈梅梅美容美发,新上街与侯官路交叉口西北340米,"119.206202,26.072779",15305906295,福建省,福州市,闽侯县
M·久,上街镇高新区创业路15号融创未来海7栋07-2,"119.219604,26.033859",[],福建省,福州市,闽侯县
Darling美发沙龙(博仕后店),上街镇候官路1-60号,"119.209695,26.072187",17693389701,福建省,福州市,闽侯县
古今来美容美发形象会所,南屿镇南屿街中国银行旁,"119.222020,25.975864",15806010035;18906937891,福建省,福州市,闽侯县
崇尚美发沙龙(青口二店),青口镇新城路62-77号,"119.374527,25.900533",15959112362,福建省,福州市,闽侯县
凌航发型设计(世茂·上游墅二期店),西江滨大道66号世茂上游墅,"119.152292,26.137194",[],福建省,福州市,闽侯县
青口博雅勿忘我连锁造型(博雅星城泊园店),博雅星城泊园西南门旁,"119.374829,25.898282",13799311555,福建省,福州市,闽侯县
美度造型(国贸店),南屿镇乌龙江南大道8号国贸学原二期,"119.225007,26.015391",[],福建省,福州市,闽侯县
发源地美容美发(祥禾天地店),南屿镇乌龙江南大道69号祥禾天地2楼2019铺,"119.225484,25.997050",[],福建省,福州市,闽侯县
名创优剪(中铁城禧第一期店),荆溪大道与南风路交叉口东南100米,"119.184257,26.132674",15005009962,福建省,福州市,闽侯县
维纳造型(博仕后时代购物广场店),上街国宾大道233号博仕后时代购物广场F1层,"119.203764,26.067437",[],福建省,福州市,闽侯县
唯·境SALON(高新区万达店),乌龙江南大道69号祥禾天地F1层,"119.225886,25.996554",15005007721,福建省,福州市,闽侯县
理想·沙龙(祥禾公社店),祥禾公社,"119.225825,25.996575",18250333863,福建省,福州市,闽侯县
UY沙龙(泰禾·红悦店),乌龙江南大道99号泰禾·红悦,"119.238476,25.985189",18065911113,福建省,福州市,闽侯县
93M国潮男士(祥禾天地店),南屿镇祥禾天地商场2层1号门进来星巴克楼上,"119.227375,25.996375",17850071340,福建省,福州市,闽侯县
铭发郎发型直营店,上街镇源江路156-6号美岐红星商住花园,"119.184706,26.063624",[],福建省,福州市,闽侯县
子泽造型,国贸学原三期子泽造型,"119.232223,26.011089",17605033241,福建省,福州市,闽侯县
美格造型,博士后购物广场4号楼116,"119.203295,26.067709",[],福建省,福州市,闽侯县
黑森林(新峰店),新上街与源通东路交叉口西北120米,"119.197373,26.078743",15860282766,福建省,福州市,闽侯县
斯朵利发型(新城丽景店),新城丽景B区108号店面,"119.151132,26.141887",15959765601,福建省,福州市,闽侯县
屿理hair salon(中海店),上街镇高新大道1号中海寰宇天下,"119.215210,26.050287",[],福建省,福州市,闽侯县
0305精剪私人美发定制(福晟钱隆城店),上街镇源通东路118号福晟钱隆城9号楼,"119.196682,26.076397",[],福建省,福州市,闽侯县
美姿剪(入城路店),甘蔗镇818西路97号,"119.145417,26.147744",[],福建省,福州市,闽侯县
多米造型(中美小区店),上街溪源宫路1号山水中美小区,"119.183805,26.059319",18065115703,福建省,福州市,闽侯县
陈杰发艺,青口镇宏三村浦道兜40-1号,"119.360366,25.884797",13067479709,福建省,福州市,闽侯县
壹米阳光(大元),甘蔗镇大元村侨园路12-3号,"119.138361,26.150590",[],福建省,福州市,闽侯县
风起之时·发型沙龙,东百永嘉天地14号公寓楼18楼1818室,"119.200196,26.069420",18259097353;19890560987,福建省,福州市,闽侯县
今喜造型,荆溪东大道28-29,"119.192240,26.133472",18705055105,福建省,福州市,闽侯县
艺柏沙龙美业(世茂·上游墅二期店),学院路57-11号,"119.152174,26.136936",[],福建省,福州市,闽侯县
艺秀专业烫染坊(尚南路店),尚干镇东升村村委楼下,"119.379173,25.922646",[],福建省,福州市,闽侯县
浪波湾(福建省闽侯县尚干镇),尚干镇祥谦路469号,"119.370646,25.923476",[],福建省,福州市,闽侯县
品尚造型会所(入城路店),甘蔗横屿移动营业厅正对面,"119.154806,26.146799",[],福建省,福州市,闽侯县
名悦造型(汇锋商业城店),上街镇邱阳东路8号1栋1层19-2324,"119.187212,26.080490",18065010157,福建省,福州市,闽侯县
好先生私人订制美发连锁,闽侯上街国宾大道233号博仕后家园B区,"119.203575,26.066825",[],福建省,福州市,闽侯县
MR美发沙龙(中海A店),上街镇高新大道1号高新区中海寰宇天下步行街42栋116店面,"119.214330,26.050201",[],福建省,福州市,闽侯县
迪造型Salon,高新大道2号旗山花园,"119.211410,26.043046",[],福建省,福州市,闽侯县
丁师傅快剪12元店,芹洲路龙湖春江天玺10号楼06店面,"119.274207,25.963122",[],福建省,福州市,闽侯县
亮点造型(青州村口店),上街镇青州村口源江路1号,"119.180726,26.067027",13559154562,福建省,福州市,闽侯县
茉禾美发沙龙(世茂·御龙湾店),甘蔗街道滨江西大道68号(闽侯世茂滨江新城A2地块世茂天际会大楼酒店商务办公楼)12层1208,"119.152482,26.131842",[],福建省,福州市,闽侯县
改变发型,国宾大道555-8号(沙堤地铁站A东北口步行280米),"119.175605,26.084574",[],福建省,福州市,闽侯县
单品男士造型(万科又一城店),上街镇明德路6号万科又一城,"119.200210,26.044419",[],福建省,福州市,闽侯县
南通-多彩多姿,通洲路(永嘉天地麦当劳斜对面),"119.262068,25.956185",18359189051,福建省,福州市,闽侯县
慕阁造型(福建师范大学旗山校区李苑店),福建师范大学旗山校区李苑,"119.208085,26.036685",13799447830,福建省,福州市,闽侯县
阿盛美发(烫染工作室),泰禾首府8-10,"119.260475,25.953475",15060688290,福建省,福州市,闽侯县
发之典(源江路店),源江路150号美岐小区,"119.185200,26.062716",13799989352,福建省,福州市,闽侯县
A+造型美发沙龙(博士后官邸店),上南路130号,"119.210509,26.060968",[],福建省,福州市,闽侯县
e沙龙(正荣店),上街镇新保路18号正荣财富中心店面A2号楼一层18-9A,"119.218441,26.016345",[],福建省,福州市,闽侯县
绘理造型,广贤路163号,"119.204037,26.029546",19928730904,福建省,福州市,闽侯县
孟振晨发型设计工作室(万家广场店),甘蔗街道横街59号万家广场F2层,"119.139070,26.146649",[],福建省,福州市,闽侯县
潮流沙龙(福职学生街),上街镇榕桥村学生街二层联榕路15-220号,"119.163407,26.074118",15980106433,福建省,福州市,闽侯县
演绎造型(博雅店),青口镇新城路博雅星城路62/39,"119.376188,25.899061",13632018007,福建省,福州市,闽侯县
阿兰理发店,尚干镇东升村江滨新村68号老人馆路口,"119.378155,25.922711",15205062742,福建省,福州市,闽侯县
杰森造型,甘洪路与铁岭南路交叉口西南460米,"119.170870,26.139435",18259025005,福建省,福州市,闽侯县
简悦造型(翔龙花园店),创意路9号,"119.210357,26.042022",[],福建省,福州市,闽侯县
悦己美业(融侨宜家1期店),旗山路3号融侨宜家1期,"119.209034,25.980431",[],福建省,福州市,闽侯县
初心·美业(荷塘名苑店),荷塘名苑5号楼,"119.203170,26.031371",[],福建省,福州市,闽侯县
快剪15元,尚南路与祥谦路交叉口东南100米,"119.380017,25.923169",13799992838,福建省,福州市,闽侯县
亿剪专业烫染连锁店,青口镇海韵路海韵国际城16号楼1层06铺面,"119.376751,25.900439",19967145033,福建省,福州市,闽侯县
M17salon,上街镇源通东路136号福晟钱隆公馆b区2幢楼1层02号,"119.195508,26.075611",15880076751,福建省,福州市,闽侯县
新美理发店,石门街与上丹线交叉口南380米,"119.167564,26.073650",[],福建省,福州市,闽侯县
星程美容美发(龙湖·春江天玺店),鑫洲路3号龙湖·春江天玺,"119.276099,25.963786",[],福建省,福州市,闽侯县
流行美(万家广场店),甘蔗街道横街59号万家广场F2层,"119.138775,26.145775",[],福建省,福州市,闽侯县
佰慕造型(岐安福大学生街店),岐安福大学生街(猪师弟炸蘑菇),"119.191691,26.058812",15959007775,福建省,福州市,闽侯县
15元快剪(江口龙好公路店),南屿镇江口村龙好公路888号,"119.236178,25.963677",15980221650,福建省,福州市,闽侯县
Nika·尼卡美发私人定制,上街镇东百城永嘉天地14号楼17层1706室,"119.200059,26.069416",18016772633,福建省,福州市,闽侯县
木木造型(源通东路店),闽侯上街工贸路188号阳光理想城香草天空揽香6栋,"119.199690,26.079370",18396504009,福建省,福州市,闽侯县
型格形象设计(华韵财富广场店),华韵公园一号南1门旁,"119.372048,25.893551",13755837467,福建省,福州市,闽侯县
天姿造型(旗山花园店),旗山花园南门口11号楼,"119.212179,26.043039",[],福建省,福州市,闽侯县
飞妹精剪(上街店),上街镇新上街60-4号,"119.201652,26.075937",13645001332,福建省,福州市,闽侯县
吉霓丝印象美发(尚干店),祥谦路182号,"119.378066,25.924127",17689258087,福建省,福州市,闽侯县
艺海沙龙,南通镇罗洲村村里160号,"119.263427,25.957274",15280161106,福建省,福州市,闽侯县
千姿艺美发造型(福州大学旗山校区学生生活区店),上街镇福州大学生活3区32号楼,"119.191907,26.050798",17268688287,福建省,福州市,闽侯县
发域造型,新上街67-2号梧洋家具城旁,"119.201218,26.075840",13055753752,福建省,福州市,闽侯县
古月造型,洋山路与五虎路交叉口西20米,"119.344304,25.911531",18317911974,福建省,福州市,闽侯县
名匠造型,上街镇浦口村浦中3-5号,"119.210284,26.065360",13705030685,福建省,福州市,闽侯县
艺术人生时尚造型(上街店),上街镇邱阳东路书香领寓19号,"119.187391,26.079822",18016785191,福建省,福州市,闽侯县
艾妍美甲美睫工作室(永嘉天地店),上街永嘉天地14号楼17层1720,"119.199851,26.069287",[],福建省,福州市,闽侯县
秀造型理发店,南通镇泽苗街65-101,"119.271689,25.942780",0591-22242178,福建省,福州市,闽侯县
子泽造型(融创未来海店),融创未来海8号公寓子泽造型,"119.220575,26.034225",17605033241,福建省,福州市,闽侯县
飞飞快剪(高新苑B区店),高新苑25,"119.212837,26.041668",13799917933,福建省,福州市,闽侯县
青叶快剪(正荣SOHO店),正荣财富中心B1(永辉超市入口旁),"119.219080,26.018653",[],福建省,福州市,闽侯县
SO造型(上街潮街管理中心店),国宾大道266号东百城永嘉天地2层,"119.199897,26.069157",18805023888,福建省,福州市,闽侯县
星·快剪(男女剪发13元),工贸路8号,"119.200650,26.073922",13774516569,福建省,福州市,闽侯县
创意美发,荆溪镇邮政旁(荆溪厚屿地铁站A1西北口旁),"119.230701,26.109948",13067283785,福建省,福州市,闽侯县
承载刺青纹身工作室(预约),南屿镇后山村小后山232号D101室,"119.219089,25.984145",13609582577,福建省,福州市,闽侯县
入佳美美容美发(闽侯甘蔗店),甘蔗横街瀛洲花园48号,"119.138909,26.147359",13959139897;18046012262,福建省,福州市,闽侯县
美之源专业美容美发,上街镇红峰村宪窗31号,"119.185274,26.080665",13635276298,福建省,福州市,闽侯县
7柒美发沙龙,甘蔗街道榕洲路2-6号,"119.145661,26.141905",13400936757,福建省,福州市,闽侯县
喜柿造型,上街溪源宫路1号山水中美小区,"119.183325,26.059275",17671085095,福建省,福州市,闽侯县
宣染美发店,上街镇岐安花园二期25栋111号,"119.189023,26.045528",15959145330,福建省,福州市,闽侯县
快·剪,"荆溪永丰浦里23一3号(沙县小吃,黄焖鸡米饭)边上","119.243830,26.107426",18905983821,福建省,福州市,闽侯县
型色沙龙Color Salon(永嘉天地店),上街镇国宾大道268号永嘉天地幸福里14号楼1楼,"119.200075,26.069375",[],福建省,福州市,闽侯县
小高美发沙龙(上南路店),建平新村小区东南侧120米,"119.209513,26.052228",13645009233,福建省,福州市,闽侯县
美述发艺,两园安置房三期东北门西北120米,"119.237380,25.961944",[],福建省,福州市,闽侯县
MUSN木森造型(青口店),青口镇祥宏南路578号春江郦城花园S2号楼1层108,"119.373437,25.892768",18259106901,福建省,福州市,闽侯县
极简(壶山新苑小区店),青口镇农光路3-22,"119.371683,25.896152",17750208981,福建省,福州市,闽侯县
台湾快剪(新城丽景B区店),甘蔗街道昙石山西大道98号新城丽景B区,"119.151086,26.142621",13559925575,福建省,福州市,闽侯县
概念HAIR.SALON(永嘉天地店),国宾大道路268号永嘉天地三期10号楼,"119.200730,26.070884",[],福建省,福州市,闽侯县
首艺造型,上街镇学府北路8号福州大学旗山校区学生生活区,"119.191575,26.057275",[],福建省,福州市,闽侯县
你好漂亮时尚造型,甘蔗新城丽景B区98-1店面,"119.151410,26.142005",15960196319,福建省,福州市,闽侯县
一点红美发造型,青口镇村里新村2巷13-4号北面,"119.367568,25.900706",13960886487,福建省,福州市,闽侯县
密码美发店,南屿镇电影院对面邮政储蓄银行走进八十米大榕树旁边,"119.222439,25.975140",15005089206,福建省,福州市,闽侯县
星城美岸美发形象设计,青口镇博雅星城博园22-06商铺,"119.376193,25.898811",15960109665,福建省,福州市,闽侯县
艺发造型(中铁城吉第二期店),荆溪大道中铁城荆溪中大道6-51,"119.180690,26.133511",13860602273,福建省,福州市,闽侯县
青禾造型,白沙镇安平路166号,"119.074687,26.206539",15960115825,福建省,福州市,闽侯县
发丝缘美发沙龙(博雅星城康园店),博雅新城18号1层02店面,"119.376451,25.899321",13459152084,福建省,福州市,闽侯县
享理美发工作室,新尚路新上街111-2号,"119.194333,26.079321",[],福建省,福州市,闽侯县
舒心理发店,上街镇江南秀舍服装店对面小巷子里,"119.192227,26.080554",15980230005,福建省,福州市,闽侯县
新创意美容美发(阳光城西海岸A区店),西海岸A区西南门旁,"119.158789,26.131591",13509314305,福建省,福州市,闽侯县
三千丝美发(x117店),南屿街与旗麓南大道交叉口东120米,"119.219844,25.975789",13960976386,福建省,福州市,闽侯县
名人国际美业(闽候美岐红星商住花园店),上街镇美岐红星商住花园二号楼103店,"119.184381,26.063242",17750308482,福建省,福州市,闽侯县
卡卡造型(两园安置房店),南屿镇两园安置房商业一层店面337-21卡卡造型,"119.237162,25.961909",13295948900,福建省,福州市,闽侯县
丽人坊美容美发,青口华榕小区西南门旁,"119.381807,25.894046",13960805396,福建省,福州市,闽侯县
时间专业美容美发沙龙(博雅星城泊园店),青口镇博雅星城新城路62一41号,"119.376188,25.898998",13799988846,福建省,福州市,闽侯县
唐朝造型,入城路107号,"119.145205,26.147794",[],福建省,福州市,闽侯县
New+Hair美容美发中心(龙湖·春江天玺店),南通镇鑫洲路3号春江天玺花园6号楼1层01,"119.276158,25.963826",18396182982,福建省,福州市,闽侯县
完美美容美发会所(邱阳东路店),上街镇上街美岐二号安置房9号楼,"119.188186,26.077881",15880004475,福建省,福州市,闽侯县
AsSaLon奥斯形象设计,上街新峰108-4,"119.195114,26.079361",18559153535,福建省,福州市,闽侯县
馨艺理发店,竹岐乡榕东村42号,"119.131759,26.119493",13950410775,福建省,福州市,闽侯县
亮点形象沙龙,福龙新村34幢亮点理发店,"119.145394,26.149108",13600872060,福建省,福州市,闽侯县
美约造型(南边路店),甘蔗街道昙石山东大道62号,"119.160795,26.147272",18850420804,福建省,福州市,闽侯县
心动发艺,滨城大道与江福路交叉路口南侧(长兴小区),"119.137099,26.143409",15960071175,福建省,福州市,闽侯县
佐佑私人形象设计,甘蔗街道江福路23号,"119.137017,26.143794",15959128836,福建省,福州市,闽侯县
新感觉造型(白沙新城闽兴大道7号楼店),白沙新城闽兴大道7号楼,"119.076769,26.208819",15806021030,福建省,福州市,闽侯县
新茂美发,新上街17-9,"119.206015,26.072909",[],福建省,福州市,闽侯县
聚美造型(荆溪大道店),荆溪大道28号中庚香山天地五号11号店面,"119.192052,26.132832",15280106252,福建省,福州市,闽侯县
青扬造型(工贸路店),上街镇工贸路138-8号,"119.204348,26.078104",15280018623,福建省,福州市,闽侯县
煊煊美发,入城路402号,"119.145888,26.147906",15980260556,福建省,福州市,闽侯县
顶点造型(福秀路店),福秀路与南瓜线交叉口西60米,"119.256317,25.934901",15060007015;15060007016,福建省,福州市,闽侯县
意缘发型设计(中庚·香山天地西区店),经六路(中庚香山天地),"119.192389,26.132939",15705906408,福建省,福州市,闽侯县
发道(马保小区店),马保小区东南门旁,"119.206878,26.019656",18396144850,福建省,福州市,闽侯县
中宁美容美发,甘蔗街道昙石山西大道98号新城丽景B区9号楼二层201-206商铺,"119.151382,26.141994",15262324794,福建省,福州市,闽侯县
名丝专业烫染形象设计(福晟钱隆城店),上街镇源通东路福晟钱隆城16栋136-74店铺,"119.196808,26.077172",13358260599,福建省,福州市,闽侯县
探索者(闽都大庄园店),上街镇闽都大庄园,"119.213180,26.070148",[],福建省,福州市,闽侯县
丝丝美造型,甘蔗街道滨城大道56号嘉宸花园2号楼1层105商业服务网点,"119.135225,26.145525",[],福建省,福州市,闽侯县
海伦造型(男士15元洗剪吹)浦口店,浦口村卫生所东北侧,"119.205771,26.064065",[],福建省,福州市,闽侯县
AZ造型,三盛托斯卡纳三期39-99,"119.219474,26.009718",[],福建省,福州市,闽侯县
青述美发工作室,上街镇创新路9号世茂璀璨江山9号楼,"119.219421,26.034489",13328858669,福建省,福州市,闽侯县
南井美发店,117县道与旗麓南大道交叉口西南200米,"119.220309,25.965794",[],福建省,福州市,闽侯县
演亦造型(商业广场店),青口镇镜上路青口商业广场2楼,"119.373675,25.894225",[],福建省,福州市,闽侯县
阿明理发店,沙堤地铁站A口步行480米,"119.178158,26.082935",13859054833,福建省,福州市,闽侯县
迷尚造型「青口」,青口镇华榕楼1层,"119.381351,25.894568",18906909395,福建省,福州市,闽侯县
快剪新趋势(万家广场店),甘蔗街道昙石山西大道136号万家广场5号6号楼1层6122商铺,"119.139612,26.145500",[],福建省,福州市,闽侯县
DAY美发造型沙龙(师大西门店),广贤路60号荷塘名郡,"119.205025,26.032825",[],福建省,福州市,闽侯县
伊秀造型(福州闽侯县),兰陵笙大厦,"119.188162,26.081862",[],福建省,福州市,闽侯县
梅姐十元快剪,新上街与源通东路交叉口西北200米,"119.196677,26.078976",[],福建省,福州市,闽侯县
叁仟先生男士理发(正荣财富中心店),上街镇新保路正荣财富中心1号楼三层3012号商铺,"119.218617,26.018505",15980291598,福建省,福州市,闽侯县
阿金男士理发(师大店),广贤路60号荷塘名郡,"119.203692,26.035128",17758950661,福建省,福州市,闽侯县
顶艺造型(建平花园店),高新大道2-13,"119.211326,26.051439",18350030080,福建省,福州市,闽侯县
888造型,祥谦路457号(林耀口腔正对面),"119.370921,25.923449",15060101062,福建省,福州市,闽侯县
黑皮男士理发馆,青口镇华韵财富广场1栋12层1207,"119.371653,25.895167",[],福建省,福州市,闽侯县
尤司男士国潮理发馆(福州大学城店),永嘉天地二号楼01店铺尤司男士馆,"119.201384,26.071120",18350082846,福建省,福州市,闽侯县
简尚男士造型馆,惠好路与洪沙公路交叉口东南60米,"119.186317,26.080496",[],福建省,福州市,闽侯县
匠人造型(万科又一城店),明德路6-83,"119.201796,26.044885",13023896193,福建省,福州市,闽侯县
拾缘快剪(建平路店),上街镇高新大道1号中海寰宇天下,"119.214525,26.049981",[],福建省,福州市,闽侯县
昕薇造型(荆溪卫生院西),新城中路与甘洪路交叉口西南80米,"119.181668,26.126984",[],福建省,福州市,闽侯县
格蓝美(正荣店)(暂停营业),新保路18号,"119.218785,26.019021",15659138116,福建省,福州市,闽侯县
FAAZII发境(白马路万科里店),白马中路万科里s13-101A发境造型,"119.293403,26.068741",0591-86257255,福建省,福州市,台江区
沐梵·SALON(中亭街店),透龙街君临天华B区5号楼二层(君临天华幼儿园楼下),"119.311407,26.053607",18950284691,福建省,福州市,台江区
藤野造型(台江万达店),鳌峰街道曙光路万达广场金街2层92号商铺,"119.342933,26.053597",19522849197,福建省,福州市,台江区
金棕榈(苏宁广场店),宁化路苏宁广场A区1层118,"119.286598,26.061707",0591-87616686,福建省,福州市,台江区
TNT Barbershop男士理发店(上下杭福街店),台江区青年横路江滨西大道230-3号TNT男士理发(酉时烧鸟处拐入),"119.308734,26.049278",13055256601,福建省,福州市,台江区
可可造型(福州台江区),达道路达道美食城二楼(麦当劳对面),"119.308442,26.055204",0591-83858839,福建省,福州市,台江区
蓝调日式美学沙龙(宁化支路店),宁化支路4号(保兴社区南门旁),"119.295954,26.056993",13600834594,福建省,福州市,台江区
TNT Barbershop男士理发(中央第五街店),工业路360-61号(瑞幸咖啡对面),"119.292340,26.063879",13055256601,福建省,福州市,台江区
藤野造型(福州宝龙城广场店),工业路197号L4,"119.291013,26.061970",13075955226,福建省,福州市,台江区
壹发(万象九宜城店),工业路378号万象城3层,"119.290052,26.065066",0591-83217555,福建省,福州市,台江区
蓝调造型(河下店),长寿路25号北兴园7号楼05店面(义洲街道办事处西南),"119.296703,26.051725",18959185981,福建省,福州市,台江区
MIR HAIR SALON,交通路1号鸿运星城1号楼1层12号店面,"119.303948,26.066761",13164812360;13799418919,福建省,福州市,台江区
金棕榈(融侨中心店),江滨西大道100号融侨中心4楼4011,"119.277592,26.060448",0591-87666556,福建省,福州市,台江区
诣格造型(ICC升龙环球中心店),长汀街23号ICC升龙环球中心F2层,"119.285575,26.058325",0591-87063800,福建省,福州市,台江区
叁仟先生男士理发(苏宁店),工业路233号福州苏宁广场A区1号门2楼,"119.286838,26.061870",15359181608,福建省,福州市,台江区
壹发(台江万达店),金融街万达金街1F135号,"119.343238,26.053547",0591-87571636,福建省,福州市,台江区
蓝调造型(海润店),江滨中大道378号海润花园51座1层16店面,"119.348525,26.052375",17758957605,福建省,福州市,台江区
唐风采·高端假发定制(福州店),曙光路金融街申发大厦8楼809室,"119.340762,26.052640",18060687769,福建省,福州市,台江区
斑斓色彩沙龙(金融街万达店),鳌峰街道鳌峰路8号万达广场(福州金融街店)三楼,"119.343075,26.051725",0591-83590881;18050226165,福建省,福州市,台江区
DI JIA Hair Salon(宝龙店),"工业路193号宝龙广场(福州台江店)L2层(3号门进入直行20m,扶梯上到L2可见)","119.292600,26.061902",18850770045,福建省,福州市,台江区
HOLA SALON(富力中心店),祥坂街富力中心B区B3栋1816,"119.278080,26.061333",18850379417,福建省,福州市,台江区
MOCCI慕紫·烫发·染发(榕发·悦动广场店),鳌头路与东滨路交叉口西北140米榕发悦动广场F1-S18,"119.356961,26.047742",15108222350,福建省,福州市,台江区
蓝调造型(八中店),洋中街道铺前顶路19号(福州八中旁),"119.305617,26.059823",18350070132,福建省,福州市,台江区
亚木烫发染发Yamu Style(颐景园店),长寿路25号颐景园一区,"119.296260,26.050953",13960971681,福建省,福州市,台江区
美承尔美发店(万象九宜城店),西环中路691号万象九宜城二楼J08,"119.290034,26.064935",0591-83723332,福建省,福州市,台江区
MOCCI慕紫·烫发·染发(台江万达店),鳌江路台江万达1号门一层肯德基边上A栋写字楼出口处,"119.343649,26.052937",18060791292,福建省,福州市,台江区
叁仟先生男士理发(台江万达富闽店),鏊峰街道鏊峰路62号富闽恒升中心项目内3号楼1层02.19号铺,"119.343229,26.055104",15359181608,福建省,福州市,台江区
MOCCI慕紫·烫发·染发(融侨中心店),宁化街道江滨西大道100号融侨中心商业3层3002,"119.277475,26.059925",19264978391,福建省,福州市,台江区
美可造型(中央第五街店),工业路360号中央第五街1号楼22楼2212,"119.292490,26.063479",15806008270,福建省,福州市,台江区
ONE·烫发日记·法式卷·造型烫·烫发专门店(宝龙店),浦东路18号朗庭二期一楼18-9,"119.300418,26.060317",18150790107,福建省,福州市,台江区
NINESTUDIO,青年横路与中平路交叉口南120米,"119.308022,26.049314",18359162443,福建省,福州市,台江区
MOCCI慕紫·烫发·染发(宝龙城市广场南区店),宁化街道工业路193号宝龙广场4层47号,"119.292025,26.061575",18150790215,福建省,福州市,台江区
8cm无痕专业接发(宝龙万象店),上海街道工业路360号中央第五街1号楼1423室,"119.292502,26.063478",13015716683,福建省,福州市,台江区
艾丝造型(新港街店),五一南路189号金色维也纳C区,"119.317329,26.058788",18050217820,福建省,福州市,台江区
引领时尚following style,宝龙广场3楼61号引领时尚following style宝龙2号门上手扶梯50米左右靠近kfc珍妮,"119.291425,26.061675",15959108153,福建省,福州市,台江区
秀发(中央第五街店),中央第五街1号楼1818(宝龙城市广场对面麦当劳旁边),"119.292529,26.063474",18259170219,福建省,福州市,台江区
精彩造型(苍霞新城嘉华苑店),苍霞新城嘉华园240号,"119.304744,26.048793",18695721975,福建省,福州市,台江区
SMP缜密纹发中心(福州店),长汀街10号天璟商务中心15楼1502,"119.287296,26.060716",0591-86216626,福建省,福州市,台江区
SO HAIR(台江万达店),鳌峰街道鳌江路8号福州金融街万达广场二期C1-C4连接体1层95号商铺,"119.342075,26.052625",0591-83300051;18559896557,福建省,福州市,台江区
叁仟先生男士理发(文化宫群升汇店),洋中街道八一七中路760号群升国际二期E地块E2楼1层01商城15-01,"119.305075,26.058725",15359181608,福建省,福州市,台江区
张国潮男士理发馆(宝龙店),宝龙广场商场3号门扶梯上3层(扶梯口),"119.292507,26.061848",18250318390,福建省,福州市,台江区
IN HOPE(漂亮人生澜悦店),瀛洲街道瀛福路南侧万科澜悦花园三区C-S6号楼1层17,"119.328050,26.057432",0591-87326329,福建省,福州市,台江区
S33·SALON(三迪中心希尔湾店),三迪中心希尔湾商场3层,"119.285375,26.056425",15960008110,福建省,福州市,台江区
KDsalon(福州苏宁广场B区店),祥坂街长汀街10号天璟商务中心715室,"119.287239,26.060691",19905912370,福建省,福州市,台江区
咔咔(中亭街店),八一七中路774号,"119.305211,26.057776",18559872590,福建省,福州市,台江区
迪可造型美发连锁机构(双杭店),学军路融信双杭城mini墅2号楼10号店面,"119.302780,26.055144",15205009790,福建省,福州市,台江区
午后美发,福能海峡口腔医院西门旁,"119.312161,26.068833",15605917489,福建省,福州市,台江区
漂亮人生美发(群众路店),茶亭街道群众路53号福德裕苑1号楼1层12店面,"119.308441,26.068895",0591-83577672;13489137802,福建省,福州市,台江区
A380造型(达道店),后洲街道达江路8号君临天华D区13栋80号店铺,"119.310380,26.054948",13635282925,福建省,福州市,台江区
妍悦造型金牌烫染设计(苏宁广场店),苏宁广场C区二层207(祥坂地铁站D东北口步行80米),"119.286475,26.060475",[],福建省,福州市,台江区
iHair Prive·发型高级定制,鳌峰街道鳌峰路8号万达广场A1公寓23层2305室,"119.343645,26.052982",[],福建省,福州市,台江区
杜莎美业(台江万达旗舰店),金融街1层128号,"119.341771,26.051483",0591-83630373,福建省,福州市,台江区
MR名人造型(汇福大厦店),群众路198号汇福大厦F1层,"119.309989,26.069492",15960005239;18350182731,福建省,福州市,台江区
ONESELF·美发沙龙(福晟·钱隆天下店),福晟·钱隆天下,"119.312925,26.062225",15302500465;18144032765,福建省,福州市,台江区
大头小余·烫发染发造型店(大头小余造型店宝龙店),"工业路193号宝龙广场(福州台江店)L3层(7号门进入直行40m,扶梯上到L3可见)","119.291339,26.061612",15959008821,福建省,福州市,台江区
慕紫美业宝龙旗舰店,"工业路193号宝龙广场(福州台江店)L4层(6号门进入直行30m,扶梯上到L4可见)","119.291996,26.061539",0591-83801791,福建省,福州市,台江区
钱隆发型(钱隆店),五一南路28号2栋26-号店面,"119.312971,26.061963",18060646477,福建省,福州市,台江区
发空间,工业路360号中央第五街,"119.292456,26.063498",0591-28351151,福建省,福州市,台江区
美遇·专业烫染(台江万达金街店),鳌江路6号台江金街2层219室,"119.342991,26.053695",15345008868,福建省,福州市,台江区
VanGu梵古(中防万宝店),万象城蘑菇云中防万宝城B1北环街4号,"119.289987,26.063304",17759075766,福建省,福州市,台江区
蓝咔美发工作室设计(宁化店),宁化街道祥坂路51号温馨家园1号楼13号店,"119.284550,26.062115",13850123287,福建省,福州市,台江区
禾良形象(君临闽江店),君临闽江6座一层03店面,"119.322890,26.054040",18659166891,福建省,福州市,台江区
铭发郎发型直营连锁(台江阳光城悠澜郡店),阳光城悠澜郡一区2号门旁,"119.329298,26.057735",18159181535,福建省,福州市,台江区
美技造型(群升店),八一七中路758-2号,"119.305200,26.059058",18105036861,福建省,福州市,台江区
V style潮色接发(宝龙广场二),工业路宝龙城市广场2楼125号(5号6号直梯旁内广场舞台旁),"119.291774,26.061185",13799400224,福建省,福州市,台江区
台江星创元造型(群升国际A区店),群升国际A区(达道地铁站A口步行330米),"119.307998,26.056149",13774515568;15060038722,福建省,福州市,台江区
花漫造型(汇福大厦店),群众路198号汇福大厦F1层,"119.310013,26.069512",18850484446,福建省,福州市,台江区
丽丽美容美发会所(君临天华A区店),君临天华A区74号,"119.312799,26.052553",0591-83261598;13950295592,福建省,福州市,台江区
泓源优品补发(富力中心C2栋店),宁化街道上浦路67号富力中心C2栋1907室,"119.279737,26.060633",13055725526;13055726757,福建省,福州市,台江区
NOCAP Barbershop男士理发店,洋中街道洋中路299号融信双杭城MINI墅3号楼2楼,"119.303325,26.055625",18850398773,福建省,福州市,台江区
AK造型(茶亭国际店),八一七中路茶亭国际12层1207,"119.305440,26.068365",15806087298,福建省,福州市,台江区
93M国潮男士(宝龙店),宝龙城市广场2楼131-132店面,"119.291690,26.061511",17720780067,福建省,福州市,台江区
A+快剪(达道店)·达道地铁站内,广达路与达道路交叉口北20米,"119.309794,26.057252",15005915661,福建省,福州市,台江区
柚子发舍(群升白马郡B区店),浦东路12-24号,"119.298269,26.060307",15959017142,福建省,福州市,台江区
台江区优丝美界理发店,中央第五街1号楼外围瑞幸咖啡旁边,"119.292315,26.063590",13763851181,福建省,福州市,台江区
玛雅美发店,宁化路3-4号(宁化地铁站C南口步行200米),"119.293428,26.060371",15880466446,福建省,福州市,台江区
福州范美特接发工厂店,宁化街道工业路宝龙城市广场2层124号,"119.291725,26.061125",13799400224,福建省,福州市,台江区
Cos Hair·造型,广达路191号(茶亭地铁站D东南口步行380米),"119.307694,26.067325",15960005239,福建省,福州市,台江区
轻术造型(海润店),鳌中路4号,"119.349039,26.052052",[],福建省,福州市,台江区
花野慕美发工作室(祥坂店),祥坂路西滨好美佳7栋01号店面,"119.283487,26.061926",13225910003,福建省,福州市,台江区
缪丝造型(状元店),状元街99号汇福花园5号楼1层3店,"119.316148,26.067432",18059006667,福建省,福州市,台江区
Monna蒙纳·私人发型定制(心家泊店),长寿之路2号,"119.296248,26.048552",13655066705,福建省,福州市,台江区
风格造型,浦尾巷82号,"119.308575,26.066775",18606098986,福建省,福州市,台江区
古北造型(中亭街店),后洲街道透龙街29号(达道地铁站C西南口步行260米),"119.310396,26.054475",18656384876,福建省,福州市,台江区
IN Hair工作室,上海街道工业路360-9号中央第五街1号楼420室,"119.292535,26.063524",18506007697,福建省,福州市,台江区
淇淇专业烫染店(祖庙后弄店),群众路祖庙后巷(茶亭地铁站A东北口步行200米),"119.305721,26.070030",15080005492,福建省,福州市,台江区
江小仙女的私人订制美妆造型,洋中路299号融信双杭城Mini墅3号楼816室,"119.303461,26.055695",15059281877;15960196696,福建省,福州市,台江区
华尚造型(万达广场店),鳌峰路8号万达广场福州金融街店1F层,"119.343215,26.053709",0591-87480596;13635290119,福建省,福州市,台江区
九月造型(中央第五街店),怡园支路中茵名仕花城5号楼,"119.292255,26.064451",15259827950,福建省,福州市,台江区
金玉美发店,鳌光路亚峰小区16号楼下,"119.343290,26.058752",13600817390,福建省,福州市,台江区
Solo Hair概念设计(西二环中路店),荷泽小区,"119.288526,26.065167",15060004430;15859019041,福建省,福州市,台江区
尊艺社匠心剪艺,宁化街道福机新苑新兴横巷169店面,"119.291998,26.055095",13605955932,福建省,福州市,台江区
BELLAIRE贝莱尔沙龙(金域国际店),瀛福路46-42号,"119.327331,26.057934",14759702225,福建省,福州市,台江区
发界造型(中茵·名仕花城店),交通西路33-22号(宁化地铁站B西口步行340米),"119.291624,26.065307",18616796657,福建省,福州市,台江区
颜佪美发沙龙,富力中心B区,"119.277562,26.061222",[],福建省,福州市,台江区
米斯李Hairsalon烫发染发(宝龙店),工业路193号宝龙广场福州台江店L1层,"119.292636,26.060929",[],福建省,福州市,台江区
618造型(茶亭国际写字楼店),群众路茶亭国际6楼612室(茶亭地铁站D东南口旁),"119.305286,26.068696",13163882263,福建省,福州市,台江区
铭发郎美发连锁(台江茂泰大厦店),五一南路2号茂泰世纪大厦,"119.312055,26.063469",[],福建省,福州市,台江区
小童星儿童理发(福州台江店),西环中路691号万象九宜城B1层,"119.290325,26.064775",[],福建省,福州市,台江区
瑞美时尚沙龙(鳌峰店),鳌峰路海润滨江46栋07店面,"119.345991,26.053007",15959085962,福建省,福州市,台江区
铭宣造型(君临天华B组团店),中亭街君临天华6号楼27号,"119.311682,26.053761",[],福建省,福州市,台江区
A+快剪(鳌峰洲店),地铁4号线鳌峰洲地铁站A口(地铁站内),"119.344925,26.055375",15005915661,福建省,福州市,台江区
合一美容美发连锁(阳光悠澜郡店),瀛福路35号阳光城悠澜郡(二区)7号楼03店面,"119.328508,26.056074",15280028565,福建省,福州市,台江区
经典造型(宁化店),宁化支路18号,"119.296546,26.057031",15280068343,福建省,福州市,台江区
芊佰度美容美发形象设计(翠堤苑店),榕信东苑南区,"119.340789,26.058743",13950304312,福建省,福州市,台江区
发元素·美发沙龙(双杭店),澜园5号016,"119.302469,26.056821",17850879232,福建省,福州市,台江区
艾简造型,六一中路275号武夷嘉园2幢1层08号,"119.320647,26.063315",13696800006,福建省,福州市,台江区
甄维康白发脱发修护中心(宝龙店),工业路193号宝龙广场福州台江店L4层,"119.291775,26.061575",18649803918,福建省,福州市,台江区
趋势造型(新权店),茶亭街道高桥支路6号华信花园4号5号楼105,"119.309805,26.071285",13489033016,福建省,福州市,台江区
皇冠亲理儿童美发(万象九宜城店),西环中路691号万象九宜城3F层354,"119.290469,26.064820",0591-87525630,福建省,福州市,台江区
凡高HAIR SALON(融信双杭城沁园店),融信双杭城沁园2栋,"119.301638,26.057411",15750893557,福建省,福州市,台江区
意流美发连锁机构,上杭路46号,"119.306749,26.055026",15005992956,福建省,福州市,台江区
动感造型坊(高桥阳光新村店),高桥支路13-5号,"119.311022,26.071761",15980207959,福建省,福州市,台江区
发缘未了造型机构(义洲新区长寿园店),长寿路20号义洲新区9号楼1层02店面,"119.295799,26.051127",13605957256,福建省,福州市,台江区
合一美容美发连锁(海润滨江店),鳌峰路451号(鳌峰洲地铁站D东南口步行370米),"119.347479,26.052556",15280028565,福建省,福州市,台江区
美技造型(双杭城店),双杭城mini墅洋中路307号瑞辛咖啡旁,"119.302850,26.055389",[],福建省,福州市,台江区
DLM专业接发(宝龙店),宁化街道工业路193号宝龙广场B幢9楼505,"119.290890,26.060960",15126165962,福建省,福州市,台江区
领域美发工作室,河口东里75号,"119.309243,26.062685",[],福建省,福州市,台江区
发起点形象沙龙(乃裳园南区店),帮洲新区同德路68号乃裳园11号1层11-2店,"119.299496,26.049511",18750760818,福建省,福州市,台江区
iD造型(广达店),广发路药王巷25号(达道地铁站A口步行290米),"119.307877,26.058861",18516194287,福建省,福州市,台江区
圣罗兰造型(红日花园店),国货路鲤鱼巷5-红日花园3座,"119.311693,26.062157",13860637802,福建省,福州市,台江区
随影造型(河下店),乃裳园西南门旁,"119.298315,26.050867",13860671305,福建省,福州市,台江区
丝爱造型(龙庭路店),五一中路61-8,"119.312987,26.072162",15060030399,福建省,福州市,台江区
秀江南美发(武夷嘉园店),六一中路武夷嘉园277号(南公园地铁站D口步行60米),"119.320726,26.063321",[],福建省,福州市,台江区
发爵造型机构(祖庙路店),祖庙路13(茶亭地铁站A东北口步行270米),"119.306632,26.070095",0591-83227747;13685049909,福建省,福州市,台江区
摩登造型(水岸华庭店),鳌兴路283号水岸华庭20座2,"119.359525,26.053568",13860606163,福建省,福州市,台江区
拾缘快剪(宁化店),红旗大厦,"119.296899,26.056774",[],福建省,福州市,台江区
拾缘快剪(西洋店),西洋路48-3号(西洋地铁站B西口步行230米),"119.295264,26.069837",[],福建省,福州市,台江区
新舒丽造型机构(台江区鼓楼区龙庭路),龙庭路37号,"119.313258,26.072073",0591-83313837,福建省,福州市,台江区
ANDY唯美时尚造型(长寿店),长寿路上游巷号13-01,"119.294326,26.051561",13763810345,福建省,福州市,台江区
奥利斯时尚造型(荷泽小区店),菏泽小区六座,"119.288570,26.065179",13706985832;15060439051,福建省,福州市,台江区
靓仔发型定制(河下街锦标园店),义洲街道锦标路18号,"119.296039,26.053197",15659735558,福建省,福州市,台江区
ABP Hair Salon染发·接发·造型(富力中心店),宁化街道富力中心B3栋2205单元,"119.277971,26.061340",13328693529,福建省,福州市,台江区
芊序美学造型,洋中路299号融信双杭城Mini墅3号楼1020,"119.303353,26.055471",[],福建省,福州市,台江区
摩登烫染造型(宝龙城市广场店),工业路193号宝龙城市广场3L-42号,"119.291127,26.061797",[],福建省,福州市,台江区
V+快剪(安淡店),洋中街道国货西路87号福楼1号,"119.309528,26.063504",[],福建省,福州市,台江区
鑫鑫美发店(福光南路店),福光南路379号武夷绿洲14号楼1层07店面,"119.356244,26.055750",18659199119,福建省,福州市,台江区
格调美发(怡丰小区店),学军路39号怡丰小区,"119.306532,26.054891",[],福建省,福州市,台江区
名访精剪烫染专业沙龙(颐景园二区店),颐景园二区1号楼,"119.298117,26.050956",[],福建省,福州市,台江区
定点造型(福机新苑店),宁化街道福机新苑5号1层06号店面,"119.291396,26.055123",13306918780,福建省,福州市,台江区
慕紫造型(宁化优享店),宁化支路2号(保兴社区南门旁),"119.295784,26.056996",13105990435,福建省,福州市,台江区
FCS台湾快剪,群众路110号(茶亭地铁站A东北口步行140米),"119.306172,26.069340",13685040703,福建省,福州市,台江区
A PLUS·A+美发沙龙,宁化街道工业路193号宝龙城市广场三楼52-54号,"119.291310,26.061719",15960110608,福建省,福州市,台江区
浅味发艺,仁德路双福花园12号15号铺,"119.304761,26.071771",13850111004,福建省,福州市,台江区
浪波湾(亚峰小区店),曙光路13号亚峰小区21号楼,"119.342675,26.058370",[],福建省,福州市,台江区
翔子造型(新港苑店),新港街道五一南路189号启富花园8号楼5店面,"119.317622,26.058866",13559946723;13559949723,福建省,福州市,台江区
泰库美发沙龙(台江万达店),榕信东苑6号楼01店铺,"119.340568,26.059014",15080035447,福建省,福州市,台江区
潮匠·7사고급살롱·高桥发型设计(宝龙广场店),宁化街道工业路193号宝龙广场(福州台江店)3号门2楼,"119.292625,26.061775",[],福建省,福州市,台江区
介里是家理发店,八一七中路499号(茶亭地铁站D东南口旁),"119.304968,26.068327",15880169202,福建省,福州市,台江区
首赞臣古方头疗(河下街店),河下街81号,"119.297395,26.051110",15592347687,福建省,福州市,台江区
康臣一品生发乌发养生(宝龙店),浦西路131号博奥城2号楼6号店,"119.294761,26.059366",0591-83806309,福建省,福州市,台江区
丝沐造型(博美诗邦店),博美诗邦6号楼1层7号,"119.300778,26.063982",13023889686,福建省,福州市,台江区
栉沐发型工作室,富力中心B区,"119.278075,26.061275",[],福建省,福州市,台江区
姐妹理发店(荷塘路店),荷塘路50号(西洋地铁站B西口步行330米),"119.297353,26.069017",13600899094,福建省,福州市,台江区
顶尚美发店(西滨好美家店),祥坂路46号西滨好美家7幢,"119.283413,26.061887",15280015697,福建省,福州市,台江区
合一美容美发连锁(阳光凡尔赛宫店),水晶花园8号楼02店铺,"119.347356,26.057051",15259773084,福建省,福州市,台江区
VS沙宣造型全国连锁(大利嘉店),大利嘉城写字楼D区9层913室,"119.313184,26.067603",13609503723;15859193598,福建省,福州市,台江区
ABC hair美发私人订制(三保园店),三保直街3号店铺,"119.300552,26.048967",13252168837,福建省,福州市,台江区
千代造型,广达路395号13双丰新村,"119.309348,26.059281",18506007268,福建省,福州市,台江区
新潮美发旗舰店(长乐南路店),长乐南路7-18号,"119.331303,26.054870",18960809357,福建省,福州市,台江区
阿胜造型(群众东路店),群众东路状元楼35-4,"119.313352,26.069343",18705919313,福建省,福州市,台江区
新发线造型(西洋路店),西洋路40-1号(西洋地铁站B西口步行200米),"119.295425,26.070125",18695736757,福建省,福州市,台江区
一飞美业(美博城店),六一中路382号美博城一楼158号,"119.319884,26.060005",15510895927,福建省,福州市,台江区
型巢时尚美发(武夷绿洲西区店),福光南路武夷绿洲379号15座06店面,"119.356443,26.055955",13290748115,福建省,福州市,台江区
平价快剪,上海街道交通路23-7店面,"119.301340,26.066667",15959133442,福建省,福州市,台江区
VV造型(金色维也纳B区店),五一南路189-32号,"119.317144,26.058983",18960788580,福建省,福州市,台江区
莱卡造型(奋斗里店),元兴小区奋斗里77号,"119.300291,26.058917",13282001633,福建省,福州市,台江区
POP美容美发(安平小区店),新玉环路81-4号,"119.313913,26.053169",18950330010,福建省,福州市,台江区
美约美发(宝龙广场店),宁化街道工业路193号宝龙城市广场3楼40,"119.291852,26.062105",15060100218,福建省,福州市,台江区
银剪美业,交通路37-4号,"119.298358,26.066575",18106071668,福建省,福州市,台江区
悦剪坊,浦尾巷43号店面,"119.308619,26.067669",13655075028,福建省,福州市,台江区
丝镁造型,交通西路33-48(宁化地铁站B西口步行290米),"119.292085,26.064446",15005000719,福建省,福州市,台江区
小章理发屋,群众东路89−6,"119.315992,26.069334",18396541485,福建省,福州市,台江区
美芳美发店(交通花园梦茵园店),交通路红庆里8号交通花园梦茵园,"119.300337,26.066123",13123166864,福建省,福州市,台江区
云顶之艺造型设计(苍霞新城嘉盛苑南区店),南园路86号,"119.305267,26.047563",17605915680,福建省,福州市,台江区
丝曼形象设计,鳌峰路255号海润滨江46栋04店面,"119.346028,26.052995",13110881025,福建省,福州市,台江区
爱上快剪,中亭街中亭街G区利民苑1栋,"119.309380,26.055256",18350078809,福建省,福州市,台江区
艾尚造型(瀛福小区店),环河路与瀛洲路交叉口北80米,"119.316101,26.054667",13959106945,福建省,福州市,台江区
米兰造型(侨信公寓店),连江中路247号侨信公寓20号店,"119.336427,26.058219",13067258198;18850423661,福建省,福州市,台江区
后玖造型,铺前顶路19号菁菁园景公寓二区,"119.306237,26.060690",18150051979,福建省,福州市,台江区
史泰龙发型屋(嘉澄小区店),和平路与安庆横里交叉口西北100米,"119.312993,26.056251",13405959608,福建省,福州市,台江区
拾缘快剪(同德路店),同德路32号,"119.300255,26.049501",[],福建省,福州市,台江区
宾森美发工作室,广达路155号(茶亭地铁站D东南口步行330米),"119.307558,26.068036",15715025880,福建省,福州市,台江区
金频果(福州六一国际童装城店),六一中路利伟大厦六一国际童装城1号楼5号店面,"119.320073,26.054557",13599395406,福建省,福州市,台江区
剪艺(苍霞新城嘉华苑店),中平路210号,"119.305577,26.049151",15959022583,福建省,福州市,台江区
美悦沙龙(福州台江区),万科金域国际城市中心S1号楼02店面,"119.328045,26.059621",0591-28022268,福建省,福州市,台江区
缘星梦发型机构(锦标园店),河下街锦标路30号,"119.296345,26.053254",13950496109,福建省,福州市,台江区
发尖美发沙龙(宝龙广场福州店B幢店),工业路193号宝龙广场(福州台江店)L3层,"119.291335,26.061751",13489990414,福建省,福州市,台江区
零度造型(万科金融港5号楼店),鳌峰街道万科金融港5号楼125,"119.362789,26.044969",18649793119,福建省,福州市,台江区
芊艺美容美发(武夷绿洲东区店),武夷绿洲东区西南门旁,"119.358856,26.054430",15980736485,福建省,福州市,台江区
小和美发店,乃裳园东北2门旁,"119.299276,26.051006",18259173790,福建省,福州市,台江区
阿宝理发店(工业路店),工业路118号东辉花园,"119.302656,26.063417",13509394751,福建省,福州市,台江区
懂你·造型,洋中路299号融信双杭城Mini墅3号楼1511,"119.303494,26.055663",[],福建省,福州市,台江区
AD快剪(红庆店),红庆路21-3,"119.301744,26.063928",15060421828,福建省,福州市,台江区
发时尚(中庚·书香大第店),白马中路126号中庚·书香大第南区8幢,"119.295478,26.063862",0591-82379287;13905926667,福建省,福州市,台江区
飞飞美发(南台商贸中心店),尾垱街23号南台商贸中心,"119.319775,26.055475",15659990978,福建省,福州市,台江区
帝辰造型(榕江新天地店),鳌峰街道光明路2号榕江新天地,"119.339363,26.056371",18750166468,福建省,福州市,台江区
浩宇美业(祥安花园店),国货东路78-4号,"119.322242,26.067132",15750860321,福建省,福州市,台江区
觅思miss hair salon(宝龙店),"工业路193号宝龙广场(福州台江店)L3层(3号门进入直行20m,扶梯上到L3可见)","119.292510,26.061937",13599040474;18664570080,福建省,福州市,台江区
Vinci美妆造型工作室(富力中心店),富力中心B2栋402,"119.277536,26.061767",13167336233,福建省,福州市,台江区
楠妞高级私人定制美妆工作室(文华富邑大楼店),五一南路311号文华富邑大楼F36层,"119.314891,26.054145",13799376009,福建省,福州市,台江区
雾界·美甲美睫工作室,洋中路299号融信双杭城Mini墅1号楼1106,"119.303220,26.055718",[],福建省,福州市,台江区
Miro·米洛美甲美睫工作室,富力中心B区,"119.277947,26.061196",[],福建省,福州市,台江区
艾紫工作室,洋中路299号融信双杭城MINI墅1号楼1418,"119.302954,26.055851",19523136165,福建省,福州市,台江区
手艺人美发店,达江路君临天华C区10号楼8-91,"119.311263,26.054378",15880054323,福建省,福州市,台江区
OC快剪(白马中路店),上海街道交通路173号白马河公寓,"119.294274,26.065531",[],福建省,福州市,台江区
免费理发,玉环路1号君临天华A组团,"119.311825,26.053025",[],福建省,福州市,台江区
大众造型,群众东路99号元一温泉花园,"119.318625,26.068075",[],福建省,福州市,台江区
藤野造型(福州中骏世界城店),中骏世界城步行街二楼A246A245,"119.321478,26.032771",15820329520,福建省,福州市,仓山区
期五新生代男士发型仓山万达店,仓山万达广场B区36号店铺,"119.273658,26.036797",18050783063,福建省,福州市,仓山区
HOME HAIR合木(乐堤港玫瑰天街店),远洋德呈乐堤港玫瑰天街红星国际3号商业楼1层38商铺,"119.278790,26.040280",[],福建省,福州市,仓山区
MOCCI慕紫·烫发·染发(仓山万达店),万达广场4号门出口对面B1区,"119.273313,26.036565",15159719272,福建省,福州市,仓山区
智慧沙龙Colour Opal(仓山万达旗舰店),浦上大道276号万达广场A区福州仓山万达广场店F1层,"119.272233,26.035533",15980268800,福建省,福州市,仓山区
藤野造型(远洋德呈乐堤港店),远洋德呈乐堤港玫瑰天街2层204,"119.279095,26.039936",18050229776,福建省,福州市,仓山区
93m国潮男士(仓山万达店),金山街道浦上大道272号仓山万达广场A区1层235商铺,"119.274611,26.037085",13305003802,福建省,福州市,仓山区
圣安娜(江南水都店),闽江大道197号江南水都综合楼2层,"119.280707,26.042132",0591-87579889,福建省,福州市,仓山区
MOCCI慕紫·烫发·染发(中骏世界城店),中骏世界城(金街2层)10号门出口处,"119.321925,26.032125",15392389517,福建省,福州市,仓山区
叁仟先生男士理发(金山万科里店),金山街道金康路160号金山万科里B1-34铺位,"119.261243,26.039440",15980291598,福建省,福州市,仓山区
阿国大叔美发沙龙(仓山万达广场SOHO区C2号楼店),浦上大道274号仓山万达广场SOHO区C2五楼,"119.276410,26.037350",13625021895;13960783447,福建省,福州市,仓山区
六景c造型馆,浦上大道274号万达广场C区C2楼1526(红星美凯龙旁),"119.276481,26.037296",18649831179,福建省,福州市,仓山区
蓝调造型(阳光店),建新镇盘屿路3号奥体阳光花园二期1层19-01,"119.278225,26.018475",18005018609,福建省,福州市,仓山区
立型男士国潮理发馆(仓山万达店),亭头路253-49(浦上大道地铁站A北口步行410米),"119.274321,26.037241",15880077583,福建省,福州市,仓山区
MOCCI慕紫·烫发·染发(世纪金源店),潘墩路188号闽江世纪金源购物中心2门中庭2层海底捞对面,"119.358097,26.022938",18054937226,福建省,福州市,仓山区
GT私人订制·专业烫染接发(仓山万达店),浦上大道仓山万达SOHO区C3-8楼825,"119.276296,26.037641",15980210360,福建省,福州市,仓山区
优剪美发店(工农路店),下渡街道工农路23-20号福圆苑东区10座,"119.325128,26.042775",18850131887,福建省,福州市,仓山区
XY hair salon,金达路130号大榕树创意园3号楼1楼1011号,"119.262161,26.056782",15859014632,福建省,福州市,仓山区
蓝调造型(对湖店),嘉年华花园学生公寓西门旁,"119.314455,26.033228",0591-87442855,福建省,福州市,仓山区
叁仟先生男士理发(远洋德呈乐堤港店),闽江大道远洋德呈乐堤港1层,"119.278875,26.041575",15980291598,福建省,福州市,仓山区
MI HAIR(爱琴海店),浦上大道198号福州远洋德呈乐堤港2层,"119.279419,26.040268",0591-83741006,福建省,福州市,仓山区
VVsalon接发烫染连锁(仓山万达店),亭头路253-45号万达二区店面,"119.274189,26.037156",18250486899,福建省,福州市,仓山区
叁仟先生男士理发(金城湾广场店),金山街道花溪中路32号金城湾广场1层1028商铺,"119.244689,26.049688",15359181608,福建省,福州市,仓山区
轻术造型(金祥店),金祥路527号春晓苑20号楼06号,"119.254331,26.047322",[],福建省,福州市,仓山区
蓝调造型(农林大学店),建新镇上下店路102号农林大学东方学院(农林大学劳光综合楼旁),"119.248207,26.081952",0591-88204982,福建省,福州市,仓山区
GEGE假发(乐堤港店),乐堤港购物中心1号门2层电梯口,"119.279627,26.040032",15896742223,福建省,福州市,仓山区
黑哥造型(盖山镇卫生院西北),盖山镇义序路棋杆里新村46号隔壁,"119.324563,25.999312",13615048171,福建省,福州市,仓山区
蓝月亮美发设计(首山路),首山路203号,"119.314595,26.021243",13805062201,福建省,福州市,仓山区
叁仟先生男士理发(世纪金源店),城门镇潘墩路188号福州闽江世纪金源购物中心一层中岛Z1003,"119.357537,26.023593",15980291598,福建省,福州市,仓山区
时尚巴厘美容美发(远洋德呈乐堤港店),金山街道浦上大道198号远洋德呈乐堤港L7层,"119.279639,26.041055",0591-88680679,福建省,福州市,仓山区
蓝调造型(金山亚朵店),金山浦上工业区仓山园协盛装饰大楼2号楼一层05店金霞小区对面,"119.273583,26.029204",15305916752,福建省,福州市,仓山区
铭发郎发型直营连锁(南站·阳光天地购物中心店),城门镇胪雷路阳光天地S5一103铭发郎直营连锁古名奶茶边上,"119.384418,25.986852",15980645945;18558766655,福建省,福州市,仓山区
叁仟先生男士理发(中骏世界城店),南台路86号中骏世界城外街2层A208号,"119.321492,26.032391",15980291598,福建省,福州市,仓山区
想你美发沙龙(金港店),金港路嘉园小区1栋04店面35-11,"119.275591,26.032724",0591-62787797,福建省,福州市,仓山区
未来美业(仓山万达金街店),金山街道浦上大道272号万达广场(福州仓山店)金街203铺,"119.273299,26.036074",0591-83050086;13763801822,福建省,福州市,仓山区
兰蔻私人订制美发连锁(仓山万达店),金山街道浦上大道272号仓山万达广场SOHO区C2栋912室,"119.276529,26.037350",13489190310,福建省,福州市,仓山区
蓝创专业烫染吧,金山大道580融信小区32号橘园洲公交站后,"119.244060,26.050790",13960783985,福建省,福州市,仓山区
米崎造型(南站阳光天地店),胪雷路16号南站·阳光天地购物中心F1层,"119.384272,25.987909",15570062774,福建省,福州市,仓山区
几点洗脸洗头吧,金山街道凤冈路226号玺云公馆6-1号楼1层06,"119.259875,26.037775",19559195789,福建省,福州市,仓山区
想你美发沙龙(金山万科里店),金山街道金康支路金山万科里B-2728,"119.261606,26.039124",0591-62788189,福建省,福州市,仓山区
卡罗迪发型连锁(学生街店),仓前街道石岩路33-51号欣隆盛花园,"119.314426,26.037673",18558758520,福建省,福州市,仓山区
美发复印打印照相店,南三环路与螺洲街交叉路口往东南约100米,"119.352939,25.998745",13950408297,福建省,福州市,仓山区
名点时尚(春晓苑店),金山街道14号金山碧水三期春晓苑20号楼06-07号,"119.254410,26.047286",0591-88071217,福建省,福州市,仓山区
MOCCI慕紫·烫发·染发(乐堤港店),浦上大道198号福州远洋德呈乐堤港1层,"119.278771,26.040764",[],福建省,福州市,仓山区
BB儿童理发馆(远洋德呈乐堤港店),浦上大道远洋德呈乐堤港3层童装区(英孚教育旁),"119.279475,26.040375",[],福建省,福州市,仓山区
艾发造型(兴元花园店),下渡街道展进巷20号兴元花园(大坪路),"119.328747,26.042027",13950406208,福建省,福州市,仓山区
尚戏造型(江南水都店),上渡街道通江路115号江南水都四期39号楼1层01店面,"119.290163,26.039922",13559199702,福建省,福州市,仓山区
M6造型公社,城门镇胪厦村西亭3-1号,"119.347430,26.007472",13850115045,福建省,福州市,仓山区
哈妮发型(菖蒲新区店),朝阳路245号,"119.326525,26.045875",0591-83469800;13559132231,福建省,福州市,仓山区
蓝调造型(江南水都店),通江路18号融侨江南水都杰座西区,"119.286654,26.039751",18960892183,福建省,福州市,仓山区
漂亮宝贝烫染,郑安村30号,"119.309322,26.030170",15060198056;18850731304,福建省,福州市,仓山区
凌度造型(美发沙龙机构),融侨阳光城方圆A区南门19栋109店铺,"119.279730,26.011285",13859022458;15960181434,福建省,福州市,仓山区
剪吧安腾店,大浦路与大浦支路交叉口北120米,"119.354375,25.996375",13400555190,福建省,福州市,仓山区
SO HAIR大润发店,建新镇大润发(金山店)1楼,"119.264704,26.056553",13529987888,福建省,福州市,仓山区
0度造型,仓山镇上三路求实公寓0度造型设计室,"119.321182,26.035728",15880416225,福建省,福州市,仓山区
名点美业(金桔店),金山桔园龙苑(桔园洲地铁站B西南口旁),"119.242033,26.046525",0591-88072730;13859055657,福建省,福州市,仓山区
亚木烫发染发Yamu Style(南站阳光天地店),胪雷路16号南站·阳光天地购物中心F1层,"119.384275,25.987075",[],福建省,福州市,仓山区
精彩美容美甲美发(桥南店),观海新村门口旁边观海路55号,"119.319452,26.047223",13055720087,福建省,福州市,仓山区
蓝派美发连锁沙龙,福晟朝阳壹品B区1a栋11底商,"119.324352,26.046466",0591-86237062;0591-86237076;13705064469,福建省,福州市,仓山区
SO HAIR(欢乐颂店),浦上大道306号仓山欢乐颂1层L303商铺SOHAIR美发店,"119.268153,26.033647",0591-83519662,福建省,福州市,仓山区
新增蓝派美发直营店(城市2店),石岩路33号欣隆盛花园2区B4号楼1层,"119.314382,26.037451",0591-83308190;0591-83532062;13625049913,福建省,福州市,仓山区
铭发郎发型直营连锁(龙湖天序店),金山街道凤冈路782号玖序公馆S4号2层207商业用房,"119.252363,26.036566",15985795703,福建省,福州市,仓山区
蓝派美发连锁(十锦店),下渡街道工农路23号福园苑1号1层04店面,"119.324141,26.042821",0591-83580067;0591-83801160;13625049913,福建省,福州市,仓山区
名媛发艺沙龙(金洲南路店),金山街道金洲南路550号(金建小区底商),"119.268409,26.034899",15060168931;15859190040,福建省,福州市,仓山区
SO HAIR(奥体阳光店),盘屿路3号奥体阳光天地F1层,"119.278275,26.018475",[],福建省,福州市,仓山区
雨果造型金牌烫染设计(万达爱琴海店),金山街道浦上大道198号爱琴海购物公园红星国际商务中心15层1503-1505,"119.279177,26.040221",13559181889;19905013312,福建省,福州市,仓山区
火爆烫染吧,金洲南路86号店面(金山地铁站F口旁),"119.262042,26.045338",13123193415;13675000987,福建省,福州市,仓山区
名川美发工作室,金山街道浦上大道274号仓山万达广场SOHO区C4栋2201室,"119.276275,26.036825",13763800522;17750254366,福建省,福州市,仓山区
LANPAI蓝派美发连锁(临江店),朝阳路284号,"119.330889,26.045133",15980288779,福建省,福州市,仓山区
M造型,盖山镇林浦路331号,"119.357152,26.024169",[],福建省,福州市,仓山区
青木潮牌发型沙龙(人民公园小区店),上三路113-07号,"119.316266,26.036157",18059369630,福建省,福州市,仓山区
阿福贝贝婴儿理发(金港路店),金港路177号摩卡生活馆,"119.280797,26.035733",0591-87608699,福建省,福州市,仓山区
福州市·蓝汐造型(劳光综合楼店),劳光综合楼(农林大学地铁站B口步行160米),"119.248167,26.082272",15880071383,福建省,福州市,仓山区
点创形象设计沙龙(阳光城新界店),建新镇金洲南路阳光城新界3号楼店面,"119.278961,26.026433",0591-83538586;15960016305,福建省,福州市,仓山区
C·ONE造型美发,首山路59号2-3,"119.313537,26.028394",15005058818,福建省,福州市,仓山区
迈凯伦(齐安路店),盖山镇齐安路763-104号,"119.295625,26.002775",13860085288,福建省,福州市,仓山区
狂剪坊美发工作室,在水一方东北门旁,"119.249369,26.080147",15980708793,福建省,福州市,仓山区
卡罗迪发型连锁(朝阳壹品店),朝阳路朝阳壹品6号楼8店,"119.324689,26.045944",18350056305,福建省,福州市,仓山区
铭发郎美发连锁(三高路金满堂店),展进路192号(三叉街地铁站D1口步行330米),"119.328224,26.036543",15860275394,福建省,福州市,仓山区
ALi美发造型工作室(金山大景城店),金山大道589号大景城1号楼111室(小区内),"119.247813,26.049798",15280001303,福建省,福州市,仓山区
名流造型(闽江大道店),建新镇闽江大道99-12号天俊·蓝水湾5号楼,"119.253273,26.069230",18606063503,福建省,福州市,仓山区
欢莱美发,建新镇洪塘路66号状元山庄,"119.248041,26.072964",13678554461,福建省,福州市,仓山区
圣薇纳美发沙龙(阳光天地店),奥体阳光天地1号门,"119.277730,26.018327",15859052765,福建省,福州市,仓山区
SOHAIR(融侨江南水都悦湖店),融侨江南水都悦湖,"119.285553,26.043764",[],福建省,福州市,仓山区
自見山·沙龙,万科云城2期2号楼102号店铺,"119.424025,25.982125",[],福建省,福州市,仓山区
独品造型(浦上大道店),浦上大道正祥一品新筑14号楼店面,"119.268736,26.033743",18050295939;18060295939,福建省,福州市,仓山区
名爵造型(万安路店),万安路3号,"119.312626,26.029862",0591-63123899;13706947757,福建省,福州市,仓山区
梦焕空间美容美发汗蒸SPA馆(新仓山洋楼店),新仓山洋楼(黄山地铁站C东南口步行110米),"119.349476,26.009901",[],福建省,福州市,仓山区
铭发郎美发直营连锁(融桥则徐道壹号店),三叉街融侨则徐道1号B区,"119.330764,26.032151",[],福建省,福州市,仓山区
巨匠造型(蓝水湾店),闽江大道99号天俊·蓝水湾,"119.254161,26.068607",18558622233,福建省,福州市,仓山区
新尼可造型(金山明星店),建新镇金山大道198号金山明星18号楼1层11店面,"119.260875,26.051130",17605020237;17605931597,福建省,福州市,仓山区
顶刻造型公社(路边店),盖山镇高湖棋杆149号,"119.339536,26.039076",[],福建省,福州市,仓山区
DM形象设计(高宅路店),高宅路好景城2号楼1层07号店面,"119.263409,26.029546",15859068707,福建省,福州市,仓山区
品尚Hair salon(仓山万达广场B2区店),亭头路万达B2区32号,"119.273381,26.036685",0591-83059553;18650997599,福建省,福州市,仓山区
丝奇造型(万安路店),郑安村57号万安路郑安新苑旁,"119.309678,26.028819",13706964454,福建省,福州市,仓山区
灵动hair salon(嘉年华花园学生公寓店),对湖街道首山路50号滨海嘉年华E区5号楼1层02店面,"119.313877,26.033853",13799989236,福建省,福州市,仓山区
MR造型(龙湖兰园·天序店),金山街道龙湖兰园天序s4楼08店面,"119.252264,26.036605",17689436072,福建省,福州市,仓山区
英姿美发(福州仓山区),建新镇马榕小区39号楼1层店面,"119.261615,26.059485",15980645816,福建省,福州市,仓山区
美莳造型(状元山庄店),洪塘路38号(洪塘地铁站A1北口步行230米),"119.248563,26.073359",17859350880,福建省,福州市,仓山区
JZ·密丝(中发·印象外滩店),中发•印象外滩3号38,"119.360455,26.020632",17855081089,福建省,福州市,仓山区
A+快剪(洪湾店),地铁2号线洪湾站B口(地铁站内),"119.249155,26.047467",15005915661,福建省,福州市,仓山区
奈斯Nice造型(台屿小区店),建新镇台屿路160-11,"119.283757,26.007035",18259091983,福建省,福州市,仓山区
墨酷儿童造型(远洋德呈乐堤港店),浦上大道198号福州远洋德呈乐堤港B1层,"119.279175,26.041425",[],福建省,福州市,仓山区
品格美发工作室,城门镇胪雷新城1区8座109,"119.379498,25.981771",15659325676;18959367356,福建省,福州市,仓山区
艾嘉形象设计,谢宅路8-13,"119.264881,26.034455",15859171446,福建省,福州市,仓山区
奥斯卡造型(齐安路店),齐安路与长埕路交叉口南160米,"119.294195,26.003218",[],福建省,福州市,仓山区
星颜·科技美肤养发造型,金祥路233号(金山地铁站D口步行110米),"119.264213,26.047249",15980680471,福建省,福州市,仓山区
偶遇salon(金榕南路店),金榕南路锦绣闽江8幢04店,"119.274973,26.039707",18305943303,福建省,福州市,仓山区
千丝造型,建新镇劳光村农大步行街10号店面,"119.247825,26.082725",18305981697,福建省,福州市,仓山区
皇冠亲理儿童美发造型(福州仓山欢乐颂店),浦上大道306号欢乐颂三层L343,"119.267922,26.033984",18649899498,福建省,福州市,仓山区
韩发艺社(榕城广场店),建新镇金环路13号金山碧水东区雨桐苑2号楼店面,"119.266419,26.051263",13559171054,福建省,福州市,仓山区
唯美造型(金桔路店),金山街道金桔路230号水印天长家园8号楼1层10店面,"119.239979,26.042681",13609578338,福建省,福州市,仓山区
壹丝造型(仓山学生街店),首山路59-8号店面,"119.313568,26.028142",13489998570;18850712216,福建省,福州市,仓山区
慕沙龙·专业平价烫染(交通学院船政店),首山路与北园路交叉口南180米,"119.314590,26.022051",15659736085,福建省,福州市,仓山区
剪爱造型(农大店),建新镇上下店路淮安新村金山学生街店面26号,"119.248139,26.080323",18850743624,福建省,福州市,仓山区
青致造型专业烫染店,五柱厅巷38号(三叉街地铁站A口步行420米),"119.325135,26.039096",13950453482,福建省,福州市,仓山区
福囍barbershop男士理发(点金财富中心店),金山街道浦上大道208号点金财富中心1号楼802室,"119.276975,26.039598",18350183312,福建省,福州市,仓山区
度美发沙龙(榕城广场店),建新镇金榕南路10-19号金山碧水榕城广场4座1层10号店,"119.268913,26.051121",15205057393,福建省,福州市,仓山区
尚秀阁(美伦雅居店),下渡街道三高路18号美伦雅居3座,"119.326484,26.037067",13809518360,福建省,福州市,仓山区
天姿专业美容美发(金山大道店),金山大道418-8号,"119.253205,26.050646",15959138897,福建省,福州市,仓山区
柴油推子男士理发馆,金山街道浦上大道216号仓山万达SOHO C区二座1305室,"119.275941,26.037939",17750254366,福建省,福州市,仓山区
木沐美业形象沙龙(金港路店),建新镇金港路和园小区16座01店,"119.274827,26.032837",15659789002,福建省,福州市,仓山区
奥美造型店(燎原路店),江南水都杰座25栋,"119.288470,26.039531",13290804828,福建省,福州市,仓山区
贵艺造型美业(融信宽域店),金山大道580号融信宽域57号02店,"119.247037,26.053663",18860112238,福建省,福州市,仓山区
π·Hair Salon(万达旗舰店),浦上大道274号仓山万达广场SOHO区F10层,"119.276426,26.037325",13960722100,福建省,福州市,仓山区
红太阳发型工作室(南国金辉店),建新镇建新南路51-13号,"119.263950,26.030542",15060012808,福建省,福州市,仓山区
晶艺美发·快剪,昌蒲路3号,"119.325451,26.046181",13625097512,福建省,福州市,仓山区
铭发郎发型连锁(胪雷新城店),胪雷新城七区3-4号楼,"119.383375,25.987675",15985795703,福建省,福州市,仓山区
7+one专业美发沙龙(建发玺云店),凤岗里社区凤冈路以北建新中路以东玺云公馆6-1号楼1层02商业以东玺云公馆6-1号楼1层02商业,"119.259875,26.037875",[],福建省,福州市,仓山区
爱恋美容美发(东岭路店),福建财茂工业技术学校西南门东南50米,"119.294433,26.010544",13799399707,福建省,福州市,仓山区
港澳名剪(中天·金海岸金爵苑店),金桔路320号,"119.242463,26.036421",0591-83053219;15980565626,福建省,福州市,仓山区
铭艺造型(金色康城店),盖山镇连江南路731号金色康城20号楼1层09,"119.336898,26.026872",13559939803;13559939809,福建省,福州市,仓山区
圣薇纳造型(海润尊品店),建新镇浦上大道海润尊品沿街店面06-07店,"119.279579,26.035720",[],福建省,福州市,仓山区
流行前线美发(都会华彩店),高兴路33号都会华彩汉庭优佳酒店楼下流行前线美发店,"119.343057,26.018520",13043537241,福建省,福州市,仓山区
巧尼造型公社,仓前街道上藤路184号(万春13区旁),"119.319575,26.044428",18259155122,福建省,福州市,仓山区
沙之宣美发(建中小区店),卢滨路建中小区18号03,"119.252775,26.042064",13609087540,福建省,福州市,仓山区
京美发型烫·染设计沙龙精品店(江上图店),城门镇万仁路5号江上图商务中心(嘉里樟岚项目地块五-4)铺位号3号1楼02商铺果缤纷二楼,"119.390625,26.007525",[],福建省,福州市,仓山区
安妮型色沙龙(友兰苑店),金环路25号金山碧水东区友兰苑4号楼1层01店面,"119.271080,26.048764",[],福建省,福州市,仓山区
紫尚造型(福州学生街店),大掌柜商业街E区4号楼1层05店面(永辉旁边),"119.313076,26.033728",18695795781,福建省,福州市,仓山区
妍悦造型金牌烫染设计(乐堤港店),浦上大道198号福州远洋德呈乐堤港F2层,"119.279175,26.041625",17679133108,福建省,福州市,仓山区
SHUGDESIGN 數格形象,金山榕城广场1号楼2号店面,"119.267253,26.051055",18559351123;18559366671,福建省,福州市,仓山区
首艺造型(先锋路店),展进巷金色家园5号楼185-13店面,"119.331737,26.041626",13599083328,福建省,福州市,仓山区
发布汇形象设计(大唐世家店),永南路56号大唐世家,"119.375186,25.988523",[],福建省,福州市,仓山区
简J HAIR(金城湾广场店),花溪中路32号金城湾广场F1层,"119.245005,26.049552",[],福建省,福州市,仓山区
Sunny造型工作室(新仓山洋楼店),福峡路11号新仓山洋楼16号楼08号,"119.349575,26.010166",[],福建省,福州市,仓山区
铭发郎发型直营连锁,建总领筑北区,"119.339075,26.032375",[],福建省,福州市,仓山区
莉安Lyanne·SMP自然感纹发(红坊海峡创意园店),海峡创意产业园·红坊10号楼,"119.253925,26.064725",[],福建省,福州市,仓山区
美艺造型(杉林华府店),杉林华府5栋一楼110号,"119.273819,26.041241",[],福建省,福州市,仓山区
理享造型(上渡店),上渡路227号南台新苑水仙园,"119.299827,26.037295",[],福建省,福州市,仓山区
沙之宣Hair salon,高宅路120号,"119.259572,26.027369",[],福建省,福州市,仓山区
剪剪先生(首山店),首山路57-27号(胖嘟嘟水果便利隔壁),"119.313531,26.028997",13950403115,福建省,福州市,仓山区
blueblur理发&刺青,花溪南路18-8号,"119.250091,26.026998",18573971170;18860111343,福建省,福州市,仓山区
芷你造型,建新镇盘屿路3号奥体阳光天地G3号楼402,"119.279475,26.018075",[],福建省,福州市,仓山区
前卫造型(金辉·水印长天店),金桔路26附近,"119.240279,26.041421",13860612576,福建省,福州市,仓山区
型色视界沙龙(中骏世界城店),仓山镇利民路11号中骏世界城3楼,"119.321946,26.032117",18650130215,福建省,福州市,仓山区
风格形象设计沙龙,洪塘路27-5(洪塘地铁站C西南口步行100米),"119.247916,26.072540",13860617492,福建省,福州市,仓山区
绣春刀造型社,黄山村九江106-1号,"119.351411,26.010113",15959001564,福建省,福州市,仓山区
木北造型(融信第一城店),洪湾北路融信第一城2号楼(农业银行旁),"119.248481,26.051596",0591-88261092;15060081844;18359769515,福建省,福州市,仓山区
曼丽美发美甲(金辉·水印长天店),金桔路230号水印长天家园6号楼1层11店面,"119.239785,26.042131",18506033096,福建省,福州市,仓山区
星发型,万春二区8号楼(上藤地铁站C东南口步行230米),"119.319996,26.042798",13023897767,福建省,福州市,仓山区
明姿造型时尚烫染吧,林文艺口腔诊所东南侧70米,"119.361071,25.998173",13720832599,福建省,福州市,仓山区
顺时针美发纹绣中心,城门镇胪厦村街南532号,"119.345437,26.006929",13809520693,福建省,福州市,仓山区
朴星(丽景天成2期店),洪湾路丽景天城23栋(洪湾地铁站B西北口步行240米),"119.250139,26.048667",15359000242,福建省,福州市,仓山区
艾造型(世欧上江城A区店),南江滨西大道136号世欧上江城3号楼1层03店铺,"119.337491,26.046168",13600884880,福建省,福州市,仓山区
领秀美发,春风苑一区领秀美发店36-41,"119.275410,26.011737",15259237369,福建省,福州市,仓山区
简尚造型(福州仓山区),麦浦路66号江南名城12座,"119.251836,26.051637",[],福建省,福州市,仓山区
美迪精剪空间(东升店),东升小区东园二路84号,"119.326301,26.029556",15280083231,福建省,福州市,仓山区
流行色美发造型会所(大润发店),塘下路16号福建日报社报业集团印务中心(南区)5号楼1号店面,"119.263846,26.054777",0591-88194599;13635296345,福建省,福州市,仓山区
皇冠亲理专业儿童理发(金城湾广场店),金山街道花溪中路32号金城湾广场二楼皇冠亲理,"119.245042,26.049375",18649899498,福建省,福州市,仓山区
zl专业美发,东塔路与浦道一路交叉口东300米,"119.379841,25.993112",13509359505,福建省,福州市,仓山区
格格梳造型(盘屿路),照屿路20号,"119.288317,26.001335",15080034442,福建省,福州市,仓山区
精剪坊(仓山店),建新镇金岩路香江明珠36号04店面,"119.261975,26.059474",13774551877,福建省,福州市,仓山区
拾缘快剪(三叉街店),建设开发有限公司东北门旁,"119.326822,26.034170",[],福建省,福州市,仓山区
西调阁形象设计(金山桔园吉苑店),金山桔园吉苑B4号楼,"119.242817,26.045109",18960835282,福建省,福州市,仓山区
伟造型(中天·金海岸俊仕苑店),金桔路中天金海岸俊仕苑3栋,"119.242475,26.036075",0591-88073683,福建省,福州市,仓山区
格色风造型(福藤苑小区店),仓山步行街福藤苑1号楼10店面,"119.325315,26.039251",15859064970,福建省,福州市,仓山区
缘尚造型(农大店),建新镇淮安新村20座一层,"119.248283,26.080421",15880159686,福建省,福州市,仓山区
发工厂造型(福湾新城夏雨苑B区店),建新镇福湾新城夏雨苑b区9号104,"119.277054,26.008275",15980575820,福建省,福州市,仓山区
英伦造型(洪湾北路店),建新镇洪湾北路洪光村瓦埕8号,"119.240641,26.060195",18250335316,福建省,福州市,仓山区
R塑造(南台新苑梅花园店),上渡街道上渡路235号南台新苑梅花园6号楼10店面,"119.297737,26.035965",13635261878,福建省,福州市,仓山区
型格SALON,福建日报社印务中心二区5号楼3号店面,"119.264029,26.054193",[],福建省,福州市,仓山区
造就Salon(金辉枫尚店),金港路136号橡树湾30栋1层08店面,"119.283279,26.036113",18060788877,福建省,福州市,仓山区
青林理发店,三叉街展进路151-6号,"119.327885,26.039045",13163884293,福建省,福州市,仓山区
顶尖造型(金桔路店),金山街道金桔路256号水映天长家园3拣01店面,"119.240156,26.041917",13806098926,福建省,福州市,仓山区
出发点时尚造型会所(龙江路店),城门镇石步村龙江路154号,"119.378151,25.979086",13763872913;18259190082,福建省,福州市,仓山区
阿健美发(上渡路店),牡丹园1栋14号,"119.300406,26.038240",13459106613,福建省,福州市,仓山区
海燕专业理发店,南台大道与南台大道入口交叉口西南60米,"119.335921,26.000710",15880024203,福建省,福州市,仓山区
飞度造型(洪塘路店),美丽园2号楼07店,"119.245471,26.071452",[],福建省,福州市,仓山区
天姿造型(中茵上城国际南区店),城门镇上城国际1号楼,"119.370224,25.991620",[],福建省,福州市,仓山区
米崎造型(悦享中心店),福峡路114号,"119.354330,25.996092",[],福建省,福州市,仓山区
巨匠造型(融侨江南水都杰座东区店),通江路17号融侨江南水都杰座东区27号楼,"119.290751,26.039556",[],福建省,福州市,仓山区
小雨理发店,城门镇连坂村连坂新村94号,"119.362577,26.012102",15705916707,福建省,福州市,仓山区
铭发郎发型直营连锁(朝阳路店),下渡街道临江新天地小区玉岛苑第9号楼第一层号商铺,"119.331119,26.045131",15005018077,福建省,福州市,仓山区
倾城发型美容(上渡店),上渡街道上渡路235号南台新苑梅花园8栋6号店面,"119.298018,26.036690",[],福建省,福州市,仓山区
5元理发店,建新北路32号(阵坂地铁站C西南口步行60米),"119.251410,26.063842",13163877221;18350118230,福建省,福州市,仓山区
曼尼美业(楼下新村店),建新镇建新北路16号(阵坂地铁站D东南口步行170米),"119.251573,26.065727",[],福建省,福州市,仓山区
创艺造型(洪湾北路店),金山大道618-81号创艺造型店面(橘园洲生活配套房A区),"119.242906,26.057558",18606010286,福建省,福州市,仓山区
品恒salon美发头疗 (金山大卫城店),金山街道葛屿路16号融信8A原洪湾中路东侧与凤冈路北侧交叉处67栋楼一层02一3商业服务网点,"119.253061,26.035907",15280005288,福建省,福州市,仓山区
铭丝造型,闽江大道正祥香槟风范东北2门116-22铭丝造型快剪,"119.256975,26.065487",15860688681,福建省,福州市,仓山区
英芷美妆造型工作室(杉林·悦榕公馆店),金山街道亭头支路杉林悦榕公馆6栋2603室,"119.272310,26.037678",15605080828,福建省,福州市,仓山区
从芯美妆工作室(奥体阳光天地店),建新镇盘屿路3号奥体阳光天地G3号楼521室,"119.279237,26.017797",19523087215,福建省,福州市,仓山区
S33 nail美甲个人工作室,集祥天地2号楼508一楼soho,"119.332584,26.027092",13609562915,福建省,福州市,仓山区
天成快剪(胪雷店),城门镇胪雷新城一区格林豪泰酒店旁,"119.378841,25.983877",18960973292,福建省,福州市,仓山区
发缘造型,金祥路741(洪湾地铁站B西北口步行210米),"119.247407,26.046966",17750297831,福建省,福州市,仓山区
时尚秀专业美发,金山街道农林大学上下店路15号,"119.239899,26.085369",[],福建省,福州市,仓山区
青木造型(首山路店),首山路55号福建第二轻工业学校4号店面(青木造型),"119.313939,26.030477",15695907831,福建省,福州市,仓山区
FCS台湾快剪(福湾永辉店),盘屿路与湾边路交叉口西北100米,"119.278725,26.008575",13685040703,福建省,福州市,仓山区
姐妹美发沙龙,城门镇胪厦村大王地5号,"119.347250,26.007222",[],福建省,福州市,仓山区
SOHAIR(仓山万达店),金山街道浦上大道272号万达广场福州仓山店B1层万达金街101号铺,"119.274505,26.036241",0591-87828911,福建省,福州市,仓山区
川谷造型,[],"119.252163,26.037445",17359176001,福建省,福州市,仓山区
帝娜时尚造型,金山工路9号(阵坂地铁站D东南口步行320米),"119.254567,26.063771",[],福建省,福州市,仓山区
圣薇纳美发沙龙(融信湾店),融信白宫A区西北1门旁,"119.267843,26.006196",15060210967,福建省,福州市,仓山区
予你造型·予理造型(集祥天地店),东升街道则徐大道398号集祥天地1号门2楼2002室,"119.333290,26.026919",[],福建省,福州市,仓山区
10元快剪,金祥路721号中庚·国际华府,"119.249164,26.047063",13075907911,福建省,福州市,仓山区
丽人行·染烫发型设计(福州学生街店),仓山镇首山路郑安村32号,"119.309471,26.030176",13960812856,福建省,福州市,仓山区
曼森造型(碧桂园天汇店),[],"119.301049,26.019213",13960744603,福建省,福州市,仓山区
A+快剪(林浦店)·林浦地铁站内,霞洲路与林浦路辅路交叉口北120米,"119.365075,26.016175",13459216766,福建省,福州市,仓山区
快剪10元,展进路169-4号,"119.327654,26.040041",15050302249,福建省,福州市,仓山区
大众美发城(金祥路店),金环路1号风荷苑(风荷巷),"119.265982,26.047733",13860603277,福建省,福州市,仓山区
发炫烫染形象店,建新镇透浦村上透前近20米处96号发炫理发店,"119.273198,26.008015",13205007092,福建省,福州市,仓山区
拾缘快剪(金港店),金港路35号金山桔园嘉园,"119.277665,26.033331",[],福建省,福州市,仓山区
铭发郎美发连锁(莱茵城店),则徐大道4栋06店(三叉街地铁站C口步行310米),"119.327880,26.032968",18695615462,福建省,福州市,仓山区
壹号美发沙龙(汇创名居二期店),金洲南路806-74汇创名居2期,"119.270414,26.032745",13859623817,福建省,福州市,仓山区
1号造型潮人馆,雁山路与雁头路交叉口北220米,"119.347845,26.039260",15160156371,福建省,福州市,仓山区
慕名形象沙龙(大掌柜商业街店),七街十二府程厝路132号,"119.312826,26.033643",18649830908,福建省,福州市,仓山区
阿德烫染吧(上渡店),上渡街道上渡路401号南台新苑茶花园1楼1层12店面,"119.296459,26.034512",13960825051,福建省,福州市,仓山区
A+快剪(花海公园店,花海公园地铁站内D出站口旁,"119.349024,26.041058",15005915661,福建省,福州市,仓山区
黑先生形象设计工作室(下藤小区店),下藤路195号下藤小区,"119.326355,26.041053",15881450784,福建省,福州市,仓山区
爱美丽美发(洪湾中路店),洪湾中路8-9号(洪湾地铁站B西北口步行280米),"119.250067,26.049075",13003823084,福建省,福州市,仓山区
名宣发型公社(城南锦绣店),工农街36-3名宣理发店,"119.325174,26.043980",15980967480,福建省,福州市,仓山区
卡秀造型(金辉枫尚店),金港路金辉枫尚31栋底商,"119.281850,26.036292",13489110249,福建省,福州市,仓山区
星点造型(金山桔苑店),滨州路39号星点美发,"119.242809,26.044992",13960905282,福建省,福州市,仓山区
拾月造型(冠浦店),建新南路冠浦路凤高村高螺头6号楼4号店,"119.268792,26.021696",15750820670,福建省,福州市,仓山区
中意形象(金旭小区南区店),金旭小区南门旁(霞镜地铁站A口步行230米),"119.275111,26.026819",18850411955,福建省,福州市,仓山区
爱尚造型护肤(大东海·中央府A区店),盖山镇大东海中央府A区2号02,"119.337664,26.018621",[],福建省,福州市,仓山区
ID Hair美发(金旭小区南区店),金旭小区南区东门西南50米,"119.275901,26.026846",18695779636,福建省,福州市,仓山区
KJ快剪,工农路61号(上藤地铁站D东北口步行460米),"119.324777,26.043348",13605961881,福建省,福州市,仓山区
天美造型(螺洲街店),螺洲新城四区东北门东130米,"119.350164,25.986227",15606065479,福建省,福州市,仓山区
艺涵美容美发(红星大都汇店),2栋18(潘墩地铁站B西北口步行380米),"119.355442,26.023414",17077661133,福建省,福州市,仓山区
完美人生(世欧彼岸城A区店),世欧彼岸城A11-6号,"119.265263,26.044296",18059159838,福建省,福州市,仓山区
印象阁,迎安路44号印象阁理发店,"119.312697,26.031758",13559949022,福建省,福州市,仓山区
名剪堂美发店,金榕北路31-123,"119.259226,26.061310",18250337557,福建省,福州市,仓山区
焦点发型频道美容美发(东园二路),东园二路115-10,"119.326733,26.027619",15080037122;17605911564,福建省,福州市,仓山区
艺尚形象salon(中天·金海岸金爵苑店),金桔路336号中天·金海岸金爵苑,"119.243181,26.035279",13859056155,福建省,福州市,仓山区
美之源(福州仓山区),大埕路180-1号,"119.341236,26.036282",18059047443,福建省,福州市,仓山区
艺剪缘造型(橘园洲生活配套房B区店),建新镇金山橘园洲生活配套房b区32幢店面,"119.240296,26.058881",13600821751,福建省,福州市,仓山区
芳香世家美容美发,城门镇福峡路北侧城门镇政府沿街商铺10号楼06店面,"119.371403,25.991955",13509359505;4006899188,福建省,福州市,仓山区
雅臻美发(富贵天成店),先锋路58号富城先锋小区11号楼1层10号店面,"119.330246,26.039970",18705039021,福建省,福州市,仓山区
追尚造型(福州学生街城市广场店),仓前街道上三路85号学生街城市广场(新兴公寓南)1层,"119.313600,26.037586",13559175045,福建省,福州市,仓山区
阿铨美发店,塔亭路71-1号(上藤地铁站B西北口步行380米),"119.317480,26.044915",13110788375,福建省,福州市,仓山区
小庄造型(泰禾红树林C区店),花溪南路18号红树林花园A区5座109,"119.251780,26.021576",17100700719,福建省,福州市,仓山区
那些年形象设计沙龙(螺洲街店),螺洲镇杜园村72号,"119.351720,25.995202",13163867331,福建省,福州市,仓山区
贵艺造型(龙湖兰园·天序店),凤冈路782号龙湖兰园·天序,"119.252320,26.037452",18396534306,福建省,福州市,仓山区
D·Y形象沙龙(奥体公馆店),阳岐路奥体公馆83-1DY形象沙龙,"119.292684,26.010856",[],福建省,福州市,仓山区
艺尚空间(福晟·钱隆金山店),冠浦路福晟钱隆金山6-17,"119.269885,26.030341",13067110583,福建省,福州市,仓山区
艺剪造型(师大学生街店),施埔路1号师大学生街,"119.311302,26.035909",15659978205,福建省,福州市,仓山区
UJ快剪,城门镇黄山村支祠前5-2UJ快剪店,"119.351073,26.009619",13635242437,福建省,福州市,仓山区
东艺造型(莱茵城店),东升小区莱茵城11栋13栋,"119.327104,26.031702",18350060158,福建省,福州市,仓山区
赫莎美发店,屿宅路65号屿浦新苑(东部6号安置地)项目1号楼1层01店面,"119.352449,26.026159",13489918131,福建省,福州市,仓山区
Qc快剪,建新镇金霞小区131-34 Qc快剪,"119.274734,26.030473",13003878453,福建省,福州市,仓山区
阿里巴巴造型公社(金山桔园龙苑B区店),滨洲路北龙苑B12号06,"119.242614,26.044689",13850182767,福建省,福州市,仓山区
佰分佰美发沙龙,黄山村黄山钢材店(黄山地铁站C东南口步行420米),"119.351497,26.009992",13055273612,福建省,福州市,仓山区
单单剪快剪(金辉·水印长天店),金桔路230号金辉·水印长天,"119.240246,26.041509",13405998777,福建省,福州市,仓山区
十分有型快剪(金山桔园嘉园店),金港路35号金山桔园嘉园,"119.275053,26.032508",18350324037,福建省,福州市,仓山区
新潮流美业(迎宾苑店),盖山路71-2号,"119.332055,26.022586",13860687503,福建省,福州市,仓山区
理想美发工作室(金旭小区北区店),金旭小区5号楼1层店面(霞镜地铁站A口步行380米),"119.274906,26.027866",13459144795,福建省,福州市,仓山区
创艺(新华体育公寓店),上三路115号新华体育公寓1号3号楼,"119.317455,26.035840",13599397164,福建省,福州市,仓山区
理享美发(好景城店),高宅路94号,"119.262901,26.029580",[],福建省,福州市,仓山区
阿良美发(锦绣闽江建平新居店),十字亭路115-15号,"119.283272,26.029312",13559437325,福建省,福州市,仓山区
A+快剪(螺洲温泉店),华龙路与仙洲路交叉口东北80米,"119.349356,25.990310",15005915661,福建省,福州市,仓山区
起点男士造型,中茵上城国际南区东北1门旁,"119.371032,25.991592",15159966180,福建省,福州市,仓山区
峰·男士理发,通江路17号融侨江南水都杰座东区,"119.291982,26.039225",[],福建省,福州市,仓山区
飞飞快剪(福州中骏世界城店),仓山镇利民路11号中骏世界城负一楼B108中润联华超市出口,"119.322225,26.032875",[],福建省,福州市,仓山区
理享造型(学生街店),首山路与万安路交叉口南260米,"119.313637,26.027599",13706947757,福建省,福州市,仓山区
银河·造型(朝阳路店),朝阳路临江大厦132号,"119.325447,26.046048",13405950199,福建省,福州市,仓山区
剪约专业烫染(雁头路店),盖山镇高湖村金浦菜市场,"119.340462,26.038087",18305910891,福建省,福州市,仓山区
ZZ快剪(锦绣闽江港头新居店),仓前街道金榕南路553号锦绣闽江港头新居,"119.276248,26.040003",[],福建省,福州市,仓山区
贝贝造型(夏沁苑店),卢滨路424号夏沁苑15号06店,"119.252704,26.042433",13509378935,福建省,福州市,仓山区
阿康快剪(新天宇城市购物广场店),城门街55号新天宇城市购物广场F1层,"119.366873,25.991476",[],福建省,福州市,仓山区
10元快剪(临江新天地玉岛苑店),朝阳路278号临江新天地玉岛苑,"119.330098,26.045014",[],福建省,福州市,仓山区
快剪新趋势(南台新苑茶花园店),上渡路南台新苑水仙园-茶花园,"119.297076,26.035302",[],福建省,福州市,仓山区
禾慕造型(金山桔园吉苑店),金祥路817号(桔园洲地铁站D东北口步行200米),"119.245070,26.046754",14700022244,福建省,福州市,仓山区
你形我塑彬彬发型设计(学府林居店),上三路学府林居19-3,"119.308737,26.039494",[],福建省,福州市,仓山区
拉格造型hair salon,长安路与万安路交叉口西北40米,"119.309654,26.029696",[],福建省,福州市,仓山区
10元快剪,齐安路与斗盘线交叉口南60米,"119.295365,26.006936",[],福建省,福州市,仓山区
苏禾造型店(暂停营业),城门镇大浦路2号(福隆楼)安德大厦一层A-10,"119.356638,25.997008",15005900350,福建省,福州市,仓山区
