名称,地址,经纬度,电话,省份,城市,区县
大伟造型(齐齐哈尔克山县),克山镇北二道街北建行对面,"125.871375,48.039425",15046201212,黑龙江省,齐齐哈尔市,克山县
英吉利美发名店,艺苑小区4门市,"125.875033,48.030155",15344521155,黑龙江省,齐齐哈尔市,克山县
潮都专业烫染中心,克山镇通达路12号,"125.874070,48.030763",13796255507;15636950377,黑龙江省,齐齐哈尔市,克山县
美硕美业(帝泰超市店),帝泰超市负一层收银对面,"125.866716,48.031151",15245846683,黑龙江省,齐齐哈尔市,克山县
天圣美发形象设计,镇北大街一段路东,"125.874019,48.034351",0452-4532533,黑龙江省,齐齐哈尔市,克山县
天芳美发,克山镇克山县电业局楼下,"125.871032,48.033298",0452-4734444,黑龙江省,齐齐哈尔市,克山县
头领美发(克山店),南大街与泡北路交叉口北140米,"125.874363,48.031962",13079621345,黑龙江省,齐齐哈尔市,克山县
聚完美造型,北大街三段路东美莱湾B区6号-7号,"125.871375,48.040675",15663272277,黑龙江省,齐齐哈尔市,克山县
天娇发型设计室(幸福家园六区B区店),幸福家园,"125.868868,48.034660",18686979579,黑龙江省,齐齐哈尔市,克山县
名扬美发(置泰·美莱湾B区店),置泰·美莱湾B区,"125.872546,48.040402",18686993210,黑龙江省,齐齐哈尔市,克山县
东方名剪专业烫染(南大街店),克山镇南大街晟豪二期15号-08商服,"125.876164,48.027270",[],黑龙江省,齐齐哈尔市,克山县
喜理造型,美莱湾商业街商铺,"125.871469,48.040844",17812246189,黑龙江省,齐齐哈尔市,克山县
九号美发会所,西大街与西环南街交叉口东40米,"125.862192,48.031163",15232348887,黑龙江省,齐齐哈尔市,克山县
千丝美发,友谊路千丝美发,"125.876677,48.037834",18946274166,黑龙江省,齐齐哈尔市,克山县
伍六七发型工作室,北二道街国税局北走50米路西,"125.872243,48.037048",13069993269,黑龙江省,齐齐哈尔市,克山县
好人缘美发,通达路与南大街交叉口西南40米,"125.874708,48.030534",15904629126,黑龙江省,齐齐哈尔市,克山县
卡·诗(帝泰商业广场店),帝泰商场西商服34号楼136门,"125.866273,48.031584",18445228577,黑龙江省,齐齐哈尔市,克山县
鑫汇美发,新民家园小区西南侧170米,"125.879289,48.019227",[],黑龙江省,齐齐哈尔市,克山县
久红美发,克山镇土地局北美莱湾4号楼,"125.876011,48.038885",13763557287,黑龙江省,齐齐哈尔市,克山县
天姿造型专业染烫机构,步行街口10米路北,"125.875214,48.032062",13206730345;15145254345,黑龙江省,齐齐哈尔市,克山县
传奇美发沙龙,克山镇北二道街税务局西五十米路北,"125.871772,48.036233",18746220044,黑龙江省,齐齐哈尔市,克山县
首艺造型(西大街店),克山镇西大直街路南化建楼下,"125.863045,48.031506",13803616444,黑龙江省,齐齐哈尔市,克山县
丽美怡美容沙龙,置泰·美莱湾B区东南门西130米,"125.873195,48.039403",13644524699,黑龙江省,齐齐哈尔市,克山县
天天美发(置泰·美莱湾B区店),置泰·美莱湾B区,"125.872986,48.040618",15845767188,黑龙江省,齐齐哈尔市,克山县
晓峰发艺(幸福家园五区店),克山镇幸福五期15号,"125.866374,48.039755",[],黑龙江省,齐齐哈尔市,克山县
倾城美业,[],"125.876671,48.037827",18945123912,黑龙江省,齐齐哈尔市,克山县
这厢有理美发沙龙,瑞士家园南门西南50米,"125.869667,48.038564",[],黑龙江省,齐齐哈尔市,克山县
西柚造型,西大街二段路南白酒厂楼下,"125.869524,48.032602",19917762234,黑龙江省,齐齐哈尔市,克山县
奇绩美发·美甲工作室,幸福6期B区4号门市,"125.868905,48.034571",13234942521,黑龙江省,齐齐哈尔市,克山县
克山县暮色沙龙连锁尚美造型,艺苑小区一栋7门,"125.874764,48.031066",15045234540,黑龙江省,齐齐哈尔市,克山县
聚完美造型,北大街三段路东(美莱湾B区6-7),"125.871425,48.040675",18546117772,黑龙江省,齐齐哈尔市,克山县
名流精剪,克山县商品楼2号楼楼下名流精剪,"125.864649,48.032057",15145277808,黑龙江省,齐齐哈尔市,克山县
俊泷发艺,北大街与繁华路交叉口西100米,"125.871878,48.036259",15636956822,黑龙江省,齐齐哈尔市,克山县
千艺美发工作室(置泰·美莱湾B区店),置泰·美莱湾B区,"125.872232,48.041693",13614618415,黑龙江省,齐齐哈尔市,克山县
简尚造型(置泰·美莱湾B区店),建设路一段路北置泰美莱湾B区13号楼-00016,"125.873303,48.039376",15611335913,黑龙江省,齐齐哈尔市,克山县
明星发廊,克山镇政府路茉莉汇对面,"125.878068,48.037333",13766528662,黑龙江省,齐齐哈尔市,克山县
天鑫美发(昊方小区店),康华巷路北昊方小区1号楼一层8和10轴东数120室,"125.877975,48.035875",13101622220,黑龙江省,齐齐哈尔市,克山县
七月美发,[],"125.876871,48.037280",17645222455,黑龙江省,齐齐哈尔市,克山县
大于发廊(银达小区店),银达小区北门东80米,"125.872188,48.036004",18686974436,黑龙江省,齐齐哈尔市,克山县
氧发堂天然植物染发,瑞士家园三号楼,"125.868128,48.038449",0452-8953788;13504524488,黑龙江省,齐齐哈尔市,克山县
木北造型(幸福家园店),幸福六区1号楼北3门,"125.867231,48.038012",18345254509,黑龙江省,齐齐哈尔市,克山县
阿野美发,酱菜厂胡同,"125.874030,48.034940",15046220092,黑龙江省,齐齐哈尔市,克山县
老信男士理发馆,北大街一段路东(克山镇1委7组1街),"125.873610,48.035367",[],黑龙江省,齐齐哈尔市,克山县
发觉美发造型工作室,置泰美莱湾南门往西10号门市,"125.872201,48.039178",[],黑龙江省,齐齐哈尔市,克山县
霜霜美发,繁华路与北大街交叉口西120米,"125.871215,48.036074",[],黑龙江省,齐齐哈尔市,克山县
凯旋发艺,克山镇商品楼二号,"125.864746,48.032087",[],黑龙江省,齐齐哈尔市,克山县
森屿美发,市场路二段路东幸福家园三期5号商服00单元01层02号,"125.864169,48.036993",17824059677,黑龙江省,齐齐哈尔市,克山县
阿文美发烫染店,晟豪尚城东北门北50米,"125.876156,48.027073",[],黑龙江省,齐齐哈尔市,克山县
晓晶美发专业烫染(置泰·美莱湾B区店),置泰·美莱湾B区,"125.872020,48.039424",[],黑龙江省,齐齐哈尔市,克山县
超人美发(昊方小区店),克山镇昊方1号楼13门,"125.878265,48.035941",[],黑龙江省,齐齐哈尔市,克山县
先君发屋,瑞士家园南门东110米,"125.870878,48.038732",[],黑龙江省,齐齐哈尔市,克山县
尚都造型,新民家园西南门北90米,"125.879777,48.019948",[],黑龙江省,齐齐哈尔市,克山县
金发道美发烫发(置泰·美莱湾B区店),置泰·美莱湾B区,"125.875502,48.040132",[],黑龙江省,齐齐哈尔市,克山县
昕源美发,泡北路与南大街交叉口东60米,"125.875875,48.031055",[],黑龙江省,齐齐哈尔市,克山县
金莎烫染沙龙,南大街与泡北路交叉口正北方向112米,"125.875042,48.031743",15145262991,黑龙江省,齐齐哈尔市,克山县
猎潮造型(克山店),十字街西路南(爱阁家纺楼下),"125.870970,48.032899",[],黑龙江省,齐齐哈尔市,克山县
飞叶美发(瑞士家园店),繁荣路一段路北瑞士家园2号楼底层3号,"125.869697,48.038729",15636965598,黑龙江省,齐齐哈尔市,克山县
丫丫造型,北大街一段克山县中医院附近,"125.875724,48.032352",15824435666,黑龙江省,齐齐哈尔市,克山县
腾跃美业,银达小区北门旁,"125.871625,48.035925",[],黑龙江省,齐齐哈尔市,克山县
欧尚美发(石桥北街店),幸福5期东北1门南90米,"125.867252,48.038931",18686909432,黑龙江省,齐齐哈尔市,克山县
艺伟造型形象设计,通顺路与南大街交叉口西40米,"125.875712,48.028209",15174556602,黑龙江省,齐齐哈尔市,克山县
天缘美发(幸福家园六区A区店),幸福家园六区A区东门旁,"125.867814,48.037312",13845278977,黑龙江省,齐齐哈尔市,克山县
天妮美发(圣水华庭店),泡北路圣水华庭,"125.878028,48.031187",15845763363,黑龙江省,齐齐哈尔市,克山县
奈丝造型工作室,北环东路与211省道交叉口东80米,"125.871762,48.042085",[],黑龙江省,齐齐哈尔市,克山县
c位造型,南大街与南环西路交叉口西北100米,"125.876720,48.026135",19845282477,黑龙江省,齐齐哈尔市,克山县
名剪美发名店,北大街一段路东(中国邮政储蓄银行斜对面),"125.873362,48.035748",18746222906,黑龙江省,齐齐哈尔市,克山县
金星发廊,北大街三段33号,"125.870568,48.041249",15145410118,黑龙江省,齐齐哈尔市,克山县
袁袁美发,北兴镇十字街路南道西赵玉超市北屋,"125.661812,48.482472",13206601311;15904566696,黑龙江省,齐齐哈尔市,克山县
浪漫奇迹烫染坊(尚水壹品店),尚水壹品2号楼门市4门,"125.881135,48.031695",15222726200,黑龙江省,齐齐哈尔市,克山县
金莎造型(克山县店),南大街与西大街交叉口南80米,"125.873969,48.032727",[],黑龙江省,齐齐哈尔市,克山县
丝来秀美发造型工作室,银达小区北门北50米,"125.871558,48.036180",[],黑龙江省,齐齐哈尔市,克山县
微微造型,克山宾馆(北大街东),"125.873794,48.034930",[],黑龙江省,齐齐哈尔市,克山县
艺琅发型,西街大市场道北艺琅发型,"125.865288,48.032154",[],黑龙江省,齐齐哈尔市,克山县
忠莹美发厅,友谊路与建设路交叉口北80米,"125.875981,48.040457",[],黑龙江省,齐齐哈尔市,克山县
冬娜美发(置泰·美莱湾店),置泰·美莱湾B区,"125.872121,48.040753",15636283789,黑龙江省,齐齐哈尔市,克山县
长林发廊,金盾宾馆楼下,"125.875047,48.030123",[],黑龙江省,齐齐哈尔市,克山县
天辰美发,通达路与南大街交叉口西南40米,"125.874534,48.030538",[],黑龙江省,齐齐哈尔市,克山县
尚美发艺,银达小区北门东北100米,"125.872070,48.036334",[],黑龙江省,齐齐哈尔市,克山县
老理发店,汇丰巷与西大街交叉口东南120米,"125.873249,48.032404",[],黑龙江省,齐齐哈尔市,克山县
小五美发,幸福家园六区B区东门东北50米,"125.869156,48.034914",[],黑龙江省,齐齐哈尔市,克山县
幻彩造型专业烫染店,友谊路与东大街交叉口北60米,"125.878103,48.034783",[],黑龙江省,齐齐哈尔市,克山县
王健美发,北大街与北环西路交叉口南60米,"125.870566,48.041284",[],黑龙江省,齐齐哈尔市,克山县
创艺美发会所(幸福家园三期店),幸福家园西南1门旁,"125.864572,48.035791",[],黑龙江省,齐齐哈尔市,克山县
简艺美发,市场路与繁华路交叉口东南60米,"125.865039,48.034457",13644520379,黑龙江省,齐齐哈尔市,克山县
小巴黎发廊(团结街店),实验小学对面,"125.865905,48.031273",[],黑龙江省,齐齐哈尔市,克山县
社慕颜烫染·尚美造型,通达路与南大街交叉口西40米,"125.874525,48.031025",[],黑龙江省,齐齐哈尔市,克山县
港新美发,西联中学西侧150米,"125.310275,48.088025",[],黑龙江省,齐齐哈尔市,克山县
悦沐美发,西大街与市场街交叉口东140米,"125.867625,48.032625",[],黑龙江省,齐齐哈尔市,克山县
小苏美发,北环东路二段与文明街交叉口西南200米,"125.877370,48.041857",[],黑龙江省,齐齐哈尔市,克山县
发亿发廊,文明街与康安巷交叉口东北20米,"125.881675,48.036475",[],黑龙江省,齐齐哈尔市,克山县
玫瑰缘美容美发会馆,南大街与通顺路交叉口北40米,"125.876325,48.028475",[],黑龙江省,齐齐哈尔市,克山县
金剪子美发,曙光乡兴光村退役军人服务站东南侧240米,"125.655725,48.420925",[],黑龙江省,齐齐哈尔市,克山县
美中王美发,303省道与024乡道交叉口东80米,"125.662909,48.483594",[],黑龙江省,齐齐哈尔市,克山县
名咖美发,克山镇石桥北街瑞士家园,"125.867656,48.039063",[],黑龙江省,齐齐哈尔市,克山县
尚美造型(幸福家园五区店),克山镇幸福家园5区十五号楼,"125.866503,48.039647",[],黑龙江省,齐齐哈尔市,克山县
领秀美发工作室(阳光小区店),阳光小区东北门旁,"125.877525,48.035075",[],黑龙江省,齐齐哈尔市,克山县
闫东美发(置泰·美莱湾B区店),置泰·美莱湾B区,"125.872147,48.040678",15533300567,黑龙江省,齐齐哈尔市,克山县
艾美发艺,北环东路与友谊街交叉口东南120米,"125.876231,48.041751",[],黑龙江省,齐齐哈尔市,克山县
依诺美发(幸福家园六区店),幸福家园六区A区,"125.867417,48.037200",[],黑龙江省,齐齐哈尔市,克山县
思雨发廊,054县道与繁荣路交叉口东南260米,"125.563335,48.075479",[],黑龙江省,齐齐哈尔市,克山县
天泽发廊,余佳四轮配件商店(古城站东北),"125.682179,47.963558",[],黑龙江省,齐齐哈尔市,克山县
蔷薇美发,政府路与仁爱路交叉口西20米,"125.491518,48.173449",[],黑龙江省,齐齐哈尔市,克山县
晓雪发廊,211省道与027乡道交叉口北300米,"125.893825,47.947375",[],黑龙江省,齐齐哈尔市,克山县
好来屋美发造型,克山镇新一百对面,"125.875133,48.031202",[],黑龙江省,齐齐哈尔市,克山县
孙燕美甲工作室,康乐巷与北大街交叉口东60米,"125.874307,48.035007",15174599444,黑龙江省,齐齐哈尔市,克山县
九纹龙纹身纹绣美甲工作室,星光路与星光路香园巷交叉口西南100米,"125.877621,48.032442",13836232223;13836322223,黑龙江省,齐齐哈尔市,克山县
美梅美容工作室,康乐巷与北大街交叉口东60米,"125.874241,48.035004",[],黑龙江省,齐齐哈尔市,克山县
云枢工作室,阳光小区,"125.877775,48.034425",[],黑龙江省,齐齐哈尔市,克山县
赵伟工作室,灵峰医药东侧90米,"125.678375,47.962975",[],黑龙江省,齐齐哈尔市,克山县
朋克造型(鸿福花园店),鸿福花园6号楼,"126.254794,48.039718",18245227667,黑龙江省,齐齐哈尔市,克东县
1+1美发会所(鸿福花园店),洪福花园六号楼门市,"126.254562,48.039702",15145400055,黑龙江省,齐齐哈尔市,克东县
简约发社(鸿福花园店),鸿福花园12号楼,"126.251575,48.039434",13100828929,黑龙江省,齐齐哈尔市,克东县
酷奇发艺(齐齐哈尔克东县),克东镇晟世家园3号楼门市,"126.248780,48.039578",[],黑龙江省,齐齐哈尔市,克东县
名扬造型轻奢网红烫染店(繁荣街店),新步行街(铜锣湾女装正对面),"126.250628,48.039208",13604616547;15174566929,黑龙江省,齐齐哈尔市,克东县
芳芳经典发艺,鸿福花园8号楼门市,"126.253303,48.039601",17845457771,黑龙江省,齐齐哈尔市,克东县
靓丽发艺,克东镇浦峪大道194号二中对面,"126.260327,48.039143",15146231002,黑龙江省,齐齐哈尔市,克东县
佳林造型(鸿福花园店),保安街鸿福花园五号楼,"126.253144,48.039828",15146666190,黑龙江省,齐齐哈尔市,克东县
熠典造型网红烫染店,克东镇保安街鸿福花园3号楼商服东数第2门熠典造型网红烫染店,"126.255118,48.039962",[],黑龙江省,齐齐哈尔市,克东县
氧发堂天然植物染发(克东店),克东镇鸿福花园6号楼氧发堂,"126.253634,48.039885",[],黑龙江省,齐齐哈尔市,克东县
大新发艺烫染专业店,保安街鸿福花园12号楼,"126.251728,48.039470",[],黑龙江省,齐齐哈尔市,克东县
7+HAIR SALON柒家烫染专业店,北步行街大光明眼镜南数第七家铜锣湾女装对面,"126.250712,48.039263",13274666159,黑龙江省,齐齐哈尔市,克东县
根据地发艺(鸿福花园店),保安街鸿福花园12号楼,"126.253283,48.039840",13763532525,黑龙江省,齐齐哈尔市,克东县
多彩美发,镇惠民街127号,"126.258140,48.039086",15146238816,黑龙江省,齐齐哈尔市,克东县
匠人美容美发会所(鸿福花园店),鸿福花园东三街东门南150米,"126.255338,48.039358",15636221723,黑龙江省,齐齐哈尔市,克东县
美彤发廊,克东镇土地局家属楼一楼,"126.260294,48.039141",[],黑龙江省,齐齐哈尔市,克东县
开心美发(鸿福花园店),鸿福花园南区北2门旁,"126.252663,48.039593",[],黑龙江省,齐齐哈尔市,克东县
独品造型(繁荣街店),新步行街路东独品造型,"126.250624,48.039344",[],黑龙江省,齐齐哈尔市,克东县
蒙坦妮发艺(恒祥首府店),鑫源路156东南方向70米恒祥首府,"126.251555,48.034818",[],黑龙江省,齐齐哈尔市,克东县
亚惠发廊,保安街诚达小区,"126.259793,48.041751",[],黑龙江省,齐齐哈尔市,克东县
金梵造型,蒲裕大道300号金梵造型,"126.257430,48.038912",15046281432,黑龙江省,齐齐哈尔市,克东县
型色风彩美发沙龙,学府一期1号楼门市8门,"126.255942,48.044486",15510991421,黑龙江省,齐齐哈尔市,克东县
喜剪形象设计发艺,恒祥首府北1门旁,"126.253248,48.035650",13803630334,黑龙江省,齐齐哈尔市,克东县
东市美发厅,人和路与新成街交叉口东80米,"126.261444,48.041881",[],黑龙江省,齐齐哈尔市,克东县
沙龙发艺,克东镇糖酒楼下,"126.246967,48.035379",[],黑龙江省,齐齐哈尔市,克东县
唯美发艺,克东县水务局东侧50米,"126.265214,48.042170",[],黑龙江省,齐齐哈尔市,克东县
洋洋发艺(恒祥首府店),恒祥首府北门旁,"126.252177,48.035382",13763555359,黑龙江省,齐齐哈尔市,克东县
流行密码(惠民街店),克东镇惠民街191号,"126.257960,48.040555",18746890778,黑龙江省,齐齐哈尔市,克东县
幻彩发艺(鑫鹏家园店),鑫鹏家园西门西北80米,"126.257828,48.043485",15845652520,黑龙江省,齐齐哈尔市,克东县
月亮湾发艺,蒲峪大道211号,"126.251696,48.041108",13763555727,黑龙江省,齐齐哈尔市,克东县
小伟发艺(鸿福花园东三街店),鸿福花园南区北门东北110米,"126.254757,48.040100",15845779213,黑龙江省,齐齐哈尔市,克东县
亮剪美发美容室(复兴街店),鸿福花园东三街东门南180米,"126.255249,48.039176",15214423128,黑龙江省,齐齐哈尔市,克东县
你好漂亮时尚发艺(蒲峪大道店),蒲峪大道与繁荣街交叉口西140米,"126.248700,48.038330",[],黑龙江省,齐齐哈尔市,克东县
咔咔造型(鸿福花园店),克东镇鸿福花园5号楼门市,"126.253632,48.039862",[],黑龙江省,齐齐哈尔市,克东县
红豆专业美发沙龙(裕昌路店),鸿福花园3号楼门市,"126.254553,48.040083",[],黑龙江省,齐齐哈尔市,克东县
雅凡美容美发,福山大街406号,"126.246678,48.040022",[],黑龙江省,齐齐哈尔市,克东县
名发一族(鸿福花园店),克东镇鸿福花园八号楼门市,"126.253092,48.039600",15663377027,黑龙江省,齐齐哈尔市,克东县
巧手美发,克东县建筑总公司一楼(绿博泉洗浴对面),"126.262606,48.039331",[],黑龙江省,齐齐哈尔市,克东县
7+HAIRSALON私人发型定制,复兴街60号锦上华府小区,"126.255372,48.036140",13274666159,黑龙江省,齐齐哈尔市,克东县
悦淇美发(鸿福花园店),克东镇鸿福花园小区3号楼,"126.254915,48.040113",[],黑龙江省,齐齐哈尔市,克东县
博阳发艺,蒲峪大道与福山大街交叉口东120米,"126.248324,48.038174",[],黑龙江省,齐齐哈尔市,克东县
红双喜发艺,克东镇庆祥街南二道街老商品楼楼下,"126.246060,48.035368",[],黑龙江省,齐齐哈尔市,克东县
晟悦造型,克东镇竹林食府楼下,"126.255935,48.039001",[],黑龙江省,齐齐哈尔市,克东县
岩岩美发,人和路与新成街交叉口东80米,"126.261372,48.041876",13836234185,黑龙江省,齐齐哈尔市,克东县
亚美美容美发(人和茗苑店),人和茗苑南门旁,"126.251439,48.039706",13763462115,黑龙江省,齐齐哈尔市,克东县
北方发艺(惠达路店),福山大街170号,"126.247818,48.033752",[],黑龙江省,齐齐哈尔市,克东县
美格发艺,克东镇鸿福名苑西侧商服9号楼,"126.258546,48.039808",[],黑龙江省,齐齐哈尔市,克东县
超越发廊,克东镇保安街竹林食府对面,"126.255257,48.039106",[],黑龙江省,齐齐哈尔市,克东县
云尚美发,复兴街与蒲峪大道交叉口东北40米,"126.255939,48.038927",[],黑龙江省,齐齐哈尔市,克东县
伊然美美发,阳光家园一号楼一单元,"126.254888,48.035962",[],黑龙江省,齐齐哈尔市,克东县
金宝发艺,蒲峪大道364号,"126.254263,48.038606",[],黑龙江省,齐齐哈尔市,克东县
雅琪美发,福山大街与鑫源路交叉口西北20米,"126.246967,48.035377",[],黑龙江省,齐齐哈尔市,克东县
米粒发艺,保安街建筑公司住宅楼,"126.262333,48.039144",[],黑龙江省,齐齐哈尔市,克东县
燕子发屋,克东县第一小学东门北80米,"126.251853,48.031839",[],黑龙江省,齐齐哈尔市,克东县
婉彤美发(诚达小区店),诚达小区南门西60米,"126.258637,48.041648",[],黑龙江省,齐齐哈尔市,克东县
维纳斯美发,克东镇二建家属楼下,"126.253708,48.038634",[],黑龙江省,齐齐哈尔市,克东县
叶子发艺,保安街鸿福花园5号楼东第6家,"126.253690,48.039866",[],黑龙江省,齐齐哈尔市,克东县
红旭发廊,蒲峪大道与振兴街交叉口东60米,"126.243639,48.037858",[],黑龙江省,齐齐哈尔市,克东县
香盼发艺,福山大街与鑫源路交叉口北80米,"126.247372,48.035948",[],黑龙江省,齐齐哈尔市,克东县
小旭发型工作室,鑫馨家园西门北120米,"126.255687,48.040716",[],黑龙江省,齐齐哈尔市,克东县
思淼发艺,鑫源路与繁荣街交叉口东100米,"126.252515,48.035790",15754522427,黑龙江省,齐齐哈尔市,克东县
东方发艺(西二道街),蒲峪大道与振兴街交叉口西40米,"126.242294,48.037755",[],黑龙江省,齐齐哈尔市,克东县
凯腾美发,蒲峪大道与福山大街交叉口东140米,"126.248542,48.038186",[],黑龙江省,齐齐哈尔市,克东县
M原创发型设计(鑫馨家园店),东三街170号,"126.255909,48.039762",18746234266,黑龙江省,齐齐哈尔市,克东县
淑萍发廊(阳光家园店),阳光家园南门旁,"126.254263,48.035907",[],黑龙江省,齐齐哈尔市,克东县
梦闲造型,克东镇宝安街鸿福花园3号楼102室,"126.254639,48.039993",15146236214,黑龙江省,齐齐哈尔市,克东县
春英发艺,宝泉小学北门,"126.213139,48.159525",[],黑龙江省,齐齐哈尔市,克东县
极艺美发(兴龙家园店),鑫源路333号东南方向90米兴龙家园,"126.244285,48.034836",[],黑龙江省,齐齐哈尔市,克东县
天姿丽发艺时尚店,克东镇蒲峪大道564号,"126.248622,48.038268",[],黑龙江省,齐齐哈尔市,克东县
美域造型,学府家园北门西90米,"126.254975,48.044725",[],黑龙江省,齐齐哈尔市,克东县
小涛造型,克昌公路与016乡道交叉口西北200米,"126.411275,47.831325",[],黑龙江省,齐齐哈尔市,克东县
阳光发艺,阳光家园二期,"126.255075,48.034925",[],黑龙江省,齐齐哈尔市,克东县
精美发艺,一中小区东门旁,"126.258143,48.039430",[],黑龙江省,齐齐哈尔市,克东县
随艺发屋(恒祥首府店),阳光家园二期,"126.254693,48.035555",[],黑龙江省,齐齐哈尔市,克东县
鑫和发艺,鑫源路与繁荣街交叉口东160米,"126.253114,48.035888",[],黑龙江省,齐齐哈尔市,克东县
红英东发艺,克东镇洪福花园8号楼门市c2,"126.252951,48.039613",[],黑龙江省,齐齐哈尔市,克东县
东风理发所,克东镇庆祥街大众食府到北,"126.243857,48.035111",[],黑龙江省,齐齐哈尔市,克东县
心缘理发店,克东镇老实验高中东侧,"126.242927,48.034989",[],黑龙江省,齐齐哈尔市,克东县
傲丽烫染理发,克东镇春和街客运站北侧,"126.245903,48.041514",[],黑龙江省,齐齐哈尔市,克东县
小慧美发,宝泉镇邮政银行对面,"126.212893,48.159527",[],黑龙江省,齐齐哈尔市,克东县
柒柒美发店,鸿福花园南区北门东90米,"126.254675,48.039925",[],黑龙江省,齐齐哈尔市,克东县
丝奴发型设计(鸿福花园店),鸿福花园3号楼,"126.255014,48.040122",[],黑龙江省,齐齐哈尔市,克东县
自由港美发形象设计,复兴街与蒲峪大道交叉口西北60米,"126.255260,48.039085",[],黑龙江省,齐齐哈尔市,克东县
天扬纹绣工作室,惠民街与蒲峪大道交叉口北100米,"126.258645,48.039339",[],黑龙江省,齐齐哈尔市,克东县
张张Nail·美甲美睫饰品工作室,峪昌路与东三街交叉口西60米,"126.254540,48.040065",[],黑龙江省,齐齐哈尔市,克东县
女王美容(人和路店),人和名苑006号,"126.251828,48.040839",13199651883,黑龙江省,齐齐哈尔市,克东县
思+美甲美睫(新泽百货店),蒲峪大道399号新泽百货F1层,"126.248632,48.037694",[],黑龙江省,齐齐哈尔市,克东县
北京造型,文明大街133号,"123.508250,47.915311",15245828538,黑龙江省,齐齐哈尔市,甘南县
芮拉,新华夏商场东门对面,"123.511261,47.918431",15174622255;18246250444,黑龙江省,齐齐哈尔市,甘南县
领航经典发艺,文明大街与建设路交叉口北40米,"123.509344,47.914678",15214449711;15214449713,黑龙江省,齐齐哈尔市,甘南县
首选美发名店(文明大街蔬菜公司楼店),文明大街蔬菜公司楼下,"123.505208,47.921349",13069688520,黑龙江省,齐齐哈尔市,甘南县
煜尚造型,工人文化宫西16门,"123.508824,47.914545",13718039123,黑龙江省,齐齐哈尔市,甘南县
理享发型设计室,甘南镇东方红街海燕楼西1门,"123.503897,47.921859",13845241176,黑龙江省,齐齐哈尔市,甘南县
丽尚美业专业染烫,甘南镇甘南县交通局楼下,"123.510989,47.917471",13514666351,黑龙江省,齐齐哈尔市,甘南县
朋克造型(园丁楼店),实验小学住宅小区东北门东南190米,"123.506099,47.919493",13763505577,黑龙江省,齐齐哈尔市,甘南县
顶端造型,烟草北10米,"123.503863,47.915552",15704622096;18714728233,黑龙江省,齐齐哈尔市,甘南县
炎炎美发,光明路与发展街交叉口西南60米,"123.503925,47.918589",15046299010,黑龙江省,齐齐哈尔市,甘南县
大宇造型(繁荣路店),甘南镇老大医院对面,"123.511091,47.917543",[],黑龙江省,齐齐哈尔市,甘南县
博悦造型,查哈阳农场博悦造型,"124.300070,48.248836",13314621777;13704616999,黑龙江省,齐齐哈尔市,甘南县
凡享美发沙龙(二店),查哈阳农场福慧小区东侧厢房第三个门市,"124.300368,48.250882",17611147288,黑龙江省,齐齐哈尔市,甘南县
东北人专业烫染美发沙龙(新农行家属楼店),农行住宅楼一楼东数六门,"123.509785,47.914218",15845651567;18246231567,黑龙江省,齐齐哈尔市,甘南县
甘南县尤恩美发沙龙,甘南镇东风街宇翔综合楼104,"123.511289,47.918277",[],黑龙江省,齐齐哈尔市,甘南县
炫酷造型专业烫染,建设路与明海街交叉口东北40米,"123.505782,47.913483",18246270677,黑龙江省,齐齐哈尔市,甘南县
Happy剪美发工作室,龙丰街与光明路交叉口南100米,"123.510392,47.919447",15845625770,黑龙江省,齐齐哈尔市,甘南县
法艺形象烫染工作室(圣泉名苑店),盛泉名苑西北门旁,"123.511592,47.920452",18746888063,黑龙江省,齐齐哈尔市,甘南县
手艺人染烫工作室,龙福嘉园18号楼,"123.513139,47.921256",15636299919,黑龙江省,齐齐哈尔市,甘南县
美约美发工作室(鑫繁荣小区店),繁荣街水产楼东1门,"123.506028,47.922351",18846380876,黑龙江省,齐齐哈尔市,甘南县
顶点烫染工作室,繁荣路204号靠近甘南县城建档案馆,"123.511252,47.917534",15174629123,黑龙江省,齐齐哈尔市,甘南县
慕尚专业烫染工作室,文明大街与光明路交叉口东南40米,"123.506838,47.919154",17790618842,黑龙江省,齐齐哈尔市,甘南县
绿茵专业烫染店(明海街店),明海街137号,"123.505450,47.913392",18646626883,黑龙江省,齐齐哈尔市,甘南县
发舞台时尚造型,025县道与金花街交叉口东220米,"124.300459,48.248687",[],黑龙江省,齐齐哈尔市,甘南县
喜理造型,农商银行对面喜理造型,"124.192625,47.897375",13045213765,黑龙江省,齐齐哈尔市,甘南县
小剪刀,金花街与025县道交叉口东南240米,"124.299917,48.247996",[],黑龙江省,齐齐哈尔市,甘南县
仟仟美发专业烫染店,建设路与明海街交叉口西40米,"123.504912,47.913229",[],黑龙江省,齐齐哈尔市,甘南县
发舞台专业染烫(文明大街店),文明大街110号新农行家属楼南2门,"123.509497,47.914121",13514666662,黑龙江省,齐齐哈尔市,甘南县
国际剪吧,奥韵经典步行街7号楼商服,"123.510247,47.918700",18514609393,黑龙江省,齐齐哈尔市,甘南县
金凤美容美发,丽山家园,"123.546816,47.769974",13946263797,黑龙江省,齐齐哈尔市,甘南县
唯美造型,广安雅苑,"123.511886,47.917314",[],黑龙江省,齐齐哈尔市,甘南县
未来美发,甘南镇立新街工人文化宫西3门,"123.508311,47.914082",18545202973,黑龙江省,齐齐哈尔市,甘南县
特别特专业美发,齐查公路与向荣路交叉口东南40米,"124.254818,48.012745",18746882430,黑龙江省,齐齐哈尔市,甘南县
百姓发屋,东风街9号,"124.298441,48.244930",13114526208,黑龙江省,齐齐哈尔市,甘南县
回头率高端美发沙龙,建设路与明海街交叉口东北40米,"123.505852,47.913503",15663333631,黑龙江省,齐齐哈尔市,甘南县
新摩登时尚染烫机构,瑞福北门幸福街4号楼7号商服,"123.511948,47.914793",0452-5633352,黑龙江省,齐齐哈尔市,甘南县
迦南造型,万福家园六号楼三门,"123.502060,47.922721",13114528282,黑龙江省,齐齐哈尔市,甘南县
好先生造型,红旗街自来水楼南2门,"123.505050,47.922623",14704653789;17382723333,黑龙江省,齐齐哈尔市,甘南县
彬源利美发沙龙,甘南镇烟草公司对面,"123.504679,47.914845",15046292246,黑龙江省,齐齐哈尔市,甘南县
靓点造型(冰冰烫染旗舰店),文明大街与繁荣路交叉口南60米,"123.507525,47.916325",15245825234,黑龙江省,齐齐哈尔市,甘南县
鸿潮造型,宝欣路与兴宝大街交叉口东160米,"123.954615,48.130021",[],黑龙江省,齐齐哈尔市,甘南县
审美造型(奥运经典小区店),龙丰街与繁荣路交叉口南60米,"123.511507,47.917312",[],黑龙江省,齐齐哈尔市,甘南县
爱剪坊,建设路与明海街交叉口西南40米,"123.504839,47.913077",16524021333,黑龙江省,齐齐哈尔市,甘南县
樱海美容美发,繁荣路与工农街交叉口东80米,"123.501207,47.915116",15245822295,黑龙江省,齐齐哈尔市,甘南县
宇阁造型,光明路齐泰药店对面,"123.503173,47.918418",18746888785,黑龙江省,齐齐哈尔市,甘南县
古贝造型,校办公司楼西数七门,"123.510545,47.917376",15645222789,黑龙江省,齐齐哈尔市,甘南县
发现造型,甘南镇立新街宏建楼一层南数2门,"123.504735,47.914192",18746242098,黑龙江省,齐齐哈尔市,甘南县
极致发艺,东风街校办公司楼第八门,"123.510599,47.917471",18746843459,黑龙江省,齐齐哈尔市,甘南县
乾坤友约美发沙龙,甘南县华夏购物中心北门旁,"123.509195,47.917323",15304629567,黑龙江省,齐齐哈尔市,甘南县
芮格造型,东方红街实验小学园丁楼北14门,"123.505889,47.919837",13045207626,黑龙江省,齐齐哈尔市,甘南县
魅力丝射理发店,文明大街与砖厂南路交叉口南140米,"123.501296,47.928653",15026150218,黑龙江省,齐齐哈尔市,甘南县
牵手美业(罗兰丽都店),甘南镇文明大街386号罗兰丽都楼下,"123.500558,47.931501",[],黑龙江省,齐齐哈尔市,甘南县
新丝路发型设计室,龙丰街与繁荣路交叉口南40米,"123.511373,47.917488",[],黑龙江省,齐齐哈尔市,甘南县
瑞梅美容美发,巨兴街西50米,"124.190118,47.897040",[],黑龙江省,齐齐哈尔市,甘南县
红星理发(宏宇家园店),甘南镇长虹礼仪餐厅对面天桥楼下,"123.500505,47.921764",[],黑龙江省,齐齐哈尔市,甘南县
甘南理发店,发展街与繁荣路交叉口南60米,"123.505892,47.915900",[],黑龙江省,齐齐哈尔市,甘南县
艺海理发店,龙丰街与繁荣路交叉口南80米,"123.511700,47.916984",13212822166,黑龙江省,齐齐哈尔市,甘南县
选择发艺人生美发店,海澜小镇1期,"123.512207,47.916778",[],黑龙江省,齐齐哈尔市,甘南县
舒心发屋(万福家园店),甘南镇物尔美超市北,"123.503271,47.922947",[],黑龙江省,齐齐哈尔市,甘南县
明秀时尚美业,明海街与繁荣路交叉口南120米,"123.504180,47.914890",[],黑龙江省,齐齐哈尔市,甘南县
创美源发型设计(安康小区店),兴安雅苑六号楼,"123.497531,47.918970",15904621768,黑龙江省,齐齐哈尔市,甘南县
蓝梦美发(福运升财商业金街店),甘南福运生财步行街1号商服,"123.505284,47.914673",[],黑龙江省,齐齐哈尔市,甘南县
英姿发艺专业烫染店,鑫盛豪庭东南门西60米,"123.503253,47.921755",[],黑龙江省,齐齐哈尔市,甘南县
太子造型,甘南镇奥韵经典九号楼,"123.508454,47.918394",[],黑龙江省,齐齐哈尔市,甘南县
阿欢发艺工作室,文明大街与繁荣路交叉口东北180米,"123.508834,47.918479",[],黑龙江省,齐齐哈尔市,甘南县
金伟缔造美发,甘南镇烟草对面,"123.504543,47.915179",[],黑龙江省,齐齐哈尔市,甘南县
狂潮发型设计中心,明海街133号,"123.505503,47.913538",[],黑龙江省,齐齐哈尔市,甘南县
银座美发,甘南镇教委门市楼西数5号,"123.503707,47.921392",[],黑龙江省,齐齐哈尔市,甘南县
盛源理发,发展街与繁荣路交叉口南80米,"123.505955,47.915626",[],黑龙江省,齐齐哈尔市,甘南县
新偶像美业沙龙,甘南镇奥韵经典7号,"123.510506,47.918877",[],黑龙江省,齐齐哈尔市,甘南县
维也纳发型设计室,龙丰街与繁荣路交叉口西北160米,"123.509694,47.918541",[],黑龙江省,齐齐哈尔市,甘南县
佳荣美发造型,龙丰街与文明大街交叉口东160米,"123.503156,47.930145",[],黑龙江省,齐齐哈尔市,甘南县
U·美美发工作室,繁荣路220号,"123.504412,47.916005",[],黑龙江省,齐齐哈尔市,甘南县
米兰发艺,025县道与文明街交叉口南140米,"124.300419,48.248784",13114529870,黑龙江省,齐齐哈尔市,甘南县
红太阳发屋,龙福小区道北,"123.508840,47.923077",15245267589,黑龙江省,齐齐哈尔市,甘南县
艺可发型屋,甘南镇林业局楼下,"123.501462,47.928227",[],黑龙江省,齐齐哈尔市,甘南县
喜理美发沙龙,华夏购物中心北门对面,"123.509269,47.917329",13763463896,黑龙江省,齐齐哈尔市,甘南县
艺丝美发,建设路与明海街交叉口西40米,"123.504750,47.913188",15845283873,黑龙江省,齐齐哈尔市,甘南县
东尼美发店,齐查公路南50米,"124.356851,48.272721",[],黑龙江省,齐齐哈尔市,甘南县
理约美发烫染工作室,实验小学住宅小区,"123.506106,47.919558",15046299937,黑龙江省,齐齐哈尔市,甘南县
逸美专业造型,乡企楼,"123.501380,47.915608",[],黑龙江省,齐齐哈尔市,甘南县
完美派形象烫染店(繁荣路店),南市场东茂源楼,"123.503301,47.915625",17545043789,黑龙江省,齐齐哈尔市,甘南县
顶头尚丝(光明路店),东方红街实验小学楼西8门,"123.504862,47.919086",15545626543,黑龙江省,齐齐哈尔市,甘南县
晓雨发艺,查哈阳农场福顺小区8号楼,"124.305398,48.248321",15845275579,黑龙江省,齐齐哈尔市,甘南县
金剪发艺(福合新城小区店),福合新城小区东门旁,"124.298176,48.244970",[],黑龙江省,齐齐哈尔市,甘南县
寒冬发艺,繁荣路与明海街交叉口东北80米,"123.504655,47.916429",[],黑龙江省,齐齐哈尔市,甘南县
一剪寸美发烫染工作室(荣昌小区店),[],"123.507304,47.922726",18045233066,黑龙江省,齐齐哈尔市,甘南县
楚楚发艺(学府家园店),学府家园西南门旁,"123.507189,47.925980",[],黑龙江省,齐齐哈尔市,甘南县
顶尖一族烫染专业会馆,查哈阳农场二委一中0116号,"124.300278,48.249191",13114526329,黑龙江省,齐齐哈尔市,甘南县
煜燃精剪,查哈阳农场一中楼113,"124.300381,48.248858",15045138189,黑龙江省,齐齐哈尔市,甘南县
茗雅造型,甘南镇明海街民政局家属楼朝南门市,"123.501365,47.921289",13304690317,黑龙江省,齐齐哈尔市,甘南县
新偶像烫染沙龙,025县道与金花街交叉口东220米,"124.300191,48.248376",13251624337,黑龙江省,齐齐哈尔市,甘南县
汉妆美容美发养生,广安雅苑,"123.512386,47.917782",[],黑龙江省,齐齐哈尔市,甘南县
新颖发廊,龙丰街与光明路交叉口东南60米,"123.510585,47.919910",[],黑龙江省,齐齐哈尔市,甘南县
查哈阳农场审美造型,东风街与步行街交叉口南100米,"124.305243,48.248006",[],黑龙江省,齐齐哈尔市,甘南县
雅骏发屋,明海街与建华路交叉口西北80米,"123.500553,47.921645",[],黑龙江省,齐齐哈尔市,甘南县
顶上世家生发馆,繁荣街嘉苑综合楼,"123.505616,47.922184",13079610123,黑龙江省,齐齐哈尔市,甘南县
利贞美发,龙福嘉园北门一号楼6号门市,"123.510082,47.923039",15636230107,黑龙江省,齐齐哈尔市,甘南县
明月发屋,齐查公路与042县道交叉口西40米,"124.299747,48.423552",13904829979,黑龙江省,齐齐哈尔市,甘南县
逸丝风尚造型(福顺小区店),福顺小区西门旁,"124.305067,48.249379",[],黑龙江省,齐齐哈尔市,甘南县
国潮发型工作室,甘南镇东方红街实验小学楼东往西数2门一层,"123.505796,47.919331",[],黑龙江省,齐齐哈尔市,甘南县
美好人生发型设计,沙家烧烤西南侧60米,"123.755960,47.863965",[],黑龙江省,齐齐哈尔市,甘南县
顺眼造型,建设街一中东8门,"123.504375,47.913012",15210849520,黑龙江省,齐齐哈尔市,甘南县
丽波美发(文明大街店),畜牧局家属楼,"123.503514,47.925807",[],黑龙江省,齐齐哈尔市,甘南县
贝北小屋造型,步行街与恩宝名苑商业街交叉口西220米,"124.301197,48.248237",0452-5555997,黑龙江省,齐齐哈尔市,甘南县
琦琦美发,明海街31号,"123.506989,47.909805",[],黑龙江省,齐齐哈尔市,甘南县
美多娇发屋,庆南小区东大门南第二家11号商服,"123.512699,47.906790",[],黑龙江省,齐齐哈尔市,甘南县
胜欣理发,砖厂南路与明海街交叉口西南50米,"123.495764,47.928066",[],黑龙江省,齐齐哈尔市,甘南县
起点发艺,甘南镇一中学校北十字路口蓝天玻璃店对面,"123.504674,47.913172",[],黑龙江省,齐齐哈尔市,甘南县
顶尖美发形象设计室(石油小区店),石油小区西南门旁,"123.509841,47.905379",[],黑龙江省,齐齐哈尔市,甘南县
齐齐美发,甘南镇三中往南两个路口,"123.518391,47.913147",[],黑龙江省,齐齐哈尔市,甘南县
沐汐造型,理发一条街沐汐造型,"124.300142,48.248814",[],黑龙江省,齐齐哈尔市,甘南县
宝翠理发店,甘南镇光明大街广播电视局住宅楼西8门,"123.500310,47.929797",[],黑龙江省,齐齐哈尔市,甘南县
商服原艺美发,甘南镇文明大街357号万福家园6号楼,"123.502364,47.922708",[],黑龙江省,齐齐哈尔市,甘南县
美尔雅时尚发艺(瑞福家园店),甘南镇瑞福家园一号楼,"123.511442,47.914614",[],黑龙江省,齐齐哈尔市,甘南县
小城理发,福中府西门旁,"123.507605,47.909488",[],黑龙江省,齐齐哈尔市,甘南县
艺剪坊染烫工作室(广安雅苑店),广安雅苑西北门旁,"123.512417,47.917836",[],黑龙江省,齐齐哈尔市,甘南县
如意美发,王仔花苑东门东南100米,"123.518024,47.914307",[],黑龙江省,齐齐哈尔市,甘南县
新起点美发,明海街福中府西侧约50米,"123.507333,47.909292",[],黑龙江省,齐齐哈尔市,甘南县
名剪理发,兴宝大街2号,"123.954144,48.129513",13199678785,黑龙江省,齐齐哈尔市,甘南县
红日美容美发,通达家园东侧120米,"123.546915,47.769761",[],黑龙江省,齐齐哈尔市,甘南县
松竹梅发型设计室,齐查公路与042县道交叉口北60米,"124.300094,48.424094",[],黑龙江省,齐齐哈尔市,甘南县
晓艳理发店,繁荣路与工农街交叉口东北20米,"123.500337,47.915379",[],黑龙江省,齐齐哈尔市,甘南县
丝美达专业烫染美发室,建华路与龙丰街交叉口西20米,"123.508320,47.922916",[],黑龙江省,齐齐哈尔市,甘南县
匠人美发,七彩开锁东南侧90米,"123.758025,47.862275",[],黑龙江省,齐齐哈尔市,甘南县
氧发堂天然植物染发(甘南店),酒承华府小区东门旁,"123.504859,47.917624",[],黑龙江省,齐齐哈尔市,甘南县
鼎点发艺,齐查公路与向荣路交叉口东南60米,"124.254875,48.012625",[],黑龙江省,齐齐哈尔市,甘南县
新艺发,学府路与状元街交叉口南300米,"124.314475,48.244975",[],黑龙江省,齐齐哈尔市,甘南县
頭领形象烫染店,宝山乡,"123.952234,48.130936",[],黑龙江省,齐齐哈尔市,甘南县
森语美发店,甘南镇繁荣街学府家园小区3号楼,"123.507433,47.925818",[],黑龙江省,齐齐哈尔市,甘南县
氧发堂天然植物染发,繁荣路与奋斗路交叉口西南120米,"123.514325,47.918325",[],黑龙江省,齐齐哈尔市,甘南县
王皓发廊,双河农场玥影移动手机店西侧60米,"123.756425,47.865075",[],黑龙江省,齐齐哈尔市,甘南县
铭尚造型(人民路店),防疫站楼下,"123.511703,47.916979",[],黑龙江省,齐齐哈尔市,甘南县
天一美发城,宝欣路与兴宝大街交叉口东120米,"123.953969,48.129451",[],黑龙江省,齐齐哈尔市,甘南县
莳·格发型工作室,龙丰街与光明路交叉口南80米,"123.510211,47.919545",[],黑龙江省,齐齐哈尔市,甘南县
头领美发,齐查公路与巨兴街交叉口北340米,"124.192139,47.896974",[],黑龙江省,齐齐哈尔市,甘南县
枫叶发廊,宝欣路与兴宝大街交叉口东120米,"123.953958,48.129475",[],黑龙江省,齐齐哈尔市,甘南县
明天见造型设计,甘南镇中华人民共和国黑龙江省一忠烧烤对面,"123.505538,47.913416",[],黑龙江省,齐齐哈尔市,甘南县
丽人美容美发(建华路店),荣昌小区,"123.506369,47.922557",[],黑龙江省,齐齐哈尔市,甘南县
佳剪法烫染造型店,东风街9号,"124.300221,48.248698",[],黑龙江省,齐齐哈尔市,甘南县
小白理发店,安康小区东北门旁,"123.497383,47.919232",[],黑龙江省,齐齐哈尔市,甘南县
飘逸发型设计,龙甘公路与中兴大街交叉口西100米,"123.238051,47.701898",[],黑龙江省,齐齐哈尔市,甘南县
玲玲理发,明海街与城南路交叉口北120米,"123.507875,47.909175",[],黑龙江省,齐齐哈尔市,甘南县
领秀发艺,齐查公路与向荣路交叉口东南40米,"124.254838,48.012701",[],黑龙江省,齐齐哈尔市,甘南县
金地美发(金地名苑店),砖厂南路与文明大街交叉口南420米,"123.501163,47.926052",[],黑龙江省,齐齐哈尔市,甘南县
妮方发艺,长山乡人民政府南侧170米,"123.548680,47.769525",[],黑龙江省,齐齐哈尔市,甘南县
剪约美发(繁荣路店),繁荣路与明海街交叉口西100米,"123.502431,47.915825",[],黑龙江省,齐齐哈尔市,甘南县
超凡发艺(齐查公路店),向荣路与齐查公路交叉口西160米,"124.252607,48.012293",[],黑龙江省,齐齐哈尔市,甘南县
甘南县红颜美业,042县道与齐查公路交叉口东南40米,"124.300646,48.423240",[],黑龙江省,齐齐哈尔市,甘南县
美丝达剪业,宝欣路与兴宝大街交叉口东120米,"123.954033,48.129478",[],黑龙江省,齐齐哈尔市,甘南县
艾尚发屋,042县道与齐查公路交叉口东20米,"124.300627,48.423494",[],黑龙江省,齐齐哈尔市,甘南县
广汇造型(福顺小区店),福顺小区西门旁,"124.305091,48.249324",[],黑龙江省,齐齐哈尔市,甘南县
名剪美发,双河农场正西方向70米,"123.757205,47.862778",[],黑龙江省,齐齐哈尔市,甘南县
经典美发,甘南镇朝阳名府对面,"123.496407,47.928164",[],黑龙江省,齐齐哈尔市,甘南县
铭昊专业美发,向荣路与东安街交叉口西120米,"124.252986,48.013031",[],黑龙江省,齐齐哈尔市,甘南县
剪艺美发,025县道与育才街交叉口东北60米,"124.307777,48.251607",[],黑龙江省,齐齐哈尔市,甘南县
白云理发店,繁荣路与奋斗路交叉口西60米,"123.514838,47.918954",[],黑龙江省,齐齐哈尔市,甘南县
新感觉发型设计(龙福嘉园店),龙福嘉园18号楼,"123.513942,47.921577",[],黑龙江省,齐齐哈尔市,甘南县
红枫叶发型设计,龙丰街与建华路交叉口西北140米,"123.508044,47.924113",[],黑龙江省,齐齐哈尔市,甘南县
静波美发,查哈阳农场南市场西北门,"124.299205,48.248745",[],黑龙江省,齐齐哈尔市,甘南县
众研美发,拉甘路锦绣家园北侧约130米,"124.300299,48.249075",[],黑龙江省,齐齐哈尔市,甘南县
红梅理发(世博嘉园店),世博嘉园西门东50米,"123.500881,47.922480",[],黑龙江省,齐齐哈尔市,甘南县
晓芳理发店,龙丰街与建设路交叉口北80米,"123.512840,47.915824",[],黑龙江省,齐齐哈尔市,甘南县
北方美发中心,长山乡,"123.546849,47.770074",[],黑龙江省,齐齐哈尔市,甘南县
蓝霞美发,建华路与工农街交叉口东60米,"123.498114,47.920349",[],黑龙江省,齐齐哈尔市,甘南县
尚格美发,工农街与繁荣路交叉口西20米,"123.499710,47.915172",[],黑龙江省,齐齐哈尔市,甘南县
曲中周皮肤管理中心(发展路店),房产小区西门旁,"123.505296,47.917022",[],黑龙江省,齐齐哈尔市,甘南县
岁美人工作室,甘南县疾控中心厢楼北2室,"123.511753,47.916898",[],黑龙江省,齐齐哈尔市,甘南县
兰冬化妆工作室(查哈阳农场),东风街9号,"124.299164,48.249846",15245825911,黑龙江省,齐齐哈尔市,甘南县
小颖定妆工作室(金地名苑店),甘南镇金地名苑6号楼,"123.500983,47.926002",[],黑龙江省,齐齐哈尔市,甘南县
兰兰美甲美睫工作室,齐查公路与042县道交叉口西北200米,"124.299391,48.425369",[],黑龙江省,齐齐哈尔市,甘南县
聚艺董妆姚老板美学设计,025县道与文明街交叉口东80米,"124.301825,48.249875",[],黑龙江省,齐齐哈尔市,甘南县
木子美发(齐齐哈尔依安县),国税局路东,"125.310059,47.888791",13634522404,黑龙江省,齐齐哈尔市,依安县
名发轩美发(民强路店),依安镇学府名苑1-7号北门,"125.316132,47.893169",15845792298,黑龙江省,齐齐哈尔市,依安县
剪单爱发艺工作室(学府茗苑店),学府茗苑西北门东90米,"125.316631,47.893367",13104042525,黑龙江省,齐齐哈尔市,依安县
刘刚发型设计室,依安镇北二道街中行往东一百米道南,"125.308087,47.890173",13763543337,黑龙江省,齐齐哈尔市,依安县
动感烫染,泰西小区东门东南100米,"125.302370,47.896805",18686972009,黑龙江省,齐齐哈尔市,依安县
小雪发艺(金鼎家园店),依安镇金鼎家园1号楼门市,"125.310192,47.891266",[],黑龙江省,齐齐哈尔市,依安县
理·好美发工作室,东北街商贸局综合楼11号门市,"125.308107,47.890522",19917739532,黑龙江省,齐齐哈尔市,依安县
佐欣Z.one美发工作室,东南街,"125.310010,47.887615",19104524320,黑龙江省,齐齐哈尔市,依安县
手艺人美发,农业银行南50米,"125.305675,47.890875",13946215428;15214440627,黑龙江省,齐齐哈尔市,依安县
樂哥美发设计室,永勤路146号依安镇东北街商贸楼东数三门商服,"125.308111,47.890608",15146668760,黑龙江省,齐齐哈尔市,依安县
渴望美发,依安镇华辰广场北门斜对面,"125.309269,47.887453",0452-7025111;13100993222,黑龙江省,齐齐哈尔市,依安县
帅俏邦发艺,永廉街与北新路交叉口北80米,"125.308832,47.898536",[],黑龙江省,齐齐哈尔市,依安县
艺格造型烫染专业店(依建小区店),依安镇东北街丽水佳园2号综合楼29号,"125.313086,47.891301",[],黑龙江省,齐齐哈尔市,依安县
功臣美业(佳和阳光一期店),佳和阳光东南门西南60米,"125.312332,47.893754",[],黑龙江省,齐齐哈尔市,依安县
舒简造型,依龙镇十字街东,"125.365940,47.473579",[],黑龙江省,齐齐哈尔市,依安县
酷儿烫染造型(春晖名苑店),世纪雅苑南门西南110米,"125.309386,47.894132",[],黑龙江省,齐齐哈尔市,依安县
新空间美发沙龙(鑫苑嘉园店),东北街德泽园小区鑫苑家园17号楼6号商服,"125.314484,47.896281",15174530097,黑龙江省,齐齐哈尔市,依安县
劳伦斯美发沙龙,北新路与民乐街交叉口西南80米,"125.303821,47.896017",[],黑龙江省,齐齐哈尔市,依安县
尚野美发工作室,泰安新城F区11栋西门尚野美发工作室,"125.305225,47.906767",[],黑龙江省,齐齐哈尔市,依安县
枫之帆造型,启程二号楼门市西东4门,"125.307699,47.890208",15845793848,黑龙江省,齐齐哈尔市,依安县
大魏发型设计室(鑫苑嘉园店),佳和阳光西北门旁,"125.311822,47.895332",13895968588,黑龙江省,齐齐哈尔市,依安县
约剪发艺(依建小区店),依安县第四小学南门西南110米,"125.310935,47.891237",15245221230,黑龙江省,齐齐哈尔市,依安县
依安县创美理发店,泰安新城C区5号楼单元11室,"125.310988,47.910635",15084557605,黑龙江省,齐齐哈尔市,依安县
墨飞美发工作室(泰安新城F区店),新城F区6栋12号商服,"125.306446,47.905997",17382728997,黑龙江省,齐齐哈尔市,依安县
JERRY形象设计室(鑫苑嘉园店),佳和阳光西北门西70米,"125.311418,47.895174",13763481588,黑龙江省,齐齐哈尔市,依安县
晓娜美发室(世纪雅苑店),世纪雅苑二号楼,"125.309704,47.895947",15945228355,黑龙江省,齐齐哈尔市,依安县
剪约造型,依安镇西北街清新家园一期A区7号楼1号,"125.300002,47.892237",15845651683,黑龙江省,齐齐哈尔市,依安县
诗琪发型设计店(泰安新城B区店),依安县实验中学东南侧150米,"125.307305,47.910313",[],黑龙江省,齐齐哈尔市,依安县
尊梵造型(春晖名苑店),永勤路156号东北方向180米春晖名苑,"125.308230,47.893771",[],黑龙江省,齐齐哈尔市,依安县
依安县牡丹理发店,民裕路与泰安大街交叉口西南40米,"125.307981,47.886581",15765079789,黑龙江省,齐齐哈尔市,依安县
伊然美发沙龙(鑫苑嘉园店),依安镇鑫苑嘉园9栋4号楼,"125.312346,47.895582",[],黑龙江省,齐齐哈尔市,依安县
美神美发(东方家盛店),北新路与永廉街交叉口西160米,"125.306631,47.897684",[],黑龙江省,齐齐哈尔市,依安县
俊逸美发工作室,东北街佳和阳光3号楼3号门市,"125.311161,47.894512",18645219330,黑龙江省,齐齐哈尔市,依安县
上禾造型(鑫苑嘉园店),鑫苑嘉园,"125.312073,47.895406",13206731225,黑龙江省,齐齐哈尔市,依安县
名人专业染烫,东北街启程2号楼综合楼11号,"125.307286,47.889980",18686917456,黑龙江省,齐齐哈尔市,依安县
美约造型工作室,鑫坐标小区四号楼2号门市,"125.308988,47.889874",18714381750,黑龙江省,齐齐哈尔市,依安县
金豆美发,依安镇北新路东方嘉盛西门,"125.306609,47.897698",15245816112,黑龙江省,齐齐哈尔市,依安县
头等舱造型(泰安新城F区店),泰安新城F区11号与12号楼之间商服3号,"125.305280,47.907008",13261534888,黑龙江省,齐齐哈尔市,依安县
康康烫染(龙腾名苑店),龙腾名苑东北门旁,"125.316262,47.894370",18246285100,黑龙江省,齐齐哈尔市,依安县
悦悦美发(泰安新城B区店),泰安新城A区东侧160米,"125.304939,47.909441",15645208566,黑龙江省,齐齐哈尔市,依安县
永恒美发,依安镇教委1号楼,"125.315304,47.896921",13212969444,黑龙江省,齐齐哈尔市,依安县
小文美容美发,新解公路与009乡道交叉口西北100米,"125.043179,47.618469",[],黑龙江省,齐齐哈尔市,依安县
盛开发艺(东方家盛店),依安镇东方嘉盛西门北侧,"125.306387,47.898027",17179379995,黑龙江省,齐齐哈尔市,依安县
萌萌发艺,泰安大街485号,"125.303106,47.893812",15245278678,黑龙江省,齐齐哈尔市,依安县
明达美发,兴学路与泰安大街交叉口西40米,"125.303122,47.894093",18246284663,黑龙江省,齐齐哈尔市,依安县
雯彩美发中心,世纪嘉园16栋,"125.308963,47.897507",13766538576,黑龙江省,齐齐哈尔市,依安县
枫梵造型(泰安新城G区店),泰安新城G区1栋商服东17门,"125.311239,47.906323",13504650246,黑龙江省,齐齐哈尔市,依安县
阿扬烫染造型(星光城店),星光城东南门旁,"125.305906,47.900283",18246281979,黑龙江省,齐齐哈尔市,依安县
初七美发馆,鑫凯嘉园5栋2号门市,"125.305927,47.900057",17390675364,黑龙江省,齐齐哈尔市,依安县
玉辉美发,依安镇信用联社道北,"125.302851,47.887465",13904826678,黑龙江省,齐齐哈尔市,依安县
辰一发艺(清新家园店),清新家园2期东3门北140米,"125.300279,47.891815",15174538910,黑龙江省,齐齐哈尔市,依安县
铭坊发型工作室,依安镇永勤路鑫苑嘉园,"125.312481,47.895541",13664629090,黑龙江省,齐齐哈尔市,依安县
艺秀形象设计工作室(星光城店),星光城东北门东南70米,"125.306422,47.901137",18686947833,黑龙江省,齐齐哈尔市,依安县
艺海发型设计,泰安大街132号,"125.310065,47.885879",15174573573,黑龙江省,齐齐哈尔市,依安县
美琦造型(展望小区店),展望小区西门西北60米,"125.307718,47.900122",15645293369,黑龙江省,齐齐哈尔市,依安县
伊人湖美发沙龙,北二道街商贸局楼下,"125.307475,47.890025",15145303001,黑龙江省,齐齐哈尔市,依安县
秀剪形象设计二店,佳和阳光2期,"125.314535,47.895998",18245282056,黑龙江省,齐齐哈尔市,依安县
双双发艺(依建小区店),依建小区,"125.312745,47.890525",15846278678,黑龙江省,齐齐哈尔市,依安县
海浪花美发,永廉街与明安路交叉口南60米,"125.313874,47.890126",15174575671,黑龙江省,齐齐哈尔市,依安县
依安慕涵形象设计,依安镇东北街依建4号综合楼西-2门,"125.310262,47.889531",0452-7028858;15663138231,黑龙江省,齐齐哈尔市,依安县
密斯特吴造型(鑫苑嘉园店),佳和阳光西北门北50米,"125.312060,47.895413",[],黑龙江省,齐齐哈尔市,依安县
飘丝坊造型(民乐街店),春晖名苑7号楼楼下,"125.308547,47.893886",13644622279,黑龙江省,齐齐哈尔市,依安县
首艺烫染,展望路与民乐街交叉口东北40米,"125.303366,47.899545",[],黑龙江省,齐齐哈尔市,依安县
尚古美发工作室,民乐街与明安路交叉口东南60米,"125.310219,47.888798",13204522868,黑龙江省,齐齐哈尔市,依安县
金榜美发(泰安大街),水利排灌小区西南门旁,"125.303372,47.895257",13079618567,黑龙江省,齐齐哈尔市,依安县
丽人行发型设计室,民生街与民裕路交叉口东20米,"125.306585,47.886137",[],黑龙江省,齐齐哈尔市,依安县
杨帆美发店,鑫凯嘉园东门南100米,"125.307612,47.899159",[],黑龙江省,齐齐哈尔市,依安县
木子美发,明安路与城兴街交叉口西60米,"125.302488,47.886961",[],黑龙江省,齐齐哈尔市,依安县
新标榜专业染烫店,212省道与214省道交叉口西北160米,"125.364816,47.474735",[],黑龙江省,齐齐哈尔市,依安县
绿洲美发,翰博小区西门东南100米,"125.315244,47.897016",[],黑龙江省,齐齐哈尔市,依安县
阿哲有家理发店,依安镇西北街政府二号综合楼6号商服,"125.303920,47.893722",15245270828,黑龙江省,齐齐哈尔市,依安县
艺美烫染造型(城育路店),依安镇城育路清新家园二期B区1栋东1号商服,"125.301273,47.889977",[],黑龙江省,齐齐哈尔市,依安县
阿鑫烫染造型(泰安新城B区店),依安县实验中学南侧120米,"125.305576,47.910180",[],黑龙江省,齐齐哈尔市,依安县
匠人美发工作室(明珠国际店),明珠国际西南门西北90米,"125.306141,47.902499",[],黑龙江省,齐齐哈尔市,依安县
鑫缘美发(园丁楼店),依安镇北三道街农行道口西走50米路南,"125.304834,47.890760",[],黑龙江省,齐齐哈尔市,依安县
薪艺美发(鑫苑嘉园店),鑫苑嘉园17栋,"125.314151,47.896216",[],黑龙江省,齐齐哈尔市,依安县
美丝达美发中心,客运站对面建筑公司楼下,"125.311643,47.889992",[],黑龙江省,齐齐哈尔市,依安县
俏颜美发(水利排灌小区店),水利排灌小区西南门旁,"125.303349,47.895263",15636258755,黑龙江省,齐齐哈尔市,依安县
金榜美发(北新路店),依安县疾病控制中心对过,"125.304373,47.896143",13079618567,黑龙江省,齐齐哈尔市,依安县
四海·SH美容美发美甲微整铂金店,北三道街农行东走路南,"125.306514,47.891495",[],黑龙江省,齐齐哈尔市,依安县
天美发型设计室(世纪雅苑店),世纪雅苑南门西南50米,"125.309457,47.894513",[],黑龙江省,齐齐哈尔市,依安县
蒂凡尼造型(民乐街店),民乐街与民强路交叉口南60米,"125.308808,47.890059",13946215001,黑龙江省,齐齐哈尔市,依安县
简艺造型,佳和阳光东南门旁,"125.312896,47.893987",18746250392,黑龙江省,齐齐哈尔市,依安县
奈·丝发型工作室(园丁楼店),城育路与民生街交叉口东60米,"125.304257,47.890572",18686988102,黑龙江省,齐齐哈尔市,依安县
丹丹发型设计,民生街与明安路交叉口东南60米,"125.305820,47.887259",[],黑龙江省,齐齐哈尔市,依安县
利宝发艺(平安小区店),依安镇平安小区,"125.308254,47.891651",13101525300,黑龙江省,齐齐哈尔市,依安县
女人坊美容美发瘦身会馆(民强路店),城工街与民强路交叉口西北60米,"125.310256,47.891777",15846274931,黑龙江省,齐齐哈尔市,依安县
毫末发型设计(泰安新城B区店),泰安新城B区9栋4门市,"125.306761,47.910199",18245266695,黑龙江省,齐齐哈尔市,依安县
青丝时尚造型(兴安家园店),泰安大街52号,"125.307048,47.891600",[],黑龙江省,齐齐哈尔市,依安县
晓敏美发室,泰安大街412号,"125.303034,47.894960",13069978009,黑龙江省,齐齐哈尔市,依安县
名角发型设计,佳和阳光一期一号楼17号门市,"125.311318,47.894563",15174651497,黑龙江省,齐齐哈尔市,依安县
添秀造型(泰安新城C区店),泰安新城C区,"125.308515,47.910113",13514653841,黑龙江省,齐齐哈尔市,依安县
男孩女孩造型(泰安新城A区店),泰安新城A区一栋4号门市,"125.304424,47.908592",13634529521,黑龙江省,齐齐哈尔市,依安县
彩虹美发屋,供电局路南建行家属楼2号楼1楼,"125.298366,47.885320",[],黑龙江省,齐齐哈尔市,依安县
艾尚造型,212省道与214省道交叉口北80米,"125.365405,47.474044",[],黑龙江省,齐齐哈尔市,依安县
艾美造型(依建小区店),依安镇客运站对面,"125.312213,47.890238",[],黑龙江省,齐齐哈尔市,依安县
绿叶美发室,泰安大街205西北方向180米田园名苑,"125.301859,47.893323",[],黑龙江省,齐齐哈尔市,依安县
名宏染烫造型(清新家园店),清新家园西北门旁,"125.301739,47.891548",[],黑龙江省,齐齐哈尔市,依安县
兰凤美发,西北街二建家属楼一楼,"125.302818,47.887518",13846255580,黑龙江省,齐齐哈尔市,依安县
佑米发艺(泰安新城G区店),民兴街与图强路交叉口北240米,"125.309544,47.908055",13796302841,黑龙江省,齐齐哈尔市,依安县
沐色染发沙龙(佳和阳光店),佳和阳光东门南110米,"125.313536,47.894192",[],黑龙江省,齐齐哈尔市,依安县
她雅美发纹眉潮店,清新家园2期东3门旁,"125.300317,47.891095",[],黑龙江省,齐齐哈尔市,依安县
秋鑫发艺工作室,新兴路77号西南方向60米,"125.023006,47.737528",[],黑龙江省,齐齐哈尔市,依安县
靓靓美发厅,依拜公路与新富公路交叉口东80米,"125.500343,47.765744",19531598123,黑龙江省,齐齐哈尔市,依安县
艺峰烫染空间,依安镇妇幼保健院30米道东,"125.305676,47.887404",[],黑龙江省,齐齐哈尔市,依安县
齐琪美发(泰安新城二期C区店),泰安新城二期西北侧120米,"125.296838,47.901232",[],黑龙江省,齐齐哈尔市,依安县
三千丝发艺工作室(龙腾名苑店),龙腾名苑西门旁,"125.314592,47.893288",[],黑龙江省,齐齐哈尔市,依安县
晶艺美发(鑫苑嘉园店),依安镇鑫苑嘉园16栋12号,"125.313984,47.896099",[],黑龙江省,齐齐哈尔市,依安县
名丝发艺,泰安大街与永勤路交叉口西北60米,"125.304083,47.893182",15245222117,黑龙江省,齐齐哈尔市,依安县
渴望美发,依安镇教委楼下,"125.316024,47.896692",[],黑龙江省,齐齐哈尔市,依安县
宏越发型设计(泰安新城店),依安镇泰安新城A区门市西3门,"125.302723,47.908037",[],黑龙江省,齐齐哈尔市,依安县
诗艺美发,图强路与民兴街交叉口西北320米,"125.305475,47.907725",[],黑龙江省,齐齐哈尔市,依安县
韩流风暴发型设计,212省道与依明公路交叉口西160米,"125.550434,47.416087",[],黑龙江省,齐齐哈尔市,依安县
小云美发(泰安新城D区店),依安县人民医院北侧180米,"125.314451,47.909232",[],黑龙江省,齐齐哈尔市,依安县
萝革形象设计(锦绣华庭店),育才街与城育路交叉口东180米,"125.318456,47.895160",[],黑龙江省,齐齐哈尔市,依安县
晓龙美容美发烫染专业店,民强路与民乐街交叉口西60米,"125.307822,47.890359",[],黑龙江省,齐齐哈尔市,依安县
新潮专业烫染,212省道与新解公路交叉口北20米,"125.337144,47.686196",[],黑龙江省,齐齐哈尔市,依安县
尚剪发艺,育才街与城育路交叉口东240米,"125.319208,47.895384",[],黑龙江省,齐齐哈尔市,依安县
星尘美发工作室,名仕国际1号楼南5号商服,"125.312987,47.892212",[],黑龙江省,齐齐哈尔市,依安县
名剪美甲美甲,育才街与城育路交叉口东140米,"125.318081,47.895066",[],黑龙江省,齐齐哈尔市,依安县
海潮发艺,龙康大药房北侧,"125.102775,48.018225",[],黑龙江省,齐齐哈尔市,依安县
平头理发店,民兴街与图强路交叉口北500米,"125.309275,47.910475",[],黑龙江省,齐齐哈尔市,依安县
桐桐美发店,图强路与民兴街交叉口西北260米,"125.307025,47.907925",[],黑龙江省,齐齐哈尔市,依安县
佳淼美发,新兴中学南侧180米,"125.027224,47.736652",[],黑龙江省,齐齐哈尔市,依安县
漫鲤造型,212省道与214省道交叉口西北80米,"125.364874,47.473977",[],黑龙江省,齐齐哈尔市,依安县
可心美发,城育路与泰安大街交叉口东北40米,"125.305969,47.891478",[],黑龙江省,齐齐哈尔市,依安县
金艺造型,民强路与泰安大街交叉口东60米,"125.307475,47.890025",[],黑龙江省,齐齐哈尔市,依安县
喜欢理造型,佳和阳光2期西北门西北50米,"125.313788,47.896080",[],黑龙江省,齐齐哈尔市,依安县
小伟造型,东北街法院商服楼北-6号,"125.308569,47.890874",[],黑龙江省,齐齐哈尔市,依安县
鑫垚美发(学府茗苑店),育才街123号学府茗苑,"125.315794,47.893036",[],黑龙江省,齐齐哈尔市,依安县
极简造型,展望路与泰安北大街交叉口西360米,"125.297425,47.899675",[],黑龙江省,齐齐哈尔市,依安县
韵之堂美发,阳春乡委员会南侧80米,"125.497115,47.765015",[],黑龙江省,齐齐哈尔市,依安县
扬洋美发,民强路与泰安大街交叉口西40米,"125.306047,47.889865",[],黑龙江省,齐齐哈尔市,依安县
理发店,世纪雅苑南门西南90米,"125.309137,47.894414",[],黑龙江省,齐齐哈尔市,依安县
秋北发型设计工作室(鑫苑嘉园店),鑫苑嘉园东南门东50米,"125.313282,47.895917",[],黑龙江省,齐齐哈尔市,依安县
都想来理发店,泰安大街205西北方向180米田园名苑,"125.302474,47.893837",[],黑龙江省,齐齐哈尔市,依安县
晓伟理发店,新富公路与214省道交叉口北60米,"125.601257,47.559279",[],黑龙江省,齐齐哈尔市,依安县
丝逸理发(清新家园店),清新家园二期C区西北门西50米,"125.300055,47.889313",[],黑龙江省,齐齐哈尔市,依安县
丝雅美发(泰安新城F区店),泰安新城西侧100米,"125.308206,47.908018",[],黑龙江省,齐齐哈尔市,依安县
艺缘美发纹绣,依安镇展望家园7栋,"125.309618,47.899795",[],黑龙江省,齐齐哈尔市,依安县
美发店数码照相馆,新解公路与212省道交叉口西北20米,"125.336738,47.686110",[],黑龙江省,齐齐哈尔市,依安县
蓝梦美发,清新家园1期东南门南70米,"125.302220,47.889953",[],黑龙江省,齐齐哈尔市,依安县
博宇形象设计,212省道与214省道交叉口西北100米,"125.364800,47.474053",[],黑龙江省,齐齐哈尔市,依安县
红兴美发,新兴路与双兴街交叉口东180米,"125.020263,47.737183",[],黑龙江省,齐齐哈尔市,依安县
人美剪烫造型,新解公路与009乡道交叉口北120米,"125.043669,47.618750",[],黑龙江省,齐齐哈尔市,依安县
酷孩美发,212省道与新富公路交叉口西180米,"125.550246,47.416102",[],黑龙江省,齐齐哈尔市,依安县
匠心发型设计(清新家园一期A区店),依安镇清新家园1期A区5栋,"125.301234,47.891724",[],黑龙江省,齐齐哈尔市,依安县
木岩发艺,清新家园1期东南门西南50米,"125.301958,47.890238",[],黑龙江省,齐齐哈尔市,依安县
阿娇发廊,依安镇香怡阁东走路北,"125.305069,47.894739",[],黑龙江省,齐齐哈尔市,依安县
尤丽美发专业染烫,212省道与新解公路交叉口北40米,"125.337103,47.686410",[],黑龙江省,齐齐哈尔市,依安县
丽荣发屋,民生街与城济路交叉口北80米,"125.307022,47.885590",[],黑龙江省,齐齐哈尔市,依安县
珍珍发屋(民育路店),民裕路与泰安大街交叉口东北80米,"125.309210,47.887432",[],黑龙江省,齐齐哈尔市,依安县
独领美发(世纪嘉园店),北新路76号世纪嘉园,"125.307465,47.895509",[],黑龙江省,齐齐哈尔市,依安县
再回首发型设计(春晖名苑店),城工街春晖名苑小区北门8栋,"125.309250,47.894087",[],黑龙江省,齐齐哈尔市,依安县
蓝之梦美发(泰安新城G区店),泰安新城M区,"125.311210,47.905937",15765067749,黑龙江省,齐齐哈尔市,依安县
百变女郎美容工作室,城育路与泰安大街交叉口西60米,"125.305321,47.891059",15845726102,黑龙江省,齐齐哈尔市,依安县
六月美甲美睫工作室,明安路212号,"125.310020,47.888849",13634522743,黑龙江省,齐齐哈尔市,依安县
全天美工作室(展望小区店),北新路40号,"125.307606,47.900497",15845726881,黑龙江省,齐齐哈尔市,依安县
妃妃美容工作室,民强路与民乐街交叉口西80米,"125.307690,47.890416",17134171666,黑龙江省,齐齐哈尔市,依安县
朵朵半自助美甲美睫肌肤管理工作室,北二道街启程二号楼一楼东6门,"125.307438,47.890011",15174644664,黑龙江省,齐齐哈尔市,依安县
栗子美甲美睫工作室(名仕国际店),名仕国际北侧五号楼六号,"125.313559,47.893921",15845271552,黑龙江省,齐齐哈尔市,依安县
丹丹美容工作室(泰安新城G区店),泰安新城M区北侧120米,"125.311197,47.906319",[],黑龙江省,齐齐哈尔市,依安县
纤脂减肥工作室,展望路6号星光城,"125.306686,47.900510",13514626664,黑龙江省,齐齐哈尔市,依安县
娜娜美甲工作室(鑫苑嘉园店),佳和阳光西北门东北110米,"125.312681,47.895609",19904629698,黑龙江省,齐齐哈尔市,依安县
夏沐美容工作室(世纪雅苑店),世纪雅苑南门旁,"125.309722,47.894594",[],黑龙江省,齐齐哈尔市,依安县
拾月美甲工作室(泰安新城E区店),泰安新城A区南侧190米,"125.302164,47.907463",[],黑龙江省,齐齐哈尔市,依安县
迦美工作室,305省道与明安路交叉口东120米,"125.320812,47.892284",[],黑龙江省,齐齐哈尔市,依安县
迷尚工作室(龙腾名苑店),龙腾名苑北门东北50米,"125.315143,47.894514",[],黑龙江省,齐齐哈尔市,依安县
漾彩美容工作室(星光城店),展望路6号星光城,"125.306424,47.900550",[],黑龙江省,齐齐哈尔市,依安县
羊涵美容工作室(华辰广场店),泰安大街186号华辰广场F1层,"125.309884,47.887371",[],黑龙江省,齐齐哈尔市,依安县
晓丹美容工作室,清新家园2期东3门北250米,"125.299913,47.892459",[],黑龙江省,齐齐哈尔市,依安县
萍姐美甲工作室,育才街与永勤路交叉口东80米,"125.316275,47.896525",[],黑龙江省,齐齐哈尔市,依安县
慕媛工作室,民兴街与图强路交叉口北140米,"125.308575,47.907275",[],黑龙江省,齐齐哈尔市,依安县
玉睫美甲工作室,城育路与泰安大街交叉口东北40米,"125.305887,47.891511",[],黑龙江省,齐齐哈尔市,依安县
微美工作室,民乐街与兴学路交叉口西北20米,"125.305671,47.894945",[],黑龙江省,齐齐哈尔市,依安县
领绣美睫工作室(鑫苑嘉园店),佳和阳光西北门西北50米,"125.311652,47.895280",[],黑龙江省,齐齐哈尔市,依安县
丽丽理容工作室(暂停营业),212省道与214省道交叉口东北20米,"125.365786,47.473625",[],黑龙江省,齐齐哈尔市,依安县
渴望美容美体养生会馆(世纪嘉园店),北新路76号世纪嘉园,"125.308014,47.897368",13100993222,黑龙江省,齐齐哈尔市,依安县
阿伟美容美发(齐齐哈尔梅里斯达斡尔族区),华丰路中段齐齐哈尔市工商行政管理局梅里斯分局附近,"123.754001,47.311558",[],黑龙江省,齐齐哈尔市,梅里斯达斡尔族区
蒂星造型工作室,梅里斯镇教委职工住宅3号楼00单元01层02号2,"123.751195,47.310786",15164646998,黑龙江省,齐齐哈尔市,梅里斯达斡尔族区
名流造型(育德家园店),育德家园东南门东北140米,"123.752355,47.311340",13136620723,黑龙江省,齐齐哈尔市,梅里斯达斡尔族区
雪艺美发,齐查公路与卧双公路交叉口西南120米,"123.992469,47.565997",[],黑龙江省,齐齐哈尔市,梅里斯达斡尔族区
珊珊发艺(育德家园店),育德家园东南门西南50米,"123.750934,47.310602",[],黑龙江省,齐齐哈尔市,梅里斯达斡尔族区
肤蓉阁美容美发会馆,齐查公路南100米,"123.999104,47.569007",15846225680,黑龙江省,齐齐哈尔市,梅里斯达斡尔族区
阿永发型工作室(育德家园店),华丰路与育德街交叉口西100米,"123.750605,47.310370",13836206149;15164622733,黑龙江省,齐齐哈尔市,梅里斯达斡尔族区
梅里斯达斡尔族区千诺发艺,梅里斯乡葛根格日一号楼,"123.748267,47.309339",[],黑龙江省,齐齐哈尔市,梅里斯达斡尔族区
星雨美发(华丰路店),华丰路与爱民街交汇处西南100米,"123.749749,47.309368",[],黑龙江省,齐齐哈尔市,梅里斯达斡尔族区
XUANZE选择私人发型定制会馆(育德家园店),育德家园,"123.752138,47.311249",[],黑龙江省,齐齐哈尔市,梅里斯达斡尔族区
丝丝美美容美发,098乡道东40米,"123.659763,47.328962",13945230822,黑龙江省,齐齐哈尔市,梅里斯达斡尔族区
丽丽美发,幸福家园六号楼,"123.754143,47.314999",15734528787,黑龙江省,齐齐哈尔市,梅里斯达斡尔族区
发缘地美发室,育新委教委2-711,"123.753479,47.311924",13514630730,黑龙江省,齐齐哈尔市,梅里斯达斡尔族区
开鑫发艺,铁柱农资经销处西侧,"123.609944,47.630379",[],黑龙江省,齐齐哈尔市,梅里斯达斡尔族区
鑫丝语烫染工作室,育德家园东南门东北70米,"123.751910,47.311103",[],黑龙江省,齐齐哈尔市,梅里斯达斡尔族区
隆兴美发,园丁2号楼,"123.753489,47.311919",[],黑龙江省,齐齐哈尔市,梅里斯达斡尔族区
玉玲美发空间,达呼店镇,"123.824024,47.529018",15645279597,黑龙江省,齐齐哈尔市,梅里斯达斡尔族区
剪名堂美发沙龙,齐查公路西50米,"123.907203,47.447209",[],黑龙江省,齐齐哈尔市,梅里斯达斡尔族区
源源美发,吉雅提格日幸福家园南区西南门东南150米,"123.755206,47.313156",18745234423,黑龙江省,齐齐哈尔市,梅里斯达斡尔族区
沙宣造型专业烫染机构(葛根格日店),葛根格日二号楼,"123.749078,47.309770",[],黑龙江省,齐齐哈尔市,梅里斯达斡尔族区
飘逸美发(育德街店),梅里斯达斡尔族区政府8号楼,"123.753260,47.310791",[],黑龙江省,齐齐哈尔市,梅里斯达斡尔族区
纤艺美发,107,"123.755791,47.313191",15663366431,黑龙江省,齐齐哈尔市,梅里斯达斡尔族区
魅力空间发型设计室(库克腾格日佳园店),库克腾格日佳园东南门东北90米,"123.746611,47.308430",[],黑龙江省,齐齐哈尔市,梅里斯达斡尔族区
首艺造型(华丰苑店),华丰大街华丰苑一期1号楼门市,"123.758946,47.314767",[],黑龙江省,齐齐哈尔市,梅里斯达斡尔族区
美尚造型,锦龙石化加油站西北侧220米,"123.821149,47.531597",[],黑龙江省,齐齐哈尔市,梅里斯达斡尔族区
金剪子发艺,雅尔塞镇齐查公路中国邮政北,"123.904855,47.448051",13946231273,黑龙江省,齐齐哈尔市,梅里斯达斡尔族区
新时代美发,094乡道西50米,"123.820979,47.531772",[],黑龙江省,齐齐哈尔市,梅里斯达斡尔族区
雅馨发艺,雅尔塞镇,"123.904481,47.447946",[],黑龙江省,齐齐哈尔市,梅里斯达斡尔族区
梦美丝美容美发,华丰大街园丁2号楼一层,"123.753805,47.312081",[],黑龙江省,齐齐哈尔市,梅里斯达斡尔族区
银座美发室,梅甘街与华丰路交叉口北100米,"123.759565,47.317077",13763568860,黑龙江省,齐齐哈尔市,梅里斯达斡尔族区
冰美人美发,卧牛吐镇东卧村,"124.004772,47.571303",[],黑龙江省,齐齐哈尔市,梅里斯达斡尔族区
枫叶造型(齐查公路店),雅尔塞镇,"123.905749,47.446863",[],黑龙江省,齐齐哈尔市,梅里斯达斡尔族区
黛维斯美发,兴梅街与华丰路交叉口东40米,"123.756011,47.312504",[],黑龙江省,齐齐哈尔市,梅里斯达斡尔族区
俏佳人美发沙龙(哈伦阁乐小区店),哈伦阁乐小区1号楼,"123.748455,47.308660",[],黑龙江省,齐齐哈尔市,梅里斯达斡尔族区
星玲美发,库克腾格日佳园东南门西南80米,"123.745325,47.307825",[],黑龙江省,齐齐哈尔市,梅里斯达斡尔族区
红宏美发,齐甘辅路西南侧,"123.777322,47.449711",[],黑龙江省,齐齐哈尔市,梅里斯达斡尔族区
从简美发工作室,094乡道与096乡道交叉口西40米,"123.824497,47.528600",[],黑龙江省,齐齐哈尔市,梅里斯达斡尔族区
靓点·美业,微笑物流东南侧170米,"123.822919,47.530309",[],黑龙江省,齐齐哈尔市,梅里斯达斡尔族区
新天地美发,共和镇共和村096乡道,"123.685579,47.450165",[],黑龙江省,齐齐哈尔市,梅里斯达斡尔族区
贵族烫染专业店,094乡道与102乡道交叉口东南200米,"123.762441,47.644074",[],黑龙江省,齐齐哈尔市,梅里斯达斡尔族区
元满·nail预约制美甲工作室,富源安居小区西南2门旁,"123.750875,47.313838",15132234005;19013635006,黑龙江省,齐齐哈尔市,梅里斯达斡尔族区
剪精剪发艺(鑫鑫嘉园三期店),富裕镇鑫鑫三期三十号楼二号,"124.468325,47.783216",[],黑龙江省,齐齐哈尔市,富裕县
创美空间美发沙龙,酒厂家属楼,"124.467645,47.794251",0452-3124246,黑龙江省,齐齐哈尔市,富裕县
李欢烫染形象会馆,佳合二期西门市,"124.466915,47.792184",0452-3040030;13634520582,黑龙江省,齐齐哈尔市,富裕县
木尚造型,振兴开发1号楼木尚造型,"124.470532,47.794123",15045249804,黑龙江省,齐齐哈尔市,富裕县
潮艺造型发型设计室(南一道路店),中心步行街,"124.470411,47.793855",15602331110,黑龙江省,齐齐哈尔市,富裕县
情人造型美场,富裕镇新华街1号富运嘉园东区5号楼,"124.470755,47.789668",[],黑龙江省,齐齐哈尔市,富裕县
唯一美业(海华购物中心店),富裕镇朝阳路海华购物中心西门对面,"124.468790,47.795694",13263529997,黑龙江省,齐齐哈尔市,富裕县
皮特烫染形象会馆,佳合丽景西南门西60米,"124.467906,47.790794",14745863213,黑龙江省,齐齐哈尔市,富裕县
摩发丝烫染,富裕镇北一道街金裕小区1号楼,"124.472531,47.798061",[],黑龙江省,齐齐哈尔市,富裕县
艺轩美发工作室,西顺街与站前路交叉口西北60米,"124.458967,47.797520",13504822610,黑龙江省,齐齐哈尔市,富裕县
清丝雨烫染会所,南一道路与新华街交叉口东80米,"124.468612,47.794462",[],黑龙江省,齐齐哈尔市,富裕县
一剪钟情美发工作室,南一道路与新华街交叉口西北40米,"124.466953,47.794727",[],黑龙江省,齐齐哈尔市,富裕县
聚点美发工作室,新华街与南三道路交叉口南160米,"124.465991,47.789416",[],黑龙江省,齐齐哈尔市,富裕县
天艺美发,塞纳豪庭12号楼00单元01层06号,"124.472029,47.788009",18245081308,黑龙江省,齐齐哈尔市,富裕县
审美空间(南二道路店),佳合丽景北门东130米,"124.469102,47.792277",[],黑龙江省,齐齐哈尔市,富裕县
金剪子烫染工作室(鑫鑫嘉园三期店),富裕镇鑫鑫三期10号楼,"124.466350,47.781997",15174602140,黑龙江省,齐齐哈尔市,富裕县
大飞烫染工作室,南三道路与中心大街交叉口东40米,"124.472113,47.790355",[],黑龙江省,齐齐哈尔市,富裕县
阿杨造型,富裕镇双龙宾馆对面,"124.472950,47.793938",13803633744,黑龙江省,齐齐哈尔市,富裕县
初享发型工作室(鑫鑫嘉园三期店),鑫鑫三期30号楼104门市,"124.467998,47.783262",18746504232,黑龙江省,齐齐哈尔市,富裕县
郑阳美业,邮政家属楼一楼6号,"124.471649,47.794035",[],黑龙江省,齐齐哈尔市,富裕县
小月美业,富裕县步行街糖果屋旁小月美业,"124.469816,47.794298",18746847287,黑龙江省,齐齐哈尔市,富裕县
晓蕾美发工作室,鑫鑫嘉园三期,"124.466674,47.783435",[],黑龙江省,齐齐哈尔市,富裕县
短发故事(步行街店),中心步行街,"124.467839,47.794267",18245219944,黑龙江省,齐齐哈尔市,富裕县
鑫丝美发艺,塔哈卫生院对面,"124.223341,47.557552",15734627654;18246268838,黑龙江省,齐齐哈尔市,富裕县
阿信顶级美发会所,中心步行街,"124.468115,47.794563",15214445715,黑龙江省,齐齐哈尔市,富裕县
顶尚美发工作室(佳合新城C区店),佳合新城C区北门旁,"124.452521,47.794432",15845732899,黑龙江省,齐齐哈尔市,富裕县
美扬发型工作室(鑫鑫嘉园三期店),鑫鑫三期26号楼7门市,"124.466260,47.782281",13796306993,黑龙江省,齐齐哈尔市,富裕县
沐阳美业(鑫鑫嘉园三期店),鑫鑫三期6号门市,"124.467032,47.782364",17645238434,黑龙江省,齐齐哈尔市,富裕县
弥尚科技美业(黑龙江省齐齐哈尔市富裕县万和帝景店),松鹤路与公安街交叉口西200米,"124.472875,47.785975",[],黑龙江省,齐齐哈尔市,富裕县
淑波美发,中心大街与北一道路交叉口西南100米,"124.473365,47.797296",[],黑龙江省,齐齐哈尔市,富裕县
旭艺美发,世纪名苑北门西230米,"124.473519,47.793675",[],黑龙江省,齐齐哈尔市,富裕县
阿叁造型(新华街店),富裕镇步行街百花园商服楼,"124.468175,47.794560",13796326235,黑龙江省,齐齐哈尔市,富裕县
丽娜发艺(鑫鑫嘉园三期店),鑫鑫三期南区10号楼商服101,"124.466681,47.781889",[],黑龙江省,齐齐哈尔市,富裕县
自由空间(富运嘉园北区店),富运嘉园北区,"124.465187,47.794665",15546266609,黑龙江省,齐齐哈尔市,富裕县
新感觉美发,中国邮政(繁荣邮政支局)西南侧,"124.609736,47.390948",[],黑龙江省,齐齐哈尔市,富裕县
魅嘟烫染(塞纳豪庭店),万和·帝景北门东南60米,"124.473882,47.785794",13796262657,黑龙江省,齐齐哈尔市,富裕县
本色烫染造型(中心大街店),富裕镇鑫鑫嘉园2期,"124.469967,47.780675",13604875945,黑龙江省,齐齐哈尔市,富裕县
松磊烫染造型,塞纳豪庭23号楼104门市,"124.472133,47.786642",18545208317,黑龙江省,齐齐哈尔市,富裕县
郭先生理发馆(佳合丽景店),佳合丽景北门东170米,"124.469418,47.792235",18746266656,黑龙江省,齐齐哈尔市,富裕县
阿可名发(塞纳豪庭店),塞纳豪庭,"124.474918,47.789521",[],黑龙江省,齐齐哈尔市,富裕县
酷发艺(佳合丽景店),富裕镇嘉禾二期14号楼,"124.470419,47.792065",[],黑龙江省,齐齐哈尔市,富裕县
相约美发(鑫鑫嘉园三期店),鑫鑫嘉园三期,"124.467819,47.782051",18746265508,黑龙江省,齐齐哈尔市,富裕县
梦廊专业烫染,富裕镇金佰利对面,"124.467686,47.796568",14745863579,黑龙江省,齐齐哈尔市,富裕县
高森发艺私人订制,南三道路与新华街交叉口,"124.466823,47.790530",15636259867,黑龙江省,齐齐哈尔市,富裕县
玉娇发廊,富裕镇金佰利北,"124.468440,47.798098",13796325188,黑龙江省,齐齐哈尔市,富裕县
创格美发造型工作室,镇三街水利一处综合楼,"124.472084,47.793659",18182822236,黑龙江省,齐齐哈尔市,富裕县
首选美发沙龙,朝阳路与中心大街交叉口西180米,"124.471146,47.796859",15845690620,黑龙江省,齐齐哈尔市,富裕县
海岩烫染品质店(海华购物中心店),朝阳路11号海华购物中心F1,"124.470376,47.795518",15946273492,黑龙江省,齐齐哈尔市,富裕县
发丝缘剪业,禧源泉洗浴公馆(海华购物广场东北),"124.471599,47.797509",13206518700,黑龙江省,齐齐哈尔市,富裕县
剪绎发艺工坊,南三道路与新华街交叉口东100米,"124.467535,47.790465",13304820259,黑龙江省,齐齐哈尔市,富裕县
标榜剪业,朝阳路与新华街交叉口西80米,"124.467202,47.796673",15645270666;18245246091,黑龙江省,齐齐哈尔市,富裕县
小辉发艺,朝阳路68号,"124.470950,47.796914",18946221918,黑龙江省,齐齐哈尔市,富裕县
二丽美业,新华街与南二道路交叉口西南40米,"124.466397,47.792395",[],黑龙江省,齐齐哈尔市,富裕县
雪飞美发,中心大街与南一道路交叉口西南100米,"124.471768,47.793043",[],黑龙江省,齐齐哈尔市,富裕县
成美瑄发艺(鑫鑫嘉园三期店),富裕镇中心大街鑫鑫三期售楼处南侧2号,"124.467692,47.782122",[],黑龙江省,齐齐哈尔市,富裕县
发觉美发工作室,南二道路与中心大街交叉口西80米,"124.471085,47.792319",[],黑龙江省,齐齐哈尔市,富裕县
轩逸造型工作室(佳合丽景店),佳合丽景西南门东120米,"124.469581,47.790665",[],黑龙江省,齐齐哈尔市,富裕县
亚细亚美发,富裕镇朝阳路,"124.465575,47.797013",13514629686,黑龙江省,齐齐哈尔市,富裕县
匠人染烫造型,富裕镇金佰利南门,"124.467395,47.796611",[],黑龙江省,齐齐哈尔市,富裕县
雪美发会所,电业小区对面雪美发会所,"124.467491,47.793796",[],黑龙江省,齐齐哈尔市,富裕县
剪艺人生,塔哈乡卫生院(111国道西),"124.224225,47.557125",15145318860,黑龙江省,齐齐哈尔市,富裕县
五贝子植物染发店,新华街与南二道路交叉口东北40米,"124.467183,47.793141",[],黑龙江省,齐齐哈尔市,富裕县
百度沸点烫染美发沙龙(海华购物中心店),富裕镇步行街中间胡同,"124.470372,47.794631",15245232425,黑龙江省,齐齐哈尔市,富裕县
木尚理发店,畜牧局家属楼1号门市,"124.471809,47.793041",15045249804,黑龙江省,齐齐哈尔市,富裕县
银尚造型(育星小区店),育星小区南门旁,"124.466538,47.797301",18945231661,黑龙江省,齐齐哈尔市,富裕县
首艺造型(新华街店),朝阳路11号海华购物中心F1,"124.469008,47.795821",[],黑龙江省,齐齐哈尔市,富裕县
喜理美发工作室,富隆开发楼喜理美发工作室,"124.471370,47.792243",18182824328,黑龙江省,齐齐哈尔市,富裕县
零点美发,新华街与朝阳路交叉口南120米,"124.468405,47.795745",[],黑龙江省,齐齐哈尔市,富裕县
艺剪尚人,中心大街万和帝景,"124.469960,47.784631",[],黑龙江省,齐齐哈尔市,富裕县
顶美秀场发型设计工作室,佳合丽景2期,"124.467089,47.790794",15174607288,黑龙江省,齐齐哈尔市,富裕县
温馨发艺,龙安桥镇超越饭店对面,"124.449145,47.525359",13054315655,黑龙江省,齐齐哈尔市,富裕县
波浪湾大飞发型工作室(鑫鑫嘉园三期店),鑫鑫嘉园三期,"124.467826,47.782142",[],黑龙江省,齐齐哈尔市,富裕县
名流发艺工作室(中心大街店),鑫鑫嘉园三期,"124.467205,47.782373",[],黑龙江省,齐齐哈尔市,富裕县
创意美发,武装部门市8号创意美发,"124.473245,47.794703",15845734699;15845734880,黑龙江省,齐齐哈尔市,富裕县
潮风浪美发造型工作室,中心大街与仁和路交叉口东北60米,"124.470153,47.780259",18245246783,黑龙江省,齐齐哈尔市,富裕县
二人组造型,富裕镇新华书店北侧,"124.473771,47.796309",[],黑龙江省,齐齐哈尔市,富裕县
丝语发艺(中心大街店),中心大街万和帝景,"124.470433,47.784657",[],黑龙江省,齐齐哈尔市,富裕县
美佳发艺,新华街与朝阳路交叉口东北60米,"124.468664,47.797304",[],黑龙江省,齐齐哈尔市,富裕县
格色枫美发(格林小镇店),格林小镇北1门东160米,"124.469161,47.777548",[],黑龙江省,齐齐哈尔市,富裕县
千丝发型工作室,南一道路与中心大街交叉口西180米,"124.470541,47.794205",18246264252,黑龙江省,齐齐哈尔市,富裕县
剪约美发(鑫鑫嘉园三期店),富裕镇鑫鑫三期24号楼第6号门市房,"124.465081,47.782126",[],黑龙江省,齐齐哈尔市,富裕县
明美发艺造型会馆,公安街与仁和路交叉口东北320米,"124.473687,47.782719",[],黑龙江省,齐齐哈尔市,富裕县
娟娟发型屋(南国之春店),府右街与右街交叉口东北100米,"124.471651,47.776905",[],黑龙江省,齐齐哈尔市,富裕县
亚芳美发(南四小区店),南四小区南门西50米,"124.467222,47.787262",13614624377,黑龙江省,齐齐哈尔市,富裕县
1号发型工作室,法院综合楼2号,"124.472325,47.792325",16646227789,黑龙江省,齐齐哈尔市,富裕县
奈丝美发工作室,南一道路与新华街交叉口东80米,"124.468520,47.794188",[],黑龙江省,齐齐哈尔市,富裕县
古贝剪业,南一道路与中心大街交叉口西180米,"124.470410,47.794408",[],黑龙江省,齐齐哈尔市,富裕县
美佳发艺分店,曙光购物广场2号楼,"124.468996,47.799914",[],黑龙江省,齐齐哈尔市,富裕县
贺岩美发沙龙,富裕镇世纪名苑三期三号楼底商,"124.476488,47.793282",13651024789;16645775550,黑龙江省,齐齐哈尔市,富裕县
起点发艺,老财政局一楼起点发艺,"124.475134,47.800383",18745239454,黑龙江省,齐齐哈尔市,富裕县
阿刚美发,南二道路与中心大街交叉口东60米,"124.472931,47.791992",18249528402,黑龙江省,齐齐哈尔市,富裕县
新美美发工作室,新华街与北一道路交叉口北60米,"124.468859,47.799287",[],黑龙江省,齐齐哈尔市,富裕县
时尚理容,南一道路与中心大街交叉口西60米,"124.471463,47.793782",0452-8908091,黑龙江省,齐齐哈尔市,富裕县
卡罗美发(鑫鑫嘉园三期店),富裕镇鑫鑫三期十七号楼,"124.464704,47.782118",[],黑龙江省,齐齐哈尔市,富裕县
润泽美发工作室,信德华府北门西90米,"124.476961,47.797385",[],黑龙江省,齐齐哈尔市,富裕县
雨欣造型工作室,万和帝景一号楼门市104门北室,"124.469486,47.783401",13796279684,黑龙江省,齐齐哈尔市,富裕县
昌晟发廊,富裕县一中北50米,"124.461533,47.810148",[],黑龙江省,齐齐哈尔市,富裕县
红霞发艺,水利医院北侧,"124.465095,47.786912",[],黑龙江省,齐齐哈尔市,富裕县
11XIAOYU男士理发馆,鑫鑫五期南门东边第四家,"124.465805,47.783916",16664521444;18782434334,黑龙江省,齐齐哈尔市,富裕县
发舞台剪业(世纪名苑1期店),世纪名苑北门东70米,"124.476105,47.793062",[],黑龙江省,齐齐哈尔市,富裕县
一美发艺(佳合新城店),佳合新城B区南门旁,"124.452929,47.794830",[],黑龙江省,齐齐哈尔市,富裕县
小颖美发(塞纳豪庭店),塞纳豪庭东北门旁,"124.476320,47.788936",13144576896,黑龙江省,齐齐哈尔市,富裕县
阿隆发艺(塞纳豪庭店),塞纳豪庭东门旁,"124.475990,47.788527",15146669633,黑龙江省,齐齐哈尔市,富裕县
拥军路理发店,拥军街与朝阳大街交叉口北240米,"124.488228,47.795841",[],黑龙江省,齐齐哈尔市,富裕县
窦雷造型工作室,鑫鑫嘉园三期,"124.466375,47.782025",[],黑龙江省,齐齐哈尔市,富裕县
尚流美发,友谊路与仁和路交叉口南120米,"124.464825,47.778025",[],黑龙江省,齐齐哈尔市,富裕县
新特美发,东海餐厅北侧100米,"124.224675,47.556675",[],黑龙江省,齐齐哈尔市,富裕县
剪美烫染造型(万和·帝景店),公安街与松鹤路交叉口西南200米,"124.473735,47.784483",[],黑龙江省,齐齐哈尔市,富裕县
非凡造型,明阳小区东侧160米,"124.562871,47.458209",[],黑龙江省,齐齐哈尔市,富裕县
沫朵造型,新华街与南一道路交叉口南60米,"124.467505,47.793892",[],黑龙江省,齐齐哈尔市,富裕县
剃头匠,家馨快捷宾馆西门西南110米,"124.454505,47.791653",[],黑龙江省,齐齐哈尔市,富裕县
白宇造型(塞纳豪庭店),富裕镇塞纳豪庭47号楼门市,"124.475362,47.789594",[],黑龙江省,齐齐哈尔市,富裕县
久久红美发,309省道与人和大街交叉口东40米,"124.685499,47.645188",[],黑龙江省,齐齐哈尔市,富裕县
创美剪吧,龙安路与政府街交叉口东北20米,"124.449575,47.525600",[],黑龙江省,齐齐哈尔市,富裕县
一剪天下(金色华庭店),金色华庭西南门旁,"124.479229,47.792856",[],黑龙江省,齐齐哈尔市,富裕县
尚美理发(塞纳豪庭店),塞纳豪庭,"124.472523,47.788378",[],黑龙江省,齐齐哈尔市,富裕县
小角色剪吧,青年路与231国道交叉口东80米,"124.539186,47.961643",[],黑龙江省,齐齐哈尔市,富裕县
至尊美发,人和大街与富泉路交叉口东南60米,"124.684380,47.648033",[],黑龙江省,齐齐哈尔市,富裕县
鑫玉娇发廊,兴达街与街基路交叉口东北60米,"124.462633,47.811523",[],黑龙江省,齐齐哈尔市,富裕县
帝美发艺(万和·帝景店),万和·帝景西门西南110米,"124.470107,47.785062",[],黑龙江省,齐齐哈尔市,富裕县
天天发廊,010乡道与305省道交叉口北60米,"124.859803,47.869960",[],黑龙江省,齐齐哈尔市,富裕县
爱丽丝美发(齐北公路店),吉祥名苑宾馆西北(005乡道西),"124.859559,47.869986",[],黑龙江省,齐齐哈尔市,富裕县
红娟发艺,010乡道与305省道交叉口西北20米,"124.859550,47.869549",[],黑龙江省,齐齐哈尔市,富裕县
大众美发(万和·帝景店),万和·帝景东门旁,"124.474367,47.782991",[],黑龙江省,齐齐哈尔市,富裕县
真美发艺,富裕镇中心大街移动大厅对面,"124.470696,47.787080",[],黑龙江省,齐齐哈尔市,富裕县
玉娇容美发烫染,南一道路与中心大街交叉口西80米,"124.471604,47.793731",[],黑龙江省,齐齐哈尔市,富裕县
淑波美发(福祥居公寓店),富裕镇教委对面,"124.475456,47.801345",[],黑龙江省,齐齐哈尔市,富裕县
佳丽发艺,西顺街与站前路交叉口南40米,"124.459138,47.796507",[],黑龙江省,齐齐哈尔市,富裕县
如意美发,富裕镇铁西中医院北,"124.455327,47.793941",[],黑龙江省,齐齐哈尔市,富裕县
顶剪美发,富裕镇宁年街与通江路交叉口南,"124.455359,47.793951",[],黑龙江省,齐齐哈尔市,富裕县
明星发屋(世纪名苑3期店),世纪名苑3期西南门东南50米,"124.474138,47.793602",[],黑龙江省,齐齐哈尔市,富裕县
赛维丝理容(新国税小区店),房产小区南门旁,"124.472081,47.798462",[],黑龙江省,齐齐哈尔市,富裕县
艺梦美容工作室,中心大街与南一道路交叉口东北40米,"124.472969,47.793979",[],黑龙江省,齐齐哈尔市,富裕县
1994美甲美睫工作室,富裕镇三街原交警队办公楼,"124.467354,47.792749",15845786979,黑龙江省,齐齐哈尔市,富裕县
秋波儿工作室,新华街与朝阳路交叉口西南40米,"124.467775,47.796525",[],黑龙江省,齐齐哈尔市,富裕县
宋微美甲工作室(海华购物中心店),南一道路与新华街交叉口东220米,"124.470293,47.795138",[],黑龙江省,齐齐哈尔市,富裕县
指间缘美甲工作室,富裕镇曙光市场东门,"124.471122,47.796796",[],黑龙江省,齐齐哈尔市,富裕县
囍悦美学设计,佳合丽景西南门西110米,"124.467525,47.790875",18104527171,黑龙江省,齐齐哈尔市,富裕县
聂爽眉形设计店,富裕镇四街振兴3号楼00单元01层9,"124.473366,47.798288",[],黑龙江省,齐齐哈尔市,富裕县
沙宣美发,繁荣路世纪广场对面,"122.891280,47.516039",[],黑龙江省,齐齐哈尔市,碾子山区
美神发艺(山麓小区店),山麓小区2号楼,"122.890181,47.519756",0452-6678188,黑龙江省,齐齐哈尔市,碾子山区
理享造型,繁荣路39号,"122.894793,47.515422",18946275564,黑龙江省,齐齐哈尔市,碾子山区
飘柔发屋(富强路店),富强路与站北街交叉口东80米,"122.886527,47.519185",15546274488,黑龙江省,齐齐哈尔市,碾子山区
一剪钟情发艺,华兴街与富强路交叉口西北20米,"122.894721,47.517090",13945294408,黑龙江省,齐齐哈尔市,碾子山区
赢发艺,华兴街与富强路交叉口西50米,"122.894391,47.517162",13763526342,黑龙江省,齐齐哈尔市,碾子山区
晓萍头领发型沙龙,富强路与站北街交叉口东120米,"122.886862,47.519105",[],黑龙江省,齐齐哈尔市,碾子山区
晓芳美发(山城花园店),中兴街与富强路交叉口北80米,"122.889889,47.518768",[],黑龙江省,齐齐哈尔市,碾子山区
时尚发艺,站北街与富强路交叉口东40米,"122.885862,47.519349",[],黑龙江省,齐齐哈尔市,碾子山区
靓典发艺,富强路与中兴街交叉口东120米,"122.891171,47.517960",[],黑龙江省,齐齐哈尔市,碾子山区
珀菲美发店,华兴街与富强路交叉口西北20米,"122.894754,47.517087",[],黑龙江省,齐齐哈尔市,碾子山区
王芳发廊,东安街道世纪园,"122.894414,47.516510",[],黑龙江省,齐齐哈尔市,碾子山区
氧发堂天然植物染发(站北街),富强街道站北街55号,"122.883980,47.517190",15845618810,黑龙江省,齐齐哈尔市,碾子山区
慕颜美发,富强路256号,"122.887521,47.518486",15845610336,黑龙江省,齐齐哈尔市,碾子山区
浪波湾发艺空间(中兴街店),山城花园9号楼9号,"122.891869,47.521307",[],黑龙江省,齐齐哈尔市,碾子山区
美玲美发,富强路与站北街交叉口东120米,"122.886767,47.518733",[],黑龙江省,齐齐哈尔市,碾子山区
晓彤美发(鑫园小区西区店),鑫源小区19号楼一层,"122.876898,47.519409",[],黑龙江省,齐齐哈尔市,碾子山区
绿世界美容美发,富强街道北疆老豆腐对面,"122.886770,47.519127",[],黑龙江省,齐齐哈尔市,碾子山区
勤勉发型工作室,富强路与站北街交叉口西北60米,"122.888439,47.517810",[],黑龙江省,齐齐哈尔市,碾子山区
发丝缘发艺,繁荣里1栋,"122.892312,47.517687",[],黑龙江省,齐齐哈尔市,碾子山区
匠简造型,碾子山区医药楼,"122.890787,47.516236",15546239272,黑龙江省,齐齐哈尔市,碾子山区
美佳美发屋,富强路与站北街交叉口东180米,"122.887441,47.518523",15845610336,黑龙江省,齐齐哈尔市,碾子山区
精剪坊(富强路店),富强路与华兴街交叉口西北100米,"122.893878,47.517450",[],黑龙江省,齐齐哈尔市,碾子山区
霸王花发廊,碾子山华盛小区11栋底商,"122.898889,47.513964",15845217202,黑龙江省,齐齐哈尔市,碾子山区
鸿颜美发室,富强街,"122.885390,47.518795",[],黑龙江省,齐齐哈尔市,碾子山区
银典美发(益璟豪庭店),益璟豪庭,"122.885202,47.511208",[],黑龙江省,齐齐哈尔市,碾子山区
综合理发厅,中兴街与繁荣路交叉口南100米,"122.888693,47.515924",13514638281;13846272631,黑龙江省,齐齐哈尔市,碾子山区
繁星发艺,富强路与华兴街交叉口西北100米,"122.893902,47.517444",[],黑龙江省,齐齐哈尔市,碾子山区
大汉蓝妍,中兴街与繁荣路交叉口南80米,"122.888884,47.516119",[],黑龙江省,齐齐哈尔市,碾子山区
影星发廊,华兴街与向华路交叉口西南40米,"122.895085,47.517416",[],黑龙江省,齐齐哈尔市,碾子山区
琦琦美发,春华园7号楼23号楼,"122.895186,47.515219",13763595644,黑龙江省,齐齐哈尔市,碾子山区
晓丹发屋,繁荣路与华安街交叉口西100米,"122.899755,47.513931",[],黑龙江省,齐齐哈尔市,碾子山区
丽丝发廊,繁荣路与华新街交叉口西北40米,"122.897285,47.514197",[],黑龙江省,齐齐哈尔市,碾子山区
宝典美发店,百树园东南门东90米,"122.889929,47.510565",[],黑龙江省,齐齐哈尔市,碾子山区
森淼发艺,跃进4委3组,"122.885725,47.507165",[],黑龙江省,齐齐哈尔市,碾子山区
小宝美发(百树园店),跃进街道百树园七号楼,"122.888809,47.511721",[],黑龙江省,齐齐哈尔市,碾子山区
雅丽美发,富强路与中兴街交叉口西160米,"122.887675,47.518475",[],黑龙江省,齐齐哈尔市,碾子山区
小玲美发,中兴街与富强路交叉口西北220米,"122.888675,47.520025",[],黑龙江省,齐齐哈尔市,碾子山区
风格发艺美甲美睫,富强路与跃进街交叉口西40米,"122.879938,47.520362",[],黑龙江省,齐齐哈尔市,碾子山区
威娜发屋,佳缘花园小区3号楼1层5号,"122.876020,47.520222",[],黑龙江省,齐齐哈尔市,碾子山区
糖丁美容工作室(美甲美睫),佳缘小区7号楼,"122.882174,47.518579",13100928063,黑龙江省,齐齐哈尔市,碾子山区
遇见·美容工作室,富强路与前进街交叉口东140米,"122.877857,47.520962",[],黑龙江省,齐齐哈尔市,碾子山区
美美工作室,中兴街与繁荣路交叉口北40米,"122.888862,47.517051",[],黑龙江省,齐齐哈尔市,碾子山区
静媛养生馆,春华园小区9号楼一层六室,"122.895555,47.515526",[],黑龙江省,齐齐哈尔市,碾子山区
肖廊造型旗舰店(富拉尔基店),华夏四期六号商服,"123.634051,47.209774",15765077717,黑龙江省,齐齐哈尔市,富拉尔基区
鑫磊美发店,沿江街道春阳街轻工市场小2楼南26号,"123.646194,47.205364",13763597668,黑龙江省,齐齐哈尔市,富拉尔基区
艾美国际轻奢沙龙(总店),华夏4期2号商服,"123.633971,47.209692",0452-6888863,黑龙江省,齐齐哈尔市,富拉尔基区
创意空间(和平路店),和平大街103号底商,"123.644342,47.204227",[],黑龙江省,齐齐哈尔市,富拉尔基区
风尚造型,富强小区南门旁,"123.637255,47.203737",15845222219,黑龙江省,齐齐哈尔市,富拉尔基区
晓红美发,宏光小区西南门旁,"123.623585,47.212332",0452-6712647;0452-6810452,黑龙江省,齐齐哈尔市,富拉尔基区
理享阿龙美发工作室,和平路109号,"123.634627,47.207634",13314620078;18745240585,黑龙江省,齐齐哈尔市,富拉尔基区
百加百发型设计(火力小区店),火力小区4号楼,"123.644022,47.202676",13796853638,黑龙江省,齐齐哈尔市,富拉尔基区
地壹造型(百合家园店),春阳街与新华路交叉口南20米,"123.648212,47.206274",[],黑龙江省,齐齐哈尔市,富拉尔基区
流行密码造型(建华西街),金茂花园a座,"123.615350,47.214408",13836271243,黑龙江省,齐齐哈尔市,富拉尔基区
海龙造型(齐齐哈尔富拉尔基区),新华路百合小区7栋8号,"123.649515,47.207527",13763567500,黑龙江省,齐齐哈尔市,富拉尔基区
杜亮造型,红岸街道富强小区11号楼,"123.637040,47.205271",15845227737,黑龙江省,齐齐哈尔市,富拉尔基区
朋克造型国际烫染会所,富拉尔基铁西8街区1栋,"123.622497,47.212731",[],黑龙江省,齐齐哈尔市,富拉尔基区
齐齐哈尔富拉尔基区喜理造型工作室(向阳小区店),园丁小区6号楼1层19号商服,"123.647613,47.199512",15145269857,黑龙江省,齐齐哈尔市,富拉尔基区
明星制造发型设计,红岸办事处步行街西街66号,"123.643143,47.200470",18903627744,黑龙江省,齐齐哈尔市,富拉尔基区
华宇美发(火力小区店),火力小区东南门旁,"123.644218,47.201826",15946517006,黑龙江省,齐齐哈尔市,富拉尔基区
阿木美发室,和平路119-10号附近,"123.634136,47.207819",15845621181,黑龙江省,齐齐哈尔市,富拉尔基区
特别特专业烫染,生力小区2号楼,"123.641336,47.206984",15946239309,黑龙江省,齐齐哈尔市,富拉尔基区
小磊美业(燕北新华园店),新华路50号燕北新华园5号楼,"123.647527,47.205278",13029747073,黑龙江省,齐齐哈尔市,富拉尔基区
炫彩美发,铁北街道甲区三栋,"123.655610,47.212288",13604614768,黑龙江省,齐齐哈尔市,富拉尔基区
小春美发,红岸办事处新富强小区1号楼00单元01层16号,"123.636469,47.204583",[],黑龙江省,齐齐哈尔市,富拉尔基区
欣琦特美发设计(宏光小区店),铁西宏光小区16栋19号,"123.624319,47.214704",[],黑龙江省,齐齐哈尔市,富拉尔基区
初见美发,铁西八街区2栋1单1楼1门,"123.621567,47.212839",13846273286,黑龙江省,齐齐哈尔市,富拉尔基区
搜秀港发型设计室,华厦光明小区东南1门旁,"123.633785,47.209623",13514649151,黑龙江省,齐齐哈尔市,富拉尔基区
微风美发工作室,和平路159号,"123.634118,47.208510",13045227221,黑龙江省,齐齐哈尔市,富拉尔基区
拾光美发美睫美甲护肤,红缘购物南100米,"123.639711,47.202939",13234606861,黑龙江省,齐齐哈尔市,富拉尔基区
敏师傅美发,龙江路与红岸大街交叉口西北120米,"123.639515,47.204571",18946262660,黑龙江省,齐齐哈尔市,富拉尔基区
妙剪美发,春阳街与富江路交叉口西南100米,"123.643575,47.200148",13845293306,黑龙江省,齐齐哈尔市,富拉尔基区
琦琦美业,春阳街与和平路交叉口北100米,"123.646409,47.204822",[],黑龙江省,齐齐哈尔市,富拉尔基区
凯越美容美发,和平大街119-18号,"123.633945,47.207890",13796341011,黑龙江省,齐齐哈尔市,富拉尔基区
新宇发艺,沿江办事处黎明委乙区1-1-1-4,"123.642359,47.196492",[],黑龙江省,齐齐哈尔市,富拉尔基区
氧发堂天然植物染发(百合家园店),百合家园南门旁,"123.649275,47.206325",[],黑龙江省,齐齐哈尔市,富拉尔基区
vintage发廊(丽景花园小区店),丽景花园小区14栋1单元,"123.657095,47.205213",[],黑龙江省,齐齐哈尔市,富拉尔基区
彤彤美发,光明街与安全路交叉口西40米,"123.636730,47.213273",[],黑龙江省,齐齐哈尔市,富拉尔基区
艺港美发(名都花园店),名都花园3栋2号门市,"123.654389,47.202333",13514635011,黑龙江省,齐齐哈尔市,富拉尔基区
简约发型设计,铁西25街区2栋50号,"123.622890,47.215919",[],黑龙江省,齐齐哈尔市,富拉尔基区
格朗斯美剪(富强小区店),富江路与群众街交叉口东100米,"123.636951,47.203840",[],黑龙江省,齐齐哈尔市,富拉尔基区
红美发艺,幸福街道铁西五街区1栋1门,"123.615568,47.215364",[],黑龙江省,齐齐哈尔市,富拉尔基区
李师傅发艺,红岸办事处通江路4号楼04单元01层01号,"123.643956,47.201563",13845291953,黑龙江省,齐齐哈尔市,富拉尔基区
紫薇美发,沿江街道乙区1栋2号,"123.642328,47.196465",[],黑龙江省,齐齐哈尔市,富拉尔基区
黑猫时尚烫染店,红岸街道和平路124号春阳街华松饭店西侧,"123.646256,47.205170",13763567056,黑龙江省,齐齐哈尔市,富拉尔基区
小凯美发店(火力小区店),火力小区4栋2单元102,"123.643787,47.202737",[],黑龙江省,齐齐哈尔市,富拉尔基区
千艺美发工作室(龙江路店),红岸街道和平路13栋2门,"123.647133,47.201957",15946514388,黑龙江省,齐齐哈尔市,富拉尔基区
媛媛美发店,建华街与和平路交叉口北60米,"123.615600,47.215404",[],黑龙江省,齐齐哈尔市,富拉尔基区
艺宝龙美发(龙江小区店),龙江小区艺宝龙发艺,"123.650256,47.200982",13945277488,黑龙江省,齐齐哈尔市,富拉尔基区
宝隆美发,红岸大街与新华路交叉口西40米,"123.643484,47.207812",[],黑龙江省,齐齐哈尔市,富拉尔基区
沙氏美发,铁西宏光小区2栋18号,"123.623349,47.212443",13895994682,黑龙江省,齐齐哈尔市,富拉尔基区
文俊美容美发(春阳街店),春阳街明珠城32号,"123.642803,47.200052",[],黑龙江省,齐齐哈尔市,富拉尔基区
晓蒙妮美发(宏光小区店),宏光小区西2门旁,"123.623253,47.213425",[],黑龙江省,齐齐哈尔市,富拉尔基区
春阳美发,第五中学旁边,"123.643172,47.200496",[],黑龙江省,齐齐哈尔市,富拉尔基区
皇剪发艺(繁荣小区店),繁荣小区1栋8号,"123.650246,47.203650",15846216272,黑龙江省,齐齐哈尔市,富拉尔基区
名流美业(龙江路店),龙江路与向阳大街交叉口西北200米,"123.647438,47.201752",15946513626,黑龙江省,齐齐哈尔市,富拉尔基区
蓝艺美容美发(百合家园店),百合小区西百合2栋16号,"123.650042,47.206051",[],黑龙江省,齐齐哈尔市,富拉尔基区
源中源时尚发廊,红岸办事处化纺为212号,"123.639665,47.202876",13836204093,黑龙江省,齐齐哈尔市,富拉尔基区
百分百发型设计,红岸大街与新华路交叉口南180米,"123.643638,47.206433",[],黑龙江省,齐齐哈尔市,富拉尔基区
金园发帝美发屋,向阳大街与黎明路交叉口西100米,"123.642167,47.196430",[],黑龙江省,齐齐哈尔市,富拉尔基区
阅目造型,黑化16号楼一门103,"123.647112,47.199739",15945203120,黑龙江省,齐齐哈尔市,富拉尔基区
艾雯美业(国宝小区店),红宝石办事处国宝新村花园3号楼一层7号门市,"123.621787,47.211437",13895990317;16746925777,黑龙江省,齐齐哈尔市,富拉尔基区
小佳快剪店,富拉尔基区综合市场1栋22号小佳快剪店,"123.650885,47.203604",16646211123,黑龙江省,齐齐哈尔市,富拉尔基区
美宝龙发型设计室,厂西新风街35街区3栋3门33号,"123.594239,47.206251",13836205200,黑龙江省,齐齐哈尔市,富拉尔基区
动感美发,红岸街道铁东市场北侧联建1号楼,"123.641785,47.207306",13766573521,黑龙江省,齐齐哈尔市,富拉尔基区
鑫贵族美发店,红岸办事处通江路5栋1单元1层01号,"123.644413,47.201906",13895990558,黑龙江省,齐齐哈尔市,富拉尔基区
百姓发艺工作室(二十六街区店),26街区3栋2单元101室,"123.625931,47.214788",17645703186,黑龙江省,齐齐哈尔市,富拉尔基区
今日有约美发(富强小区店),富纺3号楼,"123.637351,47.203700",13766514526,黑龙江省,齐齐哈尔市,富拉尔基区
阿文·美发沙龙,富江路园丁6号楼,"123.647575,47.198875",15845662026,黑龙江省,齐齐哈尔市,富拉尔基区
鑫家兴美发店,群众街与和平路交叉口东160米,"123.639927,47.207489",13634830831,黑龙江省,齐齐哈尔市,富拉尔基区
千色坊美发工作室,春阳街,"123.646578,47.205255",15164645147,黑龙江省,齐齐哈尔市,富拉尔基区
志慧发型屋,春阳街与新民路交叉口东北20米,"123.639579,47.198082",13945290443,黑龙江省,齐齐哈尔市,富拉尔基区
晓明美发,铁西7街区3栋,"123.619501,47.214272",15084578000;15946519997,黑龙江省,齐齐哈尔市,富拉尔基区
小娟美发,富江路与春阳街交叉口东南120米,"123.645266,47.200389",15946233477,黑龙江省,齐齐哈尔市,富拉尔基区
奇丝妙剪,铁西三小艺体楼,"123.620575,47.214967",18645211415,黑龙江省,齐齐哈尔市,富拉尔基区
仟锐美发店,富拉尔基区综合市场2栋7门,"123.650429,47.203702",[],黑龙江省,齐齐哈尔市,富拉尔基区
名洋美发美容(龙江路),兴盛小区,"123.645912,47.202052",[],黑龙江省,齐齐哈尔市,富拉尔基区
千丝发艺,铁北街道甲区一栋门市,"123.656160,47.211919",[],黑龙江省,齐齐哈尔市,富拉尔基区
美美美发,铁西亨泰花园小区1栋商服3号,"123.617124,47.218095",[],黑龙江省,齐齐哈尔市,富拉尔基区
九木造型(华厦嘉苑二期店),中天医院1楼起2号门市,"123.636014,47.207142",[],黑龙江省,齐齐哈尔市,富拉尔基区
龙凤美发(百合家园店),百合家园二栋,"123.649521,47.206246",[],黑龙江省,齐齐哈尔市,富拉尔基区
丝美特发艺(二十六街区店),二十六街区西门东160米,"123.626143,47.214757",13284987088;18746841807,黑龙江省,齐齐哈尔市,富拉尔基区
阳阳美业,红岸大街国美电器北侧,"123.643509,47.206372",15146685915,黑龙江省,齐齐哈尔市,富拉尔基区
俪兮工坊专业美发品质店,红岸街道铁鸣委5号楼4单元1楼,"123.644044,47.201675",[],黑龙江省,齐齐哈尔市,富拉尔基区
名人发艺,春阳街与黎明路交叉口西60米,"123.640845,47.198655",[],黑龙江省,齐齐哈尔市,富拉尔基区
美神发型设计(龙江路店),龙江路与红岸大街交叉口东南100米,"123.642011,47.203379",[],黑龙江省,齐齐哈尔市,富拉尔基区
顶尖美发沙龙(富江路店),沿江街道黑化16栋2门,"123.646766,47.199799",13796246479,黑龙江省,齐齐哈尔市,富拉尔基区
富拉尔基区新发现理发店,二电厂十栋二门一楼一号,"123.580383,47.171028",13763591204,黑龙江省,齐齐哈尔市,富拉尔基区
君玲美容美发形象店,铁北文汇小区商服7号,"123.655879,47.212860",13945216085,黑龙江省,齐齐哈尔市,富拉尔基区
富拉尔基区新创美美发,红岸办事处轻工市场00单元01层17号,"123.644105,47.206186",13514640332,黑龙江省,齐齐哈尔市,富拉尔基区
执发者烫染吧(二十七街区店),二十七街区,"123.603408,47.212510",18365792555,黑龙江省,齐齐哈尔市,富拉尔基区
红梅发型设计,生力小区2号楼商服13号,"123.640190,47.207357",[],黑龙江省,齐齐哈尔市,富拉尔基区
老美发屋,红岸街道龙江路自立市场,"123.647692,47.201678",13069991837,黑龙江省,齐齐哈尔市,富拉尔基区
水云间美发,红宝石办事处六街区59号,"123.616700,47.214737",14745669399,黑龙江省,齐齐哈尔市,富拉尔基区
英姿酷烫美发,国美电器南侧,"123.644166,47.206101",15145265080,黑龙江省,齐齐哈尔市,富拉尔基区
飘逸美发(工农街店),工农街与友谊路交叉口东北40米,"123.655951,47.211790",[],黑龙江省,齐齐哈尔市,富拉尔基区
玛利亚发屋,长青乡龙江小区3号楼2单元1层兴隆派出所斜对过,"123.653780,47.199721",[],黑龙江省,齐齐哈尔市,富拉尔基区
星光烫染美发,群众街与富江路交叉口西40米,"123.635327,47.203838",16604634226,黑龙江省,齐齐哈尔市,富拉尔基区
鑫亨泰美发设计室,卫民街25号,"123.614669,47.218470",[],黑龙江省,齐齐哈尔市,富拉尔基区
名剪艺人理发店,北兴街道青年街燕北繁茂小区3栋,"123.623892,47.214612",[],黑龙江省,齐齐哈尔市,富拉尔基区
涛发艺,轻工市场00单元01层61号区,"123.643908,47.206353",[],黑龙江省,齐齐哈尔市,富拉尔基区
鑫威美发,乙区28栋(红岸小区正门),"123.637646,47.199375",13796872578,黑龙江省,齐齐哈尔市,富拉尔基区
晓凡发廊(燕北新华园店),新华路50号燕北新华园,"123.650544,47.204147",[],黑龙江省,齐齐哈尔市,富拉尔基区
俊杰发廊,富兴路44号富拉尔基区综合市场1号楼后身,"123.650507,47.203735",15945254296,黑龙江省,齐齐哈尔市,富拉尔基区
型尚发型设计室,和平路与卫民街交叉口西北140米,"123.610872,47.216652",13946235775,黑龙江省,齐齐哈尔市,富拉尔基区
摩登美发,通江路4-4-1-2,"123.644039,47.201671",[],黑龙江省,齐齐哈尔市,富拉尔基区
沸点发艺,铁北街道万平小区3栋,"123.640418,47.215076",15084581882,黑龙江省,齐齐哈尔市,富拉尔基区
名楠美发轻奢店,红岸街道江平绿色产后康复中心兴盛小区,"123.644817,47.200963",13763597966,黑龙江省,齐齐哈尔市,富拉尔基区
领航美发(红岸大街店),红岸大街与新华路交叉口西180米,"123.641912,47.207254",[],黑龙江省,齐齐哈尔市,富拉尔基区
然然美发,铁西26街区2栋1单元104,"123.626620,47.214481",[],黑龙江省,齐齐哈尔市,富拉尔基区
红星理发店(铁西14街区店),铁西14街区,"123.621072,47.212585",[],黑龙江省,齐齐哈尔市,富拉尔基区
敬惟美发,幸福办事处41街区1号楼01单元01层02,"123.610617,47.216767",15214417007,黑龙江省,齐齐哈尔市,富拉尔基区
靓菲儿形象设计,胜利小区后门,"123.639669,47.207638",15164686183,黑龙江省,齐齐哈尔市,富拉尔基区
超凡美容美发店,富拉尔基区综合市场5号楼一层,"123.648475,47.204525",[],黑龙江省,齐齐哈尔市,富拉尔基区
托尼福男士美发店,红岸办事处重三委向阳楼00单元01层04号,"123.649075,47.201125",[],黑龙江省,齐齐哈尔市,富拉尔基区
甜雨美发,新民路与新民路二胡同交叉口西200米,"123.639475,47.194175",[],黑龙江省,齐齐哈尔市,富拉尔基区
A私人定制愈见造型,光明街与新华路交叉口西南160米,"123.634075,47.209975",[],黑龙江省,齐齐哈尔市,富拉尔基区
营宾美发,发展路与004乡道交叉口西南360米,"123.556625,47.098775",[],黑龙江省,齐齐哈尔市,富拉尔基区
尚剪美发,春阳街与龙江路交叉口北20米,"123.644975,47.202775",[],黑龙江省,齐齐哈尔市,富拉尔基区
金萍美发,前广场街与创新路交叉口西南300米,"123.555075,47.093425",[],黑龙江省,齐齐哈尔市,富拉尔基区
源一美发,工农街与友谊路交叉口东北40米,"123.656025,47.211825",[],黑龙江省,齐齐哈尔市,富拉尔基区
小精灵美发,光明街与安全路交叉口西北40米,"123.636925,47.213675",[],黑龙江省,齐齐哈尔市,富拉尔基区
我的发廊,民兴路与平安街交叉口西北280米,"123.629275,47.220925",[],黑龙江省,齐齐哈尔市,富拉尔基区
乌密草植物染发,新华路与群众街交叉口西北80米,"123.639274,47.210139",[],黑龙江省,齐齐哈尔市,富拉尔基区
蝶恋花美发,新华路123号繁华苑安居,"123.636675,47.212575",[],黑龙江省,齐齐哈尔市,富拉尔基区
日丰管理发店(文治路店),南华苑东北门东70米,"123.657405,47.204748",[],黑龙江省,齐齐哈尔市,富拉尔基区
丝美理发,工农街与民兴路交叉口东北100米,"123.655287,47.210656",[],黑龙江省,齐齐哈尔市,富拉尔基区
李李美发店,万平小区西南2门东60米,"123.647425,47.212775",[],黑龙江省,齐齐哈尔市,富拉尔基区
媛卉美发,厂西35街区,"123.595072,47.207415",[],黑龙江省,齐齐哈尔市,富拉尔基区
丝缘美发,北钢技工学校西北门西80米,"123.641925,47.196275",[],黑龙江省,齐齐哈尔市,富拉尔基区
银星媚丝发艺,红安街道和平路华夏嘉苑2期,"123.636086,47.207194",[],黑龙江省,齐齐哈尔市,富拉尔基区
大震发艺,和平路与群众街交叉口东240米,"123.641075,47.207075",[],黑龙江省,齐齐哈尔市,富拉尔基区
鸿鸣发廊,杜尔门沁村民委员会东侧60米,"123.550575,47.142675",[],黑龙江省,齐齐哈尔市,富拉尔基区
维美美睫美发工作室(生力小区店),群众街与和平路交叉口东180米,"123.640258,47.207318",[],黑龙江省,齐齐哈尔市,富拉尔基区
丝情发艺,宏光小区西2门旁,"123.623170,47.213594",[],黑龙江省,齐齐哈尔市,富拉尔基区
小白美发店,红岸大街与新华路交叉口南180米,"123.643800,47.206391",[],黑龙江省,齐齐哈尔市,富拉尔基区
秀丽美发洗浴,创新路与前广场街交叉口西北340米,"123.556323,47.097935",[],黑龙江省,齐齐哈尔市,富拉尔基区
理发店,217省道与小北路交叉口北40米,"123.661966,47.221361",[],黑龙江省,齐齐哈尔市,富拉尔基区
涵巍美发,春阳街与黎明路交叉口西40米,"123.641110,47.198753",[],黑龙江省,齐齐哈尔市,富拉尔基区
创艺新理发店,群众街与和平路交叉口东200米,"123.640362,47.207297",[],黑龙江省,齐齐哈尔市,富拉尔基区
品格发艺,红岸大街与新华路交叉口西160米,"123.642041,47.207294",[],黑龙江省,齐齐哈尔市,富拉尔基区
美格造型(富江路店),富强小区南门西北110米,"123.636586,47.204005",[],黑龙江省,齐齐哈尔市,富拉尔基区
零度造型时尚精剪(宏光小区店),宏光小区西2门旁,"123.623314,47.213505",[],黑龙江省,齐齐哈尔市,富拉尔基区
秀丝缘美发,红岸大街与新华路交叉口西南160米,"123.642380,47.207043",[],黑龙江省,齐齐哈尔市,富拉尔基区
老红星理发店,和平路与建华东街交叉口东北150米,"123.619452,47.214206",[],黑龙江省,齐齐哈尔市,富拉尔基区
红红美发屋,沿江街道乙区拐7栋1门,"123.637396,47.199108",[],黑龙江省,齐齐哈尔市,富拉尔基区
梅子发艺,新华路与建华东街交叉口东80米,"123.622258,47.216088",[],黑龙江省,齐齐哈尔市,富拉尔基区
零度美发室,红岸大街与新华路交叉口西180米,"123.641774,47.207290",[],黑龙江省,齐齐哈尔市,富拉尔基区
星星仔美发(生力小区店),红岸街道生力小区1号楼底商,"123.640416,47.207276",[],黑龙江省,齐齐哈尔市,富拉尔基区
齐钢专业美发,火力小区,"123.641086,47.198499",[],黑龙江省,齐齐哈尔市,富拉尔基区
世纪美发,富强小区南门旁,"123.637316,47.203713",[],黑龙江省,齐齐哈尔市,富拉尔基区
金源发屋,铁西5街区2栋,"123.616235,47.216200",[],黑龙江省,齐齐哈尔市,富拉尔基区
蓝宣发型屋,铁西五街区二栋,"123.616478,47.215969",[],黑龙江省,齐齐哈尔市,富拉尔基区
浪潮专业美发,繁荣小区北门东240米,"123.651145,47.203748",[],黑龙江省,齐齐哈尔市,富拉尔基区
金杰发廊,富拉尔基区综合市场1栋号,"123.650845,47.203847",[],黑龙江省,齐齐哈尔市,富拉尔基区
姐妹美发,红岸街道综合市场姐妹美发,"123.651042,47.203774",[],黑龙江省,齐齐哈尔市,富拉尔基区
开鑫美发城,齐建2号楼铁鸣委2号1单元,"123.645179,47.202989",[],黑龙江省,齐齐哈尔市,富拉尔基区
明纹刺工作室,丙区19栋旁,"123.643782,47.192823",15146696977,黑龙江省,齐齐哈尔市,富拉尔基区
华亿艺美业工作室,黑化16栋3单元1门3号,"123.646787,47.199790",0452-6869888;15845229444,黑龙江省,齐齐哈尔市,富拉尔基区
小燕姿美容护肤工作室(美体),红岸办事处和平街13-2-1-26号,"123.647391,47.201703",[],黑龙江省,齐齐哈尔市,富拉尔基区
儒墨纹刺工作室,通江路3栋2门3号,"123.640747,47.202373",13945265805,黑龙江省,齐齐哈尔市,富拉尔基区
Rainnail预约制美甲美睫工作室,黑化16栋5-1-1,"123.646294,47.199939",18686938513,黑龙江省,齐齐哈尔市,富拉尔基区
芊朵美甲美睫工作室,轻工市场丽人童装对面,"123.644109,47.206271",13845214149,黑龙江省,齐齐哈尔市,富拉尔基区
叁月21st美甲工作室,红岸办事处新市委春阳街市场1-2层21室,"123.645326,47.205519",[],黑龙江省,齐齐哈尔市,富拉尔基区
沐澜男士头疗美容馆(富强小区店),富强小区,"123.639839,47.204102",[],黑龙江省,齐齐哈尔市,富拉尔基区
星野SEEYE发型设计空间,八道街二马路西走200米,"123.192113,47.340781",19903627340,黑龙江省,齐齐哈尔市,龙江县
AE造型(291店),龙江镇华龙苑小区7号楼1层0112号,"123.186278,47.339306",[],黑龙江省,齐齐哈尔市,龙江县
恩迪叔叔儿童美发(龙景综合楼店),北市街76号,"123.191853,47.340928",15040444017,黑龙江省,齐齐哈尔市,龙江县
新摩登Hairsalon旗舰店,阳光国际101,"123.195693,47.336650",0452-5187333,黑龙江省,齐齐哈尔市,龙江县
丹杰轻奢时尚美业沙龙,龙江镇县府街明靓花苑小区,"123.185095,47.339327",14745873234,黑龙江省,齐齐哈尔市,龙江县
k2美发形象设计(阳光国际店),新谊路140号阳光国际16号楼,"123.193683,47.336324",[],黑龙江省,齐齐哈尔市,龙江县
丝梵造型(龙电花园B区店),龙电花园B区西南门东南70米,"123.191390,47.332526",18846310089,黑龙江省,齐齐哈尔市,龙江县
太古男士理发馆(金色家园店),金色家园38号楼109室,"123.197759,47.338000",18686995545,黑龙江省,齐齐哈尔市,龙江县
焦点(金色家园店),龙江镇金色家园小区三期工程38号楼00单元01层,"123.197381,47.337914",13604521115,黑龙江省,齐齐哈尔市,龙江县
巷往美发工作室(碧龙湾店),龙江县碧龙湾东南门北50米,"123.199674,47.341593",15663444636,黑龙江省,齐齐哈尔市,龙江县
潮牌美发龙江最权威的美发(金宝店),方正花园西南门西50米,"123.193501,47.342080",15776607775;19917773407,黑龙江省,齐齐哈尔市,龙江县
喜军短发故事,龙甘路与通达街交叉口北120米,"123.192675,47.346475",[],黑龙江省,齐齐哈尔市,龙江县
丝悦造型(翔天家园店),龙江镇翔天家园东门小区6号楼,"123.184756,47.330496",[],黑龙江省,齐齐哈尔市,龙江县
未来美发沙龙(金色家园店),龙江镇金色家园小区1期2号楼2幢00单元,"123.196368,47.335301",18846375556,黑龙江省,齐齐哈尔市,龙江县
俏丽丝时尚造型(旗舰店),龙江镇七道街华龙名苑10号楼108号,"123.188196,47.338473",13298726493,黑龙江省,齐齐哈尔市,龙江县
引领烫染中心(龙城世家店),九道街三马路龙城世家南门102门市76号,"123.200286,47.339836",15214451616;18846318885,黑龙江省,齐齐哈尔市,龙江县
青蓝cyan blue发型工作室(益诚府园店),北市街355号门市八道街益城府园北门东侧100米,"123.204776,47.335237",18346043480,黑龙江省,齐齐哈尔市,龙江县
发现美理发工作室,六道街一建公司楼下发现美理发店,"123.189645,47.335483",17610571107,黑龙江省,齐齐哈尔市,龙江县
1+1 HAIR SALON(金色家园店),龙江镇县府街新谊路金色家园1号楼,"123.195540,47.335789",[],黑龙江省,齐齐哈尔市,龙江县
海之星造型(龙城学苑店),龙城学苑南2门东南50米,"123.201245,47.333355",18045284282,黑龙江省,齐齐哈尔市,龙江县
木北造型(龙电花园店),龙电花园B区西南门西70米,"123.190262,47.332939",13614616875,黑龙江省,齐齐哈尔市,龙江县
沐锦美发沙龙,七道街东二马路志刚广场南30米沐锦美发沙龙,"123.191302,47.338022",18445208887,黑龙江省,齐齐哈尔市,龙江县
时光造型(龙城学苑店),延顺路126号,"123.204696,47.333384",15846233677,黑龙江省,齐齐哈尔市,龙江县
风格造型,北市街196号,"123.199116,47.338018",15663177809,黑龙江省,齐齐哈尔市,龙江县
首尔美业,益民购物商场北门东南80米,"123.190139,47.334110",[],黑龙江省,齐齐哈尔市,龙江县
名剪美发,邮政小区东北门东60米,"123.189110,47.336544",18686902197,黑龙江省,齐齐哈尔市,龙江县
可-可烫染工作室,七道街龙城学苑南门东侧可-可烫染工作室,"123.203540,47.332476",13234933986;15663154682,黑龙江省,齐齐哈尔市,龙江县
3AY发型设计皮肤管理(金色家园店),金色家园4号楼106商服,"123.197631,47.334809",15174647771,黑龙江省,齐齐哈尔市,龙江县
尚艺造型(文化街店),龙城学院6号楼,"123.203228,47.332612",15648375057,黑龙江省,齐齐哈尔市,龙江县
名丝美发(华龙苑店),华龙苑西南门旁,"123.185694,47.339525",18746292519,黑龙江省,齐齐哈尔市,龙江县
娇阳美发,北苑小区11号,"123.035939,47.077701",15645283170,黑龙江省,齐齐哈尔市,龙江县
领尚美发化妆品,龙江县购物广场(文化街店),"123.189756,47.334335",18249522321,黑龙江省,齐齐哈尔市,龙江县
发遇造型(益诚府园店),延顺路148号,"123.205104,47.333917",13763573043,黑龙江省,齐齐哈尔市,龙江县
龙江县特别特发艺,[],"123.201934,47.336921",13149520037,黑龙江省,齐齐哈尔市,龙江县
艺梦芳洲美容美发会所,头站镇府东街93号,"123.259491,46.961346",[],黑龙江省,齐齐哈尔市,龙江县
李髮Hair Salon,云顶花园8号楼12号商服,"123.191070,47.341201",15645269939,黑龙江省,齐齐哈尔市,龙江县
阿艺烫染工作室(龙景综合楼店),北市街2正东方向150米龙景综合楼,"123.191817,47.340936",13946251315,黑龙江省,齐齐哈尔市,龙江县
新面孔轻奢美业(益诚府园店),益诚府园西门旁,"123.200654,47.335418",[],黑龙江省,齐齐哈尔市,龙江县
派剪发型设计室(龙城学苑店),龙城世家二期B区一段6号楼00单元01层,"123.203280,47.332601",13763530866,黑龙江省,齐齐哈尔市,龙江县
飘逸美发沙龙(乡企家属楼店),乡企家属楼西北门旁,"123.182672,47.335499",[],黑龙江省,齐齐哈尔市,龙江县
靓剪发艺(县府街店),县府街与建设路交叉口西北100米,"123.189836,47.337844",[],黑龙江省,齐齐哈尔市,龙江县
漫莎美发沙龙(康城御园店),通达街114号,"123.201891,47.341976",[],黑龙江省,齐齐哈尔市,龙江县
简·易发型设计室(庆华小区店),镇府街125号庆华小区,"123.186192,47.329552",[],黑龙江省,齐齐哈尔市,龙江县
悦来悦美造型(康城御园店),康城御园西南门东70米,"123.203612,47.341356",15084511143,黑龙江省,齐齐哈尔市,龙江县
好再来理发店(新谊路店),四道街三马路龙电花园b区120号,"123.192069,47.332706",[],黑龙江省,齐齐哈尔市,龙江县
龙隆美发旗舰店,县府街与正阳路交叉口东140米(华龙名苑10号楼),"123.188678,47.338305",[],黑龙江省,齐齐哈尔市,龙江县
古贝专业造型(邮政小区店),劳动街147号邮政小区,"123.188150,47.336517",[],黑龙江省,齐齐哈尔市,龙江县
蓝梦发艺(购物广场店),购物广场(文化街店),"123.189423,47.333716",[],黑龙江省,齐齐哈尔市,龙江县
城北理发(方正花园店),龙域首府南门西320米,"123.197339,47.343629",[],黑龙江省,齐齐哈尔市,龙江县
娟子美发(丝纺厂楼店),新谊路与镇府街交叉口东北40米,"123.190173,47.329906",[],黑龙江省,齐齐哈尔市,龙江县
新摩登时尚烫染店,华龙苑西南门东南60米,"123.186131,47.339343",13089739911,黑龙江省,齐齐哈尔市,龙江县
迎宾理发店,青平路14号,"123.193022,47.327358",[],黑龙江省,齐齐哈尔市,龙江县
东野造型,北市街87号,"123.192075,47.340362",18395715217,黑龙江省,齐齐哈尔市,龙江县
锦言轻奢美业(康城花园店),康城花园北门东侧第五家3949,"123.193246,47.336046",18846345855,黑龙江省,齐齐哈尔市,龙江县
鼎阳烫染会所,县府街与建设路交叉口西北80米,"123.190135,47.337724",13796284820,黑龙江省,齐齐哈尔市,龙江县
橘子造型工作室,龙城学苑南门西行五十米,"123.200691,47.333566",15146679601,黑龙江省,齐齐哈尔市,龙江县
丽都发艺(齐齐哈尔龙江县),华龙苑西南门旁,"123.185349,47.339650",14784628563,黑龙江省,齐齐哈尔市,龙江县
魅烫染机构(金色家园店),金色家园西门东北50米,"123.196747,47.337208",[],黑龙江省,齐齐哈尔市,龙江县
蒂薇造型(兴海家园店),青平北路21号兴海家园,"123.205356,47.340926",16645776971,黑龙江省,齐齐哈尔市,龙江县
小亮烫染造型(金色家园店),金色家园西北门东北70米,"123.197464,47.337990",[],黑龙江省,齐齐哈尔市,龙江县
老九发艺,4道街3正西方向140米龙电花园C区,"123.190979,47.331388",[],黑龙江省,齐齐哈尔市,龙江县
子义造型,龙宾小区东北门西北130米,"123.187163,47.338485",[],黑龙江省,齐齐哈尔市,龙江县
品艺人生发型工作室(龙城学苑店),龙城学苑南门西260米,"123.199646,47.333916",[],黑龙江省,齐齐哈尔市,龙江县
欧尚剪吧,景星镇中心路127号,"123.036973,47.071795",14745871188,黑龙江省,齐齐哈尔市,龙江县
名流之秀烫染工作室,购物广场(文化街店),"123.189475,47.333875",[],黑龙江省,齐齐哈尔市,龙江县
艺恒美发工作室(金色家园店),金色家园东北门旁,"123.200226,47.337027",13804989312,黑龙江省,齐齐哈尔市,龙江县
欢欢轻奢美业(龙电花园A区店),龙江镇龙店花园A区6号楼00单元01层,"123.192348,47.333691",15146662452,黑龙江省,齐齐哈尔市,龙江县
氧发堂天然植物染发(富贵华庭小区店),富贵华庭小区246号,"123.202191,47.336804",18246232288,黑龙江省,齐齐哈尔市,龙江县
古典美发造型工作室(金宝店),龙江镇8道街2马路志刚广场北侧,"123.192741,47.339831",15210386051,黑龙江省,齐齐哈尔市,龙江县
阿勋发型工作室(翔天家园店),翔天家园东南门东北50米,"123.185177,47.331011",18545201068,黑龙江省,齐齐哈尔市,龙江县
一剪缘美发造型(阳光国际店),新谊路140号阳光国际,"123.193671,47.336320",[],黑龙江省,齐齐哈尔市,龙江县
爱秀美发造型(清华园店),长横街409号,"123.186835,47.344350",13693285831,黑龙江省,齐齐哈尔市,龙江县
剪名堂,中心路与通富街交叉口西北60米,"123.036507,47.072801",14745878886;14745878889,黑龙江省,齐齐哈尔市,龙江县
沅泽形象会馆,龙江镇龙宾小区5号楼1层外围117号,"123.188520,47.338020",18945236825,黑龙江省,齐齐哈尔市,龙江县
薪洋发艺,北市街158号,"123.196686,47.338939",[],黑龙江省,齐齐哈尔市,龙江县
小辉发艺,龙江镇县城内正阳路三道街西商会楼下,"123.181596,47.334634",[],黑龙江省,齐齐哈尔市,龙江县
五月天发廊(齐齐哈尔购物广场店),益民购物商场北门旁,"123.189533,47.334322",[],黑龙江省,齐齐哈尔市,龙江县
杏绘美业,龙城世家南门68号,"123.200564,47.339505",18646606223,黑龙江省,齐齐哈尔市,龙江县
天宇美发(龙电花园B区店),龙江镇龙电花园B区1号楼,"123.190968,47.333811",[],黑龙江省,齐齐哈尔市,龙江县
晓茹美发,217省道与商业街交叉口南80米,"122.969019,46.935665",13763552558,黑龙江省,齐齐哈尔市,龙江县
小涵美发(温馨家园店),温馨家园西南门旁,"123.189885,47.346471",[],黑龙江省,齐齐哈尔市,龙江县
名流经典发艺(龙江洗浴店),五道街正阳街139号,"123.185570,47.336353",13634834337,黑龙江省,齐齐哈尔市,龙江县
铭浩发艺(龙城鑫家店),龙城鑫家西南门东南60米,"123.196478,47.339007",[],黑龙江省,齐齐哈尔市,龙江县
染养堂植物染养,景星镇一街一委,"123.036506,47.074606",[],黑龙江省,齐齐哈尔市,龙江县
初见造型(华龙名苑店),建设路与科技巷交叉口北40米,"123.192484,47.339547",[],黑龙江省,齐齐哈尔市,龙江县
淑艳美发店,白山镇文化路3号,"123.250025,47.271461",[],黑龙江省,齐齐哈尔市,龙江县
屿白造型(龙城学苑店),1-108,"123.199936,47.333917",13846238355,黑龙江省,齐齐哈尔市,龙江县
秀染养发坊,康城御园7号楼商服102,"123.203249,47.341484",18246226447;19917711998,黑龙江省,齐齐哈尔市,龙江县
炫吧造型设计中心(华龙名苑店),北市街59号,"123.191185,47.340727",13945273027,黑龙江省,齐齐哈尔市,龙江县
氧发堂天然植物染发(康城花园店),康城花园小区北门4号楼103号氧发堂天然植物染发,"123.194274,47.335620",15545676389,黑龙江省,齐齐哈尔市,龙江县
米莱造型Hair Salon,[],"123.195777,47.335541",15174596457,黑龙江省,齐齐哈尔市,龙江县
佳剪发艺(西城雅苑店),西城雅苑西南1门旁,"123.172935,47.337231",[],黑龙江省,齐齐哈尔市,龙江县
沐尚造型,正阳路与通达街交叉口东北180米,"123.193712,47.346614",13634866540,黑龙江省,齐齐哈尔市,龙江县
云度美发,龙江镇长横街自来水公司住宅楼00单元01层101号,"123.195363,47.340979",15636217550,黑龙江省,齐齐哈尔市,龙江县
艾尚美发艺(新城明珠店),龙江镇新城明珠小区14号楼商服1楼,"123.206578,47.342429",15845756660,黑龙江省,齐齐哈尔市,龙江县
丽尚专业美发形象设计会所(方正花园店),方正花园东南门旁,"123.195004,47.342487",18603627838,黑龙江省,齐齐哈尔市,龙江县
艺秀造型,148号,"123.205142,47.333969",15146678849,黑龙江省,齐齐哈尔市,龙江县
新丝尚发型设计工作室(龙城学苑店),龙城学苑南门旁,"123.201858,47.333106",13079600093,黑龙江省,齐齐哈尔市,龙江县
丽丝理发店(康城花园店),新谊路140号西南方向110米康城花园,"123.193094,47.335014",15174514398,黑龙江省,齐齐哈尔市,龙江县
顶新美发潮牌店,七道街西二马路县府街67号,"123.184782,47.339452",13624628127,黑龙江省,齐齐哈尔市,龙江县
济洲岛专业发型设计中心(龙宾小区店),龙江镇劳动街龙宾小区2号楼,"123.187875,47.337055",13796284320,黑龙江省,齐齐哈尔市,龙江县
艺剪美发廊,通达街与华兴路交叉口西北140米,"123.187278,47.347432",15636268358,黑龙江省,齐齐哈尔市,龙江县
金剪发艺(北市街店),龙江镇龙江广场2号楼00单元01层,"123.191837,47.340484",15214455040,黑龙江省,齐齐哈尔市,龙江县
巴洛造型(新城明珠店),新城明珠西南门旁,"123.206468,47.342289",18714522451,黑龙江省,齐齐哈尔市,龙江县
美丽空间,中国石油广厚加油站东侧110米,"123.399725,47.083275",15045228266;18248260899,黑龙江省,齐齐哈尔市,龙江县
爱心理发店,康复街与中心路交叉口东20米,"123.036875,47.073625",15845251957,黑龙江省,齐齐哈尔市,龙江县
名剪堂,商业街与217省道交叉口西140米,"122.967145,46.936404",18714353383,黑龙江省,齐齐哈尔市,龙江县
美村时尚烫染店,建设路华龙名苑,"123.192316,47.339380",[],黑龙江省,齐齐哈尔市,龙江县
尖端女子烫染店,县府街与建设路交叉口西北120米,"123.189684,47.338012",[],黑龙江省,齐齐哈尔市,龙江县
金氏形象人生美发沙龙,龙江镇九道街碧龙湾小区南门东侧,"123.197728,47.340671",[],黑龙江省,齐齐哈尔市,龙江县
剪子舞烫染会所(华龙名苑店),龙江镇八道街华龙名苑2号楼,"123.191617,47.340562",[],黑龙江省,齐齐哈尔市,龙江县
龙江县小翠美发,[],"123.190489,47.332381",[],黑龙江省,齐齐哈尔市,龙江县
DY.HairSalon美发沙龙,六道街二马路与七道街之间国税局对面,"123.190423,47.336495",15545636263,黑龙江省,齐齐哈尔市,龙江县
伯爵美发沙龙(华龙学苑店),华龙学苑南门旁,"123.205505,47.331656",[],黑龙江省,齐齐哈尔市,龙江县
名峰美发烫染店,新谊路140号阳光国际,"123.192222,47.336864",[],黑龙江省,齐齐哈尔市,龙江县
乐尚烫染会所(七道街康城花园店),县府街151号,"123.192875,47.336775",13234948139,黑龙江省,齐齐哈尔市,龙江县
剪艺人生发型设计(龙电花园B区店),龙电花园B区西南门东南70米,"123.191419,47.332496",[],黑龙江省,齐齐哈尔市,龙江县
头站镇祺波辉美发,信用路与府东街交叉口西北140米,"123.258476,46.962735",[],黑龙江省,齐齐哈尔市,龙江县
凤华美发,文化街与城东路交叉口西北100米,"123.206238,47.328148",[],黑龙江省,齐齐哈尔市,龙江县
朱颖美发,龙江镇十道街汇豪天下小区,"123.193105,47.345194",[],黑龙江省,齐齐哈尔市,龙江县
剪约时尚造型(镇府街店),镇府街65号,"123.183686,47.332186",[],黑龙江省,齐齐哈尔市,龙江县
帝凡妮烫染造型(龙江县第六中学店),龙江县第六中学西南门旁,"123.190166,47.343499",[],黑龙江省,齐齐哈尔市,龙江县
巴沙廊,龙江集团水泥公司公寓西南门旁,"123.187789,47.338645",[],黑龙江省,齐齐哈尔市,龙江县
新浪漫专业女子烫染店,龙江镇龙城鑫家小区11号楼122号,"123.195078,47.339606",[],黑龙江省,齐齐哈尔市,龙江县
玉洁美发(龙景综合楼店),龙江镇八道街龙景公寓一楼,"123.191668,47.341022",[],黑龙江省,齐齐哈尔市,龙江县
智超美发一族,八道街农机局西20米道北,"123.192172,47.340784",[],黑龙江省,齐齐哈尔市,龙江县
小爵士(齐齐哈尔购物广场店),益民购物商场北门旁,"123.189283,47.334428",[],黑龙江省,齐齐哈尔市,龙江县
名剪之约(龙电花园A区店),龙电花园A区东北门旁,"123.192414,47.334854",[],黑龙江省,齐齐哈尔市,龙江县
潮尚美发造型(购物广场店),益民购物商场北门东南60米,"123.189813,47.334112",[],黑龙江省,齐齐哈尔市,龙江县
沐鎏·美发烫染会所,县府街124-号,"123.188647,47.338301",[],黑龙江省,齐齐哈尔市,龙江县
东田美发(龙城学苑店),益诚府园东南门东北50米,"123.205050,47.333892",[],黑龙江省,齐齐哈尔市,龙江县
纪元发艺,龙江镇志刚广场对过科技楼楼下,"123.193428,47.338844",[],黑龙江省,齐齐哈尔市,龙江县
彩虹发艺,龙江镇九道街六中对面,"123.188929,47.343526",[],黑龙江省,齐齐哈尔市,龙江县
丝缘剪艺造型(锦绣家园店),[],"123.183316,47.337352",13624629565,黑龙江省,齐齐哈尔市,龙江县
静茹发艺,龙江镇二道街电信公寓楼下,"123.179579,47.333927",13945283222,黑龙江省,齐齐哈尔市,龙江县
喜一理HairSalon美发沙龙,华龙学苑二期二中家属楼西门103门市,"123.205100,47.332930",18845254445,黑龙江省,齐齐哈尔市,龙江县
龙江县.毛毛美发工作室,七道街二马路与六道街之间国税局对面DY美发沙龙毛毛,"123.190651,47.336660",15545636263,黑龙江省,齐齐哈尔市,龙江县
理好这是一家理发店,延顺路122号,"123.204672,47.333333",[],黑龙江省,齐齐哈尔市,龙江县
觅·镜HairSalon美发沙龙,通达街康城御园小区一号楼一层11号,"123.201468,47.342103",15214420777,黑龙江省,齐齐哈尔市,龙江县
欧媲尚美发店,龙江镇十道街正阳路武装部对面,"123.193712,47.346614",[],黑龙江省,齐齐哈尔市,龙江县
AE造型(召香科技护肤346店),龙城鑫家,"123.197125,47.340225",[],黑龙江省,齐齐哈尔市,龙江县
清爽理发店,益诚府园东南门旁,"123.204957,47.333760",[],黑龙江省,齐齐哈尔市,龙江县
白羊座造型,劳动街与新谊路交叉口东南80米,"123.194703,47.333954",18714344311,黑龙江省,齐齐哈尔市,龙江县
沅禾造型Hair design,八道街华龙名苑北门对面沅禾造型,"123.192037,47.340822",13766529966,黑龙江省,齐齐哈尔市,龙江县
喜欢理,龙江广场1号楼00单元01层,"123.191134,47.340761",18714527877,黑龙江省,齐齐哈尔市,龙江县
龙江县小鹤美发店,[],"123.183553,47.337171",[],黑龙江省,齐齐哈尔市,龙江县
青朗美发烫染,龙江镇世贸华府22号楼6号库,"123.189341,47.345098",18249525918,黑龙江省,齐齐哈尔市,龙江县
银座发型设计,通富街与友谊路交叉口西80米,"123.033643,47.071900",[],黑龙江省,齐齐哈尔市,龙江县
一剪钟情发艺(北苑小区店),龙江镇北苑小区,"123.197004,47.349084",[],黑龙江省,齐齐哈尔市,龙江县
艺林烫染工作室(龙电花园B区店),龙电花园B区西南门旁,"123.191132,47.332611",[],黑龙江省,齐齐哈尔市,龙江县
大鹏发艺(购物广场店),益民购物商场北门东南50米,"123.189827,47.334180",15046255773,黑龙江省,齐齐哈尔市,龙江县
梦幻美发沙龙,益城学院,"123.198147,47.349414",[],黑龙江省,齐齐哈尔市,龙江县
艳羽发艺,通齐街与新谊路交叉口东40米,"123.189354,47.328333",[],黑龙江省,齐齐哈尔市,龙江县
天姿美容美发(康复街店),富景家园北门旁,"123.036065,47.073417",[],黑龙江省,齐齐哈尔市,龙江县
小中天美发沙龙,东华乡,"123.057373,46.786550",15146662242,黑龙江省,齐齐哈尔市,龙江县
东方美发(华龙名苑店),华龙名苑东北门东南60米,"123.192015,47.340402",13945245781,黑龙江省,齐齐哈尔市,龙江县
阿祖美发,八道街2马路志刚广场北行100米建设路318号,"123.192880,47.339868",16233013301,黑龙江省,齐齐哈尔市,龙江县
新概念发艺,兴济路东南侧,"122.698840,47.378600",[],黑龙江省,齐齐哈尔市,龙江县
春丽美发,066乡道与中心路交叉口南120米,"123.257373,46.962785",[],黑龙江省,齐齐哈尔市,龙江县
发秀造型,066乡道与商贸路交叉口西南20米,"123.259423,46.960743",[],黑龙江省,齐齐哈尔市,龙江县
瑞竹美业(阳光国际店),新谊路140号阳光国际,"123.195462,47.337955",[],黑龙江省,齐齐哈尔市,龙江县
仟星发艺,锦绣家园东南门东北70米,"123.184728,47.338251",[],黑龙江省,齐齐哈尔市,龙江县
龙江县森木烫染会所(富景家园店),富景家园,"123.036470,47.073300",18545600085,黑龙江省,齐齐哈尔市,龙江县
发工匠烫染工作室(龙盛家园店),长横街与新开路交叉口东200米,"123.185158,47.345574",15845255512,黑龙江省,齐齐哈尔市,龙江县
美之约美发沙龙,商贸街与朝阳路交叉口东北60米,"122.755241,47.488599",13149629651,黑龙江省,齐齐哈尔市,龙江县
小宁美发(北苑小区店),龙甘路81号东南方向120米北苑小区,"123.197594,47.348912",[],黑龙江省,齐齐哈尔市,龙江县
风尚发艺(购物广场店),五道街益民北门,"123.189421,47.334384",13895952576,黑龙江省,齐齐哈尔市,龙江县
晓阳发艺(碧龙湾店),碧龙湾东南门西南110米,"123.198762,47.340588",15504526033,黑龙江省,齐齐哈尔市,龙江县
靓点发艺,华民王宇轮胎旁,"123.455661,47.128727",18645228081,黑龙江省,齐齐哈尔市,龙江县
天利美发,龙景路与德育巷交叉口东北140米,"123.162560,47.325474",[],黑龙江省,齐齐哈尔市,龙江县
环球发型设计(华龙名苑店),华龙名苑2号楼,"123.192285,47.340448",[],黑龙江省,齐齐哈尔市,龙江县
金浪美发(锦绣家园店),锦绣家园西北门旁,"123.181417,47.338462",[],黑龙江省,齐齐哈尔市,龙江县
动感发型设计室,育才学校东南门西南50米,"123.196187,47.350567",[],黑龙江省,齐齐哈尔市,龙江县
雨熙美业,龙江广场10号楼00单元01层00121号,"123.188989,47.338173",17790609532,黑龙江省,齐齐哈尔市,龙江县
理念造型美甲美睫鲜花,华龙学院西门理念造型,"123.205734,47.333743",13069986091;13100990486,黑龙江省,齐齐哈尔市,龙江县
新潮发屋(正阳路店),龙江镇正阳街广电局北一中公寓1楼,"123.188924,47.340864",[],黑龙江省,齐齐哈尔市,龙江县
一剪红美发(城投公司综合楼店),发达水库活鱼馆(文化街南),"123.196445,47.331716",[],黑龙江省,齐齐哈尔市,龙江县
小天鹅美发,镇府街与新谊路交叉口东60米,"123.190646,47.329451",[],黑龙江省,齐齐哈尔市,龙江县
永华发厅,龙江镇九里村,"123.130026,47.352252",[],黑龙江省,齐齐哈尔市,龙江县
金花美发,白山乡,"123.251642,47.271427",15645246869,黑龙江省,齐齐哈尔市,龙江县
尚格造型(华龙名苑店),龙江镇华龙二苑北市街83号,"123.191984,47.340415",[],黑龙江省,齐齐哈尔市,龙江县
千百合美容美发,朝阳路与商贸街交叉口西北40米,"122.754448,47.488444",[],黑龙江省,齐齐哈尔市,龙江县
成光发型设计,景星镇通富街37号,"123.033994,47.071923",[],黑龙江省,齐齐哈尔市,龙江县
佳宝发艺,华龙名苑6号楼,"123.191060,47.339681",[],黑龙江省,齐齐哈尔市,龙江县
阳光发艺(科技巷店),科技巷与建设路交叉口南140米,"123.193059,47.337816",[],黑龙江省,齐齐哈尔市,龙江县
格美发艺(华龙名苑店),建设路与科技巷交叉口西北20米,"123.192338,47.339361",[],黑龙江省,齐齐哈尔市,龙江县
独品造型(市场街店),龙电花园B区西南门西60米,"123.190342,47.332907",[],黑龙江省,齐齐哈尔市,龙江县
慧敏美发,龙江镇六道街安平小区1号楼商服1门,"123.182065,47.339288",[],黑龙江省,齐齐哈尔市,龙江县
娇洋发艺,翔天家园北门旁,"123.183962,47.331605",[],黑龙江省,齐齐哈尔市,龙江县
黑猫美业,建设路与县府街交叉口南60米,"123.190748,47.336694",[],黑龙江省,齐齐哈尔市,龙江县
美多发艺剪烫染,朝阳孵化站南侧,"123.169265,47.328790",[],黑龙江省,齐齐哈尔市,龙江县
丸美发艺,长横街与正阳路交叉口西40米,"123.189836,47.343209",[],黑龙江省,齐齐哈尔市,龙江县
天阳美发,幸福路与文汇路交叉口西北80米,"123.170886,47.327352",[],黑龙江省,齐齐哈尔市,龙江县
特维丝发型设计(金色家园店),金色家园南1门旁,"123.197511,47.334874",[],黑龙江省,齐齐哈尔市,龙江县
名典发艺,济沁河乡兴济路,"122.701041,47.379812",15214450200,黑龙江省,齐齐哈尔市,龙江县
龙江县小中天发廊,通富街与电力路交叉口东60米,"123.032630,47.071832",[],黑龙江省,齐齐哈尔市,龙江县
美媚发艺,通富街与友谊路交叉口西80米,"123.033700,47.071762",13796284920,黑龙江省,齐齐哈尔市,龙江县
欣乐美发,文化街与青平路交叉口东40米,"123.197728,47.331680",[],黑龙江省,齐齐哈尔市,龙江县
倾城一绣美容工作室(金色家园店),龙江镇金色家园1号楼101室,"123.195764,47.336101",13946202566,黑龙江省,齐齐哈尔市,龙江县
汇媚美容工作室(阳光国际店),阳光国际科技巷57号,"123.195328,47.337709",18845258118,黑龙江省,齐齐哈尔市,龙江县
指为你美甲工作室(康城花园店),康城花园北门3号楼109室,"123.193396,47.336083",18746215238,黑龙江省,齐齐哈尔市,龙江县
龙江县摩卡彩妆工作室,志刚广场14 号楼广场侧104号商服,"123.189594,47.339842",[],黑龙江省,齐齐哈尔市,龙江县
奂镁美容养生工作室(电力新区店),景星镇电力新区北门建设街69号,"123.035327,47.074595",15845205552,黑龙江省,齐齐哈尔市,龙江县
为你美水光工作室,龙江镇二道街电信公寓楼下,"123.178773,47.334106",[],黑龙江省,齐齐哈尔市,龙江县
媛媛美甲工作室,金色家园北门北市街261号,"123.199617,47.337508",13079650277,黑龙江省,齐齐哈尔市,龙江县
尚禾造型工作室,信用路与府东街交叉口南40米,"123.259073,46.961281",[],黑龙江省,齐齐哈尔市,龙江县
美妍世家男士养生馆,劳动街与建设路交叉口东南80米,"123.190625,47.335525",[],黑龙江省,齐齐哈尔市,龙江县
经典专业烫染会所,新兴委(福田商服楼1-2层7室),"123.810823,47.156634",18746825556,黑龙江省,齐齐哈尔市,昂昂溪区
凯丽美发店,昂昂溪区政府1号楼,"123.812693,47.156885",19969788145,黑龙江省,齐齐哈尔市,昂昂溪区
一念美发沙龙,农行家属楼1门101室,"123.813713,47.155809",15636257619,黑龙江省,齐齐哈尔市,昂昂溪区
老根发廊,新兴街道长兴街政府2号楼,"123.812044,47.155340",[],黑龙江省,齐齐哈尔市,昂昂溪区
得利发艺风格设计,区府路307号,"123.808235,47.156890",15164634998;18645221217,黑龙江省,齐齐哈尔市,昂昂溪区
囍理造型工作室,新兴街道建行综合楼1层4室,"123.811132,47.156021",18182822066,黑龙江省,齐齐哈尔市,昂昂溪区
完美发艺,新兴街道农行家属楼,"123.813118,47.155804",[],黑龙江省,齐齐哈尔市,昂昂溪区
特别特美发,铁南街与丰源路交叉口东180米,"123.808175,47.155092",[],黑龙江省,齐齐哈尔市,昂昂溪区
书君美容美发中心,长兴街33号,"123.813366,47.158152",[],黑龙江省,齐齐哈尔市,昂昂溪区
发庄造型工作室,丰源路与铁南街交叉口东160米,"123.808201,47.154729",[],黑龙江省,齐齐哈尔市,昂昂溪区
集美美容美发厅,铁南街19号,"123.809580,47.160600",[],黑龙江省,齐齐哈尔市,昂昂溪区
木北造型(区府路店),庆华小区6号楼,"123.808016,47.153925",17604529517,黑龙江省,齐齐哈尔市,昂昂溪区
超然发艺,铁南街与区府路交叉口西南160米,"123.805882,47.156184",15845603265,黑龙江省,齐齐哈尔市,昂昂溪区
发源地美容美发,新兴街道庆华小区24号楼商服11门,"123.809576,47.155521",[],黑龙江省,齐齐哈尔市,昂昂溪区
黑马造型,新立委铁南街商服2号20室,"123.806776,47.156844",13846261309;15604524512,黑龙江省,齐齐哈尔市,昂昂溪区
静染美发造型室,新兴委,"123.809388,47.155569",13796877031,黑龙江省,齐齐哈尔市,昂昂溪区
顶丽美发,丰源路与铁南街交叉口东160米,"123.808125,47.154544",[],黑龙江省,齐齐哈尔市,昂昂溪区
蓝萱发艺,丰源路与铁南街交叉口东160米,"123.808141,47.154583",[],黑龙江省,齐齐哈尔市,昂昂溪区
天艺美发,区府路与长兴街交叉口东140米,"123.813497,47.155732",[],黑龙江省,齐齐哈尔市,昂昂溪区
潮流坊形象纹刺设计,陶然居一期,"123.813967,47.157227",13079627267,黑龙江省,齐齐哈尔市,昂昂溪区
鑫头领造型,丰源路与铁南街交叉口东180米,"123.808227,47.154794",[],黑龙江省,齐齐哈尔市,昂昂溪区
大庆发廊,兴榆路与232国道交叉口西南40米,"123.895318,47.157532",[],黑龙江省,齐齐哈尔市,昂昂溪区
佳琦美发造型室,昂昂溪区文化小区1号楼,"123.807566,47.158891",[],黑龙江省,齐齐哈尔市,昂昂溪区
云尚美发,大五福玛村村委会东北侧160米,"123.860775,47.210925",[],黑龙江省,齐齐哈尔市,昂昂溪区
腊梅发廊(庆华家园店),庆华家园九号楼,"123.802986,47.156986",[],黑龙江省,齐齐哈尔市,昂昂溪区
木星理发店,长兴街38号,"123.812096,47.155451",[],黑龙江省,齐齐哈尔市,昂昂溪区
时尚发型设计(同德路店),同德路与长兴街交叉口西北60米,"123.809071,47.152629",[],黑龙江省,齐齐哈尔市,昂昂溪区
青青发屋(丰源路),宏顺小区6号楼,"123.813441,47.153078",[],黑龙江省,齐齐哈尔市,昂昂溪区
阿彬烫染,长兴街与区府路交叉口西南160米,"123.810381,47.155323",[],黑龙江省,齐齐哈尔市,昂昂溪区
情侣发型设计室,丰源路与铁南街交叉口东南20米,"123.806132,47.154409",[],黑龙江省,齐齐哈尔市,昂昂溪区
原老理发店,庆华小区18号楼,"123.807704,47.154359",[],黑龙江省,齐齐哈尔市,昂昂溪区
鑫创意发型设计室,顺建嘉园北门旁,"123.812281,47.152935",[],黑龙江省,齐齐哈尔市,昂昂溪区
乐肤颜美容美发店,丰源路260号庆华家园,"123.808123,47.154491",18846337587,黑龙江省,齐齐哈尔市,昂昂溪区
得艺旺型发型设计室,水边路与齐杜公路交叉口东南100米,"123.997151,47.249187",[],黑龙江省,齐齐哈尔市,昂昂溪区
森迪发艺会所,齐杜公路与水边路交叉口西北60米,"123.995819,47.250130",[],黑龙江省,齐齐哈尔市,昂昂溪区
超港发廊,兴榆路与232国道交叉口东380米,"123.900070,47.156300",[],黑龙江省,齐齐哈尔市,昂昂溪区
喜荣美发,方正新村南门旁,"123.888175,47.157525",[],黑龙江省,齐齐哈尔市,昂昂溪区
琳琳理发店,鑫广达米业有限公司西北侧60米,"123.859775,47.209725",[],黑龙江省,齐齐哈尔市,昂昂溪区
剪约(区府路店),长兴街5号庆华购物中心,"123.808635,47.155535",[],黑龙江省,齐齐哈尔市,昂昂溪区
大鹏发艺,区府路与铁南街交叉口东南200米,"123.808575,47.155775",[],黑龙江省,齐齐哈尔市,昂昂溪区
铭门美发,铁南街与区府路交叉口东南160米,"123.808010,47.155924",[],黑龙江省,齐齐哈尔市,昂昂溪区
百信美发(庆华家园店),丰源路与铁南街交叉口西140米,"123.804442,47.155180",[],黑龙江省,齐齐哈尔市,昂昂溪区
小青烫染(庆华家园店),庆华家园12楼2号,"123.805275,47.156438",[],黑龙江省,齐齐哈尔市,昂昂溪区
白婧理发店,丰源路260号庆华家园,"123.802954,47.157051",[],黑龙江省,齐齐哈尔市,昂昂溪区
如壹美甲工作室,石油楼1层5室,"123.813998,47.155675",18746828391,黑龙江省,齐齐哈尔市,昂昂溪区
东方印迹纹刺工作室,碧林宾馆对面,"123.810002,47.156870",[],黑龙江省,齐齐哈尔市,昂昂溪区
新感觉发廊(庆华家园店),丰源路260号庆华家园,"123.804901,47.155046",[],黑龙江省,齐齐哈尔市,昂昂溪区
ID艾迪概念发型沙龙,中环广场南1门通道A座(卝KTV旁边),"123.953010,47.340779",15765052303,黑龙江省,齐齐哈尔市,龙沙区
隆隆发型沙龙(永安店),永安大街70号,"123.952593,47.344298",0452-2401814;0452-2402626,黑龙江省,齐齐哈尔市,龙沙区
银星造型(中环路店),中环路30号(红叶醉美火锅故事西走100米),"123.952266,47.342469",15145292837,黑龙江省,齐齐哈尔市,龙沙区
画间发型沙龙(永青小区店),青云街105东南方向60米永青小区,"123.954778,47.335313",17790639560,黑龙江省,齐齐哈尔市,龙沙区
理念美学沙龙,南市场小区8号楼网点1号,"123.963732,47.331590",18714316683,黑龙江省,齐齐哈尔市,龙沙区
首艺造型(齐齐哈尔龙沙区),南马路266号,"123.961868,47.334221",0452-2408066,黑龙江省,齐齐哈尔市,龙沙区
D-Y帝艺造型(南市场小区店),卜奎南大街166号,"123.958497,47.331267",15046228881,黑龙江省,齐齐哈尔市,龙沙区
TT美发沙龙(3号店),大民街道鹤城路,"123.963438,47.300881",[],黑龙江省,齐齐哈尔市,龙沙区
AE佰分佰造型,五福小区17号楼(卜奎南大街233号),"123.957572,47.331255",[],黑龙江省,齐齐哈尔市,龙沙区
金扬发型风格设计美学,卜奎南大街663号华玉府一期南门17栋103-104号金扬发型,"123.958214,47.289275",13069995767;14704655542,黑龙江省,齐齐哈尔市,龙沙区
艺颜轻奢发型会馆,新化小区15号楼00单元01层09号,"123.950361,47.334225",18845287348,黑龙江省,齐齐哈尔市,龙沙区
浪涛轻奢店,金域名都东南1门北240米,"123.964323,47.299726",13836297679,黑龙江省,齐齐哈尔市,龙沙区
金碧,安顺路24号(近群英楼),"123.938668,47.333091",0452-2811104;13846282897,黑龙江省,齐齐哈尔市,龙沙区
名扬美业,青云街128号,"123.954320,47.335202",13504622785,黑龙江省,齐齐哈尔市,龙沙区
TT美发沙龙(5号店),燕山街26号,"123.964598,47.300422",18946298035,黑龙江省,齐齐哈尔市,龙沙区
幸之运,新玛特北门01层5号幸之运,"123.957989,47.342493",18745275909,黑龙江省,齐齐哈尔市,龙沙区
漂亮宝贝美容美发(齐大中区店),劳动路23号齐大中区电大东斜对面,"123.928211,47.349383",0452-6156558;13303628807,黑龙江省,齐齐哈尔市,龙沙区
佰分佰造型,卜奎南大街233号(交通银行南50米),"123.962181,47.332458",13846249061,黑龙江省,齐齐哈尔市,龙沙区
凡古潮沙龙,园建街150号,"123.925189,47.346812",0452-6166761;15945235396,黑龙江省,齐齐哈尔市,龙沙区
她雅造型(新化一胡同),新化小区新化街20号楼一门,"123.952324,47.335784",13763563936,黑龙江省,齐齐哈尔市,龙沙区
玛尔造型(临江路店),锦江阁11号楼9号,"123.929468,47.336430",0452-2301818,黑龙江省,齐齐哈尔市,龙沙区
当代烫染美发定制店,安居路42号,"123.958968,47.338714",0452-6172958;18686939688;19904523773,黑龙江省,齐齐哈尔市,龙沙区
金扬发型工作室,黑龙江路与卜奎南大街交叉口东200米,"123.953851,47.296329",13836221772;18814521304,黑龙江省,齐齐哈尔市,龙沙区
素里美发沙龙,安智小区15号楼一层4号,"123.965392,47.338995",18345207688,黑龙江省,齐齐哈尔市,龙沙区
神美造型·接发·烫染店(北方新天地店),北大仓街安居路6号,"123.960698,47.338827",0452-2137575,黑龙江省,齐齐哈尔市,龙沙区
u美烫染名店(民航路店),民航路427号,"123.962348,47.319121",13134525431;15845651680,黑龙江省,齐齐哈尔市,龙沙区
喜理时尚造型(海山小区店),海山路57号,"123.960022,47.343328",15546270489,黑龙江省,齐齐哈尔市,龙沙区
龙沙区发主角发型工作室,青云小区26号楼通达街89号,"123.948336,47.331433",15146660823;18946214602,黑龙江省,齐齐哈尔市,龙沙区
美杜莎造型,卜奎南大街46号,"123.958176,47.339513",13069976611,黑龙江省,齐齐哈尔市,龙沙区
红风车国际,公园路小学永安大街海关大楼北海鲜1+1海鲜胡同公园路小学东,"123.951928,47.343816",0452-6197969;15946497222,黑龙江省,齐齐哈尔市,龙沙区
元素造型(火电小区店),火电安居小区6号楼7门市红楼后身二十中对面,"123.960254,47.337323",13946200433,黑龙江省,齐齐哈尔市,龙沙区
AE造型(139店),龙沙区金域名都30A号楼07号,"123.964240,47.299405",[],黑龙江省,齐齐哈尔市,龙沙区
帝凡妮剪单生活(火电小区店),龙安路28号安居小区火电14号楼,"123.959469,47.337001",0452-6115411,黑龙江省,齐齐哈尔市,龙沙区
名仕造型(安顺路店),五龙街道安顺路86号11环卫处西,"123.930039,47.333267",15945230608,黑龙江省,齐齐哈尔市,龙沙区
玖龙发艺人生(安居火电小区店),正阳街道百花红楼后身火电安居小区15号楼1门市,"123.961344,47.336826",0452-2438198;0452-2478198,黑龙江省,齐齐哈尔市,龙沙区
贵族发型沙龙(安居小区东方组团店),北大仓街114号贵族发型沙龙,"123.960915,47.338554",19645024567,黑龙江省,齐齐哈尔市,龙沙区
色之廊剪业,新化小区61号楼底商,"123.949896,47.336614",15045215028;15046215028,黑龙江省,齐齐哈尔市,龙沙区
明宇发型沙龙,卜奎南大街221号明宇发型沙龙,"123.957641,47.330714",13079665898;15765082828,黑龙江省,齐齐哈尔市,龙沙区
艺都发型工作室,同源路与斜阳街交叉口东50米,"123.966508,47.344545",18686843332,黑龙江省,齐齐哈尔市,龙沙区
金碘造型(阳光名宅店),滨湖二期阳光名宅25号楼00单元01层05号,"123.930109,47.345883",0452-2115533;13314526654,黑龙江省,齐齐哈尔市,龙沙区
初色轻奢美业沙龙(安居小区店),南马路282号,"123.961582,47.334268",16646272226,黑龙江省,齐齐哈尔市,龙沙区
指尖美发(龙沙小区南区店),越秀路65号,"123.961906,47.343070",13846219626,黑龙江省,齐齐哈尔市,龙沙区
简专业剪烫染,南马路268号,"123.961994,47.334200",15214403569,黑龙江省,齐齐哈尔市,龙沙区
圣帝美发沙龙(畅心园A区店),卜奎大街畅心园小区a区4号楼商服,"123.959069,47.319711",0452-2464456;13796887495,黑龙江省,齐齐哈尔市,龙沙区
深澳美容美发工作室,齐大万米楼北楼1-102,"123.934234,47.349866",18745280200,黑龙江省,齐齐哈尔市,龙沙区
帅发廊,永青小区14号楼,"123.956647,47.336163",13069999081;15145253689;15946493280,黑龙江省,齐齐哈尔市,龙沙区
头彩造型,安居路新世纪广场一层21号,"123.958851,47.338702",18686943368,黑龙江省,齐齐哈尔市,龙沙区
鑫天艺美发沙龙(卜奎南大街),卜奎南大街85号,"123.956954,47.337390",0452-5962733;13394469414,黑龙江省,齐齐哈尔市,龙沙区
润风造型(安居火电小区店),齐齐哈尔火电安居小区14号楼门市,"123.958851,47.336969",15846271980,黑龙江省,齐齐哈尔市,龙沙区
天宏理发店,北疆花园东区12号楼,"123.952577,47.318461",15846202229,黑龙江省,齐齐哈尔市,龙沙区
简美烫染沙龙,龙安路76号,"123.961867,47.337190",15146695747,黑龙江省,齐齐哈尔市,龙沙区
发泽造型(新立街店),恒大影城一楼115号,"123.920739,47.321885",13604522276,黑龙江省,齐齐哈尔市,龙沙区
尚典造型(龙安路店),正阳街道安智小区7号楼,"123.962300,47.337581",15845688836;19104627333,黑龙江省,齐齐哈尔市,龙沙区
沐轩造型(龙兴嘉园店),工建路94正北方向150米龙兴嘉园28号楼,"123.929673,47.348822",15846212279,黑龙江省,齐齐哈尔市,龙沙区
阿洋造型专业烫染名店,青云街164号,"123.954729,47.331471",17790639560,黑龙江省,齐齐哈尔市,龙沙区
奈斯美发沙龙(新玛特超市店),大商新玛特齐齐哈尔店北门西80米,"123.957389,47.342492",13339522217;15765041888,黑龙江省,齐齐哈尔市,龙沙区
X·L私人订制美发工作室,齐齐哈尔市龙沙区安居小区火电6号楼00单元01层17号,"123.961033,47.337397",13384628998,黑龙江省,齐齐哈尔市,龙沙区
艾蓓逸美发化妆工作室,卜奎南大街233号,"123.957677,47.330498",13796885262,黑龙江省,齐齐哈尔市,龙沙区
安家美业,紫金华府公园天下二期23号楼00单元01层11号,"123.963531,47.294541",19013629288,黑龙江省,齐齐哈尔市,龙沙区
理享美发沙龙(熙府桃园店),熙府桃园小区S1号楼0单元一层,"123.944022,47.333361",15845777020,黑龙江省,齐齐哈尔市,龙沙区
潮颜造型美发沙龙,御园小区28-B105室,"123.965150,47.299290",[],黑龙江省,齐齐哈尔市,龙沙区
赫莎造型,南马路276号,"123.961806,47.334139",13303621144,黑龙江省,齐齐哈尔市,龙沙区
AE造型(173店),卜奎南大街与兴顺路交叉口西北80米,"123.957639,47.331294",[],黑龙江省,齐齐哈尔市,龙沙区
奈丝发艺(卜奎南大街213号),卜奎南大街213号,"123.957539,47.331943",14745864447,黑龙江省,齐齐哈尔市,龙沙区
沐川造型(火电小区店),雄鹰南街65号火电小区,"123.960770,47.337372",[],黑龙江省,齐齐哈尔市,龙沙区
范斯造型,龙华路一轻综合楼1至2层,"123.960055,47.341102",[],黑龙江省,齐齐哈尔市,龙沙区
反时针美业(大商新玛特齐齐哈尔店),新玛特购物广场东门旁,"123.958780,47.342124",15214418338,黑龙江省,齐齐哈尔市,龙沙区
秀客发型工作室九年的店,安居9号楼星光儿童城对面安居路35号,"123.959400,47.338554",13504611051,黑龙江省,齐齐哈尔市,龙沙区
董军美发,长青路96东北方向90米纸厂小区,"123.920589,47.319119",15946495788,黑龙江省,齐齐哈尔市,龙沙区
阿华造型美发工作室,恒大翡翠华庭剧场商业00单元01层1号门市,"123.920805,47.321809",18846346517,黑龙江省,齐齐哈尔市,龙沙区
景山烫染沙龙(群意花园店),合意大街151号,"123.931529,47.334035",18946210008,黑龙江省,齐齐哈尔市,龙沙区
帅帅黑蝴蝶发型工作室,[],"123.950900,47.344306",[],黑龙江省,齐齐哈尔市,龙沙区
佐佑造型(新化小区16号楼店),新化小区16号楼社保局对面,"123.950055,47.335278",13945239726,黑龙江省,齐齐哈尔市,龙沙区
姐弟轻奢美业沙龙,金域名都一期31栋103室,"123.962268,47.301039",[],黑龙江省,齐齐哈尔市,龙沙区
你型我秀烫染店(园建街店),园建街51号,"123.926313,47.343949",13009741721,黑龙江省,齐齐哈尔市,龙沙区
沙龙理剪造型SALON(阳光名宅店),阳光名宅东门文化大街25号,"123.932898,47.345513",13946270604,黑龙江省,齐齐哈尔市,龙沙区
托尼·甲美发美甲美睫(安居小区店),南马路312号,"123.960267,47.334239",13349426780;18946262525,黑龙江省,齐齐哈尔市,龙沙区
首选造型(卜奎南大街店),美域造型原址,"123.957576,47.331019",15174613310,黑龙江省,齐齐哈尔市,龙沙区
精典美发(齐齐哈尔龙沙区),龙安路37号,"123.960442,47.338184",13199695138;15804705227,黑龙江省,齐齐哈尔市,龙沙区
贵宾发艺,正阳街道安智小区14号楼102号,"123.965487,47.339607",15245278899,黑龙江省,齐齐哈尔市,龙沙区
角落理美容美发工作室,青云街章林大院106号楼底商(途虎养车门口),"123.953817,47.338161",13069991938,黑龙江省,齐齐哈尔市,龙沙区
尚格美发(新宫小区科技楼店),民意路三八饭店对面,"123.940136,47.336183",18246280565,黑龙江省,齐齐哈尔市,龙沙区
名旺佳缘造型,五福小区10号楼4单元103室第一医院分院斜对面,"123.955160,47.332619",13204523597,黑龙江省,齐齐哈尔市,龙沙区
阿杰造型(龙沙小区安泰花园店),龙沙小区安泰花园南门东100米,"123.965339,47.344319",[],黑龙江省,齐齐哈尔市,龙沙区
美丽车间美发(金典学苑店),金典学苑1号楼7号商铺,"123.960501,47.312670",13684529767,黑龙江省,齐齐哈尔市,龙沙区
手艺人美发,工建路恒昌中学南门,"123.924258,47.345255",13945214514,黑龙江省,齐齐哈尔市,龙沙区
丝宇美发,新宫小区科技楼,"123.940830,47.335976",15845785725,黑龙江省,齐齐哈尔市,龙沙区
木绅发艺,黑龙江路666号,"123.953933,47.296510",13796331493;15604620126,黑龙江省,齐齐哈尔市,龙沙区
晓宾发艺(龙门小区店),五龙街道永安大街51号,"123.953479,47.344794",15603623678,黑龙江省,齐齐哈尔市,龙沙区
氧发堂天然植物染发锦江阁店,合意大街168号,"123.931029,47.334334",0452-2810338,黑龙江省,齐齐哈尔市,龙沙区
丝忆发型工作室,东浦胡同15号,"123.962502,47.342526",15765084255,黑龙江省,齐齐哈尔市,龙沙区
小宝美发烫染,公园路小学校西门旁,"123.950891,47.344322",13514608045,黑龙江省,齐齐哈尔市,龙沙区
爱尚美发(3合家园店),双龙路三合家园A区18号楼三单元101,"123.950721,47.279816",13946288320,黑龙江省,齐齐哈尔市,龙沙区
万朋美发,恒大影城南侧外商105号张亮麻辣烫西侧,"123.920620,47.321378",13836260596,黑龙江省,齐齐哈尔市,龙沙区
木·岩造型(安居小区店),安居小区南门西80米,"123.959679,47.334233",15663152908,黑龙江省,齐齐哈尔市,龙沙区
森艺美发造型店,民航路商服楼28号楼1层4号,"123.961019,47.319320",18946234445,黑龙江省,齐齐哈尔市,龙沙区
丝艺美发会所(群意花园店),安顺路89-12号顺意小区顺意2号楼,"123.932510,47.332676",13895992828,黑龙江省,齐齐哈尔市,龙沙区
帝秀烫染,新化小区8号楼,"123.952411,47.334252",15946244936,黑龙江省,齐齐哈尔市,龙沙区
鑫造型,北大仓街127号錱造型,"123.961021,47.338633",13766584483,黑龙江省,齐齐哈尔市,龙沙区
小贺美业,安馨家园22号楼00单元01层02号新工路173号,"123.966136,47.326177",13846265751,黑龙江省,齐齐哈尔市,龙沙区
木子美业(新合家园店),新合家园48号楼,"123.925177,47.321581",13359521239,黑龙江省,齐齐哈尔市,龙沙区
时尚前沿发型设计室(青云小区店),青云小区29号楼10号门市,"123.950270,47.331452",18714322770,黑龙江省,齐齐哈尔市,龙沙区
炫季造型(北疆雅苑店),北疆雅苑南门,"123.954672,47.320749",15164619457,黑龙江省,齐齐哈尔市,龙沙区
月神美发(安居小区店),火电安居小区24号楼,"123.960364,47.334898",13504619501,黑龙江省,齐齐哈尔市,龙沙区
墨客造型,新世纪广场120号,"123.959031,47.338727",13846245195,黑龙江省,齐齐哈尔市,龙沙区
帝秀理发馆(民祥小区店),民航路422号民祥小区,"123.964211,47.315876",13694521224,黑龙江省,齐齐哈尔市,龙沙区
咔咔理发馆,劳动路29号,"123.927656,47.349339",13911280222;17896066214,黑龙江省,齐齐哈尔市,龙沙区
婀娜造型(安智小区店),北大仓街187号,"123.961980,47.336603",18714319004,黑龙江省,齐齐哈尔市,龙沙区
金碘造型(二店),恒大名都皮草城21号门市金碘造型恒大店,"123.939523,47.318552",18045252490,黑龙江省,齐齐哈尔市,龙沙区
新发现理发店,永安大街与中环路交叉口北160米,"123.951216,47.343997",13845283200,黑龙江省,齐齐哈尔市,龙沙区
北木造型(鹤乡新城小区店),平阳街鹤乡新城13号楼,"123.967901,47.321045",13351225856,黑龙江省,齐齐哈尔市,龙沙区
德艺旺型美发工作室(新宫小区科技楼店),民意路168号,"123.937657,47.336977",13766582596,黑龙江省,齐齐哈尔市,龙沙区
艺伽造型,平阳街78号南市场小区,"123.962704,47.333836",18204664179,黑龙江省,齐齐哈尔市,龙沙区
众悦美发店,黑龙江路与卜奎南大街交叉口东180米,"123.953802,47.295949",18745280000,黑龙江省,齐齐哈尔市,龙沙区
名都时尚造型(恒大名都店),恒大名都西南门东南70米,"123.939259,47.318603",13836260426,黑龙江省,齐齐哈尔市,龙沙区
初然发艺沙龙,民祥小区45号09号门市,"123.964135,47.316235",[],黑龙江省,齐齐哈尔市,龙沙区
新亮美发工作室(火电小区店),雄鹰南街65号火电小区,"123.960991,47.337364",[],黑龙江省,齐齐哈尔市,龙沙区
枫·度精湛发艺(恒大翡翠华庭三期店),恒大翡翠华庭三期东门F6商服,"123.915691,47.322030",19917736050,黑龙江省,齐齐哈尔市,龙沙区
沐思美发沙龙店,南市场小区2号楼1-2层3号,"123.958422,47.331773",15663366680,黑龙江省,齐齐哈尔市,龙沙区
鑫源美发(文体街店),文体街与文体二胡同交叉口北60米,"123.938957,47.340096",13836251554,黑龙江省,齐齐哈尔市,龙沙区
大海专业烫染,五福小区11号楼101室,"123.955681,47.332228",15845688066,黑龙江省,齐齐哈尔市,龙沙区
旮旯美发(安居合意小区店),江安街道安居小区新合小区15号楼旮旯美发,"123.924547,47.324494",18846201537,黑龙江省,齐齐哈尔市,龙沙区
铭匠精湛发艺(谊联名居店),卜奎南大街232号谊联名居,"123.965093,47.328258",18686909379,黑龙江省,齐齐哈尔市,龙沙区
卡诗美发,恒大影城115号,"123.920746,47.322235",13029745000,黑龙江省,齐齐哈尔市,龙沙区
禾木造型,迎阳街与南马路交叉口北160米,"123.965739,47.335579",17504522055,黑龙江省,齐齐哈尔市,龙沙区
名丽美发工作室,安顺路160号,"123.935063,47.333144",15845608323,黑龙江省,齐齐哈尔市,龙沙区
鼎鑫时尚发艺(民祥小区店),[],"123.962808,47.317219",13351624527,黑龙江省,齐齐哈尔市,龙沙区
五贝子天然植物染发(阳光名宅店),工建路113号,"123.928068,47.345535",15946452228,黑龙江省,齐齐哈尔市,龙沙区
美诗发艺(三合家园B区店),恒山街与长江路交叉口南200米,"123.954041,47.279976",[],黑龙江省,齐齐哈尔市,龙沙区
小强美发工作室,安顺路126号,"123.935766,47.333141",13945254005,黑龙江省,齐齐哈尔市,龙沙区
镜美造型(北方新天地店),正阳街道卜奎南大街18号北方新天地购物广场2楼B48号,"123.958959,47.340326",0452-6118880,黑龙江省,齐齐哈尔市,龙沙区
首秀烫染沙龙(安顺路店),安顺路128号,"123.935845,47.333213",18704521670,黑龙江省,齐齐哈尔市,龙沙区
尚艺美发沙龙(齐齐哈尔龙沙区),锦江阁1期东门南170米,"123.930585,47.333579",18204626613,黑龙江省,齐齐哈尔市,龙沙区
永颜造型(绿溪桃源店),绿溪桃源北门新工路64号,"123.962117,47.326082",18745224422,黑龙江省,齐齐哈尔市,龙沙区
玖悦发艺(民祥小区店),民航路422号民祥小区,"123.964563,47.317497",[],黑龙江省,齐齐哈尔市,龙沙区
阿苹理容,丰恒小区41号楼,"123.947361,47.340191",13836241088,黑龙江省,齐齐哈尔市,龙沙区
艺+美发(绿溪桃源店),绿溪桃源小区48号门市,"123.960895,47.326528",19917752233,黑龙江省,齐齐哈尔市,龙沙区
铭阳发艺(民祥小区店),民祥小区44号楼,"123.963430,47.316782",13846211170,黑龙江省,齐齐哈尔市,龙沙区
悦己美发(畅心园B区店),畅心园B区北门旁,"123.966505,47.325750",18946239131,黑龙江省,齐齐哈尔市,龙沙区
氧发堂植物染发五福店(青云街店),青云街五福小区门市37号楼,"123.955083,47.331198",18245227755,黑龙江省,齐齐哈尔市,龙沙区
郦达尔美业,龙沙小区1号楼1号,"123.959836,47.343252",0452-8097777,黑龙江省,齐齐哈尔市,龙沙区
沐颜轻奢美发沙龙,金域名都31号楼00单元01层08号,"123.961999,47.301098",18045922895,黑龙江省,齐齐哈尔市,龙沙区
滨之江发型,滨江国际一期商业街108号,"123.910837,47.316196",[],黑龙江省,齐齐哈尔市,龙沙区
东风理发,斜阳街43号,"123.965679,47.343934",[],黑龙江省,齐齐哈尔市,龙沙区
新风尚造型,源地街丰恒小区39号门市新风尚造型,"123.943536,47.339545",[],黑龙江省,齐齐哈尔市,龙沙区
新尚发艺(金域名都小区店),金域名都二期,"123.964447,47.300058",18845292493,黑龙江省,齐齐哈尔市,龙沙区
优理发型工作室(安顺电业小区店),安顺路87号,"123.937544,47.332620",18045285505,黑龙江省,齐齐哈尔市,龙沙区
晓鑫发艺,青云街永裕小学对面,"123.955125,47.338704",13314654477,黑龙江省,齐齐哈尔市,龙沙区
赵宇专业美发(安居小区北区店),南合意路合意安居小区2号楼iv区8号,"123.929615,47.330745",13796886633,黑龙江省,齐齐哈尔市,龙沙区
动感美发工作室,园建街48号园艺小区23号楼101,"123.924431,47.347599",[],黑龙江省,齐齐哈尔市,龙沙区
梵熙造型(顺意小区店),安顺路89-12号顺意小区,"123.930413,47.331616",15765046588,黑龙江省,齐齐哈尔市,龙沙区
巷往造型,正阳街道安智14号楼102号底商,"123.965587,47.339652",17622814233,黑龙江省,齐齐哈尔市,龙沙区
⑦barbershop男发馆,新化街与新化路交叉口南60米,"123.952977,47.336289",[],黑龙江省,齐齐哈尔市,龙沙区
义威美发,斜阳街29号,"123.965546,47.343447",0452-2448660,黑龙江省,齐齐哈尔市,龙沙区
尚品造型发艺美甲会馆(合意大街店),合意路128号,"123.932416,47.336393",13069998859,黑龙江省,齐齐哈尔市,龙沙区
董军美发美业连锁,广厦云起溪上,"123.938425,47.328125",[],黑龙江省,齐齐哈尔市,龙沙区
艺剪情美发(民祥小区店),民航路422号民祥小区,"123.963352,47.316229",[],黑龙江省,齐齐哈尔市,龙沙区
星泽发型工作室,劳动路41号,"123.927190,47.349299",18646090680,黑龙江省,齐齐哈尔市,龙沙区
佳丽美发(园建街店),工建北小区西2门北110米,"123.924915,47.347892",[],黑龙江省,齐齐哈尔市,龙沙区
三多发艺(安居小区店),安居小区,"123.960375,47.334453",[],黑龙江省,齐齐哈尔市,龙沙区
卡秀造型(民祥小区店),民航路422号民祥小区,"123.961233,47.318539",13846285594,黑龙江省,齐齐哈尔市,龙沙区
尚艺公约美容美发旗舰店,燕山街与鹤城路交叉口西南160米,"123.964311,47.299672",[],黑龙江省,齐齐哈尔市,龙沙区
柒染造型工作室,金典学苑1层2号,"123.960698,47.312684",17614049176,黑龙江省,齐齐哈尔市,龙沙区
红狼造型,火店安居5号楼,"123.961454,47.338033",[],黑龙江省,齐齐哈尔市,龙沙区
红梅美发(南苑小区店),南航街道亚麻厂一号楼红梅美发,"123.942323,47.315822",[],黑龙江省,齐齐哈尔市,龙沙区
晓东专业染烫(阳光名宅店),阳光名宅25号楼-商服3号,"123.930776,47.346000",13946282345,黑龙江省,齐齐哈尔市,龙沙区
萍鑫发艺(新宫小区科技楼店),新宫小区科技楼,"123.940708,47.336021",15946497885,黑龙江省,齐齐哈尔市,龙沙区
格子浩美业(谊联名居店),新工路161号,"123.964860,47.326124",18249283221,黑龙江省,齐齐哈尔市,龙沙区
大民美发,齐昂公路与为民路交叉口南180米,"123.911376,47.269040",[],黑龙江省,齐齐哈尔市,龙沙区
发造型(龙兴嘉园店),园建街27号,"123.925374,47.344772",18804526455,黑龙江省,齐齐哈尔市,龙沙区
沈钢子造型(新宫小区科技楼店),机关房产处2号楼1单元,"123.939325,47.336475",13504520007,黑龙江省,齐齐哈尔市,龙沙区
约你发型工作室,谊联名居南门东十米,"123.963497,47.326328",18686949528,黑龙江省,齐齐哈尔市,龙沙区
丝遇美发美甲美睫店,平阳街90号观景国际售楼对面,"123.965448,47.327362",18004522567,黑龙江省,齐齐哈尔市,龙沙区
臻品美业尚美造型店,谊联名居1号楼00单元01层14号,"123.961661,47.326380",[],黑龙江省,齐齐哈尔市,龙沙区
十七美业,广厦云起溪上东门西南260米,"123.938452,47.328064",13766558240,黑龙江省,齐齐哈尔市,龙沙区
AC造型,新玛特北门00单元48号(北门第一家),"123.958135,47.342560",15214403321;16604521080;16640602340,黑龙江省,齐齐哈尔市,龙沙区
AE造型113店,雄鹰南街65号火电小区,"123.960260,47.337273",[],黑龙江省,齐齐哈尔市,龙沙区
发本造型,新合家园西门向南50米,"123.921548,47.320111",19013628181,黑龙江省,齐齐哈尔市,龙沙区
剪爱发型设计,南市场小区8号楼对面,"123.962341,47.332442",0452-2689253,黑龙江省,齐齐哈尔市,龙沙区
壹加美发沙龙,公园天下二期,"123.963610,47.294636",[],黑龙江省,齐齐哈尔市,龙沙区
發裁造型Hair Salon,乐鹤公园二期21栋106号门市發裁造型Hair Salon,"123.956697,47.295089",15603628755,黑龙江省,齐齐哈尔市,龙沙区
流行美美发沙龙(谊联名居店),新工路151号,"123.964378,47.326318",15604821116,黑龙江省,齐齐哈尔市,龙沙区
泠京美发(锦江阁店),锦江阁3号门旁,"123.930475,47.335725",15946263356,黑龙江省,齐齐哈尔市,龙沙区
红桃烫染设计理发店,红星小区53号楼01层02单元04号新乐街20号,"123.940142,47.335156",13763516778,黑龙江省,齐齐哈尔市,龙沙区
发髻salon(北疆雅苑店),北疆雅苑北门西50米,"123.954758,47.322931",13104523070,黑龙江省,齐齐哈尔市,龙沙区
私人染烫,龙北街与龙华路交叉口北60米,"123.968036,47.341869",[],黑龙江省,齐齐哈尔市,龙沙区
九零美发沙龙,平阳街137号鹤乡新城小区,"123.965836,47.322862",[],黑龙江省,齐齐哈尔市,龙沙区
皇冠发艺(奥悦华庭店),奥悦华庭,"123.942297,47.286327",13136631110,黑龙江省,齐齐哈尔市,龙沙区
夕颜美容美发工作室(合意小区店),公安医院对面合意小区1号楼5单元,"123.934630,47.340990",18946238838,黑龙江省,齐齐哈尔市,龙沙区
鹏祥发艺(纸厂小区店),造纸厂小区33号楼,"123.915969,47.319779",13945270839,黑龙江省,齐齐哈尔市,龙沙区
田斌发艺人生(北方新天地店),北方新天地B座三门1208,"123.959056,47.340260",16221227777,黑龙江省,齐齐哈尔市,龙沙区
lee造型,安居小区南区,"123.926356,47.325120",[],黑龙江省,齐齐哈尔市,龙沙区
可心美业(南市场小区店),平阳街78号南市场小区,"123.963054,47.333356",13214520444,黑龙江省,齐齐哈尔市,龙沙区
姐妹造型,南郊路与新立街交叉口西北380米,"123.915359,47.305653",[],黑龙江省,齐齐哈尔市,龙沙区
超凡发艺,龙沙小区37号楼网点4号,"123.965907,47.345452",[],黑龙江省,齐齐哈尔市,龙沙区
艺名美业,通达街新化小区7号楼1层17号,"123.949850,47.336164",13199661785,黑龙江省,齐齐哈尔市,龙沙区
东城造型,平阳街与新工路交叉口东北40米,"123.965907,47.326355",[],黑龙江省,齐齐哈尔市,龙沙区
5度专业烫染沙龙,[],"123.961190,47.326541",18745224005,黑龙江省,齐齐哈尔市,龙沙区
金榜造型(文体一胡同),文体二胡同12号,"123.938761,47.337829",13604520973,黑龙江省,齐齐哈尔市,龙沙区
彬美容工作室,通达街青云小区,"123.950616,47.332493",15904524201,黑龙江省,齐齐哈尔市,龙沙区
金米莱美甲美睫工作室,龙沙小区15号楼00单元01层04号,"123.962489,47.343339",18814524466;19997527681,黑龙江省,齐齐哈尔市,龙沙区
耿小豆美甲美睫工作室,紫金华府12-4-302,"123.967908,47.293974",13314661411,黑龙江省,齐齐哈尔市,龙沙区
梅坊美容美体工作室(南市场小区店),南市场小区6号楼05单元01层01号,"123.961897,47.332622",[],黑龙江省,齐齐哈尔市,龙沙区
兆涵指尖美学美甲美睫工作室,安智路32号,"123.966174,47.339924",15164652511,黑龙江省,齐齐哈尔市,龙沙区
禄萱美睫工作室,文体街与安顺路辅路交叉口东北20米,"123.935525,47.333125",[],黑龙江省,齐齐哈尔市,龙沙区
莹莹美容工作室,龙沙区一厂三宿舍小区319号楼17号,"123.936575,47.333133",13100825140,黑龙江省,齐齐哈尔市,龙沙区
复古男士理发馆,龙沙小区10号楼00单元1层,"123.965173,47.342538",17645205456,黑龙江省,齐齐哈尔市,龙沙区
peng男士理发,育新小学校西南门西北60米,"123.964539,47.331428",[],黑龙江省,齐齐哈尔市,龙沙区
888发式琳(幸福家园店),文博街179号888,"123.423051,46.389772",15546263888,黑龙江省,齐齐哈尔市,泰来县
唯一美发美容会所,经典小区5号商服,"123.418984,46.393665",0452-8238678;13946260746,黑龙江省,齐齐哈尔市,泰来县
阿坤发艺店(聚洋购物中心店),建设路538号聚洋购物中心F1层,"123.419222,46.392857",13079658553,黑龙江省,齐齐哈尔市,泰来县
一佳发型工作室,泰来镇建新街一委五组广场星苑2号楼一层14号二层14号等2处,"123.416680,46.388783",13009735799,黑龙江省,齐齐哈尔市,泰来县
黑猫造型(电信小区店),文博街64号,"123.418175,46.388775",[],黑龙江省,齐齐哈尔市,泰来县
蓝色火焰轻奢美发沙龙(广安街店),广安街与宾馆路交叉口西北20米,"123.418849,46.396256",13845244222,黑龙江省,齐齐哈尔市,泰来县
埃菲尔造型,交通小区1号楼商服东数6号等2处,"123.417593,46.388673",18686966010,黑龙江省,齐齐哈尔市,泰来县
明威造型设计室,建设街一委五组(广场星苑1号楼),"123.416316,46.388881",13136619977,黑龙江省,齐齐哈尔市,泰来县
北方造型名店,人民医院斜对面,"123.418516,46.395894",13054309900,黑龙江省,齐齐哈尔市,泰来县
木北造型(墅公馆·悦居店),东风路436号墅公馆1号楼3号商服,"123.425204,46.397295",18301383746,黑龙江省,齐齐哈尔市,泰来县
玛雅造型染烫专业店(文博街店),幸福家园南门东130米,"123.422601,46.389701",13614626738,黑龙江省,齐齐哈尔市,泰来县
五贝子天然植物染发店,泰来镇步行街北门里走30米,"123.418228,46.391211",[],黑龙江省,齐齐哈尔市,泰来县
北方理容(清真街店),泰来镇人民医院斜对面,"123.420713,46.397278",13114666611,黑龙江省,齐齐哈尔市,泰来县
派艺美发(金御华庭店),金御华庭西北门西90米,"123.420898,46.399292",13796268236,黑龙江省,齐齐哈尔市,泰来县
三月倾城(建设路小区店),经集巷12号,"123.421082,46.393758",13134524143,黑龙江省,齐齐哈尔市,泰来县
一剪钟情美发,建设街一委八组(交通小区),"123.416443,46.388519",15245255442,黑龙江省,齐齐哈尔市,泰来县
张浩男士理发馆(一百小区店),铁东路54号一百小区,"123.414308,46.391273",[],黑龙江省,齐齐哈尔市,泰来县
天奇发型工作室(尚品家园店),湖滨路25正,"123.431827,46.396320",13763533108,黑龙江省,齐齐哈尔市,泰来县
燕京发艺(幸福家园店),幸福家园南门旁,"123.421528,46.389558",13763492324,黑龙江省,齐齐哈尔市,泰来县
丽萍理发店,中央大街与汤池大街交叉口东140米,"123.768389,46.987331",[],黑龙江省,齐齐哈尔市,泰来县
柒月造型(建设路小区店),泰来镇百花北门24号,"123.421508,46.393725",[],黑龙江省,齐齐哈尔市,泰来县
艺冉造型,大兴镇中心街,"123.746173,46.877393",15561929229;18746279123,黑龙江省,齐齐哈尔市,泰来县
左手剪美发美甲,泰来镇光明街127新妇幼保健院对面教委3号楼,"123.422469,46.386852",13681516762,黑龙江省,齐齐哈尔市,泰来县
超美发型设计室,泰来镇教委3号楼,"123.422014,46.386810",[],黑龙江省,齐齐哈尔市,泰来县
飘雅美发,光明街111号,"123.422203,46.386836",13904828511,黑龙江省,齐齐哈尔市,泰来县
晶晶美发(万象丽景店),万象丽景北门西100米,"123.428627,46.395954",15214487001,黑龙江省,齐齐哈尔市,泰来县
首邦美发造型,大榆树乡首邦美发造型,"123.323770,46.521400",18245211253,黑龙江省,齐齐哈尔市,泰来县
首选造型(八一路店),泰来镇八一路农技推广中心楼下星期天火锅对面,"123.415075,46.386223",15214463234,黑龙江省,齐齐哈尔市,泰来县
时尚美发(金源街店),东风路333号,"123.423882,46.398866",18345295111,黑龙江省,齐齐哈尔市,泰来县
优尚美容美发(文博街店),文博街26号,"123.417014,46.388610",13351429998,黑龙江省,齐齐哈尔市,泰来县
酷美·造型(一百小区店),一百小区西南门北110米,"123.414308,46.391538",[],黑龙江省,齐齐哈尔市,泰来县
他她美发型设计中心,泰来镇铁东街一委二组,"123.413388,46.387361",[],黑龙江省,齐齐哈尔市,泰来县
天悦发型设计,金源街50号,"123.419650,46.399229",[],黑龙江省,齐齐哈尔市,泰来县
艺尚美发(泰来县农机小区店),益民街与建设路交叉口西80米,"123.418915,46.379885",[],黑龙江省,齐齐哈尔市,泰来县
标典美发工作室(阳光小区店),阳光小区建设路1128号,"123.420729,46.397748",16743655559,黑龙江省,齐齐哈尔市,泰来县
壹+美发空间,金碧花园小区13号楼1226号,"123.420592,46.401668",13136726303,黑龙江省,齐齐哈尔市,泰来县
希唯美容美发,大兴镇明珠小区,"123.748376,46.877971",13763533641,黑龙江省,齐齐哈尔市,泰来县
金源发艺(金源名都店),泰来镇金源名都西门,"123.427330,46.399122",[],黑龙江省,齐齐哈尔市,泰来县
阿飞先生美发沙龙工作室(交通局店),文博街与八一路交叉路口西50米,"123.414330,46.388267",13845228419;13845276663,黑龙江省,齐齐哈尔市,泰来县
百分百造型(文博街店),泰来镇交通局楼下,"123.414772,46.388267",[],黑龙江省,齐齐哈尔市,泰来县
9°造型,泰来镇卫星街五委六组金域华庭18号楼1-2层商服3号,"123.420736,46.398707",18814626363,黑龙江省,齐齐哈尔市,泰来县
杨艺发型设计,经集巷14号,"123.421210,46.393769",15145311178,黑龙江省,齐齐哈尔市,泰来县
发型天下,文博街89号,"123.418734,46.389199",15046261678,黑龙江省,齐齐哈尔市,泰来县
喜理发型工作室,文博街,"123.417672,46.388935",15145263211,黑龙江省,齐齐哈尔市,泰来县
秋磊理发,利百群医药南侧,"123.063412,46.609512",[],黑龙江省,齐齐哈尔市,泰来县
丑小鸭美发,泰来镇文博街76号,"123.418579,46.388810",18249293616,黑龙江省,齐齐哈尔市,泰来县
畅悦发型设计,文博街22号,"123.416706,46.388555",15946226399,黑龙江省,齐齐哈尔市,泰来县
发之意美容美发(欧洲小镇店),欧洲小镇单行道道南,"123.426234,46.389880",15946527220,黑龙江省,齐齐哈尔市,泰来县
丽锦美发(文博街店),八一路161-7号,"123.414705,46.388284",13351622208,黑龙江省,齐齐哈尔市,泰来县
顶点发艺(丰泰家园店),土地局楼下,"123.424409,46.390690",18249296115,黑龙江省,齐齐哈尔市,泰来县
理享造型,东风路202号,"123.424008,46.400166",18603622774,黑龙江省,齐齐哈尔市,泰来县
剪约美发(墅公馆·悦居店),民族街与飞鹤大道交叉口西南40米,"123.426392,46.397436",15946289567,黑龙江省,齐齐哈尔市,泰来县
将军美发厅,086乡道与抗战路交叉口西北200米,"123.681560,46.773119",15045201990,黑龙江省,齐齐哈尔市,泰来县
红姐造型,建设路与金源街交叉口南140米,"123.420082,46.398215",13796847518,黑龙江省,齐齐哈尔市,泰来县
芷间美业,建设路517号,"123.420110,46.395471",18746279291,黑龙江省,齐齐哈尔市,泰来县
畅响发型设计(步行街东店),建设路281-21号步行街(兴达购物广场南),"123.419076,46.390678",13845258787,黑龙江省,齐齐哈尔市,泰来县
鑫艾丝造型,建设路538号聚洋购物中心后门隔壁,"123.419221,46.393114",15214482139,黑龙江省,齐齐哈尔市,泰来县
丁丁时尚美发(欧洲小镇店),欧洲小镇南区西门北130米,"123.425709,46.389072",15946226707,黑龙江省,齐齐哈尔市,泰来县
理享造型,和平镇长青村兴和路与新兴街交叉口东330米,"123.148728,46.520223",15734527593,黑龙江省,齐齐哈尔市,泰来县
雅美丝烫染店,泰来镇指教中心对面,"123.420339,46.376215",13314653678,黑龙江省,齐齐哈尔市,泰来县
多米造型(文博街店),文博街51号,"123.417670,46.389035",[],黑龙江省,齐齐哈尔市,泰来县
SHAIRSALON轻奢.私人发型定制,中央街203号,"123.427979,46.390806",[],黑龙江省,齐齐哈尔市,泰来县
钱雨美容美发,平洋镇,"123.542689,46.602991",[],黑龙江省,齐齐哈尔市,泰来县
他她美专业发型设计(丰泰家园),丰泰家园北数第7门市,"123.423539,46.390208",[],黑龙江省,齐齐哈尔市,泰来县
星辰轻奢造型,电信公寓南门旁,"123.418109,46.389093",[],黑龙江省,齐齐哈尔市,泰来县
超级美发设计,泰来镇金源街56号,"123.420102,46.399900",[],黑龙江省,齐齐哈尔市,泰来县
独品形象管理中心,G111(京加线),"123.538849,46.599242",18846336397,黑龙江省,齐齐哈尔市,泰来县
妙恋发艺,泰来镇太来交通局家属小区,"123.414300,46.388267",[],黑龙江省,齐齐哈尔市,泰来县
天美造型(振兴路店),振兴路与建设路交叉口东40米,"123.420767,46.387764",[],黑龙江省,齐齐哈尔市,泰来县
丽艳美发(丰泰家园店),泰来镇中央街土地局楼下,"123.424409,46.390695",18746270588,黑龙江省,齐齐哈尔市,泰来县
李洋美容美发SPA养生会馆,平洋镇,"123.543318,46.603864",[],黑龙江省,齐齐哈尔市,泰来县
天鹅美发厅(建设路小区店),泰来镇东风路369号,"123.423740,46.394325",15344617668,黑龙江省,齐齐哈尔市,泰来县
剪单美发,职教中心东门南110米,"123.419825,46.375425",[],黑龙江省,齐齐哈尔市,泰来县
蓝天美容美发(中央街),步行街(兴达购物广场南),"123.418467,46.390600",18686981116,黑龙江省,齐齐哈尔市,泰来县
维真国际美发半永久定妆(金域华府店),建设路阳光小区538号,"123.418975,46.397725",18946214326,黑龙江省,齐齐哈尔市,泰来县
浪涛美业,八一路与中央街交叉口东南60米,"123.415670,46.391519",[],黑龙江省,齐齐哈尔市,泰来县
心一·美发造型店,万象丽景南门西70米,"123.429064,46.394440",13069631511,黑龙江省,齐齐哈尔市,泰来县
嘉音发型工作室,泰来县交通局旁边嘉音发型工作室,"123.415029,46.388211",[],黑龙江省,齐齐哈尔市,泰来县
美神美发(油米厂小区店),泰来镇龙阳嘉苑一号楼(油米厂),"123.412839,46.378675",[],黑龙江省,齐齐哈尔市,泰来县
金剪时光美业(金碧花园店),建设路627号金碧花园,"123.421483,46.399846",[],黑龙江省,齐齐哈尔市,泰来县
思美发廊,泰来镇技工学校南,"123.419780,46.375794",15174163286;15174613286,黑龙江省,齐齐哈尔市,泰来县
黄艳美发,313省道与084乡道交叉口东140米,"123.323161,46.521260",15046240320,黑龙江省,齐齐哈尔市,泰来县
潮艺造型,老客运站出站口,"123.415686,46.387603",18845250250,黑龙江省,齐齐哈尔市,泰来县
米莱造型,金源名都北门西160米,"123.426886,46.399967",[],黑龙江省,齐齐哈尔市,泰来县
格色风发艺(万象丽景C区店),万象丽景C区,"123.427968,46.397646",[],黑龙江省,齐齐哈尔市,泰来县
概念造型,江桥镇园丁一号楼概念造型,"123.682287,46.772037",[],黑龙江省,齐齐哈尔市,泰来县
顺眼造型(幸福家园店),幸福家园南门旁,"123.421644,46.389572",[],黑龙江省,齐齐哈尔市,泰来县
南丹妮湾美发会馆,八一路泰来客运站,"123.415665,46.388367",15590805789,黑龙江省,齐齐哈尔市,泰来县
阿峰美发,中央大街3号,"123.766248,46.987132",17124155558,黑龙江省,齐齐哈尔市,泰来县
世纪美发厅,泰来县第四中学东北门旁,"123.420837,46.374386",18714736711,黑龙江省,齐齐哈尔市,泰来县
上喜·烫染(欧洲小镇店),欧洲小镇,"123.426822,46.389937",[],黑龙江省,齐齐哈尔市,泰来县
美约形象设计,江桥园丁二号楼,"123.682749,46.771099",15004521660,黑龙江省,齐齐哈尔市,泰来县
鼎扬沙龙(幸福家园店),文博街141号,"123.421947,46.389603",13466718286,黑龙江省,齐齐哈尔市,泰来县
繁锦造型(中央名城店),电业路与金源街交叉口东南40米,"123.425582,46.399703",[],黑龙江省,齐齐哈尔市,泰来县
金太阳发型室(金御华庭店),金御华庭东门旁,"123.424262,46.397710",[],黑龙江省,齐齐哈尔市,泰来县
丝源·造型,光明街与振兴路交叉口东北40米,"123.421491,46.386749",[],黑龙江省,齐齐哈尔市,泰来县
萍萍私人形象设计工作室,经集巷与建设路交叉口东100米,"123.421535,46.394079",[],黑龙江省,齐齐哈尔市,泰来县
东阁造型,塔子城镇东北街,"123.063612,46.609909",18714736936,黑龙江省,齐齐哈尔市,泰来县
雅美丝造型设计,光明街与振兴路交叉口东80米,"123.422071,46.386800",[],黑龙江省,齐齐哈尔市,泰来县
创意发廊(文博街店),文博街63号,"123.418014,46.389078",[],黑龙江省,齐齐哈尔市,泰来县
锦尚美发设计,泰来镇湖畔新城5号楼12号车库,"123.429899,46.384943",[],黑龙江省,齐齐哈尔市,泰来县
靓雅发艺(鑫苑小区店),鑫苑小区,"123.417474,46.404751",15545687234,黑龙江省,齐齐哈尔市,泰来县
阳光发型设计(丰泰家园店),丰泰家园,"123.424335,46.390695",[],黑龙江省,齐齐哈尔市,泰来县
王子发型设计(铁东路),铁东路与文博街交叉口西南100米,"123.413423,46.387587",[],黑龙江省,齐齐哈尔市,泰来县
非凡造型(一百小区店),一百小区西南门旁,"123.414333,46.390923",13763499870,黑龙江省,齐齐哈尔市,泰来县
伊维诺造型设计(幸福家园店),泰来镇先锋街一委九组,"123.422128,46.389614",0452-8225188;15214481008;18746246969,黑龙江省,齐齐哈尔市,泰来县
Z坤美发(聚洋购物中心店),建设路538号聚洋购物中心,"123.419227,46.392825",13149573228,黑龙江省,齐齐哈尔市,泰来县
八佰伴美发造型沙龙,泰来镇汽车厂六号楼对面,"123.417250,46.404738",[],黑龙江省,齐齐哈尔市,泰来县
新亮典发型设计(名仕花苑店),名仕花苑北门旁,"123.421222,46.395963",[],黑龙江省,齐齐哈尔市,泰来县
天艺美发(振兴路店),泰来镇建设路地税局家属楼道南,"123.420511,46.383537",[],黑龙江省,齐齐哈尔市,泰来县
小刚·发型工作室(万象丽景店),万象丽景北门西北90米,"123.428916,46.396342",[],黑龙江省,齐齐哈尔市,泰来县
潇雅发型设计(八一路店),八一路432号,"123.415770,46.394220",15636235156,黑龙江省,齐齐哈尔市,泰来县
平范店(禾),聚洋后面,"123.418972,46.392648",15110108695,黑龙江省,齐齐哈尔市,泰来县
于琦美发,和平镇,"123.150688,46.520623",15214488860,黑龙江省,齐齐哈尔市,泰来县
含笑发廊,建设路320号,"123.420435,46.382728",[],黑龙江省,齐齐哈尔市,泰来县
唐潮发艺造型,学府名苑西南侧200米,"123.542621,46.603243",[],黑龙江省,齐齐哈尔市,泰来县
发舞飞扬(油米厂小区店),油米厂一号楼,"123.412504,46.378677",13634830623,黑龙江省,齐齐哈尔市,泰来县
小漾美业,经集巷与建设路交叉口东80米,"123.421325,46.393725",[],黑龙江省,齐齐哈尔市,泰来县
禾平范儿理发店,文化路36号经典小区,"123.418430,46.393958",[],黑龙江省,齐齐哈尔市,泰来县
聚源美发店,建设路627号金碧花园,"123.421258,46.399864",[],黑龙江省,齐齐哈尔市,泰来县
十元理发,建设路与广安街交叉口南20米,"123.420228,46.395925",[],黑龙江省,齐齐哈尔市,泰来县
古城造型,塔子城镇,"123.063723,46.607502",[],黑龙江省,齐齐哈尔市,泰来县
红绣美容美发,东方红村民委员会东侧110米,"123.614625,46.917525",[],黑龙江省,齐齐哈尔市,泰来县
三多美发,086乡道与抗战路交叉口西220米,"123.680975,46.772625",[],黑龙江省,齐齐哈尔市,泰来县
巧手发屋,克利镇四里五卫生院西北侧130米,"123.326225,46.580475",[],黑龙江省,齐齐哈尔市,泰来县
鑫雪美发屋,079乡道与088乡道交叉口东60米,"123.321425,46.332325",[],黑龙江省,齐齐哈尔市,泰来县
顶艺美发,泰来县司法局泰来司法所西侧,"123.413725,46.397475",[],黑龙江省,齐齐哈尔市,泰来县
小涵造型,中央大街与汤池大街交叉口东220米,"123.769575,46.987375",[],黑龙江省,齐齐哈尔市,泰来县
姜秀美发,八一路与广安街交叉口西北160米,"123.414275,46.397075",[],黑龙江省,齐齐哈尔市,泰来县
素迷美发,中国邮政(江桥邮政支局)东南侧70米,"123.683057,46.771486",[],黑龙江省,齐齐哈尔市,泰来县
集锦美发(盛丽桃园店),泰来镇盛丽桃园12号楼26号车库,"123.418391,46.402703",[],黑龙江省,齐齐哈尔市,泰来县
爱维美发造型,学府名苑东南门东北140米,"123.544858,46.605333",[],黑龙江省,齐齐哈尔市,泰来县
鑫圆美发(金碧花园店),建设路627号金碧花园,"123.423492,46.400362",[],黑龙江省,齐齐哈尔市,泰来县
美吧美业联盟,建设路538号聚洋购物中心F1层,"123.420075,46.393932",[],黑龙江省,齐齐哈尔市,泰来县
小云理发店,书香门第小区2期,"123.418715,46.384449",[],黑龙江省,齐齐哈尔市,泰来县
艺剪造型,东方红村民委员会南侧150米,"123.612851,46.916615",[],黑龙江省,齐齐哈尔市,泰来县
丽人发艺,利百群医药北侧,"123.063407,46.609630",[],黑龙江省,齐齐哈尔市,泰来县
金鼎美业(明珠景苑店),明珠景苑,"123.749165,46.877077",[],黑龙江省,齐齐哈尔市,泰来县
靓丽美容美发,平洋镇平洋名苑C栋,"123.539389,46.599406",[],黑龙江省,齐齐哈尔市,泰来县
四季红理发店,平阳镇医院对门,"123.542820,46.603868",[],黑龙江省,齐齐哈尔市,泰来县
丹尼造型剪烫染,313省道与084乡道交叉口东200米,"123.324028,46.521450",[],黑龙江省,齐齐哈尔市,泰来县
晶晶美容美发(油米厂小区店),泰来镇油米厂1号楼门市,"123.413025,46.378625",[],黑龙江省,齐齐哈尔市,泰来县
唯娜发艺,大兴镇中心客运站旁,"123.744873,46.876847",[],黑龙江省,齐齐哈尔市,泰来县
青丝美美容美发养生会馆,平洋镇,"123.542767,46.603479",[],黑龙江省,齐齐哈尔市,泰来县
集锦美发(泰兴警苑小区店),袁氏中医西北侧60米,"123.414805,46.407719",[],黑龙江省,齐齐哈尔市,泰来县
姐妹美发,东风路与光明街交叉口东南120米,"123.424892,46.386060",[],黑龙江省,齐齐哈尔市,泰来县
大华美容美发(丰泰家园店),泰来镇泰来县国土资源局楼下,"123.424348,46.390699",[],黑龙江省,齐齐哈尔市,泰来县
高雅发屋(东风路),泰来镇东风路170号,"123.424547,46.387302",[],黑龙江省,齐齐哈尔市,泰来县
名闯造型(装修中),泰塔线,"123.063720,46.607586",15214428299,黑龙江省,齐齐哈尔市,泰来县
小国工作室,文化路36号经典小区,"123.418933,46.394415",[],黑龙江省,齐齐哈尔市,泰来县
大鹤家美甲工作室,泰来镇建设路585号,"123.419813,46.399024",13352521025,黑龙江省,齐齐哈尔市,泰来县
洋阳抗衰·调理护肤工作室,金源街与电业路交叉口东南40米,"123.425725,46.399775",[],黑龙江省,齐齐哈尔市,泰来县
魅力蓝天美容形象管理中心,建设路与振兴路交叉口西北40米,"123.419846,46.388036",18545206586,黑龙江省,齐齐哈尔市,泰来县
承峰发艺(上东新城店),上东新城西北门旁,"126.100952,47.610113",15174584617,黑龙江省,齐齐哈尔市,拜泉县
雷云造型烫染沙龙,群英街三委20号组南四道街路西,"126.091325,47.604925",[],黑龙江省,齐齐哈尔市,拜泉县
潇洒美发会馆,红旗路与人民街交叉口东60米,"126.094374,47.601579",13206733886;15663151413,黑龙江省,齐齐哈尔市,拜泉县
大宝美业,人民街与建设路交叉口北40米,"126.091956,47.604816",13904627567,黑龙江省,齐齐哈尔市,拜泉县
云波美发(新泉嘉苑店),新泉嘉苑,"126.096399,47.601055",13895959628,黑龙江省,齐齐哈尔市,拜泉县
青岛美发,拜泉镇东三道街路南地税对面,"126.094873,47.609457",13298727087,黑龙江省,齐齐哈尔市,拜泉县
阿宝发艺,向阳路与县直街交叉口西南40米,"126.092126,47.607796",19545215234,黑龙江省,齐齐哈尔市,拜泉县
初心发艺(学府尚都店),学府尚都东南门旁,"126.103526,47.609317",18714376232,黑龙江省,齐齐哈尔市,拜泉县
小野发艺工作室(县直街店),老公安局楼11号门市,"126.091263,47.609459",[],黑龙江省,齐齐哈尔市,拜泉县
禾妍造型(新泉嘉苑店),南六商场北门禾妍造型,"126.092823,47.600921",15845862809,黑龙江省,齐齐哈尔市,拜泉县
天一美发,朝阳路与西安街交叉口西80米,"126.085722,47.608534",[],黑龙江省,齐齐哈尔市,拜泉县
胖子美发(金域时代购物广场店),红旗路金域时代购物广场(西北角),"126.092923,47.600963",[],黑龙江省,齐齐哈尔市,拜泉县
发之煊造型,宝泉名苑北门旁,"126.096799,47.607556",[],黑龙江省,齐齐哈尔市,拜泉县
朗尼造型,拜泉县宾馆楼东往西第六门市,"126.092346,47.609716",[],黑龙江省,齐齐哈尔市,拜泉县
東楠发艺,朝阳路与群英街交叉口东北60米,"126.085346,47.608424",15174581232,黑龙江省,齐齐哈尔市,拜泉县
飘逸美容美发化妆品店,202国道东50米,"125.967839,47.416252",[],黑龙江省,齐齐哈尔市,拜泉县
千靓时尚染烫店,朝阳路与西安街交叉口西80米,"126.085687,47.608515",[],黑龙江省,齐齐哈尔市,拜泉县
大苇美发,北四道街北走三十米路西,"126.086234,47.614160",15663321882,黑龙江省,齐齐哈尔市,拜泉县
小城造型起点(学府嘉苑店),拜泉镇学府嘉苑一号楼门市,"126.099869,47.612095",13634864636,黑龙江省,齐齐哈尔市,拜泉县
驻颜造型,黑龙江省齐齐哈尔市拜泉县拜泉镇县城十字街北影剧院南,"126.089027,47.610391",13009748444,黑龙江省,齐齐哈尔市,拜泉县
尚艺造型(建设路店),人民街与建设路交叉口东北50米,"126.092327,47.604678",[],黑龙江省,齐齐哈尔市,拜泉县
宏颜美发会馆上东新城店,东六南二西走路南宏颜美发会馆,"126.101715,47.610400",13079663858;16536441000,黑龙江省,齐齐哈尔市,拜泉县
拜泉县魔发师美发店,东三审计局门市东数第二家,"126.094379,47.610609",13946249413,黑龙江省,齐齐哈尔市,拜泉县
美尚美都时尚造型(朝阳路店),朝阳路与西安街交叉口东100米,"126.088147,47.608588",15146668071,黑龙江省,齐齐哈尔市,拜泉县
鑫派美发网红烫染潮店,人民路171号,"126.088285,47.611726",13603668434,黑龙江省,齐齐哈尔市,拜泉县
觅谷造型(新泉嘉苑店),新泉嘉苑西门旁,"126.094264,47.600871",13079692340,黑龙江省,齐齐哈尔市,拜泉县
宝丽造型微潮烫染纹绣,拜泉镇正街南三,"126.091187,47.605021",15663331876,黑龙江省,齐齐哈尔市,拜泉县
飘逸美发,建设路与人民街交叉口东60米,"126.092511,47.604733",[],黑龙江省,齐齐哈尔市,拜泉县
阿聪美发店,曙光街28号,"126.096453,47.607481",[],黑龙江省,齐齐哈尔市,拜泉县
韩潮发艺(韩师傅店),鑫海锦绣名苑南门西南110米,"126.091266,47.611291",[],黑龙江省,齐齐哈尔市,拜泉县
艺人美发会馆(金域时代购物广场店),拜泉镇南六金域购物广场南侧,"126.093573,47.600660",[],黑龙江省,齐齐哈尔市,拜泉县
颜美发,人民街与政府路交叉口东南60米,"126.088897,47.610182",[],黑龙江省,齐齐哈尔市,拜泉县
欧尚造型(金域时代购物广场店),拜泉镇南六道街,"126.093592,47.600539",13234520518;17345620678,黑龙江省,齐齐哈尔市,拜泉县
狂潮造型,龙泉镇,"125.967667,47.416515",15663312789,黑龙江省,齐齐哈尔市,拜泉县
沐光理发店,拜泉镇曙光街一委三组南四东20米路北,"126.092486,47.604681",15245800821,黑龙江省,齐齐哈尔市,拜泉县
巍丽美发,214省道,"126.398775,47.651825",[],黑龙江省,齐齐哈尔市,拜泉县
冉冉造型,正街东三往西50米冉冉造型,"126.093706,47.610055",[],黑龙江省,齐齐哈尔市,拜泉县
鼎富新城那茉造型,鼎富新城东南门旁,"126.103973,47.613155",13352520776,黑龙江省,齐齐哈尔市,拜泉县
霍方美发,211省道与007乡道交叉口东南60米,"126.407088,47.418947",[],黑龙江省,齐齐哈尔市,拜泉县
拜泉县大鹏发型工作室,星火街(东三道街路南),"126.093481,47.609976",13019039768,黑龙江省,齐齐哈尔市,拜泉县
吉美造型,拜泉镇南二道街南走二十米姜英凯二胡学校北隔壁,"126.095490,47.608430",17600667655,黑龙江省,齐齐哈尔市,拜泉县
卓悦美发,文化路与人民街交叉口东100米,"126.088738,47.612530",[],黑龙江省,齐齐哈尔市,拜泉县
沐尚美业(鑫源小区店),人民街与南城路交叉口北80米,"126.095239,47.598886",18645213592,黑龙江省,齐齐哈尔市,拜泉县
焦点品质造型(恒冠·世家店),南二西二路北恒冠世家1号楼7号门市,"126.086864,47.606758",15084530681,黑龙江省,齐齐哈尔市,拜泉县
视觉造型(向阳路店),金泉佳苑5号楼13号门市,"126.087152,47.606570",15679222876,黑龙江省,齐齐哈尔市,拜泉县
源艺造型(恒盛豪庭店),恒盛豪庭小区一号楼8号门市,"126.088712,47.601970",18714374766,黑龙江省,齐齐哈尔市,拜泉县
发都美发设计室(新泉集资楼E座店),拜泉镇新泉E号楼,"126.091715,47.602786",15545640912,黑龙江省,齐齐哈尔市,拜泉县
五贝子植物染发专家(锦泉名苑店),锦泉名苑9号门市五贝子植物染发,"126.095675,47.598168",13948090718,黑龙江省,齐齐哈尔市,拜泉县
丝源发艺,北二道街影剧院道北,"126.088844,47.610919",18746881868,黑龙江省,齐齐哈尔市,拜泉县
小毛烫染纹绣,人民街与育英路交叉口西北80米,"126.090295,47.606600",13946243919,黑龙江省,齐齐哈尔市,拜泉县
阿龙美发,三道镇,"126.407524,47.419562",[],黑龙江省,齐齐哈尔市,拜泉县
明岩造型,县直街与朝阳路交叉口东南60米,"126.092225,47.609246",13796301809,黑龙江省,齐齐哈尔市,拜泉县
酷贝美发(铭泉嘉苑店),铭泉嘉苑东南门东110米,"126.099462,47.604797",[],黑龙江省,齐齐哈尔市,拜泉县
理发店,晟嘉御都东区西北门东150米,"126.086323,47.609886",[],黑龙江省,齐齐哈尔市,拜泉县
歆一美业,鼎富新城10号门市,"126.103625,47.613034",[],黑龙江省,齐齐哈尔市,拜泉县
华姿染烫造型(向阳花苑店),向阳花苑东南门西北90米,"126.098913,47.610633",[],黑龙江省,齐齐哈尔市,拜泉县
剪约造型(恒盛豪庭店),恒盛豪庭东南门东140米,"126.090390,47.602452",[],黑龙江省,齐齐哈尔市,拜泉县
剑佩发廊(文明小区店),文明小区,"126.094594,47.609948",13796300825,黑龙江省,齐齐哈尔市,拜泉县
迪噢形象设计(铭泉嘉苑店),曙光路与建设路交叉口东南40米,"126.097021,47.605524",[],黑龙江省,齐齐哈尔市,拜泉县
丝路美业,人民街与红旗路交叉口东北40米,"126.093831,47.601592",[],黑龙江省,齐齐哈尔市,拜泉县
小明美业(鼎富新城店),鼎富新城东南门西50米,"126.103712,47.613069",[],黑龙江省,齐齐哈尔市,拜泉县
得艺望型烫染店,朝阳路与西安街交叉口东100米,"126.088136,47.608586",[],黑龙江省,齐齐哈尔市,拜泉县
英子发艺沙龙(老农机家属楼店),向阳路与曙光街交叉口东60米,"126.095823,47.609064",[],黑龙江省,齐齐哈尔市,拜泉县
浩仕理发店,名日星城,"126.088691,47.603779",13206722958,黑龙江省,齐齐哈尔市,拜泉县
宇美发会所,文化家园,"126.092437,47.608809",[],黑龙江省,齐齐哈尔市,拜泉县
剪名堂专业理烫染焗(晟嘉御都东区店),晟嘉御都东区西北门旁,"126.085144,47.609701",[],黑龙江省,齐齐哈尔市,拜泉县
二宝发型私人定制(文化家园店),文化家园南门旁,"126.093544,47.608444",[],黑龙江省,齐齐哈尔市,拜泉县
天一美发造型,依拜公路北50米,"125.666225,47.734571",[],黑龙江省,齐齐哈尔市,拜泉县
木炎美发店(朝阳路店),拜泉县星火街(东二东走路南),"126.093181,47.609921",16604614466,黑龙江省,齐齐哈尔市,拜泉县
大涛造型,宝泉名苑北门东北90米,"126.097618,47.607753",[],黑龙江省,齐齐哈尔市,拜泉县
未来造型,拜泉镇群英街3委20组教育园丁楼1-2层正街南三路西,"126.091138,47.605164",13314623110,黑龙江省,齐齐哈尔市,拜泉县
加减法美发,盛嘉胤都西门南边第一个门市1号G1,"126.091463,47.610649",19990077824,黑龙江省,齐齐哈尔市,拜泉县
鑫焱发艺,县直街与向阳路交叉口南100米,"126.092807,47.607390",15545691348;17545536416,黑龙江省,齐齐哈尔市,拜泉县
馨然美发(鑫海新天地花园店),拜泉镇朝阳街5号拜泉县第一中学附近,"126.101726,47.612605",0452-7328081,黑龙江省,齐齐哈尔市,拜泉县
拜泉县美人鱼美容美发店,拜泉镇东方红街三委十四组(正街东四),"126.096525,47.611175",[],黑龙江省,齐齐哈尔市,拜泉县
天意美发(梦想e居店),梦想e居,"126.085716,47.605541",15636289994;15636299994,黑龙江省,齐齐哈尔市,拜泉县
丝慕发型私人定制(宝泉名苑店),宝泉名苑西南门旁,"126.096579,47.606230",18045098803,黑龙江省,齐齐哈尔市,拜泉县
一剪缘时尚烫染(鑫海锦绣名苑店),县直街鑫海锦绣名苑,"126.090609,47.612257",13846225776,黑龙江省,齐齐哈尔市,拜泉县
梦琪发艺专业染烫吧,新生路与人民街交叉口东100米,"126.094018,47.603011",[],黑龙江省,齐齐哈尔市,拜泉县
你好漂亮,泉城印象西北门旁,"126.082248,47.605289",[],黑龙江省,齐齐哈尔市,拜泉县
拜泉县风之尚美发店,拜泉镇新泉小区F5号楼2号门市,"126.094050,47.601494",[],黑龙江省,齐齐哈尔市,拜泉县
大宝美业,正街南三南10米路西,"126.090942,47.605463",13904627567;15245805678,黑龙江省,齐齐哈尔市,拜泉县
向阳美发,拜泉镇东三南二农机家属楼,"126.095647,47.608973",[],黑龙江省,齐齐哈尔市,拜泉县
尚宏美容美发(向阳路店),向阳路与西安街交叉口东60米,"126.088680,47.606889",[],黑龙江省,齐齐哈尔市,拜泉县
发之枫剪烫染专业店,名日星城北门西120米,"126.086652,47.604601",[],黑龙江省,齐齐哈尔市,拜泉县
明珠美业(新泉嘉苑店),新泉嘉苑西门旁,"126.094323,47.600780",[],黑龙江省,齐齐哈尔市,拜泉县
芊惠美发,拜泉县财政局1楼4-102,"126.092678,47.604786",15045235533,黑龙江省,齐齐哈尔市,拜泉县
忠岩造型,恒冠金城东北门东南50米,"126.101486,47.610974",15663222368,黑龙江省,齐齐哈尔市,拜泉县
鑫阁造型(阳光嘉园二期店),拜泉镇阳光嘉园二期四号楼十门市,"126.096910,47.613074",[],黑龙江省,齐齐哈尔市,拜泉县
石头美发,向阳路与曙光街交叉口东80米,"126.095982,47.608708",[],黑龙江省,齐齐哈尔市,拜泉县
鑫娜发艺(融桥水岸店),镇融桥水岸门口,"126.085154,47.613446",13136737130,黑龙江省,齐齐哈尔市,拜泉县
百花美容美发,向阳路与人民街交叉口北40米,"126.090284,47.607832",[],黑龙江省,齐齐哈尔市,拜泉县
神美发艺(名日星城店),名日星城东南门西80米,"126.087623,47.603541",[],黑龙江省,齐齐哈尔市,拜泉县
丝蕾美发,文化路,"126.087318,47.611968",13796301650,黑龙江省,齐齐哈尔市,拜泉县
天使美发会馆(学府嘉苑店),鑫海新天地小区1号楼2层6号学府嘉苑,"126.100638,47.612265",[],黑龙江省,齐齐哈尔市,拜泉县
红晶美发,新生路与县直街交叉口西60米,"126.094417,47.603482",[],黑龙江省,齐齐哈尔市,拜泉县
千艺美发,长春镇胜利村十字街道,"125.667928,47.734905",[],黑龙江省,齐齐哈尔市,拜泉县
名剪,047乡道与211省道交叉口东240米,"125.967869,47.799338",[],黑龙江省,齐齐哈尔市,拜泉县
金剪子,县直街与新生路交叉口南60米,"126.095331,47.602988",[],黑龙江省,齐齐哈尔市,拜泉县
小五造型,宝泉华府,"126.089940,47.604069",13206500390;19545244483,黑龙江省,齐齐哈尔市,拜泉县
青木造型(学府嘉苑店),鑫海新天地小区1号楼2层6号学府嘉苑,"126.099202,47.613310",[],黑龙江省,齐齐哈尔市,拜泉县
宝洋造型,阳光嘉园二期东四北二道北,"126.096222,47.612923",19969789446,黑龙江省,齐齐哈尔市,拜泉县
浪莎美发,鑫源小区南门东70米,"126.097057,47.598832",[],黑龙江省,齐齐哈尔市,拜泉县
沙宣造型,富强镇中学东侧,"125.797208,47.478182",[],黑龙江省,齐齐哈尔市,拜泉县
明雨造型,东四北二阳光嘉园一期西侧2号楼明雨造型美发店,"126.095746,47.612004",15504629925,黑龙江省,齐齐哈尔市,拜泉县
逸炫发艺(恒盛豪庭店),恒盛豪庭东门旁,"126.089875,47.602825",15845795817,黑龙江省,齐齐哈尔市,拜泉县
曹老五理发店,211省道与007乡道交叉口北80米,"126.406991,47.420092",[],黑龙江省,齐齐哈尔市,拜泉县
TOP发型公馆,新生路与西安街交叉口东北40米,"126.090651,47.602489",[],黑龙江省,齐齐哈尔市,拜泉县
巧羽发艺,新生路与人民街交叉口东80米,"126.093876,47.602967",[],黑龙江省,齐齐哈尔市,拜泉县
子龙美发纹绣化妆品,中国石油新生加油站东侧160米,"126.166275,47.441725",[],黑龙江省,齐齐哈尔市,拜泉县
飞尚发艺(食品厂小区店),食品厂小区南门西70米,"126.085437,47.602958",[],黑龙江省,齐齐哈尔市,拜泉县
宝洋造型,新生路与县直街交叉口西100米,"126.094027,47.603358",[],黑龙江省,齐齐哈尔市,拜泉县
启程美发,007乡道与211省道交叉口西60米,"126.406125,47.419175",[],黑龙江省,齐齐哈尔市,拜泉县
丹丹发型设计,047乡道与211省道交叉口东60米,"125.965475,47.799275",[],黑龙江省,齐齐哈尔市,拜泉县
北方美发,047乡道与211省道交叉口东200米,"125.967375,47.799175",[],黑龙江省,齐齐哈尔市,拜泉县
缘梦美发,依拜公路与051乡道交叉口西240米,"125.671078,47.735231",[],黑龙江省,齐齐哈尔市,拜泉县
天艺美发,211省道与047乡道交叉口东南80米,"125.964975,47.798725",[],黑龙江省,齐齐哈尔市,拜泉县
杨松理发店,兴华乡人民政府东南侧170米,"126.061325,47.698425",[],黑龙江省,齐齐哈尔市,拜泉县
非凡造型,齐泰医药西侧,"126.166975,47.441725",[],黑龙江省,齐齐哈尔市,拜泉县
指尖舞美发,007乡道与211省道交叉口东60米,"126.407475,47.419225",[],黑龙江省,齐齐哈尔市,拜泉县
潮流美发烫染,县直街与南通路交叉口西北40米,"126.096544,47.600743",[],黑龙江省,齐齐哈尔市,拜泉县
震哥发型设计,新家园廉租住房小区一期,"126.109375,47.601075",[],黑龙江省,齐齐哈尔市,拜泉县
发丝美,长春镇人民政府东侧230米,"125.668075,47.734575",[],黑龙江省,齐齐哈尔市,拜泉县
浩云造型,梦想e居西北门西南90米,"126.083675,47.605525",[],黑龙江省,齐齐哈尔市,拜泉县
小冰发型设计,南三街口往北20米路西中辉超市斜对面,"126.090635,47.606057",[],黑龙江省,齐齐哈尔市,拜泉县
雨轩美发,兴华乡人民政府南侧230米,"126.060476,47.697714",[],黑龙江省,齐齐哈尔市,拜泉县
峰尚发艺,东景尚城南门旁,"126.100175,47.606748",[],黑龙江省,齐齐哈尔市,拜泉县
长虹照相美发,齐拜公路与拜自公路交叉口东120米,"125.804319,47.545262",[],黑龙江省,齐齐哈尔市,拜泉县
鑫公主美发,向阳路与县直街交叉口西南40米,"126.092212,47.607813",[],黑龙江省,齐齐哈尔市,拜泉县
卓雅发艺,爱农乡十字街,"125.724417,47.378643",[],黑龙江省,齐齐哈尔市,拜泉县
绝色美发,[],"126.092462,47.604732",[],黑龙江省,齐齐哈尔市,拜泉县
鑫造型,齐泰医药西侧,"126.166795,47.441663",[],黑龙江省,齐齐哈尔市,拜泉县
红玫瑰发艺,育英路与县直街交叉口东40米,"126.093917,47.606484",[],黑龙江省,齐齐哈尔市,拜泉县
艺剪钟情(文明小区店),文明小区,"126.094876,47.610361",[],黑龙江省,齐齐哈尔市,拜泉县
潮艺美发,211省道与007乡道交叉口北40米,"126.406923,47.419679",[],黑龙江省,齐齐哈尔市,拜泉县
楦染美发,文化路与人民街交叉口东80米,"126.088543,47.612481",[],黑龙江省,齐齐哈尔市,拜泉县
ts时尚造型,文化路,"126.086824,47.612073",[],黑龙江省,齐齐哈尔市,拜泉县
小好美发,县直街与新生路交叉口南60米,"126.095203,47.603021",[],黑龙江省,齐齐哈尔市,拜泉县
简尚造型,007乡道与211省道交叉口东60米,"126.407700,47.419346",[],黑龙江省,齐齐哈尔市,拜泉县
创意造型(向阳路店),恒冠·世家东北门旁,"126.087116,47.607717",[],黑龙江省,齐齐哈尔市,拜泉县
剪爱美发工作室(泉城壹品店),朝阳路55号泉城壹品,"126.099412,47.613742",[],黑龙江省,齐齐哈尔市,拜泉县
卡迪宝造型(锦秀世家店),锦绣世家南门旁,"126.086510,47.601409",[],黑龙江省,齐齐哈尔市,拜泉县
萱萱发屋(时尚嘉园店),拜泉镇正街西五时尚家园三号楼,"126.078970,47.606728",[],黑龙江省,齐齐哈尔市,拜泉县
港美发廊,拜泉镇中医院二楼,"126.090148,47.608208",[],黑龙江省,齐齐哈尔市,拜泉县
雅芳美发(铭泉嘉苑店),铭泉嘉苑东北门西北60米,"126.098784,47.605881",[],黑龙江省,齐齐哈尔市,拜泉县
美玉美发(学府嘉苑店)(暂停营业),鑫海新天地小区1号楼2层6号学府嘉苑,"126.100785,47.612382",[],黑龙江省,齐齐哈尔市,拜泉县
拜泉县皙欧问题皮肤管理头疗养发店,拜泉镇晟嘉御都一期101门市(西二北二)西北,"126.086411,47.609215",[],黑龙江省,齐齐哈尔市,拜泉县
美丽工作室,育英路与县直街交叉口东北100米,"126.094186,47.607449",13206508802,黑龙江省,齐齐哈尔市,拜泉县
丽丽美容工作室(名日星城店),名日星城东南门西90米,"126.087477,47.603501",18445129199;18445219199,黑龙江省,齐齐哈尔市,拜泉县
拜泉县宝丽眉形设计工作室,拜泉镇向阳路文化家园2号楼1-2层14号(南二东二),"126.093525,47.608425",[],黑龙江省,齐齐哈尔市,拜泉县
拜泉县萍之颜美容工作室,拜泉镇正街北二往北100米路东,"126.088542,47.611477",19303623444,黑龙江省,齐齐哈尔市,拜泉县
大月美妆工作室,恒冠豪庭小区东门旁,"126.095542,47.611981",15245809006,黑龙江省,齐齐哈尔市,拜泉县
八方缘名人工作室,晟嘉御都东区西南门旁,"126.084165,47.608737",15084533344,黑龙江省,齐齐哈尔市,拜泉县
睫境美妆工作室,拜泉镇向阳路金太阳小区3号楼12商服(南二东二),"126.091997,47.607856",[],黑龙江省,齐齐哈尔市,拜泉县
婵水阁美人工作室,东二道街路南二楼婵水阁美人工作室,"126.096069,47.611732",15545618345,黑龙江省,齐齐哈尔市,拜泉县
东来工作室,铭泉嘉苑西南门东南50米,"126.097525,47.604775",[],黑龙江省,齐齐哈尔市,拜泉县
柿橙穿戴甲工作室,建设路与群英街交叉口西南40米,"126.086675,47.602975",[],黑龙江省,齐齐哈尔市,拜泉县
朱华工作室,朝阳路与人民街交叉口西100米,"126.088175,47.608625",[],黑龙江省,齐齐哈尔市,拜泉县
Seven7美发空间,方兴新村17号楼03门市,"123.960618,47.361662",19904526767,黑龙江省,齐齐哈尔市,建华区
馨亮丝精湛发艺(旗舰店),万达华府5号楼117门市,"123.948892,47.370076",0452-2909999,黑龙江省,齐齐哈尔市,建华区
浪涛剪烫染沙龙(城乡路),城乡路运建小区48号楼,"123.985694,47.356395",18946293322,黑龙江省,齐齐哈尔市,建华区
莱美·发型,文化大街82号,"123.931328,47.355758",0452-2909961;15845719126,黑龙江省,齐齐哈尔市,建华区
Seven7烫发·染发风格设计(阳光花园店),阳光花园19号楼,"123.986777,47.356872",13664520114,黑龙江省,齐齐哈尔市,建华区
概念'S HAIR SALON(齐齐哈尔亨达名苑店),东四道街东路小区85号门市,"123.961116,47.356657",18004628617,黑龙江省,齐齐哈尔市,建华区
丝缘造型(阳光花园店),城乡路阳光花园19号楼,"123.987867,47.356551",13836297679,黑龙江省,齐齐哈尔市,建华区
MC造型(哈齐大厦店),兴隆路13号,"123.956212,47.347509",18246699021,黑龙江省,齐齐哈尔市,建华区
馨亮丝精湛发艺(沃尔玛东临店),劳动东路18号中瑞·悦力城F1层,"123.953652,47.350700",0452-2442345,黑龙江省,齐齐哈尔市,建华区
隆隆发型沙龙(电大店),劳动路华威6号楼,"123.927487,47.349648",0452-2282999,黑龙江省,齐齐哈尔市,建华区
玛尔造型(东市场小区西区店),中华街道东市场小区50号楼2单元202可送北门,"123.967440,47.353278",0452-2289333,黑龙江省,齐齐哈尔市,建华区
小野造型(齐齐哈尔万达广场店),新江路1号齐齐哈尔万达广场1F层,"123.947915,47.367736",0452-6116297;15604850217,黑龙江省,齐齐哈尔市,建华区
精剪美发烫染名店(坤顺小区店),朝阳西路,"123.954109,47.352245",13069999448,黑龙江省,齐齐哈尔市,建华区
漫抒美发造型·烫发·染发(万达华府店),万达华府北侧底商1-106,"123.947730,47.370860",0452-6113225;18814526508,黑龙江省,齐齐哈尔市,建华区
乐琛男士理发馆(中央公园店),中央公园s2-102,"123.955499,47.371750",0452-2307649,黑龙江省,齐齐哈尔市,建华区
隆隆发型沙龙(中瑞·悦力城店),劳动东路18号中瑞·悦力城F1层,"123.952656,47.351135",0452-2118811,黑龙江省,齐齐哈尔市,建华区
阿詹发型,福金街53号(二马路哈尔滨银行北200米),"123.959628,47.346921",0452-6175757;13234520757,黑龙江省,齐齐哈尔市,建华区
扎嘎·沐染,中华西路仕林国际(南通街),"123.941576,47.357489",18946220466,黑龙江省,齐齐哈尔市,建华区
阿詹女士精品发型定制(王仔花苑店),鑫海家园南门斜对面劳动东路83号,"123.947731,47.350420",0452-6175757;15663170757,黑龙江省,齐齐哈尔市,建华区
易派造型(万达广场店),万达商业街115号易派造型(齐齐哈尔万达店),"123.950784,47.367475",19997503000,黑龙江省,齐齐哈尔市,建华区
名媛造型(齐大店),中华西路55号,"123.942381,47.357333",0452-2734958;18845251333,黑龙江省,齐齐哈尔市,建华区
隆隆发型沙龙(东区店),中华西路131号,"123.939854,47.357773",0452-2510555;18045259992,黑龙江省,齐齐哈尔市,建华区
极致美发沙龙,鑫海家园B15号楼00单元01层07号,"123.952045,47.351875",0452-2302777;15845660900,黑龙江省,齐齐哈尔市,建华区
时尚姐姐·烫发 染发 接发,中央公园S6幢03号,"123.953056,47.371631",15604820035,黑龙江省,齐齐哈尔市,建华区
浪涛时尚秀烫染造型(东四道街店),方兴新村13号楼1楼5号门市,"123.960585,47.361002",13079617971,黑龙江省,齐齐哈尔市,建华区
名媛造型(王仔花苑店),轻工市场35号,"123.953194,47.348869",0452-2421166,黑龙江省,齐齐哈尔市,建华区
概念'S HAIR SALON(齐齐哈尔欣豪王府店),欣豪王府棚改小区A区38号楼00单元01层09,"124.003160,47.367163",0452-6197391;13936691764,黑龙江省,齐齐哈尔市,建华区
老男孩男士理发馆,和祥组团5号楼00单元01层13号,"123.952993,47.349491",18604620065,黑龙江省,齐齐哈尔市,建华区
尚美形象设计沙龙,方兴新村30号楼8号门市,"123.958345,47.363825",15344620110,黑龙江省,齐齐哈尔市,建华区
唤醒造型烫发染发(齐大店),文化大街159号唤醒造型,"123.929367,47.350280",18845291664,黑龙江省,齐齐哈尔市,建华区
圣丝烫染造型(亨达名苑店),东路小区35号楼0单元1层,"123.966487,47.358207",18745239757,黑龙江省,齐齐哈尔市,建华区
悠然发型沙龙,西二道街73号幸福家园2号楼,"123.952025,47.352925",13029753789,黑龙江省,齐齐哈尔市,建华区
上岸美发沙龙(中央公园店),中央公园小区商业街S6-101号,"123.952985,47.371632",18804520828,黑龙江省,齐齐哈尔市,建华区
风尚造型(新江路店),文化街道溪畔华庭B区19号楼4门103,"123.939680,47.371485",[],黑龙江省,齐齐哈尔市,建华区
丝予造型(万达广场商业街店),新江路1号齐齐哈尔万达广场1F层00162,"123.949228,47.368271",18845222876,黑龙江省,齐齐哈尔市,建华区
国潮发型设计,文化大街102号,"123.931671,47.356475",17790608687,黑龙江省,齐齐哈尔市,建华区
时光宝贝亲子美发沙龙(万达店),万达滨湖步行街12-127,"123.946642,47.369956",0452-6041314;18182820669,黑龙江省,齐齐哈尔市,建华区
潮之客造型(明园小区店),东四道街明圆小区14号楼160号,"123.960581,47.357889",18245280110,黑龙江省,齐齐哈尔市,建华区
北大理发店,新华小区28号楼1层,"123.957549,47.363828",15204524688,黑龙江省,齐齐哈尔市,建华区
帅意念造型(万达华府B区店),万达滨湖商业街4-106号,"123.947294,47.369145",15846207288,黑龙江省,齐齐哈尔市,建华区
剪尚瘾造型,北华小区东北门旁,"123.945779,47.367797",15845222250,黑龙江省,齐齐哈尔市,建华区
索美美发(万达广场店),北华小区西北门东70米,"123.943998,47.368264",15636206676,黑龙江省,齐齐哈尔市,建华区
艾轩发型设计(民乐路店),建设大街481号,"123.982149,47.358616",0452-2180496;18245280496,黑龙江省,齐齐哈尔市,建华区
左唯风格印象美发沙龙(中央公园店),中央公园,"123.952316,47.371596",13701398333;19917724144,黑龙江省,齐齐哈尔市,建华区
东辰发型设计工作室,文化大街与文化二胡同交叉口东北160米,"123.931620,47.356495",13212955859;15312955859,黑龙江省,齐齐哈尔市,建华区
流行前线发艺(卜奎大街店),卜奎大街64号,"123.955850,47.346761",13009736013,黑龙江省,齐齐哈尔市,建华区
名媛造型(鑫海家园店),西二道街21号(中瑞时代广场西门路对面),"123.952040,47.351461",0452-2559922,黑龙江省,齐齐哈尔市,建华区
炫雅经典造型,凤凰城d区21号楼,"124.002345,47.362045",18814527892,黑龙江省,齐齐哈尔市,建华区
艺峰烫染机构(福鼎家园店),福鼎家园12号楼1层3号,"123.971386,47.360394",13763511443,黑龙江省,齐齐哈尔市,建华区
巨隆美容美发(建东小区1号楼店),建设大街建东小区一号楼,"123.983875,47.349768",13945236773,黑龙江省,齐齐哈尔市,建华区
曼都发型(华溪小区店),卜奎北大街华溪小区12号楼,"123.957424,47.367960",13224628001,黑龙江省,齐齐哈尔市,建华区
木北造型(文化大街),齐大西区浏园浴池旁(文化大街74号),"123.931325,47.355596",13846208181,黑龙江省,齐齐哈尔市,建华区
D·M造型(卜奎北大街辅路店),卜奎北大街71号,"123.954756,47.358229",15214401162;15663320920,黑龙江省,齐齐哈尔市,建华区
云霞造型,中学胡同嘉成自选超市东走20米、新华小区9号楼3单元101室,"123.962937,47.348895",13204522262,黑龙江省,齐齐哈尔市,建华区
佳力造型(育英园丁小区店),育英园丁小区,"123.981765,47.360932",13803612868,黑龙江省,齐齐哈尔市,建华区
尚都美发(天增小区店),天增小区23号楼,"123.959448,47.353497",18245273337,黑龙江省,齐齐哈尔市,建华区
铸梦造型,凤凰城B区30号楼102商服铸梦造型,"124.003910,47.365952",13351027248,黑龙江省,齐齐哈尔市,建华区
沐容造型(百悦居小区店),14号楼二单元102,"123.959646,47.374502",17710977650,黑龙江省,齐齐哈尔市,建华区
美丝坊轻奢沙龙,[],"123.946959,47.369097",13836288666,黑龙江省,齐齐哈尔市,建华区
头道美业(齐大店),文化大街126号,"123.931829,47.357514",18686986987,黑龙江省,齐齐哈尔市,建华区
黑豹专业烫染沙龙(浏园小区店),党校街45-47号浏园小区,"123.936672,47.365278",15946480311,黑龙江省,齐齐哈尔市,建华区
曼都发型(中央公园店),中央公园S3,"123.955176,47.371712",18903625108,黑龙江省,齐齐哈尔市,建华区
美咖发型设计室,东四道街玉坤小区三号楼00单元01层,"123.957203,47.347490",13803624620,黑龙江省,齐齐哈尔市,建华区
雅典丽美发会所(鑫海家园店),西二道街53号鑫海家园,"123.946434,47.350834",0452-2510003,黑龙江省,齐齐哈尔市,建华区
蚂蚁造型,齐齐哈尔大学家属楼7号楼3单元,"123.937283,47.354466",13846298151,黑龙江省,齐齐哈尔市,建华区
星START轻奢造型(万达广场店),新江路1号齐齐哈尔万达广场1F层,"123.949533,47.368163",15846288085,黑龙江省,齐齐哈尔市,建华区
G+造型,东路小区11号楼00单元01层03号,"123.961096,47.356440",13895991613,黑龙江省,齐齐哈尔市,建华区
贝丝特美容美发养生会所(运建园店),玛丽亚妇产医院对面,"123.983914,47.351939",15845668585,黑龙江省,齐齐哈尔市,建华区
木色发型设计(华溪小区店),北华街道卜奎北大街华溪小区南区11号楼2楼,"123.957475,47.367298",0452-2551929,黑龙江省,齐齐哈尔市,建华区
艺腾头疗养生烫染会馆,东城街47号,"123.953638,47.349471",19845233456,黑龙江省,齐齐哈尔市,建华区
妮蔻创艺沙龙(凤凰·王府C座店),欣豪王府凤凰城c区37号楼0单元107号,"124.002648,47.362678",18500043888,黑龙江省,齐齐哈尔市,建华区
太子美发(坤顺小区店),卜奎街道坤顺小区3号楼5单元,"123.954110,47.352354",18249272226,黑龙江省,齐齐哈尔市,建华区
上海艺术造型,锦湖名苑丽水8楼108号商服,"123.939913,47.362119",18245291717,黑龙江省,齐齐哈尔市,建华区
名尚造型(中华西路店),劳技小区一号楼东侧,"123.940425,47.357825",13704523964,黑龙江省,齐齐哈尔市,建华区
泽发匠工作室(启明小区店),启明小区1号楼一层5号,"123.958223,47.355802",15604527217,黑龙江省,齐齐哈尔市,建华区
星辉·美发造型(齐大小区店),游览路71号,"123.936858,47.354350",13351420311,黑龙江省,齐齐哈尔市,建华区
璇艺烫染名店,中华路400号育英小区9号楼,"123.973327,47.351730",[],黑龙江省,齐齐哈尔市,建华区
欧轩造型工作室(建华区万达公寓店),新江路万达公寓A座801,"123.947525,47.368375",13351627272;13359529424;17713321115,黑龙江省,齐齐哈尔市,建华区
丝悦造型(文化小区店),林青路6号,"123.930246,47.355338",[],黑龙江省,齐齐哈尔市,建华区
海润造型美发工作室,齐大小区10号楼,"123.937662,47.353048",18946245020,黑龙江省,齐齐哈尔市,建华区
迎运男士理发馆(北关小区店),北关小区169号43号楼迎运男士理发,"123.955617,47.362029",13895993906,黑龙江省,齐齐哈尔市,建华区
森然造型(育英小区店),军校街育英小区20号楼1-2层10号,"123.971327,47.350448",15663182525,黑龙江省,齐齐哈尔市,建华区
维妮美发(奕人花园店),奕人花园2号楼门市9,"123.967928,47.360122",15303624449,黑龙江省,齐齐哈尔市,建华区
美尚阁发型设计,启明小区5号楼1层3号,"123.960572,47.356612",13946224299,黑龙江省,齐齐哈尔市,建华区
金鼎美业(齐齐哈尔建华区),民乐路2号鸿福家园12号楼金鼎美业,"123.978608,47.357898",13766559533,黑龙江省,齐齐哈尔市,建华区
维密造型(民乐家园店),民乐家园小区西门21号楼维密造型,"123.970559,47.358805",19904521234,黑龙江省,齐齐哈尔市,建华区
简悦造型,万达广场大商业0138号,"123.948270,47.367546",[],黑龙江省,齐齐哈尔市,建华区
极韵发型设计(引水街店),万达华府A区,"123.950011,47.369189",13846217288,黑龙江省,齐齐哈尔市,建华区
晓嵩美发,天增小区23号楼13号网点,"123.958771,47.353473",13836220600,黑龙江省,齐齐哈尔市,建华区
青颜造型(名人花园小区店),名人花园33号楼00单元01层02号,"123.962250,47.360172",13101520089,黑龙江省,齐齐哈尔市,建华区
董军美发31店(十七美业),城乡路44号,"123.985175,47.356350",13946215055,黑龙江省,齐齐哈尔市,建华区
静城美业(运建园店),建设大街372号运建园,"123.990165,47.350406",17602249545,黑龙江省,齐齐哈尔市,建华区
洛谷发型沙龙,黑龙江省建华区文化街道环保综合楼D单元1层3号,"123.931367,47.355708",17545535865,黑龙江省,齐齐哈尔市,建华区
T+梵尚造型烫染工作室(齐齐哈尔大学齐大小区店),游览路齐大购物中心旁(齐齐哈尔大学),"123.936363,47.353015",19997502228,黑龙江省,齐齐哈尔市,建华区
Hi•理好这是一家理发店店,万达广场商业街7号门对面二楼,"123.948692,47.368552",13763455140;18604523422,黑龙江省,齐齐哈尔市,建华区
简艺造型(三中店),卜奎北大街97号,"123.955146,47.359487",15214415275,黑龙江省,齐齐哈尔市,建华区
素境美发工作室,文化大街100号,"123.931575,47.356375",18814620911,黑龙江省,齐齐哈尔市,建华区
木子造型(名人花园小区店),名人花园小区西南1门旁,"123.961289,47.360209",15164614560,黑龙江省,齐齐哈尔市,建华区
氧发堂(万达华府B区店),万达华府B区2号门,"123.948594,47.370406",13514663337,黑龙江省,齐齐哈尔市,建华区
飘逸美发,文化大街浏园市场14号门市,"123.929939,47.357383",13763510847,黑龙江省,齐齐哈尔市,建华区
五贝子天然植物染发(回民小区店),回民小区西1门旁,"123.952615,47.352354",18745206588,黑龙江省,齐齐哈尔市,建华区
名剪造型(春江路店),浏园小区1号楼1层10号,"123.934437,47.365623",13351001155;15845662113,黑龙江省,齐齐哈尔市,建华区
尚艺发型工作室,金茂府1号商服107室,"124.002507,47.369944",17645707078,黑龙江省,齐齐哈尔市,建华区
颜十七美发沙龙,运建东街46号,"123.990372,47.350847",18445280088,黑龙江省,齐齐哈尔市,建华区
丝园理发店,浏园小区25号楼,"123.933208,47.360913",15164604168,黑龙江省,齐齐哈尔市,建华区
靓帅美发(名人花园小区店),名人花园东门北100米,"123.965794,47.362771",18745274510,黑龙江省,齐齐哈尔市,建华区
久宿原发型沙龙(北华小区店),北华小区东北门旁,"123.945803,47.367615",15822154880,黑龙江省,齐齐哈尔市,建华区
董军美发30店(十七美业),建设大街496号,"123.983501,47.355151",13766558240,黑龙江省,齐齐哈尔市,建华区
M-Y铭宇造型(玉坤东小区店),东四街道366号,"123.961292,47.346560",18845212123,黑龙江省,齐齐哈尔市,建华区
三造型(明园小区店),明园小区1号楼15门市,"123.956137,47.357649",13946225353,黑龙江省,齐齐哈尔市,建华区
爱尚美造型(双华路店),卜奎北大街双华路9号,"123.957621,47.364333",13604612550,黑龙江省,齐齐哈尔市,建华区
新摩登齐大店(齐齐哈尔大学齐大小区店),新摩登齐大店,"123.937258,47.354330",15845681891;16604527527,黑龙江省,齐齐哈尔市,建华区
莎漫造型,卜奎北大街北关小区31号楼,"123.954230,47.359006",18345290507,黑龙江省,齐齐哈尔市,建华区
鑫菲凡美发沙龙(亨达名苑店),三马路东路小区21号楼,"123.962869,47.354973",0452-2576783,黑龙江省,齐齐哈尔市,建华区
艺剪发艺(运建园店),建设街道运建园24号楼,"123.986545,47.350747",13149628989;13763514140;13763514160,黑龙江省,齐齐哈尔市,建华区
洛凡发型沙龙,凤凰城c区南门37号楼3门市,"124.001911,47.362412",15845671020,黑龙江省,齐齐哈尔市,建华区
首领美发沙龙烫染工作室,明园小区西区北门东300米,"123.959868,47.360071",15765066997,黑龙江省,齐齐哈尔市,建华区
小资美容美发会馆,卜奎街道解放门市场南门斜对面,"123.956273,47.351368",13895999636,黑龙江省,齐齐哈尔市,建华区
五贝子植物染发(东路店),东四道街96号,"123.960591,47.360535",0452-2558188,黑龙江省,齐齐哈尔市,建华区
剪美发艺(文化大街店),文化大街136号,"123.931861,47.357700",13504619627,黑龙江省,齐齐哈尔市,建华区
久森发型设计工作室(盛和湾店),盛和湾小区s1号楼105门市,"123.982307,47.351104",13079692027,黑龙江省,齐齐哈尔市,建华区
木子造型(建设大街店),建设大街516号,"123.983368,47.355766",15946266071,黑龙江省,齐齐哈尔市,建华区
原艺造型(北京壹号院店),凤凰大街219号,"124.001899,47.368538",13613649037,黑龙江省,齐齐哈尔市,建华区
凡古潮沙龙齐大店,文化大街56号,"123.931267,47.355375",19969786292,黑龙江省,齐齐哈尔市,建华区
云朵发型设计室,卜奎北大街333号医学院体育场3号,"123.947299,47.379431",13304522835,黑龙江省,齐齐哈尔市,建华区
丝路造型(奕人花园店),奕人花园南门旁,"123.968246,47.360250",13114665521,黑龙江省,齐齐哈尔市,建华区
小天使美容美发(北关小区店),北关小区东门旁,"123.955776,47.362745",13836291961,黑龙江省,齐齐哈尔市,建华区
新感觉发艺(凤凰金茂府店),明海公路凤凰金茂府西侧一号楼109室,"124.002505,47.369907",13836295818,黑龙江省,齐齐哈尔市,建华区
宏勃烫染(建东小区店),建东小区18号楼,"123.987705,47.349719",13796331727,黑龙江省,齐齐哈尔市,建华区
壹间理发店,军校街与中华路交叉口西南180米,"123.967208,47.352250",13654588124,黑龙江省,齐齐哈尔市,建华区
凯尚造型(安居西园小区南区店),春江路安居西园小区30号楼,"123.932254,47.366489",17194776567,黑龙江省,齐齐哈尔市,建华区
头领美发,广信路50号,"123.957215,47.350827",15084594447,黑龙江省,齐齐哈尔市,建华区
德艺专业烫染(浏园小区店),西园街16号,"123.933140,47.365873",15804524849,黑龙江省,齐齐哈尔市,建华区
桃蹊美业(溪畔华庭A区店),溪畔华庭A区13号楼,"123.944664,47.369527",13836295667,黑龙江省,齐齐哈尔市,建华区
好好理发(明园小区东区店),双华南路明园小区19号楼0单元一层18号,"123.960038,47.359712",[],黑龙江省,齐齐哈尔市,建华区
晶炜专业烫染(东路小区店),亨达名苑东门北60米,"123.966586,47.357312",[],黑龙江省,齐齐哈尔市,建华区
宁玛发艺(锦湖名苑丽水园店),锦湖名苑丽水园113门市,"123.940155,47.362805",13079662067,黑龙江省,齐齐哈尔市,建华区
丹丹发艺(百悦居小区店),齐双公路与北一街交叉口西240米,"123.960544,47.374195",18845292519,黑龙江省,齐齐哈尔市,建华区
名爵剪烫染,明园小区西区北门东340米,"123.960185,47.360047",0452-2568559,黑龙江省,齐齐哈尔市,建华区
红玫瑰杜尚美发厅,天增小区人民银行楼02单元10层01号,"123.959441,47.354342",13100823730,黑龙江省,齐齐哈尔市,建华区
俪斯堡美发美容养生馆,双华路方兴新村30号楼,"123.958487,47.363867",13763515077,黑龙江省,齐齐哈尔市,建华区
氧发堂天然植物染发(王仔花苑店),劳动东路45号,"123.951194,47.350340",0452-2213368,黑龙江省,齐齐哈尔市,建华区
老红玫瑰美发厅,石牌小区74号楼,"123.956738,47.354491",[],黑龙江省,齐齐哈尔市,建华区
风云秀场烫染沙龙(亨达名苑店),东四道街东路小区11号楼6号,"123.961073,47.356667",13796863994,黑龙江省,齐齐哈尔市,建华区
寻野造型,文化组团西门北90米,"123.926233,47.356783",19531980810,黑龙江省,齐齐哈尔市,建华区
名门秀客美发工作室(回民小区店),回民小区南门南50米,"123.953315,47.353342",18746826117,黑龙江省,齐齐哈尔市,建华区
安之酸植物营养染发护发连锁(运建园店),建设大街372号运建园,"123.988648,47.350166",13694520016,黑龙江省,齐齐哈尔市,建华区
慧子美容美发瘦身养生会馆(天增小区东区店),玉坤东小区9号楼,"123.960091,47.348715",13199691107;13304522263,黑龙江省,齐齐哈尔市,建华区
七月造型,文化街道北华小区7号楼2单元1层2号,"123.944489,47.368085",[],黑龙江省,齐齐哈尔市,建华区
新方舟美发(溪畔华庭A区店),溪畔华庭A区8号楼一单元103,"123.945643,47.368320",13946227306;18686945676,黑龙江省,齐齐哈尔市,建华区
一九八六快剪(天增小区店),玉坤东小区9号楼72号一九八六快剪,"123.960144,47.348735",[],黑龙江省,齐齐哈尔市,建华区
顶尚名丝美发(裕民西小区店),东四道街340正东方向70米裕民西小区,"123.962087,47.348780",13136600291,黑龙江省,齐齐哈尔市,建华区
晴雅时尚染烫(安居西园小区北区店),文化街道西园小区48号9门市,"123.933534,47.368897",[],黑龙江省,齐齐哈尔市,建华区
精简美发(齐大小区店),游览路齐大小区14号楼,"123.936090,47.352924",18945289280,黑龙江省,齐齐哈尔市,建华区
艾尚美美发(园丁楼店),锦湖雅居纯水岸南门南80米,"123.947496,47.358194",[],黑龙江省,齐齐哈尔市,建华区
海英发艺(华溪小区店),华溪小区2号楼,"123.958069,47.365993",[],黑龙江省,齐齐哈尔市,建华区
添源造型(北华小区店),新江路60号,"123.946781,47.367301",[],黑龙江省,齐齐哈尔市,建华区
2+3发型工作室,方兴新村小区17号1号门市,"123.960607,47.361532",13019789651,黑龙江省,齐齐哈尔市,建华区
艺佰佳美发店(齐大店),文化街道,"123.931413,47.353756",13349421631,黑龙江省,齐齐哈尔市,建华区
金小牙美容美发,凤凰陈B区6号楼一单元102,"124.005856,47.364697",13352528808,黑龙江省,齐齐哈尔市,建华区
时尚·尚美,城乡路130号,"123.989997,47.356662",13845237152,黑龙江省,齐齐哈尔市,建华区
爱心美发(运建园店),建设大街372号运建园,"123.985331,47.351101",15146683668,黑龙江省,齐齐哈尔市,建华区
时尚先生美发空间,卜奎北大街与齐双公路交叉口西300米,"123.953106,47.371604",[],黑龙江省,齐齐哈尔市,建华区
阿旭造型烫染工作室(凤凰·王府B座店),凤凰大街与建北路交叉口北240米,"124.003898,47.364325",15004561329,黑龙江省,齐齐哈尔市,建华区
财貌双全理发馆,东路小区17号楼一层2号,"123.961225,47.355825",15204529818,黑龙江省,齐齐哈尔市,建华区
宝航美发,建设大街471号福顺小区,"123.980865,47.352125",18845219609,黑龙江省,齐齐哈尔市,建华区
丽娜美发工作室,凤凰大街与苗圃路交叉口东北80米,"124.002425,47.370175",15145217808,黑龙江省,齐齐哈尔市,建华区
港沪齐发廊,玉坤小区1号楼3单元,"123.959457,47.347524",0452-2427390,黑龙江省,齐齐哈尔市,建华区
风潮精雕细琢美发工作室,东市场小区34号楼00单元01层37号,"123.968874,47.353322",15344522788,黑龙江省,齐齐哈尔市,建华区
绝色造型烫染店,浏园小区39号楼,"123.935201,47.368330",13836255296,黑龙江省,齐齐哈尔市,建华区
颜妍美发店,东市场小区西区西门旁,"123.961257,47.352624",19904526869,黑龙江省,齐齐哈尔市,建华区
不知名美发店,游览路与上士胡同交叉口北260米,"123.935970,47.354363",13314522256,黑龙江省,齐齐哈尔市,建华区
帝艺造型万达店,新江路1号齐齐哈尔万达广场1F层,"123.949836,47.367872",18724474164,黑龙江省,齐齐哈尔市,建华区
鑫淼发艺,裕民一街23号,"123.964238,47.346848",13384621279,黑龙江省,齐齐哈尔市,建华区
晓光发型设计(北华小区店),北华小区15号楼,"123.946053,47.367096",13514682872;18603620981,黑龙江省,齐齐哈尔市,建华区
姐妹发艺(凤凰金茂府店),凤凰大街(凤凰金茂府),"124.002139,47.370785",13796333942,黑龙江省,齐齐哈尔市,建华区
沐颜美发沙龙,凤凰大街与双华路交叉口东南100米,"124.003415,47.365456",[],黑龙江省,齐齐哈尔市,建华区
时柒·hairsalon,卜奎北大街118号方兴新村17号楼,"123.960425,47.361625",[],黑龙江省,齐齐哈尔市,建华区
圣鑫美发(玉坤东小区店),玉坤东小区东门北60米,"123.961280,47.346606",[],黑龙江省,齐齐哈尔市,建华区
琪秀造型(亨达名苑店),东路小区41号楼00单元01层23号,"123.964032,47.359689",15304622273,黑龙江省,齐齐哈尔市,建华区
时代发艺(双华南路店),方兴新村8号楼,"123.959060,47.360127",13803628724,黑龙江省,齐齐哈尔市,建华区
兀轻奢微潮沙龙(文化小区店),林青路与文化大街交叉口西40米,"123.930348,47.355333",18045270801,黑龙江省,齐齐哈尔市,建华区
名师造型工作室(奕人花园店),奕人花园21号楼4号门市,"123.966991,47.362916",15645221653;15645227506,黑龙江省,齐齐哈尔市,建华区
梓睿发型设计工作室,中华路608号,"123.986838,47.349951",[],黑龙江省,齐齐哈尔市,建华区
顶尖发型设计(春江路),浏园安居32号楼,"123.934975,47.365784",13796242277,黑龙江省,齐齐哈尔市,建华区
潮派造型,卜奎北大街10号,"123.955622,47.357413",13946288647,黑龙江省,齐齐哈尔市,建华区
日尚美发(凤凰·王府B座店),凤凰大街与建北路交叉口北240米,"124.004128,47.364331",[],黑龙江省,齐齐哈尔市,建华区
靓宏发型设计室,朝阳路天增小区23号楼1层,"123.959122,47.353473",13846218252,黑龙江省,齐齐哈尔市,建华区
隆丝达发艺(明园小区店),明园小区西1门北170米,"123.955809,47.358949",13766553516,黑龙江省,齐齐哈尔市,建华区
鼎尖烫染造型(奕人花园店),奕人花园22号楼南9号商服,"123.968505,47.363069",18045229993,黑龙江省,齐齐哈尔市,建华区
壹柒美发,龙沙路与裕民一街交叉口西100米,"123.962853,47.346078",18604528992,黑龙江省,齐齐哈尔市,建华区
柏美造型(浏园小区店),党校街45-47号浏园小区,"123.935123,47.365780",13836245889,黑龙江省,齐齐哈尔市,建华区
烫染接发,文化北大街与引水街交叉口西南280米,"123.946646,47.369202",[],黑龙江省,齐齐哈尔市,建华区
铭俊造型,北斗胡同齐齐哈尔市第二医院,"123.954439,47.357335",13069687733,黑龙江省,齐齐哈尔市,建华区
卡斯尔男士理发馆(王仔花苑店),卜奎商业街20号,"123.951333,47.351177",16645777996,黑龙江省,齐齐哈尔市,建华区
阿凯造型(回民小区店),回民小区南门南50米,"123.953405,47.353339",[],黑龙江省,齐齐哈尔市,建华区
时光倒流(锦湖名苑丽水园店),南通街锦湖名苑丽水园8号楼00单元1层,"123.939911,47.362177",0452-2510666,黑龙江省,齐齐哈尔市,建华区
丽时美发沙龙(明园小区店),卜奎北大街名园小区6号楼,"123.955823,47.358713",18246696363,黑龙江省,齐齐哈尔市,建华区
丝北造型(奕人花园店),双华南路奕人花园3号楼门市,"123.968746,47.360279",13304526837,黑龙江省,齐齐哈尔市,建华区
五贝子天然植物染发(北京壹号院店),凤凰大街壹号院2号商服105,"124.001925,47.367306",18745206588,黑龙江省,齐齐哈尔市,建华区
大旭美业(运建店),运建小区8号楼1层3门,"123.987224,47.351948",15845712848,黑龙江省,齐齐哈尔市,建华区
聚美造型(安居小区北区店),西园街与新江路交叉口西南160米,"123.935256,47.370132",13836244845,黑龙江省,齐齐哈尔市,建华区
天艺发型设计(万寿路店),卜奎街道天增小区18号楼7门,"123.960241,47.351605",[],黑龙江省,齐齐哈尔市,建华区
迎滨烫染美睫纹绣(凤凰城欣豪王府A区店),凤凰城A区迎滨烫染,"124.006853,47.368166",13514606169,黑龙江省,齐齐哈尔市,建华区
名都造型(北关小区店),北关小区51号楼197门市,"123.955901,47.363078",0452-2287771;13796338733,黑龙江省,齐齐哈尔市,建华区
天祺美发(明园小区店),西大桥街道明园小区19号楼19号门,"123.960013,47.359693",15945238802,黑龙江省,齐齐哈尔市,建华区
品恒发艺形象设计(浏园小区店),党校街45-47号浏园小区,"123.936177,47.369814",15946247222,黑龙江省,齐齐哈尔市,建华区
玫瑰美发(明园小区西区店),明园小区一区8号,"123.956496,47.359884",[],黑龙江省,齐齐哈尔市,建华区
可心发艺(安居西园小区中区店),文化街道安居西园小区中区12号楼底商4号,"123.932809,47.367953",[],黑龙江省,齐齐哈尔市,建华区
永红美发,林兴一胡同与中华西路交叉口西南60米,"123.928701,47.358448",[],黑龙江省,齐齐哈尔市,建华区
平港美发,西虹桥社区劳技小区4号楼3单元,"123.941989,47.357894",[],黑龙江省,齐齐哈尔市,建华区
选择专业染烫造型(安居西园小区中区7号楼店),西园小区7号楼9门市,"123.932903,47.368817",[],黑龙江省,齐齐哈尔市,建华区
顶剪美发工作室(育英小区店),中华路400号育英小区,"123.974052,47.352235",[],黑龙江省,齐齐哈尔市,建华区
老迷人染烫店,文化路林艺委华威楼1-7号,"123.928036,47.349696",[],黑龙江省,齐齐哈尔市,建华区
木玛发廊(溪畔华庭A区店),溪畔华庭A区西南门西210米,"123.941955,47.369586",[],黑龙江省,齐齐哈尔市,建华区
啊宝美发(明园小区西区店),明园小区西区北门东50米,"123.957637,47.359799",[],黑龙江省,齐齐哈尔市,建华区
氧发堂天然植物染发(浏园店),党校街119号,"123.935535,47.363895",13845239299,黑龙江省,齐齐哈尔市,建华区
新标榜造型,东市场小区18号楼9号门市,"123.962848,47.350983",13763583063,黑龙江省,齐齐哈尔市,建华区
楠·美妆造型工作室,文化街道林青路14号,"123.929796,47.355398",15804528191,黑龙江省,齐齐哈尔市,建华区
元铄美甲工作室(万达店),新江路1号万达广场A栋A座2层245号,"123.948578,47.368468",13149620401,黑龙江省,齐齐哈尔市,建华区
不晚美甲美睫工作室(溪畔华庭店),溪畔华庭A区7号楼3单元102室,"123.944612,47.368678",16616048885,黑龙江省,齐齐哈尔市,建华区
快乐家美甲设计工作室,文化街道中华西路60号齐大小区14号楼5单元103室,"123.936717,47.353080",18204620050,黑龙江省,齐齐哈尔市,建华区
Jin nail art·美甲美睫工作室(金色世家店),金色世家,"123.954029,47.371127",[],黑龙江省,齐齐哈尔市,建华区
颐美工作室,双华路18号,"123.958308,47.363944",[],黑龙江省,齐齐哈尔市,建华区
恒琪美容美体工作室,民乐小区9号楼-3号门市,"123.973210,47.357901",18045277362,黑龙江省,齐齐哈尔市,建华区
喜上眉梢纹绣美睫工作室,万达华府A区,"123.949925,47.369150",[],黑龙江省,齐齐哈尔市,建华区
建华区岩男士理发店,建设街道民乐家园31号楼00单元1层8号,"123.971341,47.360100",13314665721,黑龙江省,齐齐哈尔市,建华区
TT美发沙龙,龙华路398号和平小区8号楼1层15号,"123.981525,47.340525",[],黑龙江省,齐齐哈尔市,铁锋区
隆隆发型沙龙(铁东店),中华东路繁荣小区三号楼,"124.004842,47.345586",0452-2520222,黑龙江省,齐齐哈尔市,铁锋区
章光101头发健康连锁(龙北街店),龙北街36号,"123.968648,47.342838",15566801306,黑龙江省,齐齐哈尔市,铁锋区
悦沐烫染工作室(铁锋区),新民公寓底层00单元01层01-1号,"123.973616,47.344739",13349426621,黑龙江省,齐齐哈尔市,铁锋区
火姑娘发艺(中华路店),中华路716号,"123.990016,47.349088",0452-2912289,黑龙江省,齐齐哈尔市,铁锋区
阿东造型(景新小区店),景新小区9号楼一楼2号,"123.980755,47.342754",15174534618;18745221716,黑龙江省,齐齐哈尔市,铁锋区
剪艺美发,站前街道南局宅南树园小区8号楼3单元,"123.989185,47.338955",13836299445;15204520565,黑龙江省,齐齐哈尔市,铁锋区
艳丽美发按摩(繁荣小区店),繁荣小区东北1门旁,"124.009996,47.343852",[],黑龙江省,齐齐哈尔市,铁锋区
名剪秀客专业美发(曙光新城店),人民小区南门109公交站斜对面,"124.016675,47.337912",15522339961;16510628880,黑龙江省,齐齐哈尔市,铁锋区
宏红美发,铁峰区龙北街36号,"123.968689,47.343544",13514689998,黑龙江省,齐齐哈尔市,铁锋区
花瓣雨美容美发(站前大街店),站前大街南汇小区7栋3号,"123.991307,47.334147",0452-8077728;18686989991,黑龙江省,齐齐哈尔市,铁锋区
阿斌艺剪,平安北街70号新民小区16号楼,"123.974078,47.343988",15945239926,黑龙江省,齐齐哈尔市,铁锋区
艺剪人生烫染会所(北文化小区店),光荣街道车辆厂北文化2号楼门市,"124.016781,47.343494",13351422500,黑龙江省,齐齐哈尔市,铁锋区
阿良发型工作室,站前街道中华路696-1电苑小区,"123.988925,47.349316",15765059395,黑龙江省,齐齐哈尔市,铁锋区
丽华美容美发(北和平1号楼店),南局宅北和平1号楼,"123.990300,47.333954",[],黑龙江省,齐齐哈尔市,铁锋区
开心家美发店,先锋街92号,"124.002925,47.341175",13069999312,黑龙江省,齐齐哈尔市,铁锋区
崔凯形象公社(新民小区店),新民小区1号楼2单元,"123.977237,47.342094",[],黑龙江省,齐齐哈尔市,铁锋区
悦丞美发(前程小区店),前程小区2号楼,"124.011870,47.343972",0452-8617778;15545219385,黑龙江省,齐齐哈尔市,铁锋区
大华美发(西局宅店),西局宅小区北1门旁,"123.990874,47.347066",0452-2141106,黑龙江省,齐齐哈尔市,铁锋区
阿川造型(龙北街店),龙北街78号,"123.969087,47.344098",13895999596,黑龙江省,齐齐哈尔市,铁锋区
灰姑娘美容美发(西局宅小区店),太顺街29号,"123.990764,47.343302",15904527721,黑龙江省,齐齐哈尔市,铁锋区
小海剪艺(龙北街店),龙北街假肢厂院里,"123.968841,47.342955",18814528282,黑龙江省,齐齐哈尔市,铁锋区
董军美发89店,红旗街71号,"124.012841,47.339419",13766580827,黑龙江省,齐齐哈尔市,铁锋区
头号玩家美发店,新民胡同1号一楼南侧,"123.974251,47.342039",15845643766,黑龙江省,齐齐哈尔市,铁锋区
小刚美业,南局宅南树园小区3号楼门市,"123.991709,47.338358",13945236343,黑龙江省,齐齐哈尔市,铁锋区
东尚烫染沙龙(鑫欣花园店),先锋街鑫欣花园2号楼,"124.004108,47.340932",14794526665,黑龙江省,齐齐哈尔市,铁锋区
晓辉发型设计室(光荣小区二东区店),保卫路,"124.030536,47.344209",13079608066;13351324669,黑龙江省,齐齐哈尔市,铁锋区
飘然发型设计(中华东路店),中华东路人民小区34号楼,"124.018161,47.342482",13796331860;13836268136,黑龙江省,齐齐哈尔市,铁锋区
鑫大地发艺空间(繁荣小区店),中华东路繁荣小区34号楼,"124.002955,47.341717",15645226251,黑龙江省,齐齐哈尔市,铁锋区
神韵造型(新民小区店),新民小区13号楼景新农贸市场西门,"123.975544,47.343515",17610663210,黑龙江省,齐齐哈尔市,铁锋区
超燃造型(繁荣小区店),繁荣小区38号楼S8,"124.005402,47.341114",13945205414,黑龙江省,齐齐哈尔市,铁锋区
TT造型,南山鑫苑28号楼1号门市,"123.982396,47.329833",13251528868,黑龙江省,齐齐哈尔市,铁锋区
小贤发艺(和平家园店),和平家园南门旁,"123.981033,47.331499",13199690044,黑龙江省,齐齐哈尔市,铁锋区
欣欣美发(繁荣小区店),光荣街道繁荣小区33号楼,"124.003918,47.341647",18814620759,黑龙江省,齐齐哈尔市,铁锋区
和颜悦色美容美发,黎明街64号附近,"124.012390,47.341429",18345281237,黑龙江省,齐齐哈尔市,铁锋区
艺剪造型美甲美睫(运建园店),工校街81号,"123.991622,47.348572",13704825220,黑龙江省,齐齐哈尔市,铁锋区
创意廊美发沙龙,木海街120号附近,"123.976976,47.328053",18345209955,黑龙江省,齐齐哈尔市,铁锋区
小超造型(光荣小区新三区店),光荣小区316号楼门市,"124.029215,47.347243",15545638388,黑龙江省,齐齐哈尔市,铁锋区
新尚人烫染工作室,中华东路114号,"124.005820,47.345300",18245291568,黑龙江省,齐齐哈尔市,铁锋区
军嫂美发,中央胡同与景新街交叉口东80米,"123.979025,47.342625",13803627386,黑龙江省,齐齐哈尔市,铁锋区
主流造型(龙安路店),龙安路与平阳南北街交叉口东40米,"123.969456,47.338046",18645210004;18846301551,黑龙江省,齐齐哈尔市,铁锋区
都市丽人染烫造型店,消防二中队五路口警卫17号楼门市,"124.010961,47.339765",13945266796,黑龙江省,齐齐哈尔市,铁锋区
阿雷造型(中东路店),中东小区3号楼1层,"123.983688,47.342427",13845203112,黑龙江省,齐齐哈尔市,铁锋区
美丽时尚专业染烫,龙华小区12号楼,"123.972744,47.334931",18246681964,黑龙江省,齐齐哈尔市,铁锋区
创意美容美发(中央胡同店),景新小区南门西南80米,"123.978852,47.342629",15845681788,黑龙江省,齐齐哈尔市,铁锋区
剪美发艺(光荣小区一区店),光荣一区122栋剪美发艺,"124.028131,47.344324",15164610553,黑龙江省,齐齐哈尔市,铁锋区
鑫靓点美发(繁荣小区店),警卫街与红旗路交叉口西260米,"124.005222,47.341148",[],黑龙江省,齐齐哈尔市,铁锋区
小霞美发(繁荣小区店),先锋街与中华东路交叉口南220米,"124.004365,47.344154",[],黑龙江省,齐齐哈尔市,铁锋区
思悦艺剪,中华东路94号,"124.005225,47.345640",[],黑龙江省,齐齐哈尔市,铁锋区
艺剪美发(禧园小区店),禧园小区北门旁,"124.013115,47.327363",[],黑龙江省,齐齐哈尔市,铁锋区
艺格造型(前程小区店),前程小区,"124.010574,47.344059",[],黑龙江省,齐齐哈尔市,铁锋区
喜欢理理发店,新浦家园,"123.989189,47.324001",[],黑龙江省,齐齐哈尔市,铁锋区
剪派造型(民主街店),齐铁地区南局宅东兴路0011栋02单元1层,"123.988918,47.339833",13836263902,黑龙江省,齐齐哈尔市,铁锋区
联美发廊,东苑小区生产六栋7-3号,"124.009631,47.345687",[],黑龙江省,齐齐哈尔市,铁锋区
梵禧造型,南马路15号,"123.975625,47.333886",[],黑龙江省,齐齐哈尔市,铁锋区
超艺美发美甲(鑫欣花园店),鑫欣花园8号楼,"124.004927,47.339772",13763514027,黑龙江省,齐齐哈尔市,铁锋区
觉悟·精剪(南山鑫苑店),站前街道南山鑫苑67号楼10号,"123.976805,47.325635",18045299661,黑龙江省,齐齐哈尔市,铁锋区
鑫尚艺美发沙龙(和平家园店),和平家园南门东130米,"123.982087,47.331411",13836263677,黑龙江省,齐齐哈尔市,铁锋区
詹晨造型美发工作室,龙南小区5号一层04号,"123.970489,47.340447",[],黑龙江省,齐齐哈尔市,铁锋区
标新造型,建设大街与中东路交叉口南60米,"123.983075,47.341975",[],黑龙江省,齐齐哈尔市,铁锋区
阿强发型设计(光荣小区一区店),光荣一区北西大门旁,"124.028198,47.344328",13114523399,黑龙江省,齐齐哈尔市,铁锋区
名帝美业,光荣街道铁锋区警卫小区17号楼,"124.011934,47.340550",15164663267,黑龙江省,齐齐哈尔市,铁锋区
俏佳人发型设计(光荣小区一区店),光荣街道光荣1区122号楼一楼,"124.027282,47.344465",[],黑龙江省,齐齐哈尔市,铁锋区
短发玩家发型设计室,东都汇a03区25号楼3单元102室,"124.014688,47.335040",15146510321,黑龙江省,齐齐哈尔市,铁锋区
枫度造型,建设小区曙光13号楼04单元01层01号,"124.022473,47.338829",18686935565,黑龙江省,齐齐哈尔市,铁锋区
凯丽发屋(新民小区店),平安北街70号新民小区,"123.974321,47.343877",18745295211,黑龙江省,齐齐哈尔市,铁锋区
紫蝶发艺,新工地景秀小区16号楼,"123.970661,47.324001",15845204402,黑龙江省,齐齐哈尔市,铁锋区
比优特美发造型,北局宅路与自卫街交叉口东南60米,"123.993886,47.351384",[],黑龙江省,齐齐哈尔市,铁锋区
鑫磊发艺(繁荣小区店),先锋街繁荣小区30号楼三单元103室,"124.003050,47.342902",18103620018,黑龙江省,齐齐哈尔市,铁锋区
匠心造型(人民小区店),铁东大市场斜对面黎明街40号,"124.016475,47.342851",[],黑龙江省,齐齐哈尔市,铁锋区
小头发美发,大润发超市一层,"124.010675,47.339175",13199677747,黑龙江省,齐齐哈尔市,铁锋区
发舞台发型设计,铁峰区大岗子人民小区,"124.022008,47.340038",18246292225,黑龙江省,齐齐哈尔市,铁锋区
鑫天艺美发,黎明街45号,"124.013193,47.341061",0452-2537919;13836256002;15645222123,黑龙江省,齐齐哈尔市,铁锋区
诱惑力专业烫染(新民小区店),平安北街70号新民小区16号楼,"123.973981,47.343994",[],黑龙江省,齐齐哈尔市,铁锋区
小燕时尚美发,中华东路334号人民小区,"124.017069,47.339653",13766566740,黑龙江省,齐齐哈尔市,铁锋区
木北造型(南局宅三路店),南树园小区8号楼,"123.989633,47.338830",13766551958,黑龙江省,齐齐哈尔市,铁锋区
小刚美发(纺织小区店),北局宅纺织路5号楼1单元102室九佰街杂货铺旁,"123.995759,47.351358",13836263382,黑龙江省,齐齐哈尔市,铁锋区
鑫靓影美发(人民小区店),中华东路334号人民小区,"124.017609,47.340680",15145245855,黑龙江省,齐齐哈尔市,铁锋区
丝源造型,南浦路与曙光大街交叉口西280米,"124.012975,47.328125",[],黑龙江省,齐齐哈尔市,铁锋区
杰克发型,火车站南局宅一路南花园小区北门,"123.990406,47.334964",[],黑龙江省,齐齐哈尔市,铁锋区
好来登烫染,先锋街先锋小区14号楼3-楼门市,"124.003274,47.344714",[],黑龙江省,齐齐哈尔市,铁锋区
艾珊发艺(人民小区店),齐齐哈尔市人民小区16号楼,"124.017901,47.341241",[],黑龙江省,齐齐哈尔市,铁锋区
联美发廊,自卫街与北局宅路交叉口西南40米,"123.993870,47.353190",[],黑龙江省,齐齐哈尔市,铁锋区
靓典专业烫染(新民一路),新民小区东1门南170米,"123.977326,47.342884",[],黑龙江省,齐齐哈尔市,铁锋区
天天黎明发型设计,平阳三胡同与平安南街交叉口西20米,"123.972332,47.337749",[],黑龙江省,齐齐哈尔市,铁锋区
卓艺美发,景新小区东北门南160米,"123.981625,47.342875",[],黑龙江省,齐齐哈尔市,铁锋区
美丽徕发廊,东湖路与先锋街交叉口东180米,"124.001410,47.335969",[],黑龙江省,齐齐哈尔市,铁锋区
名齐美发(光荣二东区店),光荣小区215号楼,"124.029667,47.344430",[],黑龙江省,齐齐哈尔市,铁锋区
艾琳发型设计(人民小区店),人民小区15号楼下商服,"124.017725,47.340975",[],黑龙江省,齐齐哈尔市,铁锋区
超奇发廊(自卫小区店),巨龙综合市场东南门旁,"123.995643,47.353419",[],黑龙江省,齐齐哈尔市,铁锋区
小贺造型发廊,龙华街道龙华小区20号楼东侧,"123.975681,47.337478",[],黑龙江省,齐齐哈尔市,铁锋区
无限极美容美发,联通大道87号联通名苑,"124.036691,47.342370",[],黑龙江省,齐齐哈尔市,铁锋区
鑫眀明理发店,御联名苑26号楼1单101,"124.050535,47.347622",[],黑龙江省,齐齐哈尔市,铁锋区
非比寻常美容美发(人民小区店),通东街道人民小区2号楼对面,"124.017676,47.340832",[],黑龙江省,齐齐哈尔市,铁锋区
山歌美发,南山鑫苑12-1加油站对面,"123.981976,47.330902",19003629119,黑龙江省,齐齐哈尔市,铁锋区
金丝造型,通东街道繁荣小区36号楼,"124.004651,47.341295",[],黑龙江省,齐齐哈尔市,铁锋区
小坤美发,繁荣小区23号楼4单元103号,"124.005544,47.342670",[],黑龙江省,齐齐哈尔市,铁锋区
一剪名杨,光荣街道曙光大街361号曙光3号楼,"124.026551,47.348054",13846287638,黑龙江省,齐齐哈尔市,铁锋区
辉扬发型(光荣小区新三区店),光荣小区新三区东南门西60米,"124.029351,47.347224",[],黑龙江省,齐齐哈尔市,铁锋区
摩登发型室(西局宅小区店),太顺街西局宅小区4号,"123.992564,47.346749",[],黑龙江省,齐齐哈尔市,铁锋区
文化理发,铁路南局宅北和平1号A3单元,"123.989840,47.333893",[],黑龙江省,齐齐哈尔市,铁锋区
红红发艺(铁路小区店),铁路小区,"123.998343,47.352770",[],黑龙江省,齐齐哈尔市,铁锋区
大鹏专业烫染(新民小区店),新民小区16号楼,"123.974175,47.343891",[],黑龙江省,齐齐哈尔市,铁锋区
众鑫发艺(长安小区店),齐齐哈尔农场综合服务中心西侧70米,"124.138593,47.359319",[],黑龙江省,齐齐哈尔市,铁锋区
短发前线,黑龙江交通职业技术学院东南门东北460米,"123.991425,47.348275",[],黑龙江省,齐齐哈尔市,铁锋区
华龙美发(南和平店),南和平小区西北2门旁,"123.988411,47.332826",13846267821,黑龙江省,齐齐哈尔市,铁锋区
天恩发艺(曙光新城店),东湖街道曙光新城21号楼3单元,"124.019431,47.335901",13796331760,黑龙江省,齐齐哈尔市,铁锋区
0度造型(新工路店),站前街道新工路景新花园22号楼2单元102室,"123.974666,47.326102",18746839210,黑龙江省,齐齐哈尔市,铁锋区
俏丽发艺(光荣小区一区店),光荣小区123,"124.029525,47.344075",18945282586,黑龙江省,齐齐哈尔市,铁锋区
炫丽红美容美发(龙南小区客运楼店),龙南小区客运楼,"123.970290,47.338918",15946485624,黑龙江省,齐齐哈尔市,铁锋区
宏润美发店,鑫欣花园11号楼1层05室宏润美业,"124.005837,47.339691",13199693331,黑龙江省,齐齐哈尔市,铁锋区
宏莉来发艺,新光荣二区209号楼三门,"124.028169,47.347105",13251624263,黑龙江省,齐齐哈尔市,铁锋区
小武美发工作室,龙南街渤海湾正门东20米,"123.968711,47.336490",15946231980,黑龙江省,齐齐哈尔市,铁锋区
中意美发,车辆厂曙光九号楼东侧,"124.024755,47.343145",13763561933,黑龙江省,齐齐哈尔市,铁锋区
五贝子天然植物染发(中华东路店),中华东路44号桥洞子南侧,"124.002393,47.346175",15046202075,黑龙江省,齐齐哈尔市,铁锋区
木木造型,先锋街繁荣小区32号楼二单元101,"124.003017,47.342176",13351927202,黑龙江省,齐齐哈尔市,铁锋区
随缘剪吧(光荣小区二东区店),光荣二区226号楼(随缘剪吧),"124.029825,47.344325",13796333347,黑龙江省,齐齐哈尔市,铁锋区
三三美发造型,龙华小区和平幼儿园南门对面,"123.973609,47.337106",15245205561,黑龙江省,齐齐哈尔市,铁锋区
鼎典美业,黎明街人民小区,"124.012384,47.339748",[],黑龙江省,齐齐哈尔市,铁锋区
韩南城美发(郝小宝美业铁锋店),龙华路374号,"123.981790,47.340491",[],黑龙江省,齐齐哈尔市,铁锋区
多姿发艺,龙南小区9号楼,"123.970096,47.338253",[],黑龙江省,齐齐哈尔市,铁锋区
回头率姐弟时尚造型(东湖路店),东湖工业小区4号楼,"124.001929,47.335838",15344611069,黑龙江省,齐齐哈尔市,铁锋区
丽丽美发(景新小区店),景新小区14号楼14号,"123.980608,47.343785",13704612799,黑龙江省,齐齐哈尔市,铁锋区
尚鑫苑美发(南山鑫苑店),红星路以南大乘寺以北南山鑫苑36栋,"123.977709,47.328071",[],黑龙江省,齐齐哈尔市,铁锋区
银梦美发(铁路小区店),北居宅劳动路7号楼,"123.998615,47.353394",[],黑龙江省,齐齐哈尔市,铁锋区
特领造型,龙南小区8号楼南36号商服,"123.968171,47.338168",[],黑龙江省,齐齐哈尔市,铁锋区
微微美发(站前北大街店),劳动小区东南2门东南90米,"124.001295,47.353488",13704525756,黑龙江省,齐齐哈尔市,铁锋区
婷婷发室(劳动小区店),北居宅劳动小区18号楼,"123.999899,47.355988",[],黑龙江省,齐齐哈尔市,铁锋区
艺彩专业美发(馨卉小区店),中华东路51号馨卉小区3号楼,"124.004574,47.347147",[],黑龙江省,齐齐哈尔市,铁锋区
你型我秀,北局宅街道自卫社区东南侧100米,"123.996624,47.354803",[],黑龙江省,齐齐哈尔市,铁锋区
杨梅造型,工业小区2号楼,"124.001886,47.335847",[],黑龙江省,齐齐哈尔市,铁锋区
杰美发型设计,平安南街与龙平胡同交叉口东北60米,"123.972761,47.335364",[],黑龙江省,齐齐哈尔市,铁锋区
欣心艺剪,自卫街与北局宅路交叉口北60米,"123.993387,47.352330",[],黑龙江省,齐齐哈尔市,铁锋区
菲比专业美发,合作街与中华东路交叉口南120米,"124.007945,47.344063",[],黑龙江省,齐齐哈尔市,铁锋区
简约美发沙龙(平安南街店),平安南街与龙平胡同交叉口东20米,"123.972727,47.334773",[],黑龙江省,齐齐哈尔市,铁锋区
佑米造型(禧园小区店),禧园小区,"124.013312,47.327185",13384528063,黑龙江省,齐齐哈尔市,铁锋区
艾尚精湛发艺(馨卉小区店),中华东路51号馨卉小区,"124.004737,47.347399",[],黑龙江省,齐齐哈尔市,铁锋区
采熠美容美发屋(光荣小区一区店),光荣小区一区西北门旁,"124.027186,47.344668",[],黑龙江省,齐齐哈尔市,铁锋区
晓萍发廊,南浦街道南浦路铁峰政务服务中心道北,"124.011405,47.328042",15304527519,黑龙江省,齐齐哈尔市,铁锋区
发丝缘理发,远见路与曙光大街交叉口东南40米,"124.026454,47.347528",15945232455,黑龙江省,齐齐哈尔市,铁锋区
千丝美发,先锋街先锋小区六号楼1楼,"124.002837,47.343862",[],黑龙江省,齐齐哈尔市,铁锋区
东昵造型,站前街道南树园小区7号楼,"123.991230,47.338477",13104528744,黑龙江省,齐齐哈尔市,铁锋区
赢赢美发造型,警卫街警卫小区16号楼,"124.010461,47.343728",[],黑龙江省,齐齐哈尔市,铁锋区
阿伟造型(繁荣小区店),警卫街与红旗路交叉口西340米,"124.004250,47.341404",[],黑龙江省,齐齐哈尔市,铁锋区
引尚发廊(繁荣小区店),先锋街繁荣小区,"124.004290,47.341380",15946243010,黑龙江省,齐齐哈尔市,铁锋区
王首艺理发店,东太平小区东北门旁,"123.993082,47.343441",[],黑龙江省,齐齐哈尔市,铁锋区
铭剪发艺(建设小区店),曙光大街66号建设小区,"124.021598,47.337017",15145267118,黑龙江省,齐齐哈尔市,铁锋区
聚祺形象定制,红旗路35号,"124.010762,47.339833",17614522296,黑龙江省,齐齐哈尔市,铁锋区
美题造型工作室,红旗路4号,"124.010447,47.339910",18246290606,黑龙江省,齐齐哈尔市,铁锋区
简约美发,龙华小区16号楼门市,"123.974241,47.337985",[],黑龙江省,齐齐哈尔市,铁锋区
喜阳红美发店,运建园东北1门东北320米,"123.993593,47.356293",13704623737,黑龙江省,齐齐哈尔市,铁锋区
理享发艺,新民小区16号楼1-11门市,"123.973924,47.343830",18814669530,黑龙江省,齐齐哈尔市,铁锋区
佳艺美发纹绣,党群服务中心东北侧130米,"123.973893,47.337006",[],黑龙江省,齐齐哈尔市,铁锋区
文雅发廊(自卫小区店),自卫职工小区10号楼,"123.995159,47.352926",13514686020,黑龙江省,齐齐哈尔市,铁锋区
飞越美发(南山鑫苑店),南山鑫苑49号楼,"123.979717,47.327587",[],黑龙江省,齐齐哈尔市,铁锋区
丽君美发(南山鑫苑店),红星路以南大乘寺以北南山鑫苑,"123.977639,47.327642",[],黑龙江省,齐齐哈尔市,铁锋区
东方名剪(禧园小区店),禧园小区,"124.013725,47.327125",15164601090,黑龙江省,齐齐哈尔市,铁锋区
景风专业烫染工作室(龙南小区店),龙南小区,"123.969222,47.340033",[],黑龙江省,齐齐哈尔市,铁锋区
再回首美发(景新小区店),景新小区15,"123.980572,47.343330",13796863464,黑龙江省,齐齐哈尔市,铁锋区
艾美发艺,龙华小区22号楼3单元,"123.974422,47.336491",[],黑龙江省,齐齐哈尔市,铁锋区
元素造型,自卫街与北局宅路交叉口北180米,"123.994041,47.354898",[],黑龙江省,齐齐哈尔市,铁锋区
鑫艺美发(人民小区店),车辆厂人民小区11号楼,"124.016993,47.339516",15846287112,黑龙江省,齐齐哈尔市,铁锋区
迎宾美发(东湖南小区店),东湖街道东湖南小区10号楼,"124.003275,47.335125",[],黑龙江省,齐齐哈尔市,铁锋区
丝秀美发,齐铁地区南局宅新和平小区0008栋01单元01层01号,"123.986282,47.331556",[],黑龙江省,齐齐哈尔市,铁锋区
爱千丝专业美发(嘉自卫小区店),嘉自卫小区东门西南70米,"123.997584,47.356672",[],黑龙江省,齐齐哈尔市,铁锋区
郝小宝高端发型工作室(和平小区店),龙华路374号,"123.981876,47.340497",13069979899,黑龙江省,齐齐哈尔市,铁锋区
靓点造型,北局宅街道自卫社区西南侧90米,"123.994747,47.354902",15845665459,黑龙江省,齐齐哈尔市,铁锋区
新美美发,东太平小区东北门西100米,"123.992113,47.343585",[],黑龙江省,齐齐哈尔市,铁锋区
选择专业烫染,北居宅自卫路8号楼1单元101,"123.993705,47.352925",[],黑龙江省,齐齐哈尔市,铁锋区
金乌烫发(繁荣小区店),繁荣小区东北门西南160米,"124.007369,47.343935",13796869930,黑龙江省,齐齐哈尔市,铁锋区
晓风发型设计(繁荣小区店),繁荣小区36号楼一楼,"124.004387,47.341363",[],黑龙江省,齐齐哈尔市,铁锋区
丽萍美容美发(建设小区店),建设小区29号楼(誉鸣乡洗浴旁边),"124.024902,47.337575",[],黑龙江省,齐齐哈尔市,铁锋区
小华美发,东湖工业小区3号楼,"124.001177,47.336043",[],黑龙江省,齐齐哈尔市,铁锋区
芸芸发室,技校小区十一号楼一单元,"124.005324,47.348695",[],黑龙江省,齐齐哈尔市,铁锋区
萱萱发廊(人民小区店),中华东路334号人民小区,"124.017106,47.339736",[],黑龙江省,齐齐哈尔市,铁锋区
晶晶美发,繁荣小区内,"124.004371,47.344158",[],黑龙江省,齐齐哈尔市,铁锋区
铭宣美业(齐齐哈尔正源生活广场店),光荣路派出所对过,"124.026112,47.345982",[],黑龙江省,齐齐哈尔市,铁锋区
鑫形象美发,东湖路与先锋街交叉口东180米,"124.001332,47.336010",[],黑龙江省,齐齐哈尔市,铁锋区
纤纤美发设计室(新民小区店),平安北街70号新民小区,"123.973491,47.343299",15146685705,黑龙江省,齐齐哈尔市,铁锋区
伊娃美发,职工街1号,"123.996659,47.354754",[],黑龙江省,齐齐哈尔市,铁锋区
鑫雨发艺(光荣小区一区店),保卫路与铁工街交叉口东南200米,"124.030940,47.342912",[],黑龙江省,齐齐哈尔市,铁锋区
艺剪钟情发艺(铁路小区店),铁路小区3号楼,"123.998342,47.352789",[],黑龙江省,齐齐哈尔市,铁锋区
丽杰美发(职工街店),职工街60号,"123.998345,47.357156",[],黑龙江省,齐齐哈尔市,铁锋区
美焱美发,纺化路与铁南站东街交叉口东340米,"123.992425,47.322725",[],黑龙江省,齐齐哈尔市,铁锋区
丝恩造型设计,新浦家园,"123.989025,47.324025",[],黑龙江省,齐齐哈尔市,铁锋区
淼剪造型,新浦家园东南侧230米,"123.993225,47.322625",[],黑龙江省,齐齐哈尔市,铁锋区
欣欣烫染造型,锋尚人家,"124.005396,47.359798",[],黑龙江省,齐齐哈尔市,铁锋区
丝艺专业美发沙龙(鑫欣花园店),鑫欣花园,"124.005949,47.341001",[],黑龙江省,齐齐哈尔市,铁锋区
丝缘美发工作室,红旗路与黎明街交叉口西北120米,"124.010380,47.339967",[],黑龙江省,齐齐哈尔市,铁锋区
美多美发(人民小区店),人民小区15号楼下,"124.017706,47.340982",[],黑龙江省,齐齐哈尔市,铁锋区
千艺美发(禧园小区店),南浦路与南化大街交叉口西380米,"124.011609,47.326417",[],黑龙江省,齐齐哈尔市,铁锋区
小美发艺(人民小区店),人民小区8号楼对面,"124.017105,47.339714",[],黑龙江省,齐齐哈尔市,铁锋区
晓凤理发(景秀花园店),新工路198号景秀花园,"123.971895,47.324003",[],黑龙江省,齐齐哈尔市,铁锋区
小斌发艺(南虹小区北区店),红星路南虹小区8号楼4单元102,"123.986447,47.329771",[],黑龙江省,齐齐哈尔市,铁锋区
源与众不同发艺店,保卫路与铁工街交叉口东100米,"124.030478,47.343857",[],黑龙江省,齐齐哈尔市,铁锋区
纯剪造型(新民小区店),龙华街道新民小区17号楼,"123.974014,47.343890",[],黑龙江省,齐齐哈尔市,铁锋区
剪艺人生,红星路以南大乘寺以北南山鑫苑,"123.980861,47.328786",[],黑龙江省,齐齐哈尔市,铁锋区
金鑫美发店,东湖南小区十栋东数二门一楼,"124.003460,47.335167",[],黑龙江省,齐齐哈尔市,铁锋区
鑫起点美甲美睫工作室(新民小区店),同乐胡同新民小区18号楼三单元101,"123.976105,47.343736",15636285221,黑龙江省,齐齐哈尔市,铁锋区
木兮美甲美睫工作室,军校街3号,"123.969185,47.341793",15636004208,黑龙江省,齐齐哈尔市,铁锋区
天鹰理容工作室,人民小区50号楼商服8号,"124.012449,47.339450",[],黑龙江省,齐齐哈尔市,铁锋区
沐颜美业工作室(繁荣小区店),中华东路繁荣小区3号楼1层3号,"124.005751,47.345349",15164678198,黑龙江省,齐齐哈尔市,铁锋区
美匠纹绣美甲美睫工作室(禧园小区店),禧园小区门口里30号楼一单元门市,"124.013296,47.326983",18746861948,黑龙江省,齐齐哈尔市,铁锋区
醒颜美甲工作室,中华东路东苑小区解放5号楼一单元1-1,"124.006358,47.345884",15645260009,黑龙江省,齐齐哈尔市,铁锋区
朵丽施科技护肤工作室,平安北街70号新民小区,"123.976643,47.342906",[],黑龙江省,齐齐哈尔市,铁锋区
攸洋美甲美睫工作室(鹤乡茗苑店),鹤乡茗苑12号楼00单元01层06号,"124.025637,47.342866",15845216501;15846275822,黑龙江省,齐齐哈尔市,铁锋区
朵微美甲工作室(南山鑫苑店),南山鑫苑39号楼3单元202室,"123.978093,47.327705",18845219960,黑龙江省,齐齐哈尔市,铁锋区
小白工作室(鹤城馨苑店),先锋街53号鹤城馨苑,"124.001349,47.342747",15164680051,黑龙江省,齐齐哈尔市,铁锋区
北环美发淋浴,讷河市实验小学后身胡同内,"124.884623,48.488279",[],黑龙江省,齐齐哈尔市,讷河市
国民姐姐美发店,兴业路91号,"124.884563,48.479868",13624523210,黑龙江省,齐齐哈尔市,讷河市
张杰美发私人形象定制,西北街康安小区8号楼00单元01层05号商服,"124.876108,48.483701",13614613323,黑龙江省,齐齐哈尔市,讷河市
一剪钟情美发沙龙,通江社区015酱菜厂综合楼,"124.873164,48.482838",15545651370;18845655107,黑龙江省,齐齐哈尔市,讷河市
木兰街潮流剪烫染,拉哈镇永新路房产3号楼,"124.612086,48.204972",15845713322,黑龙江省,齐齐哈尔市,讷河市
经典美发(齐齐哈尔讷河市),168乡道与164乡道交叉口南200米,"124.698850,48.347752",[],黑龙江省,齐齐哈尔市,讷河市
三毛美发(光明小区店),东南街光明小区3号商住楼00单元01层02号,"124.885047,48.480680",[],黑龙江省,齐齐哈尔市,讷河市
晓影染烫,雨亭街道西桥西新浪家园斜对过,"124.870096,48.480672",[],黑龙江省,齐齐哈尔市,讷河市
大·韩形象设计,中心大街343-351号附近,"124.886296,48.482711",14798073333,黑龙江省,齐齐哈尔市,讷河市
伊然美发(育才家园店),育才街路东育才小区6号楼,"124.878484,48.475836",[],黑龙江省,齐齐哈尔市,讷河市
田小美发,雨亭街道人民医院家属楼,"124.886123,48.483617",15084567319,黑龙江省,齐齐哈尔市,讷河市
芭莎轻奢微潮烫染美发店,东北街六建一号楼一层115号商服,"124.892119,48.482963",18845201208,黑龙江省,齐齐哈尔市,讷河市
品尚造型(农乐街店),通江路,"124.888834,48.482275",13251629099,黑龙江省,齐齐哈尔市,讷河市
髮逸轩烫染接发私人定制,正阳街32号,"124.608771,48.202661",13846517992;15845675910,黑龙江省,齐齐哈尔市,讷河市
雅轩发型工作室(兴业家园店),兴业家园,"124.892717,48.480765",18031416068,黑龙江省,齐齐哈尔市,讷河市
上禾美发工作室,育才街288号,"124.877767,48.477048",15601846878,黑龙江省,齐齐哈尔市,讷河市
源艺烫染工作室,西南街电影公司楼,"124.877271,48.480843",15663111668,黑龙江省,齐齐哈尔市,讷河市
米兰造型,兴业路与光明巷交叉口东80米,"124.884934,48.479958",13766523265,黑龙江省,齐齐哈尔市,讷河市
头发乱了染烫设计室(通江路店),11号楼三门,"124.890457,48.480841",15845777797,黑龙江省,齐齐哈尔市,讷河市
标榜染烫,通江路与环城东大街交叉口东北40米,"124.891740,48.482926",18246212131,黑龙江省,齐齐哈尔市,讷河市
唯野造型,西南街三号万米楼南数第八家,"124.877809,48.478186",15164663321,黑龙江省,齐齐哈尔市,讷河市
大飞造型(通江路店),通江路191号,"124.888364,48.482186",15174504667,黑龙江省,齐齐哈尔市,讷河市
天姿造型(通江路店),北极星洗浴西20米通江街169号,"124.888775,48.482230",13199648999,黑龙江省,齐齐哈尔市,讷河市
0度造型(通江路店),东坪小区东南门东160米,"124.890831,48.482537",18904526843,黑龙江省,齐齐哈尔市,讷河市
梦阳烫染沙龙(盛世嘉园店),盛世嘉园25号楼,"124.891749,48.476726",15046235577,黑龙江省,齐齐哈尔市,讷河市
卡尔造型(中心大街店),建安小区西门旁,"124.883058,48.477060",13796323131,黑龙江省,齐齐哈尔市,讷河市
金美造型(昌盛小区店),昌盛小区南门旁,"124.888851,48.478698",18245222402,黑龙江省,齐齐哈尔市,讷河市
朋客造型(盛世嘉园店),太阳城10号楼朋客造型,"124.889998,48.477720",15911104707,黑龙江省,齐齐哈尔市,讷河市
红武染烫店,西南街老一百楼00单元01层东数第一个门市,"124.881572,48.479733",13766525998,黑龙江省,齐齐哈尔市,讷河市
指尖发型设计,中心街北极星西50米边道南,"124.888690,48.482250",15699625776,黑龙江省,齐齐哈尔市,讷河市
小丽美发(昌盛小区店),东南街昌盛小区3号综合楼00单元01层24号,"124.888275,48.479475",[],黑龙江省,齐齐哈尔市,讷河市
动感造型(通江路店),通江街道北极星西侧,"124.888219,48.482145",[],黑龙江省,齐齐哈尔市,讷河市
明月发艺,通江路147号北极星西侧,"124.889276,48.482271",[],黑龙江省,齐齐哈尔市,讷河市
美述发型工作室,康安路百旺家园1号楼10号,"124.872543,48.482566",15663525565,黑龙江省,齐齐哈尔市,讷河市
红叶美发沙龙(馨苑家园店),馨苑小区六号楼,"124.887092,48.485967",[],黑龙江省,齐齐哈尔市,讷河市
君子男士理发馆,东南街太阳城5号楼31号门市,"124.887531,48.477813",18204521679,黑龙江省,齐齐哈尔市,讷河市
蜜·「麦阿蜜」烫染形象设计店,农乐街与通江路交叉口东北20米,"124.886375,48.482425",13069999404,黑龙江省,齐齐哈尔市,讷河市
理想染烫纹绣(3号万米楼店),育才街259号,"124.877856,48.478521",13946259660,黑龙江省,齐齐哈尔市,讷河市
尼西染烫,育才街电影公司综合楼1楼107门市,"124.877312,48.480633",13796899692,黑龙江省,齐齐哈尔市,讷河市
慕名造型,嘉禾花园南1门西110米,"124.878407,48.483393",18946242503,黑龙江省,齐齐哈尔市,讷河市
美茂造型,永顺小区1号车库,"124.885946,48.479156",15214444038,黑龙江省,齐齐哈尔市,讷河市
小玲美发,农乐街与康安路交叉口东南80米,"124.886175,48.483424",19589689777,黑龙江省,齐齐哈尔市,讷河市
小宇造型,老政府人民广场对面,"124.884524,48.483767",[],黑龙江省,齐齐哈尔市,讷河市
c位造型,中心大街南段c位造型,"124.883070,48.474564",13514672688,黑龙江省,齐齐哈尔市,讷河市
红人馆美发(中心大街店),鑫海商厦对面胡同,"124.882655,48.480303",13199667532,黑龙江省,齐齐哈尔市,讷河市
沙宣轻奢烫染沙龙,嘉禾花园南1门旁,"124.879762,48.483471",15754527815,黑龙江省,齐齐哈尔市,讷河市
名剪美发(锦祥三期店),锦祥三期西门3号楼111号门市,"124.879729,48.463954",15046278378,黑龙江省,齐齐哈尔市,讷河市
小刘美发,通江路165号,"124.889158,48.482271",15145235966,黑龙江省,齐齐哈尔市,讷河市
糖果造型(育才街店),育才街与建设路交叉口南60米,"124.877819,48.476858",[],黑龙江省,齐齐哈尔市,讷河市
美丝造型(通江路店),通江路西桥西20米路北美丝造型,"124.870115,48.480730",15045213255,黑龙江省,齐齐哈尔市,讷河市
日尚造型,馨浪家园对面,"124.870560,48.480717",15845717488,黑龙江省,齐齐哈尔市,讷河市
望角造型(兴旺御园店),贵银名苑西门南80米,"124.892105,48.481168",13895972981;15845749780,黑龙江省,齐齐哈尔市,讷河市
双双美发化妆品,通江街道运管楼楼下,"124.865051,48.479998",[],黑龙江省,齐齐哈尔市,讷河市
梦朗造型,中心大街与环城南路交叉口西北80米,"124.882561,48.476249",[],黑龙江省,齐齐哈尔市,讷河市
黑朗理容,环城北路与农乐街交叉口东160米,"124.886836,48.487962",18246200655,黑龙江省,齐齐哈尔市,讷河市
东田造型(通江路店),老二所喜乐水饺对面东田造型,"124.887176,48.482435",15945212567,黑龙江省,齐齐哈尔市,讷河市
名尚美发造型会馆,北二道街全友家居对面,"124.880710,48.483422",15214434765,黑龙江省,齐齐哈尔市,讷河市
讷河市金鑫染发形象店,东南街亚奥棕合楼00单元01层25号门市,"124.886475,48.480675",15946272373,黑龙江省,齐齐哈尔市,讷河市
旺仔新派烫染,南京街与永新路交叉口南150米,"124.610071,48.203803",[],黑龙江省,齐齐哈尔市,讷河市
讷河市大勇美发店(书香花园店),五一区书香花园二期3号楼00单元01层08号,"124.895809,48.481110",13945275609,黑龙江省,齐齐哈尔市,讷河市
讷河市阿宇造型工作室(书香花园店),文化节书香花园小区3号楼00单元01层09号,"124.895792,48.481108",15900275711,黑龙江省,齐齐哈尔市,讷河市
天天理发店,拉哈镇文昌社区,"124.613164,48.207602",13163405055,黑龙江省,齐齐哈尔市,讷河市
学苑小区北门轩艺造型,通江路61号,"124.895532,48.482962",13704627294,黑龙江省,齐齐哈尔市,讷河市
野狼美发(育才家园店),育才街育才小区,"124.878432,48.476172",[],黑龙江省,齐齐哈尔市,讷河市
阿栋造型(学苑小区店),通江街道通江路东门外燃料楼,"124.894597,48.483225",[],黑龙江省,齐齐哈尔市,讷河市
遇剪造型,昌胜北门东100米,"124.894145,48.476163",15845777127,黑龙江省,齐齐哈尔市,讷河市
LT造型设计,团结嘉禾杨光小区正门北边第二个屋LT造型设计,"124.608347,48.107461",15545635513,黑龙江省,齐齐哈尔市,讷河市
靓丽坊美发工作室,中心大街30号,"124.882508,48.473334",[],黑龙江省,齐齐哈尔市,讷河市
金手指发艺(盛世嘉园店),太阳城2号楼,"124.888925,48.478375",13634629190,黑龙江省,齐齐哈尔市,讷河市
欧美美容美发会馆,二克浅中心小学东南侧220米,"124.587523,48.480940",[],黑龙江省,齐齐哈尔市,讷河市
首艺造型,东南街防疫站综合楼00单元01层13号门市,"124.889006,48.482261",[],黑龙江省,齐齐哈尔市,讷河市
秀丝坊造型(公园畔店),公园畔小区8号楼北商服03号门市,"124.886628,48.474688",15845712220,黑龙江省,齐齐哈尔市,讷河市
小野时尚烫染(育才街店),育才街虹池洗浴斜对面,"124.877319,48.480770",18846351345,黑龙江省,齐齐哈尔市,讷河市
欣艺美发,雨亭社区016街坊兴旺御园二期11号楼00单元01层04号欣艺美发,"124.890564,48.480746",13624522232,黑龙江省,齐齐哈尔市,讷河市
脱壳造型,新祥街与文兴路交叉口北140米,"124.879514,48.464403",[],黑龙江省,齐齐哈尔市,讷河市
杨先生美发工作室,南二道街亚奥综合楼,"124.886036,48.480335",13704625452,黑龙江省,齐齐哈尔市,讷河市
醒慕造型(盛世嘉园店),农乐街盛世嘉园,"124.887847,48.476941",[],黑龙江省,齐齐哈尔市,讷河市
钰见烫染造型,西南街水泥厂家属楼00单元01层13号门市,"124.866099,48.480149",17610706153,黑龙江省,齐齐哈尔市,讷河市
星雨美发(馨苑家园店),通江路561号馨苑家园,"124.886658,48.485107",[],黑龙江省,齐齐哈尔市,讷河市
丝曼美发(时代家园店),通江街道时代家园7号楼,"124.882339,48.486569",[],黑龙江省,齐齐哈尔市,讷河市
AN美发工作室,兴业路光明小区3号楼,"124.885132,48.481130",17600601519,黑龙江省,齐齐哈尔市,讷河市
匠心烫染工作室(建安小区店),中心大街与环城南路交叉口北80米,"124.883249,48.476306",18646649875,黑龙江省,齐齐哈尔市,讷河市
梦妮美发,[],"124.887772,48.486248",18004520234,黑龙江省,齐齐哈尔市,讷河市
韩涵专业烫染设计,一条街携手传媒旁,"124.859210,48.476030",18945211241,黑龙江省,齐齐哈尔市,讷河市
非凡造型(建设路店),昌盛小区,"124.887578,48.478561",13234609993,黑龙江省,齐齐哈尔市,讷河市
阿坤发艺(幸福小区店),幸福小区,"124.894409,48.476335",15206368736,黑龙江省,齐齐哈尔市,讷河市
紫荆花发艺,康安路与育才街交叉口东60米,"124.877380,48.483268",[],黑龙江省,齐齐哈尔市,讷河市
王子形象设计(贵银名苑店),兴业路与环城东大街交叉口东220米,"124.894629,48.481281",13251526575,黑龙江省,齐齐哈尔市,讷河市
阿涛美发工作室,老房产局东侧,"124.885081,48.479953",18246211432,黑龙江省,齐齐哈尔市,讷河市
丹丹美业,南京街122号,"124.611484,48.202223",13624520809,黑龙江省,齐齐哈尔市,讷河市
秀芳美容美发,东南街昌盛小区11号楼,"124.889672,48.477881",13664626787,黑龙江省,齐齐哈尔市,讷河市
讷河齐剪(锦祥三期店),城南新区锦祥三期23号楼00单元01层2号门市,"124.881824,48.466010",0452-3770000,黑龙江省,齐齐哈尔市,讷河市
发韩轩专业美发纹绣美甲美睫(翠湖名苑店),雨亭街道翠湖名苑8号楼1层19号,"124.879793,48.470091",15663227058,黑龙江省,齐齐哈尔市,讷河市
叶子美发专业烫染,民安路与农乐街交叉口西160米,"124.883175,48.485541",[],黑龙江省,齐齐哈尔市,讷河市
起点美容美发美甲(贵银名苑店),永新巷与通江路交叉口南100米,"124.894515,48.482081",[],黑龙江省,齐齐哈尔市,讷河市
娇美美容美发,中心大街与民安路交叉口西北80米,"124.880265,48.486113",[],黑龙江省,齐齐哈尔市,讷河市
银·座,建设路昌盛南门西50米,"124.888512,48.478546",[],黑龙江省,齐齐哈尔市,讷河市
理享造型,民安路54号,"124.884355,48.485960",15245739364,黑龙江省,齐齐哈尔市,讷河市
发小型故事,农乐街与通江路交叉口北40米,"124.886343,48.482535",[],黑龙江省,齐齐哈尔市,讷河市
小强美发,蔬菜综合楼101号门市,"124.868089,48.480487",15146660741,黑龙江省,齐齐哈尔市,讷河市
美玲美容美发,老莱镇中心街南,"125.008792,48.653742",[],黑龙江省,齐齐哈尔市,讷河市
金利发廊,育才街与民安路交叉口东南60米,"124.876417,48.484502",18714334345,黑龙江省,齐齐哈尔市,讷河市
先生你好男士理发,北极星西侧先生你好男士理发,"124.889202,48.482275",[],黑龙江省,齐齐哈尔市,讷河市
经典发艺(拉哈铁路综合楼店),黑龙江齐齐哈尔龙开加油站西侧80米,"124.626526,48.205414",[],黑龙江省,齐齐哈尔市,讷河市
隆隆发艺(锦程学苑店),锦程学苑东北门旁,"124.604775,48.197794",13624525666,黑龙江省,齐齐哈尔市,讷河市
顶尖造型(锦程学苑店),锦程学苑东北1门旁,"124.604062,48.198763",[],黑龙江省,齐齐哈尔市,讷河市
隆隆发廊,康安小区,"124.876109,48.483760",[],黑龙江省,齐齐哈尔市,讷河市
悦靓时尚染烫,学府名宛1号楼,"124.886915,48.486164",[],黑龙江省,齐齐哈尔市,讷河市
东方靓点剪染烫,国家税务总局讷河市税务局拉哈税务分局东侧130米,"124.611094,48.203966",[],黑龙江省,齐齐哈尔市,讷河市
小伟理发店,幸福小区,"124.894519,48.476342",[],黑龙江省,齐齐哈尔市,讷河市
如意美发美甲造型设计室(兴业路店),兴业路与光明巷交叉口东100米,"124.885157,48.479963",[],黑龙江省,齐齐哈尔市,讷河市
角色造型(幸福小区店),幸福小区,"124.893802,48.476295",[],黑龙江省,齐齐哈尔市,讷河市
剪爱美发,056乡道与诚信街交叉口南80米,"124.799331,48.186239",[],黑龙江省,齐齐哈尔市,讷河市
王里发烫染工作室,东南街楼老卫校综合楼00单元01层北数第三门市,"124.886834,48.479489",15663145068,黑龙江省,齐齐哈尔市,讷河市
你型我塑,康安路与育才街交叉口东40米,"124.877078,48.483247",13009734576,黑龙江省,齐齐哈尔市,讷河市
嘟嘟造型,东南街太阳城23号楼00单元01层03号商服,"124.891079,48.476594",13351321506,黑龙江省,齐齐哈尔市,讷河市
欧卡(育才街店),育才街323号,"124.877815,48.476872",[],黑龙江省,齐齐哈尔市,讷河市
欣欣美发(欣欣店),二道街北方市场综合楼楼下底楼,"124.861464,48.481949",[],黑龙江省,齐齐哈尔市,讷河市
榜样形象专业精剪烫染,拉哈镇老二百西,"124.605721,48.201240",[],黑龙江省,齐齐哈尔市,讷河市
审美造型(育才街店),育才街与通江路交叉口东南80米,"124.877343,48.480508",[],黑龙江省,齐齐哈尔市,讷河市
美之源时尚烫染(湖畔家园店),湖畔家园北门东50米,"124.883541,48.469390",18724327789,黑龙江省,齐齐哈尔市,讷河市
氧发堂天然植物染发(盛世嘉园店),昌盛小区南门东120米,"124.890375,48.478825",[],黑龙江省,齐齐哈尔市,讷河市
格瑞染烫会所,农乐街与通江路交叉口西北40米,"124.885979,48.482498",[],黑龙江省,齐齐哈尔市,讷河市
金剪子剪烫染,锦程学苑东北门北80米,"124.604907,48.198207",[],黑龙江省,齐齐哈尔市,讷河市
番禧造型,锦祥三期1号楼00单元01层16号,"124.879768,48.463664",15945212041,黑龙江省,齐齐哈尔市,讷河市
讷河市方圆百理发艺店,兴旺乡乡直农资市场综合楼一期4号楼00单元01层17号,"124.607611,48.107223",13836237517,黑龙江省,齐齐哈尔市,讷河市
大海理发,永新路与兴隆街交叉口东380米,"124.606589,48.201309",[],黑龙江省,齐齐哈尔市,讷河市
剪爱发艺(通江路店),通江路老客运站对面,"124.874302,48.480684",[],黑龙江省,齐齐哈尔市,讷河市
素颜美发(日新综合楼店),中心大街时代家园西北侧约70米,"124.880256,48.488211",[],黑龙江省,齐齐哈尔市,讷河市
峰尚染烫,通江路561号馨苑家园,"124.887125,48.486084",[],黑龙江省,齐齐哈尔市,讷河市
3M造型,农乐街与康安路交叉口西南20米,"124.885588,48.483934",[],黑龙江省,齐齐哈尔市,讷河市
乐萱染烫(昌盛小区店),昌盛小区2号楼,"124.887679,48.479661",13514676978,黑龙江省,齐齐哈尔市,讷河市
凯凯美发摄影,长发镇中心街,"124.946289,48.337155",13212820168,黑龙江省,齐齐哈尔市,讷河市
大军美发(盛世嘉园店),盛世嘉园25号楼,"124.891944,48.476755",18246212828,黑龙江省,齐齐哈尔市,讷河市
丽妍精湛发艺,通府巷与康安路交叉口南60米,"124.882829,48.483275",[],黑龙江省,齐齐哈尔市,讷河市
瞧我造型(爱民巷店),同安医院艺术团楼下,"124.880280,48.480775",13634621626,黑龙江省,齐齐哈尔市,讷河市
思卓理发,圣麟嘉园东1门南150米,"124.878602,48.472777",17713328225,黑龙江省,齐齐哈尔市,讷河市
独领发型工作室(碧水林园店),雨亭街道碧水林园2号楼门市,"124.883659,48.471531",[],黑龙江省,齐齐哈尔市,讷河市
爱尚美发,讷克公路北30米,"124.921561,48.404226",[],黑龙江省,齐齐哈尔市,讷河市
流星雨美发圣源理疗(贵银名苑店),贵银名苑东北门旁,"124.894575,48.481855",[],黑龙江省,齐齐哈尔市,讷河市
芊芊丝语造型设计(3号万米楼店),育才街243号3号万米楼,"124.877763,48.478877",[],黑龙江省,齐齐哈尔市,讷河市
晓华美发,一条街与兴民巷交叉口东140米,"124.861975,48.474675",[],黑龙江省,齐齐哈尔市,讷河市
华姿美发,通江街道建华村村民委员会西南侧50米,"124.861836,48.474787",[],黑龙江省,齐齐哈尔市,讷河市
剪约造型(正阳街店),正阳街中国工商银行永新路支行西南侧约150米,"124.608498,48.204169",[],黑龙江省,齐齐哈尔市,讷河市
凤红美发,孔国乡,"125.186165,48.526137",13234639099,黑龙江省,齐齐哈尔市,讷河市
剪艺人生,057乡道南70米,"124.607274,48.109583",13199648258,黑龙江省,齐齐哈尔市,讷河市
尊容剪染烫,中心大街与民安路交叉口东南40米,"124.881057,48.485115",15045213535,黑龙江省,齐齐哈尔市,讷河市
妆妍造型(兴旺御园店),兴业路24号兴旺御园,"124.891285,48.481733",13204520876,黑龙江省,齐齐哈尔市,讷河市
红武烫染工作室,中心大街与建设路交叉口东南20米,"124.882826,48.477684",[],黑龙江省,齐齐哈尔市,讷河市
魔剪发艺,育才街与建设路交叉口东南100米,"124.878325,48.476625",[],黑龙江省,齐齐哈尔市,讷河市
托尼的福,贵发综合楼336号,"124.877981,48.476154",15201429654,黑龙江省,齐齐哈尔市,讷河市
芝华本草植物染发养发头疗,通江路与二轻巷交叉口西北40米,"124.870575,48.480775",[],黑龙江省,齐齐哈尔市,讷河市
蒂凡尼烫染工作室,国家税务总局讷河市税务局拉哈税务分局东南侧60米,"124.609925,48.204075",[],黑龙江省,齐齐哈尔市,讷河市
剪约美发,贵银名苑东南门东70米,"124.894075,48.481225",[],黑龙江省,齐齐哈尔市,讷河市
格林造型,民安路与民乐巷交叉口东340米,"124.898988,48.486183",[],黑龙江省,齐齐哈尔市,讷河市
主流美发纹绣达人殿,时代家园售楼中心对面大兴安岭楼下,"124.880169,48.486363",[],黑龙江省,齐齐哈尔市,讷河市
艾美造型(昌盛小区店),兴业路与农乐街交叉口东140米,"124.888728,48.480285",15845711231,黑龙江省,齐齐哈尔市,讷河市
名将造型,育才街建设路,"124.877130,48.477747",13069730404,黑龙江省,齐齐哈尔市,讷河市
丽都专业美发(学苑小区店),文化街学苑小区三号楼楼1层,"124.896750,48.481529",[],黑龙江省,齐齐哈尔市,讷河市
一片天染烫造型(碧水林园店),雨亭街道碧水林园6号楼门市,"124.883594,48.469845",[],黑龙江省,齐齐哈尔市,讷河市
精剪染烫会馆(中心大街店),那家火锅北侧,"124.881428,48.483790",[],黑龙江省,齐齐哈尔市,讷河市
阿峰造型,惠中综合楼108号门市,"124.877862,48.476682",13101625556,黑龙江省,齐齐哈尔市,讷河市
韩嘉子造型(锦祥馨苑2期店),锦祥2期东门旁,"124.878961,48.464429",[],黑龙江省,齐齐哈尔市,讷河市
欧雅烫染造型(时代家园店),建设路49号时代家园,"124.879940,48.487435",[],黑龙江省,齐齐哈尔市,讷河市
沙宣造型,国家税务总局讷河市税务局拉哈税务分局东侧150米,"124.611359,48.203953",[],黑龙江省,齐齐哈尔市,讷河市
伊甸园美发厅,民安路117号,"124.880035,48.485541",15174642946,黑龙江省,齐齐哈尔市,讷河市
城人之美发型设计室,讷克公路与054乡道交叉口西40米,"125.162225,48.430475",[],黑龙江省,齐齐哈尔市,讷河市
新感觉美发,利用巷原大刚胡同路东,"124.876297,48.480323",13514685789,黑龙江省,齐齐哈尔市,讷河市
秋香发屋,中心大街与环城北路交叉口南80米,"124.880097,48.486932",18724480688,黑龙江省,齐齐哈尔市,讷河市
东巍美发造型(碧水林园店),文化路与中心大街交叉口西20米,"124.884081,48.469814",[],黑龙江省,齐齐哈尔市,讷河市
大飞美发(时代家园店),建设路49号时代家园,"124.883721,48.486546",[],黑龙江省,齐齐哈尔市,讷河市
云鹏造型(弘苑家园店),弘苑家园,"124.876864,48.477198",15146667573,黑龙江省,齐齐哈尔市,讷河市
小昱造型,万米楼2号楼中医院东20米,"124.881999,48.477969",[],黑龙江省,齐齐哈尔市,讷河市
贵竹美发,电业局东50米,"124.868945,48.480131",[],黑龙江省,齐齐哈尔市,讷河市
美滋滋美发,虹池洗浴对面,"124.877364,48.480451",15845749865,黑龙江省,齐齐哈尔市,讷河市
晨雨美发,讷克公路与054乡道交叉口西40米,"125.161817,48.429955",[],黑龙江省,齐齐哈尔市,讷河市
小平美发,中国体育彩票西北侧,"124.606957,48.110399",[],黑龙江省,齐齐哈尔市,讷河市
鑫港纯剪派专业染烫室,环城东大街东平小区,"124.890927,48.483627",15845234363,黑龙江省,齐齐哈尔市,讷河市
聚星造型专业剪烫染,爱民巷与兴业路交叉口西北140米,"124.878786,48.480289",[],黑龙江省,齐齐哈尔市,讷河市
大卓美业,平安巷与通江路交叉口南60米,"124.873096,48.480225",[],黑龙江省,齐齐哈尔市,讷河市
发之缘美发工作室,克山农场克山农产附近东南方向73米,"125.393225,48.301316",[],黑龙江省,齐齐哈尔市,讷河市
隆隆美发厅,克山农场,"125.392911,48.302107",[],黑龙江省,齐齐哈尔市,讷河市
枫叶发艺(锦程学苑店),锦程学苑东北门西北50米,"124.604692,48.198000",[],黑龙江省,齐齐哈尔市,讷河市
小晓轻奢造型,兴业路24号兴旺御园,"124.890075,48.480925",[],黑龙江省,齐齐哈尔市,讷河市
77造型(兴旺御园店),兴业路24号兴旺御园,"124.890354,48.480864",[],黑龙江省,齐齐哈尔市,讷河市
明艺发型工作室,学子嘉园3期,"124.904011,48.486180",[],黑龙江省,齐齐哈尔市,讷河市
燊辉发廊,驴充充汽车充电站(拉哈镇红光糖厂钟三饭店)南侧110米,"124.624675,48.219825",[],黑龙江省,齐齐哈尔市,讷河市
志宏美业,金地花园西侧210米,"125.390275,48.303225",[],黑龙江省,齐齐哈尔市,讷河市
尔彬发艺工作室,学子嘉园,"124.902461,48.486194",[],黑龙江省,齐齐哈尔市,讷河市
小坤发艺,依讷公路与174乡道交叉口东南100米,"124.972825,48.209775",[],黑龙江省,齐齐哈尔市,讷河市
发现造型,国家税务总局讷河市税务局拉哈税务分局西南侧140米,"124.608825,48.203425",[],黑龙江省,齐齐哈尔市,讷河市
画儿美发,中通代收点(正阳街店)东侧,"124.607475,48.201725",[],黑龙江省,齐齐哈尔市,讷河市
洋洋美发,学苑小区,"124.895725,48.482075",[],黑龙江省,齐齐哈尔市,讷河市
星域造型,通江路与育才街交叉口西80米,"124.875975,48.481225",[],黑龙江省,齐齐哈尔市,讷河市
发丝缘时尚美发,泰华巷与通江路交叉口北100米,"124.880060,48.482388",[],黑龙江省,齐齐哈尔市,讷河市
爱尚美发,055乡道与讷五公路交叉口北60米,"125.430837,48.550363",[],黑龙江省,齐齐哈尔市,讷河市
青禾Ching Ho美甲美睫工作室,兴业路104号,"124.883491,48.480040",13803638175,黑龙江省,齐齐哈尔市,讷河市
花想容美容工作室,圣麟嘉园东1门旁,"124.878444,48.473862",18045055933,黑龙江省,齐齐哈尔市,讷河市
富富纹绣工作室(通江花苑小区店),运管楼东侧60米,"124.865810,48.480039",[],黑龙江省,齐齐哈尔市,讷河市
易佳工作室,通江路561号馨苑家园,"124.888275,48.486075",18524663877;18724489920,黑龙江省,齐齐哈尔市,讷河市
YY·瑶瑶美甲工作室,昌盛小区8号楼南面车库15号门,"124.888851,48.479678",13895977732;15174506578,黑龙江省,齐齐哈尔市,讷河市
爱臭美美容工作室,东门外六建二号楼,"124.893010,48.483066",[],黑龙江省,齐齐哈尔市,讷河市
